day,risk_pct,p2.5,p50,p97.5
2014-01-02,1.0,0.9899999999999998,1.0,1.0171927450113276
2014-01-03,1.0,0.9874497075475088,1.0,1.0235228168239734
2014-01-06,1.0,0.9801,1.0,1.0324207241991668
2014-01-07,1.0,0.9800999999999993,1.0,1.0353662683369322
2014-01-08,1.0,0.9794966339971061,1.0,1.036183500201424
2014-01-09,1.0,0.9764236380171634,1.0,1.0367881801955054
2014-01-10,1.0,0.9750169273958239,1.0,1.0403664279598028
2014-01-13,1.0,0.9702989999999999,1.0,1.0420826278986162
2014-01-14,1.0,0.9702989999999998,1.0,1.0448585685665521
2014-01-15,1.0,0.9702989999999995,1.0,1.0460376612381954
2014-01-16,1.0,0.9686388028208761,1.0,1.0473697947963159
2014-01-17,1.0,0.9656478869999332,1.0,1.0502900382634026
2014-01-21,1.0,0.9656575258207436,1.0,1.0520921733168915
2014-01-22,1.0,0.9626974056711922,1.0,1.054955014071121
2014-01-23,1.0,0.9618219525316081,1.0,1.056869214443032
2014-01-24,1.0,0.9605960100000005,1.0,1.0570072765626386
2014-01-27,1.0,0.9606233697011697,1.0,1.058574894167294
2014-01-28,1.0,0.9589622315612681,1.0,1.0608882138841882
2014-01-29,1.0,0.9586920978868834,1.0,1.0610871117813405
2014-01-30,1.0,0.9551425509139571,1.0,1.0631340199226789
2014-01-31,1.0,0.9543816263566052,1.0,1.0635325099294934
2014-02-03,1.0,0.9540889304682622,0.9999734691552616,1.0637223326154592
2014-02-04,1.0,0.9529944114467582,1.0,1.0685756130094606
2014-02-05,1.0,0.9523172749360033,0.9997249693488832,1.069467233304274
2014-02-06,1.0,0.9509900499000002,1.0,1.0696628207673455
2014-02-07,1.0,0.9494423895083725,1.0,1.0702096122096505
2014-02-10,1.0,0.9474137369657191,1.0,1.0697937593522957
2014-02-11,1.0,0.946961250432161,1.0,1.0697937593522957
2014-02-12,1.0,0.9461940641705128,1.000010231048136,1.0707197997407476
2014-02-13,1.0,0.9453058881454967,1.0,1.072464877113022
2014-02-14,1.0,0.9454737700170546,1.0,1.0750132400047807
2014-02-18,1.0,0.945013592409008,0.999624324434512,1.0774645684994506
2014-02-19,1.0,0.9464376506435671,0.9995771446326314,1.0797236777168564
2014-02-20,1.0,0.9441817857620176,0.9994976562849012,1.0815018915289125
2014-02-21,1.0,0.943296363594015,0.999412888713991,1.0837776377138726
2014-02-24,1.0,0.9405965060961413,0.9991134803881336,1.0852514615487046
2014-02-25,1.0,0.940228318515702,0.9992873210563408,1.0865182492931014
2014-02-26,1.0,0.9395190796933606,1.0,1.088935135547403
2014-02-27,1.0,0.9392531940730173,1.0,1.0894702486771417
2014-02-28,1.0,0.9383332892141419,0.9998571491729435,1.090017582703718
2014-03-03,1.0,0.9383332892141419,0.999945241274882,1.0922581459014713
2014-03-04,1.0,0.9368458137791863,1.0001904285393146,1.092263187644437
2014-03-05,1.0,0.9368458137791863,0.999945241274882,1.0932787678150597
2014-03-06,1.0,0.9341025542561257,1.0005158470055506,1.0932787678150597
2014-03-07,1.0,0.932453654002105,1.000529785973471,1.0947614802031416
2014-03-10,1.0,0.9310906750734084,1.0006956692065567,1.0941669146915198
2014-03-11,1.0,0.9311302185799618,1.0010136126843343,1.095576150231459
2014-03-12,1.0,0.9285478340346692,1.001373991760388,1.0961466479447752
2014-03-13,1.0,0.9289715041068646,1.0015076520714967,1.0980110581856988
2014-03-14,1.0,0.9284154794997808,1.001483094842764,1.099406322275082
2014-03-17,1.0,0.9278984077661186,1.0014210155452663,1.1017353594964578
2014-03-18,1.0,0.9282974034882758,1.0015032080983537,1.1003368428654574
2014-03-19,1.0,0.9272864220985537,1.0011277458341163,1.1058416446302568
2014-03-20,1.0,0.9271076124703569,1.0014512946623375,1.1027319805458269
2014-03-21,1.0,0.9250014811230686,1.0012413989544087,1.1042167774858365
2014-03-24,1.0,0.9240243360635784,1.0010482137956065,1.1051879066655796
2014-03-25,1.0,0.9232752519738047,1.0007452308428988,1.1056087172065114
2014-03-26,1.0,0.9228089332947981,1.0002109773364287,1.1056087172065114
2014-03-27,1.0,0.920825028369028,1.0004682395170215,1.106869192648996
2014-03-28,1.0,0.920825028369028,1.00106406384274,1.1074709123633943
2014-03-31,1.0,0.9200702040289049,1.0014908438864678,1.108633730573918
2014-04-01,1.0,0.9206672307348556,1.001523786640681,1.11121905719339
2014-04-02,1.0,0.9206544840434836,1.0015000892041868,1.11121905719339
2014-04-03,1.0,0.9190501584424632,1.0023815047476523,1.108626818664364
2014-04-04,1.0,0.9160830982555833,1.0019979830227608,1.1091903363692752
2014-04-07,1.0,0.9181199648110064,1.0023312745349044,1.1060872333177916
2014-04-08,1.0,0.9181199648110064,1.0019979830227608,1.1074935365289496
2014-04-09,1.0,0.9168378250146026,1.0019137895411494,1.1089695595846523
2014-04-10,1.0,0.9160982171062471,1.0019814818782549,1.1114158089868031
2014-04-11,1.0,0.9153787881021351,1.0016867380036416,1.1095479316894008
2014-04-14,1.0,0.9142943982145999,1.0012434691742145,1.1095479316894008
2014-04-15,1.0,0.9153518081585625,1.001231594735319,1.1127843930410966
2014-04-16,1.0,0.9135483033829983,1.0017317293822212,1.1150030893874334
2014-04-17,1.0,0.9135060551659038,1.0020332848483307,1.1190136451112351
2014-04-21,1.0,0.9135060551659038,1.001960165311782,1.1195123906207027
2014-04-22,1.0,0.9134949895401483,1.0021822683797161,1.1210460036813326
2014-04-23,1.0,0.9114375525732036,1.0021822683797161,1.1190168258530147
2014-04-24,1.0,0.9107298933187103,1.0019771707796545,1.1199258242981178
2014-04-25,1.0,0.9091040297483128,1.0021531898582772,1.1195515693539515
2014-04-28,1.0,0.9090901650638938,1.0022948898625024,1.1210786516365585
2014-04-29,1.0,0.9080854866355768,1.0027578829559387,1.1225321405947197
2014-04-30,1.0,0.9076177002470536,1.0027385316774424,1.1228286959838945
2014-05-01,1.0,0.9071415682228422,1.0031217736099314,1.1231979049171381
2014-05-02,1.0,0.9068988972358131,1.0029337728320962,1.1225652394980938
2014-05-05,1.0,0.905962563803972,1.002941473145373,1.122812686061423
2014-05-06,1.0,0.9050499613324348,1.0024106309220535,1.1233191089392947
2014-05-07,1.0,0.9038067454955547,1.0026480405968223,1.123753285542152
2014-05-08,1.0,0.9027699299360379,1.0034265169630023,1.123952117774963
2014-05-09,1.0,0.9018926997266516,1.0026480405968223,1.1237580728871204
2014-05-12,1.0,0.9013188741796299,1.0025671007131647,1.1266102642325146
2014-05-13,1.0,0.9008186226965581,1.0030335443426688,1.1276339327888762
2014-05-14,1.0,0.9011739497313561,1.003481749973406,1.130446798338298
2014-05-15,1.0,0.9004915926096576,1.0033980807777596,1.1308670008657646
2014-05-16,1.0,0.9004915926096576,1.0041319977048109,1.1316043002156004
2014-05-19,1.0,0.8996055058689899,1.0042866444963447,1.1309596486767273
2014-05-20,1.0,0.8992498980773608,1.004611016931942,1.1309788207742146
2014-05-21,1.0,0.8990270571190974,1.0047692048302546,1.1290006415416105
2014-05-22,1.0,0.8990264933601984,1.0047714818901419,1.1309624595953156
2014-05-23,1.0,0.8992498980773608,1.004423759415698,1.1328174976828753
2014-05-27,1.0,0.8992739953681071,1.0048246679398287,1.131756463104229
2014-05-28,1.0,0.8992683072762836,1.0044667624223025,1.131627446914263
2014-05-29,1.0,0.8990266290976975,1.0044697608647872,1.131627446914263
2014-05-30,1.0,0.8980905564094777,1.0043724875565356,1.131581779826015
2014-06-02,1.0,0.8972479861835506,1.0043180201029909,1.1317539351329322
2014-06-03,1.0,0.8962766901225026,1.0040867985173443,1.131137111838445
2014-06-04,1.0,0.8972426363256538,1.004373957437219,1.1313181179423077
2014-06-05,1.0,0.8979917729351783,1.0044560865954775,1.1313181179423077
2014-06-06,1.0,0.8972546718111101,1.0041530779326322,1.1329941770892087
2014-06-09,1.0,0.8966485608979591,1.0048055596806655,1.131780224736271
2014-06-10,1.0,0.896278301471778,1.0044772904541996,1.1344586091329327
2014-06-11,1.0,0.89551537218969,1.0044189095123217,1.1355756030069117
2014-06-12,1.0,0.89551537218969,1.0046172593458023,1.1355756030069117
2014-06-13,1.0,0.8946581772112713,1.0048044996896683,1.1356071436844961
2014-06-16,1.0,0.895006388742081,1.0048556144394967,1.1356071436844961
2014-06-17,1.0,0.8948995125405138,1.0047731827913373,1.1389147412166918
2014-06-18,1.0,0.8943934970828434,1.0048349527419327,1.1416455664822514
2014-06-19,1.0,0.8950831179224847,1.0048349527419327,1.1451343787883612
2014-06-20,1.0,0.8955980568039009,1.0051913456138637,1.1482142641906217
2014-06-23,1.0,0.8955957208755395,1.0053396323344876,1.148371762934018
2014-06-24,1.0,0.8949967938348691,1.0053722383947505,1.148800521071374
2014-06-25,1.0,0.8929967045597917,1.0057140980635428,1.148800521071374
2014-06-26,1.0,0.8913493292385452,1.0057340910258408,1.148800521071374
2014-06-27,1.0,0.8928743191318329,1.0057573906906925,1.1476928614639876
2014-06-30,1.0,0.8892030147173459,1.0057314881176638,1.148800521071374
2014-07-01,1.0,0.8860870091502959,1.0062366476524058,1.148800521071374
2014-07-02,1.0,0.886092105555585,1.0059376392940207,1.148800521071374
2014-07-03,1.0,0.8860870091502959,1.0058575719925908,1.154103117857869
2014-07-07,1.0,0.8832583212362216,1.005787003485998,1.154069678754231
2014-07-08,1.0,0.8832583212362216,1.006023227774012,1.1545158798423105
2014-07-09,1.0,0.8853698325226583,1.0061926237816556,1.1545749171399016
2014-07-10,1.0,0.8856698949027237,1.006164027644647,1.1568322517277922
2014-07-11,1.0,0.8860870091502959,1.0058071074403814,1.1567412247089313
2014-07-14,1.0,0.8856698949027237,1.0056906195809994,1.156424983814577
2014-07-15,1.0,0.8852247366800687,1.006113429318753,1.1545223356179641
2014-07-16,1.0,0.8853813030802968,1.0056613883492607,1.1568629111498208
2014-07-17,1.0,0.8834673681286178,1.0063009507870568,1.1545592259694337
2014-07-18,1.0,0.8838950322460223,1.0070457172487517,1.1572042642431617
2014-07-21,1.0,0.8834337183398526,1.0072000770248541,1.1597574090024783
2014-07-22,1.0,0.8860694324838424,1.0073526145615517,1.1601250984958977
2014-07-23,1.0,0.8849472608479548,1.0076255834642702,1.1606504695348572
2014-07-24,1.0,0.8849703768766312,1.00750628247367,1.160113336988161
2014-07-25,1.0,0.885747985248802,1.0071223504491142,1.1587776329684094
2014-07-28,1.0,0.8846548776884116,1.0076370635313383,1.1606504695348572
2014-07-29,1.0,0.880286834778665,1.0075172380015096,1.1629372248284868
2014-07-30,1.0,0.8802071183767501,1.007077173389522,1.161593500184078
2014-07-31,1.0,0.8802633682193511,1.0065721996471995,1.164320040699387
2014-08-01,1.0,0.8802876820358703,1.007077173389522,1.1664059252470809
2014-08-04,1.0,0.8802633682193511,1.007107923658587,1.1666089078331376
2014-08-05,1.0,0.8819150349914479,1.0071734416272808,1.1668791127639797
2014-08-06,1.0,0.8826600293580986,1.0079930343711032,1.1668791127639797
2014-08-07,1.0,0.8819150349914479,1.008250740526332,1.1671803961293594
2014-08-08,1.0,0.8819150349914479,1.0083977330498235,1.1672770338640683
2014-08-11,1.0,0.8817896529592945,1.0083977330498235,1.1657669448221135
2014-08-12,1.0,0.8807653010582474,1.0085957191223087,1.1661362170357583
2014-08-13,1.0,0.8807637961825063,1.0084613543823389,1.1672770338640683
2014-08-14,1.0,0.8787870597181494,1.0084613543823389,1.1673021133399584
2014-08-15,1.0,0.8813259997619044,1.0079290818806546,1.172837894964142
2014-08-18,1.0,0.8819150349914479,1.008227355313576,1.171677808079619
2014-08-19,1.0,0.8813259997619044,1.0077848921166308,1.1713229152390265
2014-08-20,1.0,0.8807994868451356,1.0080428429997093,1.173387230023089
2014-08-21,1.0,0.8800841681983075,1.0080428429997093,1.1746340156312283
2014-08-22,1.0,0.8779079462021283,1.0080576495296425,1.176804379226609
2014-08-25,1.0,0.8753407151185252,1.0085646695306514,1.1764146984707922
2014-08-26,1.0,0.8749595012250391,1.0084613543823389,1.17692727181839
2014-08-27,1.0,0.8749595942952667,1.008227386666921,1.177935090553425
2014-08-28,1.0,0.8749666457907243,1.007489609453841,1.179161996133892
2014-08-29,1.0,0.8747576673192617,1.007489609453841,1.1791807133756596
2014-09-02,1.0,0.8745059020502969,1.0073407024727508,1.180726141081614
2014-09-03,1.0,0.8734647888759098,1.0077365170531096,1.1791807133756596
2014-09-04,1.0,0.872450249032566,1.0080470337773524,1.1791807133756596
2014-09-05,1.0,0.8719927454074947,1.007968127725919,1.17737577300509
2014-09-08,1.0,0.8722565302706734,1.0080811825794456,1.1774150180318106
2014-09-09,1.0,0.872450249032566,1.008953712301811,1.1757029319272976
2014-09-10,1.0,0.8729306897307535,1.008953712301811,1.1753924935362576
2014-09-11,1.0,0.8729306897307535,1.008086511780507,1.1812444310738943
2014-09-12,1.0,0.8726803918357731,1.008804521544653,1.1789246231205162
2014-09-15,1.0,0.872450249032566,1.0084729493587115,1.1794563757723295
2014-09-16,1.0,0.8725466137539551,1.008392867122911,1.1817354472273502
2014-09-17,1.0,0.8722580293085136,1.0088256556108735,1.1815176187455658
2014-09-18,1.0,0.8719979313334678,1.0090522423928237,1.1813446475117948
2014-09-19,1.0,0.872061359143594,1.0080027409496668,1.1817354472273502
2014-09-22,1.0,0.8715100945809653,1.0073869048498314,1.1817354472273502
2014-09-23,1.0,0.8719870132953416,1.008768260238974,1.1839423898067243
2014-09-24,1.0,0.8716485976845723,1.0085189471817957,1.1876543051835609
2014-09-25,1.0,0.8716485976845723,1.0072362912460462,1.1876543051835609
2014-09-26,1.0,0.8716885132089399,1.0080512279288032,1.1885988610423865
2014-09-29,1.0,0.8723367304638698,1.0076638779704954,1.1894059182619798
2014-09-30,1.0,0.8716885132089399,1.008077578139004,1.1889949278941945
2014-10-01,1.0,0.8712387360228108,1.0083198588395128,1.1902136346349617
2014-10-02,1.0,0.8715028303286101,1.0086736205033562,1.1902136346349617
2014-10-03,1.0,0.8704204579273679,1.009127482825492,1.1919780600970602
2014-10-06,1.0,0.8690394898501225,1.0091144997399677,1.1894208349768378
2014-10-07,1.0,0.867719747546018,1.0095363991485726,1.191996963530581
2014-10-08,1.0,0.866982387208485,1.0098349180826216,1.1904982435240044
2014-10-09,1.0,0.8674347798961486,1.0099426391606066,1.1928968042019847
2014-10-10,1.0,0.8674347798961486,1.0103248977604684,1.1932343633624876
2014-10-13,1.0,0.8676778241734743,1.009963434678165,1.1932343633624876
2014-10-14,1.0,0.8677378557215265,1.0096056844244834,1.1927531132980977
2014-10-15,1.0,0.8676778241734743,1.0097599585851387,1.1944073667337989
2014-10-16,1.0,0.8671773850743102,1.0094277985608002,1.1944073667337989
2014-10-17,1.0,0.8669566608018098,1.0102574668570012,1.1944180476879571
2014-10-20,1.0,0.8660817831186784,1.0104840302355609,1.1959576187972776
2014-10-21,1.0,0.8660875829804227,1.0099179237089433,1.1965140040624187
2014-10-22,1.0,0.863367284719712,1.0094593900126685,1.1965140040624187
2014-10-23,1.0,0.8627536281100724,1.0093055566782683,1.1966278513238284
2014-10-24,1.0,0.8629532882571953,1.0100600725272875,1.1970553489790692
2014-10-27,1.0,0.8627536281100724,1.0103298063394714,1.19705734454341
2014-10-28,1.0,0.8629532882571953,1.0097081296866106,1.196565884066158
2014-10-29,1.0,0.8663694234386146,1.0097315327647736,1.1968740481386444
2014-10-30,1.0,0.8671643184862978,1.0092770724906297,1.1968740481386444
2014-10-31,1.0,0.8671643184862978,1.0091731477123826,1.1966278513238284
2014-11-03,1.0,0.863830438662266,1.009764899420602,1.1968740481386444
2014-11-04,1.0,0.8664567770866971,1.0102258737548895,1.200810780912962
2014-11-05,1.0,0.8664567770866971,1.0098103179381561,1.1993345323638371
2014-11-06,1.0,0.8648913123028433,1.0095288621529934,1.2008171487011763
2014-11-07,1.0,0.8648520208064228,1.0096535350432625,1.1965808513048781
2014-11-10,1.0,0.8618458766723778,1.009654117869541,1.1993345323638371
2014-11-11,1.0,0.8618458766723778,1.009399946138374,1.20088262640894
2014-11-12,1.0,0.8618461103270982,1.0094659570163889,1.2042324267480515
2014-11-13,1.0,0.8602089004395143,1.0102038098428472,1.2042324267480515
2014-11-14,1.0,0.8591230976169163,1.0097178762253836,1.204264091001005
2014-11-17,1.0,0.8623011390268389,1.0106410801545946,1.2066311022789236
2014-11-18,1.0,0.8589197702239717,1.011968459226613,1.2095258604073904
2014-11-19,1.0,0.861237817261014,1.0123890888686473,1.209507113451357
2014-11-20,1.0,0.8591146787715598,1.0119337144737983,1.2070209461063528
2014-11-21,1.0,0.8582883818411302,1.0113212400715508,1.20661868383479
2014-11-24,1.0,0.8582883818411302,1.0111310416338193,1.206611937707425
2014-11-25,1.0,0.8582883818411302,1.0107342113912474,1.207630314043097
2014-11-26,1.0,0.8612310519532508,1.0109942319957494,1.2075757019298905
2014-11-28,1.0,0.8593283120371313,1.0111310416338193,1.2067269062227082
2014-12-01,1.0,0.8590228421173667,1.0108549235841338,1.2067269062227082
2014-12-02,1.0,0.8568085100685651,1.011288477231774,1.2069974938126926
2014-12-03,1.0,0.8571682602838054,1.0114244520537956,1.2067269062227082
2014-12-04,1.0,0.856255875659842,1.0119600133992113,1.207292573721969
2014-12-05,1.0,0.8561786239896199,1.0124187612956626,1.2096135071601557
2014-12-08,1.0,0.8562067346846375,1.0123936401084483,1.21120372566405
2014-12-09,1.0,0.856175285609309,1.0118519121018246,1.2115301299058325
2014-12-10,1.0,0.8547645056714362,1.0117222680371656,1.2111944055775283
2014-12-11,1.0,0.8561660578828016,1.011779031819645,1.2068318069989088
2014-12-12,1.0,0.856175285609309,1.011779031819645,1.2057291182924688
2014-12-15,1.0,0.8547645056714362,1.0121974622686785,1.2071181577067056
2014-12-16,1.0,0.8547645056714362,1.0129609479272454,1.2071084050393006
2014-12-17,1.0,0.8547645056714362,1.0125109432556179,1.2084767526640614
2014-12-18,1.0,0.8536167966225353,1.0116952478418884,1.2073255166116739
2014-12-19,1.0,0.8535364557936025,1.0122553375192391,1.2055708447845694
2014-12-22,1.0,0.8537131693745598,1.0116877611442001,1.2056575804833982
2014-12-23,1.0,0.853787385370462,1.011583981753764,1.2082084744405597
2014-12-24,1.0,0.8541344150481316,1.0123934480618186,1.2083141960433699
2014-12-26,1.0,0.8537830024380795,1.0111139425452271,1.2086940371669874
2014-12-29,1.0,0.8537830024380795,1.01186751946494,1.2096378582058767
2014-12-30,1.0,0.8537830024380795,1.0116952478418884,1.2117711776198168
2014-12-31,1.0,0.8537830024380795,1.0112796418959822,1.2129841570255906
2015-01-02,1.0,0.8537830024380795,1.0107652188224685,1.21777982230429
2015-01-05,1.0,0.8537830024380795,1.0115215102299837,1.21777982230429
2015-01-06,1.0,0.8496923463976588,1.0107652188224685,1.2178450049962424
2015-01-07,1.0,0.8536871200457009,1.011586195576577,1.2177526340714613
2015-01-08,1.0,0.8510538679394533,1.0106512126707539,1.2177526340714613
2015-01-09,1.0,0.8496923463976588,1.0114608928613098,1.2178450049962424
2015-01-12,1.0,0.8491108167448191,1.0121383079210036,1.2204828739294218
2015-01-13,1.0,0.8504604948343426,1.0126516708142137,1.2210821132808007
2015-01-14,1.0,0.8524524506869936,1.0132823770300226,1.2233624438925796
2015-01-15,1.0,0.8517186165896873,1.0131349400636656,1.2233598170464588
2015-01-16,1.0,0.8517091314833116,1.012931367113957,1.223467746569955
2015-01-20,1.0,0.8517193897156853,1.0121679883525472,1.222826639407888
2015-01-21,1.0,0.8493777832631472,1.0133569580653252,1.2228211717731032
2015-01-22,1.0,0.8512356102598292,1.0132247941734849,1.219740637509063
2015-01-23,1.0,0.8533297275365649,1.0124816563881374,1.2235321566593276
2015-01-26,1.0,0.8533297275365649,1.0134572529122576,1.2233761377785546
2015-01-27,1.0,0.8533297275365649,1.0135836852342486,1.2240198930948716
2015-01-28,1.0,0.8532791246539223,1.013571630224606,1.222826639407888
2015-01-29,1.0,0.8530992332657696,1.013793994492986,1.21645550069903
2015-01-30,1.0,0.8531070969506672,1.013796414538429,1.219338484251476
2015-02-02,1.0,0.8521772635744252,1.013200582789873,1.2229850553377102
2015-02-03,1.0,0.8522633854181857,1.0130583189403564,1.2240170828555321
2015-02-04,1.0,0.8521772635744252,1.0130589449022758,1.224616639337373
2015-02-05,1.0,0.8521783838098193,1.0127779850686096,1.224616639337373
2015-02-06,1.0,0.8471050594430456,1.0120825058933365,1.2275298876200627
2015-02-09,1.0,0.8500597493520747,1.0135872161119772,1.2264063192988053
2015-02-10,1.0,0.8468245549731256,1.0138862103835806,1.2280565516607376
2015-02-11,1.0,0.8474762381707573,1.0136539027675986,1.2282544874864632
2015-02-12,1.0,0.8465822096218495,1.013795795320144,1.2310982079914865
2015-02-13,1.0,0.846279021592806,1.0140499935541554,1.232374436868423
2015-02-17,1.0,0.8484919725310989,1.013795795320144,1.232374436868423
2015-02-18,1.0,0.8465638242954435,1.0134734341192755,1.231990847379565
2015-02-19,1.0,0.8467276503208353,1.0134734341192755,1.2319237021781522
2015-02-20,1.0,0.8465787147124569,1.0134185684489205,1.2323348798469977
2015-02-23,1.0,0.845669508656828,1.012928358176286,1.2327619413169448
2015-02-24,1.0,0.845669508656828,1.0128428471019486,1.236624851117787
2015-02-25,1.0,0.8460144217169177,1.0128052674845356,1.2412645621079434
2015-02-26,1.0,0.8460144217169177,1.0132288354844063,1.2422627070095622
2015-02-27,1.0,0.8440329347479173,1.0133638768514255,1.24268868469554
2015-03-02,1.0,0.8438122984734007,1.0135433166850922,1.2452210819386598
2015-03-03,1.0,0.8456025382837349,1.0134185684489205,1.2426464051349013
2015-03-04,1.0,0.8445659423622611,1.01359440919715,1.2426463856473713
2015-03-05,1.0,0.8438021770873442,1.0146477633331439,1.2426464051349013
2015-03-06,1.0,0.8439854540983874,1.0150266735848164,1.2426464051349013
2015-03-09,1.0,0.8419351208506769,1.015903189535591,1.2448925718267758
2015-03-10,1.0,0.8445742000907863,1.015997255146555,1.2453019605940858
2015-03-11,1.0,0.8411942245395101,1.015780681791901,1.2452477140241764
2015-03-12,1.0,0.8409505997347079,1.014697880388816,1.2442836776833799
2015-03-13,1.0,0.8409488982119019,1.01458219804978,1.2443006663223264
2015-03-16,1.0,0.8428202918789282,1.01458219804978,1.2438829282986252
2015-03-17,1.0,0.8445365393215034,1.01458219804978,1.2442804431587786
2015-03-18,1.0,0.8428140450890614,1.0147252067779855,1.2459691581081311
2015-03-19,1.0,0.8444890718824163,1.0135846173861731,1.2456868934735097
2015-03-20,1.0,0.8419695309491363,1.0144700128101192,1.249789270174318
2015-03-23,1.0,0.842681801519599,1.0144943516776412,1.2480999654367912
2015-03-24,1.0,0.8406837088134211,1.015679152732282,1.249789270174318
2015-03-25,1.0,0.8384960964564552,1.0152646840514499,1.2456868934735097
2015-03-26,1.0,0.8384960964564552,1.0155291141158493,1.249789270174318
2015-03-27,1.0,0.8427211759060659,1.0152646840514499,1.2500652908928374
2015-03-30,1.0,0.842532418378974,1.015032886063398,1.25367744649754
2015-03-31,1.0,0.8423061078401205,1.015240983313209,1.255020693139745
2015-04-01,1.0,0.840897711691344,1.0152785049524464,1.2554176252068117
2015-04-02,1.0,0.842681801519599,1.015297903137116,1.255437762430909
2015-04-06,1.0,0.8431045444049016,1.015297903137116,1.2510875665557872
2015-04-07,1.0,0.8431045444049016,1.0159243385806556,1.2533939381962982
2015-04-08,1.0,0.8432417156819884,1.016132945600218,1.2534441289814475
2015-04-09,1.0,0.8428650895032737,1.01606735368699,1.2570072393862048
2015-04-10,1.0,0.8409377554919686,1.015679698063447,1.2574931802053861
2015-04-13,1.0,0.8427242739644112,1.0148022054955839,1.2574931802053861
2015-04-14,1.0,0.839950069208068,1.0144332855236533,1.2481865158792254
2015-04-15,1.0,0.8389803144255075,1.0141212084698763,1.250672623328668
2015-04-16,1.0,0.8389679760998884,1.0144332855236533,1.2534441564350316
2015-04-17,1.0,0.8383446883393256,1.014769679462451,1.2534541059129949
2015-04-20,1.0,0.8376237270825974,1.0147163015316467,1.2545388669018127
2015-04-21,1.0,0.8360639564247191,1.014456967576705,1.257396339716559
2015-04-22,1.0,0.8358240726342213,1.0149951908553727,1.2574931802053861
2015-04-23,1.0,0.837376160769016,1.0152027293588093,1.257396339716559
2015-04-24,1.0,0.8368016593459181,1.0156425584311806,1.2591742587400452
2015-04-27,1.0,0.8378842238249681,1.0156884859800153,1.2591742587400452
2015-04-28,1.0,0.8381876481195467,1.0160226637416045,1.261636394939953
2015-04-29,1.0,0.8381858877872911,1.0164920166130642,1.263086889253672
2015-04-30,1.0,0.8381858877872911,1.0156884859800153,1.264570300636981
2015-05-01,1.0,0.8402355928001408,1.0168138669542484,1.264570300636981
2015-05-04,1.0,0.8399319691217484,1.0169227090723936,1.2621732888725818
2015-05-05,1.0,0.8358396133126921,1.0169161955467314,1.2621981678918028
2015-05-06,1.0,0.8358998553703871,1.0178495919136388,1.2616127135639033
2015-05-07,1.0,0.836493124197878,1.0186111714372914,1.2612143923432455
2015-05-08,1.0,0.8328327007557913,1.018794948133542,1.2616730100818434
2015-05-11,1.0,0.8313531057492495,1.019007971820495,1.2612143923432455
2015-05-12,1.0,0.8315599213508366,1.01877856907192,1.2602542336433076
2015-05-13,1.0,0.8321336553630776,1.01817230543858,1.2612076663850158
2015-05-14,1.0,0.8328295392058843,1.019007971820495,1.2612076663850158
2015-05-15,1.0,0.8328163444977149,1.0192252560023114,1.2602591387275024
2015-05-18,1.0,0.8328657654532668,1.019123117303917,1.2612076663850158
2015-05-19,1.0,0.8335055253381872,1.0191633125845203,1.2619428215438175
2015-05-20,1.0,0.8335055253381872,1.0193199852942738,1.2632735965426405
2015-05-21,1.0,0.8334405110220753,1.0193199852942738,1.2626382593957317
2015-05-22,1.0,0.8332322778431671,1.0194676796932243,1.2645843574080813
2015-05-26,1.0,0.8332157190177532,1.0195321366345662,1.2625976918921604
2015-05-27,1.0,0.8328163444977149,1.0194676796932243,1.2682685081887917
2015-05-28,1.0,0.8315563172003699,1.0195321366345662,1.2682685081887917
2015-05-29,1.0,0.8315563172003699,1.0195029405208729,1.26770115555937
2015-06-01,1.0,0.831832138953454,1.0195579580511982,1.2736525792558877
2015-06-02,1.0,0.8289472773823948,1.01970109747991,1.2742811829269511
2015-06-03,1.0,0.8293082240526648,1.0198760218169944,1.2745560781360201
2015-06-04,1.0,0.828997633878189,1.0201259299294974,1.2742811829269511
2015-06-05,1.0,0.8269079758424398,1.0208471192342798,1.27223314183595
2015-06-08,1.0,0.8256557339034606,1.0212004038058948,1.2742811829269511
2015-06-09,1.0,0.8256557339034606,1.0211170740107736,1.2742811829269511
2015-06-10,1.0,0.8235735987580589,1.022358895287568,1.2745500799381657
2015-06-11,1.0,0.8252855640835108,1.021328041174482,1.2753834704093712
2015-06-12,1.0,0.8241213872545374,1.0219740069702956,1.2753834704093712
2015-06-15,1.0,0.8235735987580589,1.0223002778955226,1.2753834704093712
2015-06-16,1.0,0.8261139050287252,1.0225031732007326,1.2785146041660533
2015-06-17,1.0,0.8274907751226263,1.0222414521089198,1.280590760196906
2015-06-18,1.0,0.8235679844391041,1.0221206612532354,1.281631772036636
2015-06-19,1.0,0.824000365648124,1.0226330234795582,1.2796541504854948
2015-06-22,1.0,0.8238307321376225,1.0223420965559602,1.280590760196906
2015-06-23,1.0,0.8240235931799141,1.0226509734040063,1.2781610249954702
2015-06-24,1.0,0.8283683833250598,1.0232274277701658,1.2774582815536129
2015-06-25,1.0,0.8261023786198393,1.0243769746029252,1.2780873282336345
2015-06-26,1.0,0.8261401596760555,1.0235768796747098,1.2730939274062194
2015-06-29,1.0,0.8261381269732414,1.0230663144890104,1.2754349244086847
2015-06-30,1.0,0.8255202957368745,1.0231759847793307,1.27460132191927
2015-07-01,1.0,0.8256203798834439,1.0231759847793307,1.278160204357959
2015-07-02,1.0,0.8244606638404219,1.0231759847793307,1.2816352121616683
2015-07-06,1.0,0.8250115191161425,1.02330539262771,1.28219950755827
2015-07-07,1.0,0.8244228104477436,1.0227922176853173,1.282542515556074
2015-07-08,1.0,0.8250115191161425,1.0231106103059182,1.282542515556074
2015-07-09,1.0,0.8264543038845382,1.0229904605101066,1.282542515556074
2015-07-10,1.0,0.8264543038845382,1.0230752522969029,1.2828930113220152
2015-07-13,1.0,0.8264719453325373,1.0219403264481586,1.2896126816047915
2015-07-14,1.0,0.8257133755448858,1.0228666842553633,1.2896067885313038
2015-07-15,1.0,0.8264859423287444,1.0229973460470156,1.2896067885313038
2015-07-16,1.0,0.826282914240397,1.023374922264186,1.2877066963153234
2015-07-17,1.0,0.8262680562912179,1.0246320567182794,1.2877066963153234
2015-07-20,1.0,0.8264859423287444,1.023381585648349,1.2896067885313038
2015-07-21,1.0,0.8251607045575872,1.0232824261961284,1.2872204296062828
2015-07-22,1.0,0.8251771670316556,1.0227890918059874,1.2885516986547731
2015-07-23,1.0,0.825010801222487,1.0228722840652782,1.2863789076575858
2015-07-24,1.0,0.8250145427466395,1.023316814799632,1.2872471285788423
2015-07-27,1.0,0.8261300630366463,1.0235109451581283,1.2857747505648653
2015-07-28,1.0,0.8248042643169025,1.0227368683607907,1.2854735304926561
2015-07-29,1.0,0.8250208027869358,1.0227987941875918,1.2855092732187108
2015-07-30,1.0,0.8250208027869358,1.0232614122390973,1.2871929053941327
2015-07-31,1.0,0.824842549345529,1.022284794029999,1.287432353840521
2015-08-03,1.0,0.8264787223977028,1.022284794029999,1.2855235221656478
2015-08-04,1.0,0.8259956731577465,1.022415571242541,1.285515513596168
2015-08-05,1.0,0.8258499889269388,1.022352586998909,1.2852336853239288
2015-08-06,1.0,0.8249981364969213,1.0231332433221105,1.2878473168901559
2015-08-07,1.0,0.8238818635727851,1.023957279641027,1.2913911472989767
2015-08-10,1.0,0.8247529441998945,1.023560749771793,1.2939353224488395
2015-08-11,1.0,0.8239911297236023,1.0239654210027869,1.2935777265022086
2015-08-12,1.0,0.8245495736800244,1.0229631584953647,1.2947307070562968
2015-08-13,1.0,0.8247684656397252,1.0237707123751982,1.2900506414743136
2015-08-14,1.0,0.8245495736800244,1.0235116039504706,1.2913856068216052
2015-08-17,1.0,0.824213614333628,1.0235716319637143,1.2933214083632285
2015-08-18,1.0,0.8244657562503613,1.0224537556415452,1.2913792577709469
2015-08-19,1.0,0.8245570342020538,1.021962588804798,1.2903939823938222
2015-08-20,1.0,0.8244657562503613,1.0215867962031782,1.2902550811957805
2015-08-21,1.0,0.8222462745912651,1.0212198328931756,1.2883188327051118
2015-08-24,1.0,0.8244657562503613,1.0211420318027118,1.2904099008178094
2015-08-25,1.0,0.8241718052325815,1.021162331794993,1.2885284529301722
2015-08-26,1.0,0.8211762065178431,1.0210423331742977,1.2885284529301722
2015-08-27,1.0,0.8211762065178431,1.0210155824352944,1.2894270253317754
2015-08-28,1.0,0.8241718052325815,1.021162331794993,1.2904567875338058
2015-08-31,1.0,0.8211762065178431,1.021120706398842,1.2939929079499926
2015-09-01,1.0,0.8229464263046119,1.0211654191009853,1.2958297481357348
2015-09-02,1.0,0.8239826153449479,1.0223892980229838,1.2958297481357348
2015-09-03,1.0,0.8224380903577305,1.0226075565096848,1.2946784880517117
2015-09-04,1.0,0.8211119594698338,1.0226226670816705,1.2946784880517117
2015-09-08,1.0,0.820551219772979,1.022110927160401,1.2963283126561755
2015-09-09,1.0,0.8197952389355587,1.0224073629697323,1.2955464332302515
2015-09-10,1.0,0.8212091577878605,1.0226925686558705,1.2981657652206828
2015-09-11,1.0,0.8211127493892414,1.0221794847846195,1.3009339910770947
2015-09-14,1.0,0.8210928973689436,1.0219127178813316,1.300543061009604
2015-09-15,1.0,0.8225386156386704,1.0215997948227127,1.299633133592824
2015-09-16,1.0,0.8210928973689436,1.0215997948227127,1.300859538790246
2015-09-17,1.0,0.8210928973689436,1.021521700877048,1.3038622317677981
2015-09-18,1.0,0.8170456931862874,1.022129498944774,1.3038718357689902
2015-09-21,1.0,0.8170381446445206,1.0223517303677065,1.309546916846212
2015-09-22,1.0,0.8170381446445206,1.0222194231440338,1.3115138596340141
2015-09-23,1.0,0.8193931215288853,1.0222194231440338,1.3116226232893582
2015-09-24,1.0,0.8187423881147765,1.022640998718615,1.3178410834855034
2015-09-25,1.0,0.8195024248189283,1.0237840454503258,1.322993876423334
2015-09-28,1.0,0.8195024248189283,1.02388625642896,1.3247515897160487
2015-09-29,1.0,0.8225393583237437,1.0233839803241946,1.32432019733469
2015-09-30,1.0,0.8224397645859751,1.0233839803241946,1.3236911010085586
2015-10-01,1.0,0.8218787927074681,1.023555368326376,1.3232389948189103
2015-10-02,1.0,0.8193988394872923,1.0234316539369077,1.3229829045690693
2015-10-05,1.0,0.8165320216690727,1.0241509881243034,1.3229829045690693
2015-10-06,1.0,0.8162764394337175,1.0245939704729397,1.3229829045690693
2015-10-07,1.0,0.8162764394337175,1.0240521023387106,1.3217295188887868
2015-10-08,1.0,0.814860483016192,1.0238393188275547,1.3217400367480963
2015-10-09,1.0,0.8147804162789747,1.0247207080053373,1.3217400367480963
2015-10-12,1.0,0.8152984818255271,1.0247207080053373,1.3225447759322064
2015-10-13,1.0,0.814860483016192,1.0240961994413218,1.3219161607269097
2015-10-14,1.0,0.8200911216878263,1.0239279553442868,1.3232416355311465
2015-10-15,1.0,0.8189813401898309,1.024169600727547,1.3232416355311465
2015-10-16,1.0,0.8198179370935853,1.0240521023387106,1.3217400367480963
2015-10-19,1.0,0.8189813401898309,1.024383937152935,1.3234501154715739
2015-10-20,1.0,0.8176777926738656,1.0240012788564834,1.3245844887987699
2015-10-21,1.0,0.8166281688754536,1.0250247595491437,1.3232706782206476
2015-10-22,1.0,0.8166244031537766,1.026460769495896,1.3217167089824486
2015-10-23,1.0,0.8166264636621199,1.0255346862248544,1.3214782676276793
2015-10-26,1.0,0.8167486998027401,1.0260018260855142,1.3220243363107942
2015-10-27,1.0,0.8166244031537766,1.0255346862248544,1.3223091190273135
2015-10-28,1.0,0.8170462560798893,1.025301537753998,1.322117126123391
2015-10-29,1.0,0.8159197508794767,1.025418147473923,1.3210669006276263
2015-10-30,1.0,0.8157535172282632,1.025301537753998,1.3211237833174536
2015-11-02,1.0,0.8153495832940809,1.0254053704374257,1.3165211206324718
2015-11-03,1.0,0.8142695346405525,1.0254186638451048,1.3165211206324718
2015-11-04,1.0,0.8127959939165534,1.0265108708580386,1.3180755535296502
2015-11-05,1.0,0.812784391848758,1.0275939022549099,1.324367169828858
2015-11-06,1.0,0.8120791825505287,1.0266035631289565,1.3259762373791089
2015-11-09,1.0,0.8120791825505287,1.026843442389551,1.3208601154943087
2015-11-10,1.0,0.8119436742735203,1.0266035631289565,1.322418905939378
2015-11-11,1.0,0.8119330680947505,1.0265481454883734,1.3234820325202825
2015-11-12,1.0,0.8104433286837197,1.027112498519135,1.3264789557260295
2015-11-13,1.0,0.8118893558525965,1.0266940622484495,1.324682005371689
2015-11-16,1.0,0.8097859670489448,1.0270573586183391,1.3284891303254585
2015-11-17,1.0,0.8113309189080871,1.0260615842807732,1.3264789557260295
2015-11-18,1.0,0.8137012845425257,1.026789728382808,1.3294493623909522
2015-11-19,1.0,0.8133275660005881,1.0260855437499647,1.3294335861161417
2015-11-20,1.0,0.8097945611858471,1.026975357373443,1.3316546485445964
2015-11-23,1.0,0.8097058879010461,1.0274404098475207,1.3323258350159712
2015-11-24,1.0,0.8097058879010461,1.0275263540041544,1.3329722544477631
2015-11-25,1.0,0.8097058879010461,1.028886606799512,1.3326046778335598
2015-11-27,1.0,0.8065096219605075,1.0280357344174673,1.3307560379726446
2015-11-30,1.0,0.8069839971545124,1.028865593997194,1.3323368120618337
2015-12-01,1.0,0.8072542421617546,1.027710343754297,1.3313678932337907
2015-12-02,1.0,0.8088190192036186,1.0275522792197775,1.329937562051296
2015-12-03,1.0,0.8072366966361811,1.0275522792197775,1.33074545018125
2015-12-04,1.0,0.8072366966361811,1.0282427278636241,1.33074545018125
2015-12-07,1.0,0.8072366966361811,1.0284652475433051,1.3312246398882688
2015-12-08,1.0,0.8075873768726053,1.0281020730466772,1.3333381475849109
2015-12-09,1.0,0.8088435503636242,1.0281020730466772,1.3396252839490106
2015-12-10,1.0,0.8075873768726053,1.028182629404145,1.3396252839490106
2015-12-11,1.0,0.8075873768726053,1.0278466488697742,1.3364221099903175
2015-12-14,1.0,0.8072366966361811,1.0285535491617295,1.3361104549322547
2015-12-15,1.0,0.8057361813080843,1.0281574023571973,1.335663471588474
2015-12-16,1.0,0.8072366966361811,1.029053558271902,1.335663471588474
2015-12-17,1.0,0.8057361813080843,1.0293240533573411,1.335663471588474
2015-12-18,1.0,0.8072933794343636,1.0294674388195388,1.338809118614774
2015-12-21,1.0,0.8089298242675814,1.029695187031556,1.3395863090568003
2015-12-22,1.0,0.8083862370309898,1.0292596884205691,1.3366052524262357
2015-12-23,1.0,0.8063048341158516,1.0284654812283356,1.3388584007675137
2015-12-24,1.0,0.8072933794343636,1.0278306103842971,1.341613909013178
2015-12-28,1.0,0.808361468733106,1.0282526992008787,1.34004367524907
2015-12-29,1.0,0.8054055155875594,1.0289867082327286,1.3398357971427393
2015-12-30,1.0,0.806379235071835,1.0282895546868187,1.3399834435239255
2015-12-31,1.0,0.806379235071835,1.0282895546868187,1.3371507650378451
2016-01-04,1.0,0.8065518415667743,1.0296488631247556,1.3399723683057247
2016-01-05,1.0,0.806379235071835,1.0300207910957453,1.339932821069664
2016-01-06,1.0,0.8063437508362759,1.0288639064335985,1.339932821069664
2016-01-07,1.0,0.8039833343029228,1.0288639064335985,1.3410345410015398
2016-01-08,1.0,0.8039833343029228,1.0286939936972055,1.3435546454858396
2016-01-11,1.0,0.803136226817227,1.0281769961568679,1.3448135678398454
2016-01-12,1.0,0.8027124136911907,1.0277543131522657,1.3413178562186796
2016-01-13,1.0,0.8027124136911907,1.0281654946357213,1.3413178562186796
2016-01-14,1.0,0.8023659971195498,1.0277543131522657,1.342332274289498
2016-01-15,1.0,0.8023659971195498,1.028434068351768,1.342332274289498
2016-01-19,1.0,0.8026185590434501,1.028276581744307,1.342332274289498
2016-01-20,1.0,0.8026161664044482,1.027971975350366,1.3427587049311225
2016-01-21,1.0,0.8026161664044482,1.0279713504701022,1.341931534401626
2016-01-22,1.0,0.8023450246205355,1.0270594122644643,1.344798635457687
2016-01-25,1.0,0.801378408414548,1.0268641796575961,1.3443671014194047
2016-01-26,1.0,0.8023450246205355,1.0267776751234359,1.3392411378549856
2016-01-27,1.0,0.8001760775598905,1.0272956352687739,1.3443887530404075
2016-01-28,1.0,0.8002029326885335,1.0272956352687739,1.3443887530404075
2016-01-29,1.0,0.8017648833704708,1.0269013044411888,1.3435452868105957
2016-02-01,1.0,0.8003555856810968,1.0272279935924433,1.345660214871736
2016-02-02,1.0,0.8003555856810968,1.0271375274454984,1.345660214871736
2016-02-03,1.0,0.8001968472315841,1.0289996800553993,1.345773075667881
2016-02-04,1.0,0.8011007346974524,1.029153690170606,1.3463413933375
2016-02-05,1.0,0.7990934074427526,1.0278457100761513,1.3462460579685995
2016-02-08,1.0,0.801659790082147,1.0285690451509892,1.3463438218121018
2016-02-09,1.0,0.8003482504043758,1.0280806210162599,1.34633513305493
2016-02-10,1.0,0.7989855945649716,1.0301131514440591,1.3464348620558881
2016-02-11,1.0,0.7982739353418626,1.0299496596863433,1.346330445457042
2016-02-12,1.0,0.7977804902145108,1.0294276889909453,1.346330445457042
2016-02-16,1.0,0.7989679985827254,1.0298115090367697,1.3464925221623731
2016-02-17,1.0,0.7989149581758457,1.0301702294035664,1.3463949906361732
2016-02-18,1.0,0.7990934074427526,1.0301702294035664,1.3449115705421282
2016-02-19,1.0,0.7988869353365138,1.0306192942915227,1.3358741726328747
2016-02-22,1.0,0.7980679825314492,1.0295034144516304,1.341221098512894
2016-02-23,1.0,0.7977435093300418,1.0298398552589925,1.3412459826321235
2016-02-24,1.0,0.7977574760951971,1.0307236643155289,1.3426179865205812
2016-02-25,1.0,0.7989748671500729,1.0307010722756083,1.3413235483284365
2016-02-26,1.0,0.8003569824972745,1.0308928431855684,1.340521169157181
2016-02-29,1.0,0.800263044049477,1.031781212863427,1.3457316050619834
2016-03-01,1.0,0.8003569824972745,1.031946724755108,1.3492220849547198
2016-03-02,1.0,0.8003569824972745,1.031946724755108,1.3475653007152382
2016-03-03,1.0,0.8003569824972745,1.0321329432632849,1.3475653007152382
2016-03-04,1.0,0.7986094895493355,1.0321155059203904,1.3475653007152382
2016-03-07,1.0,0.7989761042679033,1.032347714151425,1.3475686798411421
2016-03-08,1.0,0.7989843683476792,1.0317423306528657,1.344724641724389
2016-03-09,1.0,0.7989815092300392,1.0320640522629914,1.3447447584293835
2016-03-10,1.0,0.7978277867272049,1.0323450147267637,1.344169939672881
2016-03-11,1.0,0.7951510227211296,1.033504770154832,1.3425184510693011
2016-03-14,1.0,0.7969592017585284,1.0333821586119507,1.3430995415094893
2016-03-15,1.0,0.7984589228710597,1.0330997497546637,1.344169939672881
2016-03-16,1.0,0.7989317886605932,1.0323695367960073,1.3431495142672354
2016-03-17,1.0,0.7985284122204751,1.0323695367960073,1.343262754880131
2016-03-18,1.0,0.7963272093560062,1.0310218056291465,1.34566137987447
2016-03-21,1.0,0.7954003363646451,1.031071003391915,1.3511820963309498
2016-03-22,1.0,0.793562829715176,1.031538388333985,1.3513081775281781
2016-03-23,1.0,0.7931051578262707,1.0323695367960073,1.3527793592726158
2016-03-24,1.0,0.7927081434342196,1.0331765653144989,1.3527793592726158
2016-03-28,1.0,0.7927117344862354,1.0332791488446942,1.3527793592726158
2016-03-29,1.0,0.7927117344862354,1.0332791488446942,1.3510291616545034
2016-03-30,1.0,0.7935444361932603,1.0332459629111406,1.349712278514817
2016-03-31,1.0,0.7935444361932603,1.0337351093094782,1.3512196146771775
2016-04-01,1.0,0.7926897782986428,1.0332529805595094,1.3512175222367617
2016-04-04,1.0,0.7925886380618677,1.033010662612144,1.3472660733035162
2016-04-05,1.0,0.7927137623179229,1.0322731851079852,1.3550695277194895
2016-04-06,1.0,0.7925765963363968,1.0321091586318207,1.3556571095112693
2016-04-07,1.0,0.7925800420901504,1.032180606849436,1.3477270400488046
2016-04-08,1.0,0.7917653904623606,1.0322731851079852,1.347876477555097
2016-04-11,1.0,0.791740292802792,1.032180606849436,1.3546043054222492
2016-04-12,1.0,0.7917560985852395,1.0339200391607402,1.3556571095112693
2016-04-13,1.0,0.790845197976855,1.0330001870123182,1.3556571095112693
2016-04-14,1.0,0.790845197976855,1.03252951846132,1.3562718497929014
2016-04-15,1.0,0.7914658675138587,1.0333452906449652,1.3556571095112693
2016-04-18,1.0,0.790845197976855,1.0333452906449652,1.3535788600873213
2016-04-19,1.0,0.7902164751538898,1.0322110017286374,1.3477250331854949
2016-04-20,1.0,0.7897298819681372,1.0343725498478267,1.3477454121764834
2016-04-21,1.0,0.7939025678445786,1.0335498552500022,1.3526932204685227
2016-04-22,1.0,0.794647849448092,1.0319088566419614,1.3536361704021118
2016-04-25,1.0,0.795527274898244,1.0320180557631842,1.3549716061348802
2016-04-26,1.0,0.795754985592756,1.0306542659348044,1.3549716061348802
2016-04-27,1.0,0.7946565132913088,1.030999943999699,1.3580800387231176
2016-04-28,1.0,0.7947259858043276,1.0310079053664682,1.3582139081180795
2016-04-29,1.0,0.7947259858043276,1.0307591327727705,1.3587042692221567
2016-05-02,1.0,0.7939611242413002,1.030319980645547,1.3511153614373645
2016-05-03,1.0,0.7947438951567463,1.0304796485115104,1.3509800102131475
2016-05-04,1.0,0.7947565099771872,1.0305450364717808,1.3580077619850204
2016-05-05,1.0,0.7947565099771872,1.029830362396257,1.3588794840167675
2016-05-06,1.0,0.7947006520368983,1.0295485869700638,1.3608805594316078
2016-05-09,1.0,0.7929694580300335,1.0299743538820916,1.3615245502509583
2016-05-10,1.0,0.7946970027553732,1.0299743538820916,1.3597628440953908
2016-05-11,1.0,0.7936888133760747,1.0305897993171609,1.3597628440953908
2016-05-12,1.0,0.7947217618718213,1.031004359239565,1.3612498078447661
2016-05-13,1.0,0.7969370245371241,1.031951363615343,1.365797344613029
2016-05-16,1.0,0.7963789412121458,1.0318093193345375,1.3655503709222712
2016-05-17,1.0,0.7969433756203436,1.030606638770934,1.3655503709222712
2016-05-18,1.0,0.7974387040058282,1.0301145484032332,1.3666358244784538
2016-05-19,1.0,0.7954460176010469,1.0301830193309205,1.365797344613029
2016-05-20,1.0,0.7948234906156086,1.0310136538651657,1.3666358244784538
2016-05-23,1.0,0.7919266019478809,1.03176872513674,1.3655503709222712
2016-05-24,1.0,0.7913237213309986,1.0316893069710886,1.365797344613029
2016-05-25,1.0,0.7912704137720525,1.030826191600618,1.3666358244784538
2016-05-26,1.0,0.7890586846256525,1.0311873205195312,1.3666358244784538
2016-05-27,1.0,0.7890586846256525,1.0320985355817547,1.3669001357465291
2016-05-31,1.0,0.7912704137720525,1.0326181548963254,1.364738612536962
2016-06-01,1.0,0.789068312493709,1.0324689803196545,1.3682210800916883
2016-06-02,1.0,0.7890586846256525,1.0324689803196545,1.3714631947215583
2016-06-03,1.0,0.7877115903912326,1.0325875468014614,1.3714246069613687
2016-06-06,1.0,0.7876898524639382,1.0323238174753353,1.3704979645195363
2016-06-07,1.0,0.7866107308040491,1.0318631930750501,1.3682318649906184
2016-06-08,1.0,0.7866107308040491,1.0316492031274356,1.3678104602496615
2016-06-09,1.0,0.7866107308040491,1.030791964472209,1.3653292933246144
2016-06-10,1.0,0.7866107308040491,1.0313269443690944,1.3652769581371673
2016-06-13,1.0,0.7866107308040491,1.030138621168999,1.3661238316155047
2016-06-14,1.0,0.786579119073645,1.0295078432612859,1.3661238316155047
2016-06-15,1.0,0.786579119073645,1.0298395901226014,1.3704824760869865
2016-06-16,1.0,0.7850595190888331,1.0308503386000525,1.3705669684080146
2016-06-17,1.0,0.7841246118211708,1.03189741068518,1.3705669684080146
2016-06-20,1.0,0.7847517757899435,1.0312479886915238,1.3682003379990102
2016-06-21,1.0,0.7847367486082372,1.030763765183329,1.36925590403001
2016-06-22,1.0,0.7821414304078723,1.0307050864223288,1.3697557741223885
2016-06-23,1.0,0.7833991156092889,1.0318925421088239,1.3705060278484051
2016-06-24,1.0,0.7835133172150095,1.0308837697182218,1.3705060278484051
2016-06-27,1.0,0.7828553608739289,1.0322308555067417,1.3669376219032543
2016-06-28,1.0,0.7818805040832107,1.0308837697182218,1.3704849906137824
2016-06-29,1.0,0.7818805040832107,1.0308837697182218,1.370488506943555
2016-06-30,1.0,0.780772575882894,1.0322331678374153,1.375405315879372
2016-07-01,1.0,0.780772575882894,1.033525723622557,1.375405315879372
2016-07-05,1.0,0.7820828565686357,1.032559063227518,1.3756690778524638
2016-07-06,1.0,0.7834773003295992,1.0320741907628623,1.375543425613439
2016-07-07,1.0,0.7818790550296597,1.0319729048482988,1.3785626734881888
2016-07-08,1.0,0.7807692225952071,1.0317357438818853,1.3785047230622118
2016-07-11,1.0,0.7806081126571937,1.0323614484639527,1.3785047230622118
2016-07-12,1.0,0.7830113862322498,1.032487861711641,1.3753655698202005
2016-07-13,1.0,0.7814070906161963,1.0319101122213987,1.3753655698202005
2016-07-14,1.0,0.7813899817638505,1.031996955509594,1.3753930075453566
2016-07-15,1.0,0.7814033031403269,1.0319779454262825,1.3784516485909593
2016-07-18,1.0,0.7826514512451989,1.031873709420252,1.3784870709574273
2016-07-19,1.0,0.7810316718734243,1.031873709420252,1.3808540058575403
2016-07-20,1.0,0.7839702625507345,1.0318883841500015,1.3814810067814425
2016-07-21,1.0,0.7839702625507345,1.0318883841500015,1.3814810067814425
2016-07-22,1.0,0.7843017834087997,1.0322107563672978,1.3808556224670852
2016-07-25,1.0,0.7839885143056278,1.0330895965750393,1.380734949202471
2016-07-26,1.0,0.7843017834087997,1.0334030178304738,1.3794275816615635
2016-07-27,1.0,0.7839702625507345,1.0330930825931055,1.3768082246848719
2016-07-28,1.0,0.7835873782993787,1.0320308590328158,1.3784744297044311
2016-07-29,1.0,0.7839885143056278,1.0325474136351485,1.3815623313341132
2016-08-01,1.0,0.7843017834087997,1.0324039695424916,1.3831666093960726
2016-08-02,1.0,0.7839688409492296,1.0318292066400299,1.3831666093960726
2016-08-03,1.0,0.783854302666849,1.031372318575702,1.3831666093960726
2016-08-04,1.0,0.7831090644916413,1.031183516686451,1.3858393378586282
2016-08-05,1.0,0.7800005257037351,1.031870971158661,1.3839319738603746
2016-08-08,1.0,0.7800010021732714,1.0322662894402501,1.3832137919638063
2016-08-09,1.0,0.783150016958378,1.0320313027732562,1.3829312627747634
2016-08-10,1.0,0.7823219965781791,1.0330519257091004,1.3791741255908079
2016-08-11,1.0,0.7813070242133756,1.0326832574599818,1.3791420751722454
2016-08-12,1.0,0.7795875070889988,1.0334528679801658,1.3829093040884544
2016-08-15,1.0,0.7791198546565101,1.0335462921415224,1.3829093040884544
2016-08-16,1.0,0.7773506152656343,1.0340428620905062,1.3810328808624501
2016-08-17,1.0,0.7791810100985793,1.0334559310251819,1.3849420753347024
2016-08-18,1.0,0.7773585589560551,1.0339016594513524,1.3800458680778058
2016-08-19,1.0,0.7761171493481496,1.0339016594513524,1.3810201277843315
2016-08-22,1.0,0.7757020806496769,1.0335462921415224,1.3845918013362317
2016-08-23,1.0,0.7803241934528472,1.0342831831727086,1.3815823903885514
2016-08-24,1.0,0.7773093980488475,1.0338784815128403,1.3816031671645197
2016-08-25,1.0,0.7792520799605586,1.0342831831727086,1.3810201277843315
2016-08-26,1.0,0.7802181960525939,1.0343940267407021,1.3810201277843315
2016-08-29,1.0,0.7816173526406719,1.034210537664591,1.380503231164417
2016-08-30,1.0,0.7802702328106068,1.034492860179197,1.380503231164417
2016-08-31,1.0,0.7803068895211958,1.0343940267407021,1.380503231164417
2016-09-01,1.0,0.7802604109723269,1.03452424306573,1.3826586586214282
2016-09-02,1.0,0.7813553807510408,1.0356849477723953,1.38489681282072
2016-09-06,1.0,0.7813553807510408,1.0346093080750867,1.380962817837455
2016-09-07,1.0,0.7816431581558182,1.0346093080750867,1.3826162074256911
2016-09-08,1.0,0.7781903053923896,1.0345914072156772,1.3832011537365023
2016-09-09,1.0,0.7782323653619397,1.0350489657649242,1.38499644559961
2016-09-12,1.0,0.7754641966607301,1.036077503231963,1.3832070000441608
2016-09-13,1.0,0.7749918529572805,1.0354837457369146,1.3832381499158706
2016-09-14,1.0,0.7745013181193833,1.0354837457369146,1.3850417182198305
2016-09-15,1.0,0.7745013181193833,1.0349000136717543,1.3889179187613367
2016-09-16,1.0,0.7744280082000413,1.0352289940082624,1.3849931363071015
2016-09-19,1.0,0.7738842110354428,1.035101676486272,1.3850417182198305
2016-09-20,1.0,0.7740803850807122,1.0351926367104394,1.3850417182198305
2016-09-21,1.0,0.774271616598212,1.0340161501883647,1.3912013093368745
2016-09-22,1.0,0.7713829754909233,1.0349279286589796,1.3950224986866617
2016-09-23,1.0,0.7676987992331854,1.0349279286589796,1.3959484987275093
2016-09-26,1.0,0.7675732208104318,1.0352811088594667,1.3950224986866617
2016-09-27,1.0,0.7675732208104318,1.0352811088594667,1.3912013093368745
2016-09-28,1.0,0.769334751627341,1.0362182138755789,1.3951131547041145
2016-09-29,1.0,0.7685865164146968,1.0363149870119213,1.3951151665355375
2016-09-30,1.0,0.7685865164146968,1.0366273854851182,1.4005765526443896
2016-10-03,1.0,0.769334751627341,1.0372679079567557,1.4005765526443896
2016-10-04,1.0,0.769334751627341,1.037429718785571,1.4041065373338824
2016-10-05,1.0,0.769334751627341,1.0370087200968479,1.4058649117613948
2016-10-06,1.0,0.768582335130555,1.0378812253661576,1.4045595303837606
2016-10-07,1.0,0.7678698403929131,1.0378577860986056,1.4045595303837606
2016-10-10,1.0,0.7669073298754487,1.0373510185710488,1.4028389881901724
2016-10-11,1.0,0.7673453142160869,1.0376156511635526,1.406987152302463
2016-10-12,1.0,0.7675937812239261,1.0381062508253098,1.4049406575206644
2016-10-13,1.0,0.7673453142160869,1.0374103502689596,1.4070672920736065
2016-10-14,1.0,0.7673453142160869,1.037288620578401,1.4064964026461213
2016-10-17,1.0,0.7673453142160869,1.0364680176354364,1.403782087517386
2016-10-18,1.0,0.7668985717054609,1.035365407456235,1.4050739994946457
2016-10-19,1.0,0.7659687197839664,1.036766083362871,1.4050739994946457
2016-10-20,1.0,0.7659687197839664,1.0371081083783866,1.4050739994946457
2016-10-21,1.0,0.7658203383724772,1.0368796690440465,1.412800445542914
2016-10-24,1.0,0.7654819115697505,1.0371239110768924,1.415642629585207
2016-10-25,1.0,0.7649236057100344,1.0370192310523132,1.415642629585207
2016-10-26,1.0,0.763544557155862,1.0373321402393714,1.4126983775683606
2016-10-27,1.0,0.7654571760280512,1.0373321402393714,1.4175004419158235
2016-10-28,1.0,0.7639589195837581,1.0373321402393714,1.417123119281471
2016-10-31,1.0,0.763967980998266,1.0377553263645272,1.417123119281471
2016-11-01,1.0,0.764365163042073,1.038100887913422,1.4117513783219588
2016-11-02,1.0,0.7654781768076803,1.038100887913422,1.4169614758945686
2016-11-03,1.0,0.764365163042073,1.0381463699100129,1.411257975835937
2016-11-04,1.0,0.7634842044672528,1.038391636433825,1.411257975835937
2016-11-07,1.0,0.7643042388565797,1.0386278382254774,1.4092352585489425
2016-11-08,1.0,0.7634872613037055,1.0368559941543998,1.4070680717338264
2016-11-09,1.0,0.7643534215829116,1.0368559941543998,1.406871857803125
2016-11-10,1.0,0.7626640258333102,1.0364830272607173,1.4092146678371327
2016-11-11,1.0,0.7621223464725929,1.0362139000330357,1.406748225060572
2016-11-14,1.0,0.7615982486211578,1.036566861748545,1.406871857803125
2016-11-15,1.0,0.7609419527959584,1.038136470002652,1.406871857803125
2016-11-16,1.0,0.7596943415466013,1.038586752104243,1.4149713287040955
2016-11-17,1.0,0.7609419527959584,1.0410799436715992,1.4071164683258781
2016-11-18,1.0,0.7621747578607622,1.0411701416485792,1.4149713287040955
2016-11-21,1.0,0.7635120493605201,1.041205261871192,1.4070329274760156
2016-11-22,1.0,0.7609419527959584,1.0414046875841971,1.4150141737262985
2016-11-23,1.0,0.7609419527959584,1.0414046875841971,1.4149713287040955
2016-11-25,1.0,0.7609419527959584,1.0406382317646763,1.4149713287040955
2016-11-28,1.0,0.759703427171375,1.0402859234611839,1.4140904050509178
2016-11-29,1.0,0.7596908648765949,1.0398558430747329,1.4140904050509178
2016-11-30,1.0,0.7601984468801621,1.0400383493833671,1.4149713287040955
2016-12-01,1.0,0.7615121881391571,1.0393593339597487,1.4168133524624615
2016-12-02,1.0,0.7619190142160418,1.0408320976757084,1.4153037778004094
2016-12-05,1.0,0.7619190142160418,1.040180280441811,1.4153037778004094
2016-12-06,1.0,0.7619190142160418,1.0397562829150697,1.4168133524624615
2016-12-07,1.0,0.7619190142160418,1.0404178757749425,1.4153425823120493
2016-12-08,1.0,0.7619190142160418,1.0416199226023974,1.4153425823120493
2016-12-09,1.0,0.7619190142160418,1.0423911287865075,1.4175601501934738
2016-12-12,1.0,0.7619190142160418,1.0427093014194515,1.4183344807555163
2016-12-13,1.0,0.7615348260664323,1.0418659736962725,1.4186566911927136
2016-12-14,1.0,0.7582682659241614,1.041214855021416,1.4183344807555163
2016-12-15,1.0,0.7582682659241614,1.0408580169661275,1.417567902532563
2016-12-16,1.0,0.7582682659241614,1.0405387714023737,1.417567902532563
2016-12-19,1.0,0.7563139863076261,1.0394183390419045,1.417567902532563
2016-12-20,1.0,0.7577464816448769,1.040335504872314,1.417567902532563
2016-12-21,1.0,0.7577464816448769,1.0401114486063872,1.4195459126803696
2016-12-22,1.0,0.757574495833634,1.039451356333731,1.4194482999547864
2016-12-23,1.0,0.757574495833634,1.0396958480958705,1.4240101871925215
2016-12-27,1.0,0.7582811906692825,1.0392724114704572,1.4240101871925215
2016-12-28,1.0,0.7595061111066201,1.0384528051700679,1.4242484511301343
2016-12-29,1.0,0.7582354492589525,1.0383531953795844,1.4168135760835958
2016-12-30,1.0,0.7582240225452124,1.0387367579833222,1.4145894810929212
2017-01-03,1.0,0.7583804993329043,1.038403397431026,1.417651949763601
2017-01-04,1.0,0.7595313773713525,1.0381258928412445,1.4193484346464538
2017-01-05,1.0,0.7592669374793589,1.0385435798116756,1.4176645849469383
2017-01-06,1.0,0.758234021783193,1.0385435798116756,1.4167421842753012
2017-01-09,1.0,0.7559604732999382,1.0385435798116756,1.4176049560886606
2017-01-10,1.0,0.7551798045337553,1.039036933194509,1.4180774038500215
2017-01-11,1.0,0.7559604732999382,1.039036933194509,1.419068627230562
2017-01-12,1.0,0.7566203905151757,1.0387377308481331,1.4180875809273408
2017-01-13,1.0,0.7566203905151757,1.03889490678226,1.4179445013937355
2017-01-17,1.0,0.7569112123938393,1.0386999937994958,1.419068627230562
2017-01-18,1.0,0.7566203905151757,1.0387737763620628,1.4201224220360853
2017-01-19,1.0,0.7566215251475442,1.0385179887389286,1.4190455230397616
2017-01-20,1.0,0.7573147938676396,1.0389364336742504,1.4201466531784341
2017-01-23,1.0,0.7573147938676396,1.0387737763620628,1.4201466531784341
2017-01-24,1.0,0.7578160057075654,1.0388482922029119,1.421994741779903
2017-01-25,1.0,0.7566224319240693,1.038401823332162,1.4202737706202841
2017-01-26,1.0,0.7566224319240693,1.038575376515594,1.4246888911961062
2017-01-27,1.0,0.7566224319240693,1.038686672722065,1.4246888911961062
2017-01-30,1.0,0.7566224319240693,1.038655240071938,1.4285838835403
2017-01-31,1.0,0.7566224319240693,1.039018539440809,1.4285838835403
2017-02-01,1.0,0.7557174084633609,1.0396038186031105,1.4285838835403
2017-02-02,1.0,0.7554994175874353,1.0399414613935063,1.4285838835403
2017-02-03,1.0,0.7529044169676061,1.0397357681566253,1.4285838835403
2017-02-06,1.0,0.7542991948360939,1.039456531088435,1.4308423768162362
2017-02-07,1.0,0.7522732741418076,1.0396530082550892,1.4308423768162362
2017-02-08,1.0,0.7522732741418076,1.0399414613935063,1.431965683299015
2017-02-09,1.0,0.7547485455268496,1.0402866834893063,1.431965683299015
2017-02-10,1.0,0.7553104736098547,1.040596818198896,1.429882073485959
2017-02-13,1.0,0.7544660943326899,1.0417405710345713,1.429882073485959
2017-02-14,1.0,0.7548046373720583,1.0423702223527873,1.432974860964007
2017-02-15,1.0,0.7522577799362367,1.0421168044437223,1.433080207244096
2017-02-16,1.0,0.7531604128625115,1.0425504013033517,1.4329760420447382
2017-02-17,1.0,0.7531598207737791,1.0425504013033517,1.4331278947920443
2017-02-21,1.0,0.7547528563433371,1.042135672379104,1.4355999030212203
2017-02-22,1.0,0.7531818864350602,1.0419395525478727,1.4355999030212203
2017-02-23,1.0,0.755268341627723,1.041353651061254,1.439265622204759
2017-02-24,1.0,0.7558578311259975,1.0419533016177338,1.4432944930446017
2017-02-27,1.0,0.7544959351259949,1.0413028933838029,1.442934576289487
2017-02-28,1.0,0.7531917959541582,1.0409439803330265,1.439660255943112
2017-03-01,1.0,0.7531917959541582,1.0405338758193734,1.4363358242879491
2017-03-02,1.0,0.7552177943824191,1.0407075883745527,1.4320526163462592
2017-03-03,1.0,0.7544959351259949,1.0399654941492857,1.4306646449052443
2017-03-06,1.0,0.754497855217102,1.039534473098579,1.430461507151455
2017-03-07,1.0,0.7531585976225401,1.0397173931235917,1.430461507151455
2017-03-08,1.0,0.7514372980162413,1.0387553566721515,1.434474859038643
2017-03-09,1.0,0.7534622186130561,1.0390755565354972,1.433257132726652
2017-03-10,1.0,0.7531466806017733,1.0390574528230663,1.4360004118829361
2017-03-13,1.0,0.7516521494682666,1.0401218714342053,1.436015140598453
2017-03-14,1.0,0.7521298235367205,1.04037549888912,1.4369242201849977
2017-03-15,1.0,0.7521298235367205,1.0401218714342053,1.4401665518578453
2017-03-16,1.0,0.7521298235367205,1.0402279405002282,1.4369829978456798
2017-03-17,1.0,0.7526438251230584,1.0407063973745068,1.4368793520618388
2017-03-20,1.0,0.7532406904213386,1.0406291457792818,1.4401665518578453
2017-03-21,1.0,0.7527606778022509,1.0399026704894032,1.436015140598453
2017-03-22,1.0,0.7527606778022509,1.0394396986023327,1.434682741692107
2017-03-23,1.0,0.7521298235367205,1.0399479019607814,1.4332445051313678
2017-03-24,1.0,0.7521298235367205,1.0400747358553186,1.4332836268120224
2017-03-27,1.0,0.7493058479333052,1.0405165100502254,1.4332836268120224
2017-03-28,1.0,0.7483067822006616,1.0406291457792818,1.4332836268120224
2017-03-29,1.0,0.7479677173238748,1.0412431797962567,1.4332836268120224
2017-03-30,1.0,0.7479677173238748,1.0409161548092327,1.4332836268120224
2017-03-31,1.0,0.7461239957046156,1.0416514410831081,1.4347821762580626
2017-04-03,1.0,0.7450211175974965,1.0405835466641564,1.4347821762580626
2017-04-04,1.0,0.7446305529985533,1.0391163176256977,1.4346516707620536
2017-04-05,1.0,0.7444458160664348,1.038897604437223,1.4347821762580626
2017-04-06,1.0,0.7443130715780651,1.0384398213729482,1.4442579604036256
2017-04-07,1.0,0.7430950651909133,1.0397353047239524,1.440163055746587
2017-04-10,1.0,0.7430950651909133,1.040116785109341,1.4442467758886928
2017-04-11,1.0,0.7430950651909133,1.0405835466641564,1.4442467758886928
2017-04-12,1.0,0.7446061598876902,1.0405214960190343,1.4445245492149377
2017-04-13,1.0,0.7433608924084483,1.0425159151437102,1.4442467758886928
2017-04-17,1.0,0.7446061598876902,1.0428790204187415,1.4411234982440226
2017-04-18,1.0,0.7446061598876902,1.0423153108890406,1.4401587503582387
2017-04-19,1.0,0.7446061598876902,1.04335988432883,1.4411303338545691
2017-04-20,1.0,0.7461678590691861,1.0431655470732688,1.4449659269992292
2017-04-21,1.0,0.7461883416241174,1.0438383503916977,1.4449659269992292
2017-04-24,1.0,0.7482604251161329,1.043133716795948,1.4449659269992292
2017-04-25,1.0,0.7482698668864886,1.0437423294209949,1.4452503955018754
2017-04-26,1.0,0.7483772256552015,1.042848673491491,1.4452503955018754
2017-04-27,1.0,0.7483772256552015,1.0427755438920872,1.448664013209919
2017-04-28,1.0,0.7482648100001208,1.0418261749930897,1.4494424796609948
2017-05-01,1.0,0.7482734770296893,1.0415985205059068,1.4494424796609948
2017-05-02,1.0,0.7473970826933234,1.0411582962901988,1.4579657997507984
2017-05-03,1.0,0.7482635387839767,1.0412009876823396,1.459563155415038
2017-05-04,1.0,0.7475821075687766,1.0412949305141552,1.459563155415038
2017-05-05,1.0,0.7475821075687766,1.0412949305141552,1.4579657997507984
2017-05-08,1.0,0.7463594811298376,1.0413799702409816,1.4579657997507984
2017-05-09,1.0,0.7462911583556344,1.0409301398082815,1.458531139712877
2017-05-10,1.0,0.7465057451871108,1.0411268386705457,1.458531139712877
2017-05-11,1.0,0.7465057451871108,1.0411550255560136,1.461376662744708
2017-05-12,1.0,0.746368372285989,1.040649741810057,1.4623562965562538
2017-05-15,1.0,0.7465057451871108,1.0407605800084339,1.461376662744708
2017-05-16,1.0,0.7465057451871108,1.0403603891718418,1.461376662744708
2017-05-17,1.0,0.7465057451871108,1.040083668282098,1.4613620948469572
2017-05-18,1.0,0.7465057451871108,1.0403719742100646,1.454941093175262
2017-05-19,1.0,0.7467162708220404,1.0406325806257972,1.4560523689190343
2017-05-22,1.0,0.7463460391270826,1.0403629785490454,1.455831191735393
2017-05-23,1.0,0.7463587065291672,1.0405679947570583,1.4591930777542623
2017-05-24,1.0,0.7453194706539336,1.0403868085612338,1.4591930777542623
2017-05-25,1.0,0.7437951152352035,1.040155908766819,1.4591930777542623
2017-05-26,1.0,0.7427040462401665,1.0404335539796894,1.4661224166345392
2017-05-30,1.0,0.7425062590151842,1.0404335539796894,1.4661224166345392
2017-05-31,1.0,0.7427010259605209,1.0420832151197827,1.4642809815646873
2017-06-01,1.0,0.7431090824457827,1.0427273042033547,1.4626777255480075
2017-06-02,1.0,0.7467342976563957,1.042212470952607,1.46421756991153
2017-06-05,1.0,0.7427084995094096,1.0422463787553884,1.4565904066775246
2017-06-06,1.0,0.7429656554807346,1.042547556445537,1.4557684746010022
2017-06-07,1.0,0.7429635212258657,1.0434769506764783,1.4565459619880388
2017-06-08,1.0,0.7429399379356182,1.0434553305716967,1.4532029877297488
2017-06-09,1.0,0.7449413542054102,1.0405734249703795,1.4601286705738634
2017-06-12,1.0,0.7433988164671933,1.0421761268344392,1.4573300726230847
2017-06-13,1.0,0.7436708088963365,1.0412174493287714,1.4532927454584068
2017-06-14,1.0,0.7436636428314755,1.0432120578991932,1.4601286705738634
2017-06-15,1.0,0.7430569062882149,1.0422941625157567,1.4605893692538552
2017-06-16,1.0,0.7449432264074083,1.043274536532894,1.4532204889235236
2017-06-19,1.0,0.7440223452194358,1.043274536532894,1.4532204889235236
2017-06-20,1.0,0.7440223452194358,1.0434831205467474,1.4562960303896775
2017-06-21,1.0,0.7440223452194358,1.0438154485451092,1.4562960303896775
2017-06-22,1.0,0.7440223452194358,1.0434937965560782,1.4573190070080737
2017-06-23,1.0,0.7442953096339521,1.0435852557757093,1.4573190070080737
2017-06-26,1.0,0.7449191047858592,1.043539197184649,1.460892775994747
2017-06-27,1.0,0.7449191047858592,1.043610123836911,1.457664460087259
2017-06-28,1.0,0.7442953096339521,1.045641421208133,1.4572365950653925
2017-06-29,1.0,0.7431914198303808,1.0452242456561038,1.4573190070080737
2017-06-30,1.0,0.7431914198303808,1.0452242456561038,1.4574499397977732
2017-07-03,1.0,0.7448178353158691,1.045637903044845,1.4614856005381514
2017-07-05,1.0,0.7431914198303808,1.0458462672273676,1.4574499397977732
2017-07-06,1.0,0.7431914198303808,1.0475214720929382,1.4622529529125496
2017-07-07,1.0,0.7431914198303808,1.0467776879400343,1.4622529529125496
2017-07-10,1.0,0.74482538346627,1.0453767129121503,1.4702543659597815
2017-07-11,1.0,0.7449924513868852,1.0468366255501786,1.4702543659597815
2017-07-12,1.0,0.7448363342538322,1.047063416904598,1.4784818844513372
2017-07-13,1.0,0.7439133611023386,1.0468313179520068,1.477648410098013
2017-07-14,1.0,0.7458045573310661,1.046112514587612,1.479788434938336
2017-07-17,1.0,0.7472432843359811,1.0465574234192871,1.4751717251371312
2017-07-18,1.0,0.7483053612505778,1.0470628428375284,1.4734715878060973
2017-07-19,1.0,0.7525383375024404,1.0469721959624136,1.4702440561189865
2017-07-20,1.0,0.7476199961104705,1.0470628428375284,1.4702440561189865
2017-07-21,1.0,0.7485586776005926,1.0474165093408918,1.4702470980808255
2017-07-24,1.0,0.7485884644942181,1.046940699678585,1.4702470980808255
2017-07-25,1.0,0.748537086641584,1.0458780046047438,1.4706231375084102
2017-07-26,1.0,0.74632159748367,1.0467571567076526,1.4734416151253287
2017-07-27,1.0,0.74632159748367,1.0467571567076526,1.4689739825998671
2017-07-28,1.0,0.74632159748367,1.046518092310186,1.474499214932729
2017-07-31,1.0,0.74632159748367,1.0460980179276613,1.474499214932729
2017-08-01,1.0,0.74632159748367,1.045410918327439,1.4818666518857078
2017-08-02,1.0,0.7471018299991052,1.0444206779953,1.4820208242808022
2017-08-03,1.0,0.7454541243453289,1.0440842841294504,1.4760858520656241
2017-08-04,1.0,0.7441368167102291,1.0452855705787285,1.4744269088320894
2017-08-07,1.0,0.7434725342793,1.045274648517669,1.4744269088320894
2017-08-08,1.0,0.7434725342793,1.0462728922238584,1.473187915916213
2017-08-09,1.0,0.7434725342793,1.0464073442095674,1.4721551772659385
2017-08-10,1.0,0.7452505603722674,1.0462728922238584,1.4745230618109713
2017-08-11,1.0,0.7475248910588335,1.046009197853654,1.4716903532721193
2017-08-14,1.0,0.7475248910588335,1.0462255352662648,1.4716903532721193
2017-08-15,1.0,0.7475248910588335,1.0468526290713376,1.4716903532721193
2017-08-16,1.0,0.7475248910588335,1.0473858564619796,1.4716903532721193
2017-08-17,1.0,0.7475316647000434,1.0465934481976635,1.4721023186427025
2017-08-18,1.0,0.7483215075139295,1.0463750267669276,1.473913056225862
2017-08-21,1.0,0.7454936275609167,1.0464294241476484,1.473913056225862
2017-08-22,1.0,0.7475248910588335,1.0463361509609235,1.4724069712571393
2017-08-23,1.0,0.7468191997846039,1.0445243122372354,1.4752331364586977
2017-08-24,1.0,0.7454969155691165,1.0445749687131394,1.4740246559786088
2017-08-25,1.0,0.7477677340029579,1.0445749687131394,1.4740246559786088
2017-08-28,1.0,0.745153582175728,1.0445243122372354,1.4692423676077828
2017-08-29,1.0,0.7454969155691165,1.0447160844746217,1.4790023027008232
2017-08-30,1.0,0.7503314289969067,1.0462851996923392,1.4790023027008232
2017-08-31,1.0,0.7498397162929038,1.0464230410420585,1.4793167968739886
2017-09-01,1.0,0.7455042197139795,1.0465425528158294,1.4816483919618009
2017-09-05,1.0,0.7455042197139795,1.046797350169594,1.4816487344761045
2017-09-06,1.0,0.7455042197139795,1.0463020804269765,1.4823042745868924
2017-09-07,1.0,0.7458719507509223,1.046560783085965,1.4822958861573527
2017-09-08,1.0,0.7461475308563914,1.046250214624251,1.4816487344761045
2017-09-11,1.0,0.748418600211612,1.046883531086551,1.4822866759044364
2017-09-12,1.0,0.7508537168372175,1.04702604255109,1.4822866759044364
2017-09-13,1.0,0.7462235515377994,1.046883531086551,1.4846937043332415
2017-09-14,1.0,0.7462235515377994,1.0471598396763877,1.4837508185521076
2017-09-15,1.0,0.7470530087184502,1.046250214624251,1.4846937043332415
2017-09-18,1.0,0.7484449381125936,1.0468913613570772,1.486083123937413
2017-09-19,1.0,0.7484449381125936,1.0478061713586988,1.4847024287430914
2017-09-20,1.0,0.748418600211612,1.049472861391315,1.483745039165687
2017-09-21,1.0,0.748418600211612,1.0487800201222042,1.4846813065016677
2017-09-22,1.0,0.7451515864860381,1.0472894182082984,1.4855996085060308
2017-09-25,1.0,0.7451515864860381,1.047400246719242,1.4855996085060308
2017-09-26,1.0,0.7451515864860381,1.0478644952415328,1.4862258428264699
2017-09-27,1.0,0.7451515864860381,1.048694335252634,1.486108315238208
2017-09-28,1.0,0.7484737022853728,1.0479963960429657,1.4862258428264699
2017-09-29,1.0,0.7484543881525995,1.047544598558668,1.4862258428264699
2017-10-02,1.0,0.7471686522925316,1.049454985000915,1.4862258428264699
2017-10-03,1.0,0.7454054567435208,1.0494890412603337,1.4862258428264699
2017-10-04,1.0,0.7469396347185641,1.0494684903716052,1.4862403527286103
2017-10-05,1.0,0.7469396347185641,1.0492171819145275,1.49361977253461
2017-10-06,1.0,0.7471450399796777,1.0488286388709742,1.49361977253461
2017-10-09,1.0,0.7460070373394059,1.0490514575692633,1.49361977253461
2017-10-10,1.0,0.749463054649966,1.0492171819145275,1.5002322893819748
2017-10-11,1.0,0.749463054649966,1.0494190302790065,1.4964772327384506
2017-10-12,1.0,0.7494634375404103,1.048169590178106,1.4962879066466288
2017-10-13,1.0,0.7484397812421404,1.0494845809799753,1.49361977253461
2017-10-16,1.0,0.7484502451761879,1.0466617868591608,1.49361977253461
2017-10-17,1.0,0.7469979727106613,1.0469547861867823,1.49361977253461
2017-10-18,1.0,0.746373945212365,1.0466617868591608,1.4968598852346597
2017-10-19,1.0,0.7449274151073205,1.04697637730589,1.4954410669135088
2017-10-20,1.0,0.7449274151073205,1.0475441559929597,1.4962353485067132
2017-10-23,1.0,0.745874658774796,1.0477793319430486,1.4962353485067132
2017-10-24,1.0,0.7458728776051466,1.0471490821869942,1.4962334363009646
2017-10-25,1.0,0.7458728776051466,1.0475128972517653,1.4962221570583254
2017-10-26,1.0,0.7463721640427157,1.0485192052879215,1.4950903224697338
2017-10-27,1.0,0.7448399064046292,1.0483847297992352,1.4951038712766893
2017-10-30,1.0,0.7448470845276915,1.047137830941562,1.4967853092104624
2017-10-31,1.0,0.7436638421615425,1.0467435587096898,1.4967853092104624
2017-11-01,1.0,0.7436638421615425,1.0467116505796943,1.4967853092104624
2017-11-02,1.0,0.7436638421615425,1.0473159549033162,1.4967847808089325
2017-11-03,1.0,0.7433694128620458,1.0471858909572358,1.4976800096420622
2017-11-06,1.0,0.7436638421615425,1.0462094733123148,1.4967847808089325
2017-11-07,1.0,0.7439005452197136,1.045908750553902,1.495984707703749
2017-11-08,1.0,0.7438893008607804,1.0441796529330194,1.4967847808089325
2017-11-09,1.0,0.7438893008607804,1.0447819310817823,1.4967853092104624
2017-11-10,1.0,0.7430924654333874,1.0441796529330194,1.4977252961390581
2017-11-13,1.0,0.7429328420263867,1.0450969302874231,1.4986975864712486
2017-11-14,1.0,0.7448603336046481,1.0454187221656759,1.4986919981431048
2017-11-15,1.0,0.7448603336046481,1.045125160772764,1.496809988047793
2017-11-16,1.0,0.7448603336046481,1.0455389885985644,1.496809988047793
2017-11-17,1.0,0.7428659319539593,1.0456416248499036,1.4943885118680542
2017-11-20,1.0,0.7448828458368947,1.0459543912704334,1.4986975864712486
2017-11-21,1.0,0.7437609389265145,1.046791868729694,1.4986975864712486
2017-11-22,1.0,0.7428592183215045,1.0469977880409387,1.496809988047793
2017-11-24,1.0,0.7428592183215045,1.0469977880409387,1.4991009687704757
2017-11-27,1.0,0.7428592183215045,1.045911965948321,1.4999237099128537
2017-11-28,1.0,0.7434488312950627,1.0461943252313395,1.4999237099128537
2017-11-29,1.0,0.7430291868581369,1.0463848359996333,1.4999024331506126
2017-11-30,1.0,0.7437760890779576,1.0466102436870135,1.499089862416105
2017-12-01,1.0,0.7437653289641902,1.0468189279433775,1.4972872315393917
2017-12-04,1.0,0.7456778219514781,1.0468189279433775,1.4972872315393917
2017-12-05,1.0,0.743781519011759,1.046077830141611,1.4972872315393917
2017-12-06,1.0,0.7443557293458204,1.047847792853954,1.4972872315393917
2017-12-07,1.0,0.7434690953187928,1.0476786881655236,1.4973221061139523
2017-12-08,1.0,0.7425735143025094,1.047847792853954,1.4958079581830659
2017-12-11,1.0,0.7425735143025094,1.0482480444139508,1.4973221061139523
2017-12-12,1.0,0.7425735143025094,1.048698474271189,1.4973221061139523
2017-12-13,1.0,0.7412379966048416,1.0499547444075916,1.497040216378572
2017-12-14,1.0,0.7395204979869997,1.0497360121561141,1.497283698872853
2017-12-15,1.0,0.740152232414507,1.0497360121561141,1.497591980013232
2017-12-18,1.0,0.7382308202854556,1.0498652902043206,1.4994905620923977
2017-12-19,1.0,0.7382308202854556,1.0498120042599575,1.4994905620923977
2017-12-20,1.0,0.7382218579642192,1.0498120042599575,1.5007401955525261
2017-12-21,1.0,0.7382011805728088,1.049982978410339,1.4994905620923977
2017-12-22,1.0,0.7382011805728088,1.0487793635858216,1.4994905620923977
2017-12-26,1.0,0.7375203123350288,1.04873035936712,1.5007401955525261
2017-12-27,1.0,0.7351639810976287,1.0477123826697021,1.5007401955525261
2017-12-28,1.0,0.740256670431441,1.047393371746426,1.5007401955525261
2017-12-29,1.0,0.7413291182346213,1.0483821060861795,1.5040526039016846
2018-01-02,1.0,0.7399814230977281,1.049079573210629,1.5061232731712113
2018-01-03,1.0,0.740308535224274,1.049764864060724,1.5039416840628204
2018-01-04,1.0,0.740308535224274,1.0509921062016523,1.5074534031993752
2018-01-05,1.0,0.7400157292060056,1.0516179098304865,1.5084903350112637
2018-01-08,1.0,0.7400157292060056,1.0510683686998457,1.5084903350112637
2018-01-09,1.0,0.7400157292060056,1.0511906230915389,1.5084903350112637
2018-01-10,1.0,0.7400157292060056,1.0510312413234824,1.5065189548400169
2018-01-11,1.0,0.7400157292060056,1.0513439284372874,1.5091178347646763
2018-01-12,1.0,0.7399982625954988,1.0502709077880144,1.509162843830761
2018-01-16,1.0,0.7393279273017226,1.0513439284372874,1.5065982637131452
2018-01-17,1.0,0.7393279273017226,1.0515045422821259,1.5040175426757674
2018-01-18,1.0,0.7393279273017226,1.0513439284372874,1.509162843830761
2018-01-19,1.0,0.7361563054424369,1.0513439284372874,1.5110747564450053
2018-01-22,1.0,0.7361242254724739,1.0526895960863822,1.5108546779970962
2018-01-23,1.0,0.7330832136854594,1.0506861784429322,1.513808016785297
2018-01-24,1.0,0.7330832136854594,1.0513439284372874,1.513808016785297
2018-01-25,1.0,0.7316109706342178,1.0511338728673059,1.5134806205748568
2018-01-26,1.0,0.7316109706342178,1.0513439284372874,1.5138467732441707
2018-01-29,1.0,0.7315216959452119,1.052658992942166,1.5138577890237381
2018-01-30,1.0,0.7279423775503178,1.051820941464467,1.518135656489448
2018-01-31,1.0,0.7321071649310452,1.0515200674775964,1.5138577890237381
2018-02-01,1.0,0.7335820359876272,1.051772065369153,1.5134806205748568
2018-02-02,1.0,0.7330780902954489,1.0515200674775964,1.5127769235336974
2018-02-05,1.0,0.7316083718112492,1.051556106215386,1.5086885580888412
2018-02-06,1.0,0.7313755771760169,1.0527411890354343,1.5084439272390264
2018-02-07,1.0,0.7313755771760169,1.0523401608611351,1.5055816404262847
2018-02-08,1.0,0.7314017017342841,1.050668523453123,1.5079545693660734
2018-02-09,1.0,0.7314017017342841,1.052273947825574,1.5087010743289782
2018-02-12,1.0,0.7309197757554294,1.0527408756995902,1.5079560831780288
2018-02-13,1.0,0.7292525224872485,1.052273947825574,1.507967485856374
2018-02-14,1.0,0.7292525224872485,1.0532855369663747,1.509204817450708
2018-02-15,1.0,0.7264170340446896,1.0542807962087726,1.5092850427548008
2018-02-16,1.0,0.7264170340446896,1.0552741595564754,1.5079831572786013
2018-02-20,1.0,0.724708985201291,1.0558996959047473,1.5079831572786013
2018-02-21,1.0,0.7263820774469399,1.0566001249047263,1.5099166318966595
2018-02-22,1.0,0.7263820774469399,1.0565345262333463,1.5099166318966595
2018-02-23,1.0,0.7263820774469399,1.0567124570241002,1.5079831572786013
2018-02-26,1.0,0.7263820774469399,1.056410810906642,1.5099545900589637
2018-02-27,1.0,0.7284002898005189,1.0554316804497388,1.5099545900589637
2018-02-28,1.0,0.7281895790961156,1.0558996959047473,1.5079831572786013
2018-03-01,1.0,0.7284002898005189,1.056780801938273,1.512726681367587
2018-03-02,1.0,0.728430075674422,1.0546451597865836,1.515373145963259
2018-03-05,1.0,0.7275786867075714,1.0543401741668523,1.506304594485999
2018-03-06,1.0,0.7263820774469399,1.0552625302801717,1.5044368687895016
2018-03-07,1.0,0.7249796688212325,1.0559478743124466,1.5071576668108972
2018-03-08,1.0,0.7249796688212325,1.0543089144436477,1.5071576668108972
2018-03-09,1.0,0.7249796688212325,1.0561319944212106,1.5108430738599652
2018-03-12,1.0,0.7249796688212325,1.0546844778827118,1.5111068446723848
2018-03-13,1.0,0.7275437265291639,1.0548644257185618,1.5157885452397093
2018-03-14,1.0,0.7275437265291639,1.0556024669360533,1.5157885452397093
2018-03-15,1.0,0.7275962035316981,1.0563158222652964,1.5212227562434673
2018-03-16,1.0,0.7275962035316981,1.054720295399044,1.5295321301735483
2018-03-19,1.0,0.7270652335878786,1.0533656985643753,1.526462242969407
2018-03-20,1.0,0.727153387464495,1.0535320173692977,1.5341238934979613
2018-03-21,1.0,0.7261633994151621,1.054181357304087,1.5341238934979613
2018-03-22,1.0,0.7267434659664336,1.0546543925942025,1.5260014606871244
2018-03-23,1.0,0.7267434659664336,1.0544039089207065,1.5274681032594355
2018-03-26,1.0,0.7279698967759799,1.0549317323760015,1.5341238934979613
2018-03-27,1.0,0.7266108677531459,1.0553733947658466,1.5341498146169028
2018-03-28,1.0,0.7266108677531459,1.0544353026921265,1.5305846784016126
2018-03-29,1.0,0.7266861844943404,1.0545896621570985,1.5328552412299299
2018-04-02,1.0,0.7258264718524511,1.0554990123837031,1.5328552412299299
2018-04-03,1.0,0.7250019471204958,1.055356971184138,1.5328552412299299
2018-04-04,1.0,0.7250019471204958,1.0554489748868707,1.5364804598392303
2018-04-05,1.0,0.7250019471204958,1.0562491247657377,1.5328552412299299
2018-04-06,1.0,0.725589470626598,1.0562491247657377,1.5315234788965775
2018-04-09,1.0,0.725841108779055,1.056995985505654,1.5299874895602894
2018-04-10,1.0,0.725841108779055,1.057858753712495,1.5324506573000916
2018-04-11,1.0,0.7322202786203784,1.057858753712495,1.537889894622097
2018-04-12,1.0,0.7322202786203784,1.056629483522627,1.537889894622097
2018-04-13,1.0,0.7260699371485378,1.0547439693993441,1.5356821063909991
2018-04-16,1.0,0.725589470626598,1.0547662630202006,1.5356821063909991
2018-04-17,1.0,0.725589470626598,1.0544980612428112,1.5364723399343028
2018-04-18,1.0,0.725589470626598,1.0561377782753363,1.5369099994801778
2018-04-19,1.0,0.7290691556196208,1.0558888308757428,1.537925397069973
2018-04-20,1.0,0.7304117904181457,1.0563353187732736,1.5370712508994135
2018-04-23,1.0,0.7290691556196208,1.0572711554357985,1.5285162136145563
2018-04-24,1.0,0.731621527335123,1.0579755472050216,1.5360167490467194
2018-04-25,1.0,0.7304112118355381,1.0579755472050216,1.534098916720507
2018-04-26,1.0,0.7304112118355381,1.0583952783052837,1.533875019853175
2018-04-27,1.0,0.7314560615382074,1.0579755472050216,1.532415613339525
2018-04-30,1.0,0.7304806838547854,1.0574345391958775,1.5323799875773378
2018-05-01,1.0,0.7293452950169971,1.0579818524806373,1.5268996977275815
2018-05-02,1.0,0.7289416317728384,1.0587546733532354,1.5255333379223677
2018-05-03,1.0,0.7289243469197855,1.0587546733532354,1.5257197325694623
2018-05-04,1.0,0.7270991035361426,1.0581767138451639,1.5278260699050215
2018-05-07,1.0,0.7270991035361426,1.0587231479777586,1.5255730427989618
2018-05-08,1.0,0.7270991035361426,1.057001726600484,1.5308401991902527
2018-05-09,1.0,0.7255938649897383,1.0586377208966375,1.5248038935318657
2018-05-10,1.0,0.7251064332063448,1.0575058151196233,1.52092913852339
2018-05-11,1.0,0.7250630625900103,1.056216767198687,1.52092913852339
2018-05-14,1.0,0.7251464833478739,1.0571554446750158,1.5319098944358978
2018-05-15,1.0,0.7251464833478739,1.0555818662819636,1.5319688871571153
2018-05-16,1.0,0.7251469437052728,1.0552510151563077,1.5319688871571153
2018-05-17,1.0,0.725530526787299,1.0549648090568338,1.532400035576065
2018-05-18,1.0,0.7237944368377414,1.0549370327392749,1.5323365897390837
2018-05-21,1.0,0.725530526787299,1.0549370327392749,1.5323365897390837
2018-05-22,1.0,0.725530526787299,1.0549302476581128,1.5334103931500602
2018-05-23,1.0,0.7232954922817083,1.0536024356925378,1.5378902995431256
2018-05-24,1.0,0.7245089016287942,1.054407213304675,1.5378902995431256
2018-05-25,1.0,0.7232954922817083,1.0546053925925596,1.5374950764378774
2018-05-29,1.0,0.7254826051205113,1.054521926779062,1.537912404200415
2018-05-30,1.0,0.7272687977998592,1.054492508709894,1.537912404200415
2018-05-31,1.0,0.7247405834746659,1.0541502202836521,1.5433448576987896
2018-06-01,1.0,0.7222113834243642,1.053169227180128,1.5433448576987896
2018-06-04,1.0,0.725288973123808,1.053045587181082,1.5398015453540976
2018-06-05,1.0,0.7209930569387955,1.0529738880524224,1.5412499717519825
2018-06-06,1.0,0.7217657181923273,1.0521173294661788,1.5380237308073832
2018-06-07,1.0,0.7209563598831648,1.0529171276786478,1.5455276900949375
2018-06-08,1.0,0.7207196561932537,1.051589526229514,1.547919487285719
2018-06-11,1.0,0.7199250682578485,1.0518578083537822,1.547912213898646
2018-06-12,1.0,0.7199250682578485,1.0521173294661788,1.5479449054086434
2018-06-13,1.0,0.7199179991244747,1.0521173294661788,1.5479449054086434
2018-06-14,1.0,0.7199179991244747,1.0526393022811351,1.5466480352365097
2018-06-15,1.0,0.719927684292684,1.053262213605309,1.5471323643388446
2018-06-18,1.0,0.7207161197691367,1.053012565826568,1.5476252583800416
2018-06-19,1.0,0.7170782635438175,1.054602306537115,1.5476252583800416
2018-06-20,1.0,0.7185843108973717,1.0549283629459252,1.5479449054086434
2018-06-21,1.0,0.7163323878499693,1.0530078354717092,1.5503651381760744
2018-06-22,1.0,0.7163323878499693,1.0564280352642934,1.5523504221852495
2018-06-25,1.0,0.715108869269343,1.0555958256521683,1.5523504221852495
2018-06-26,1.0,0.715108869269343,1.0557255101779428,1.5531484957243424
2018-06-27,1.0,0.7151145157291243,1.0557255101779428,1.5552494635303646
2018-06-28,1.0,0.7131248139986891,1.056320592741321,1.5552936465220564
2018-06-29,1.0,0.7131248139986891,1.0550892594411836,1.558825374326861
2018-07-02,1.0,0.7131248139986891,1.0532129874467735,1.559952259509791
2018-07-03,1.0,0.713190591344428,1.0541969490154912,1.5608236011523613
2018-07-05,1.0,0.7141366159089841,1.053525048257487,1.5599070080265818
2018-07-06,1.0,0.7141366159089841,1.0539479045491813,1.557161346426556
2018-07-09,1.0,0.7141366159089841,1.0538383707618557,1.5540824495578853
2018-07-10,1.0,0.7141366159089841,1.0546463108524835,1.5599070080265818
2018-07-11,1.0,0.7163748753312427,1.0559938464536014,1.5599070080265818
2018-07-12,1.0,0.7141366159089841,1.0549451729393575,1.557161346426556
2018-07-13,1.0,0.7131882100966903,1.055619639503206,1.557161346426556
2018-07-16,1.0,0.7121745529592632,1.0560640109030275,1.557161346426556
2018-07-17,1.0,0.7106989798959918,1.0560640109030275,1.5627826536758131
2018-07-18,1.0,0.7106989798959918,1.0561844397712896,1.5628106255012064
2018-07-19,1.0,0.7110974881424007,1.056838380724877,1.5665469649707824
2018-07-20,1.0,0.7110974881424007,1.0568831952553717,1.5665469649707824
2018-07-23,1.0,0.7102316616417486,1.0572311777765253,1.5705416778500232
2018-07-24,1.0,0.7106989798959918,1.0568307011596652,1.5778854856513782
2018-07-25,1.0,0.7106989798959918,1.057885430263391,1.5778854856513782
2018-07-26,1.0,0.7100822140968737,1.0580280667562296,1.5778854856513782
2018-07-27,1.0,0.7100822140968737,1.058263249064886,1.5779462213551507
2018-07-30,1.0,0.7106952326675919,1.0590248468512868,1.5778854856513782
2018-07-31,1.0,0.7100822140968737,1.0588912258502747,1.5765351556133322
2018-08-01,1.0,0.7100822140968737,1.058263249064886,1.5744496315430037
2018-08-02,1.0,0.7100822140968737,1.0573746762312854,1.5744364801353044
2018-08-03,1.0,0.7100822140968737,1.0576034643322636,1.5704544703496022
2018-08-06,1.0,0.7100822140968737,1.057717001670766,1.573798438148863
2018-08-07,1.0,0.7147330562354325,1.0580433579993374,1.5704391213818882
2018-08-08,1.0,0.7147330562354325,1.0579327280119033,1.5678864243834818
2018-08-09,1.0,0.7141725000557946,1.0582625789531561,1.5678864243834818
2018-08-10,1.0,0.7141725000557946,1.059206358056052,1.5704161394952478
2018-08-13,1.0,0.7141725000557946,1.0579327280119033,1.5704161394952478
2018-08-14,1.0,0.7141725000557946,1.0577657513631142,1.5704161394952478
2018-08-15,1.0,0.7157183172716585,1.0577657513631142,1.5711418860822506
2018-08-16,1.0,0.7157183172716585,1.0578623618817495,1.5711418860822506
2018-08-17,1.0,0.7131895579663081,1.0576703360227182,1.5711418860822506
2018-08-20,1.0,0.719973745523542,1.05758263273289,1.5703719875046511
2018-08-21,1.0,0.7129520896214904,1.058011235521803,1.5703719875046511
2018-08-22,1.0,0.7131320383494952,1.0580174258339636,1.5703719875046511
2018-08-23,1.0,0.7144599080511573,1.0589910482729783,1.5703719875046511
2018-08-24,1.0,0.715343487720233,1.0598185846970019,1.5703719875046511
2018-08-27,1.0,0.715343487720233,1.0595761909772565,1.5703719875046511
2018-08-28,1.0,0.7144632526759928,1.0600810066353648,1.5703719875046511
2018-08-29,1.0,0.7144804482358037,1.0600488041476428,1.5728811157658444
2018-08-30,1.0,0.7137708655249172,1.0601051775462949,1.5684758832019414
2018-08-31,1.0,0.7137708655249172,1.0597646591716714,1.56311645328563
2018-09-04,1.0,0.7144804482358037,1.0597916746827512,1.56311645328563
2018-09-05,1.0,0.7144804482358037,1.0598749542349484,1.56311645328563
2018-09-06,1.0,0.7144804482358037,1.0612875452536832,1.5616347705638034
2018-09-07,1.0,0.7144804482358037,1.0602399700939988,1.5616347705638034
2018-09-10,1.0,0.7144804482358037,1.0612039309805277,1.5616347705638034
2018-09-11,1.0,0.7144804482358037,1.0596941348103388,1.5617266489253179
2018-09-12,1.0,0.7167428009195165,1.0599526668399568,1.5597761124247231
2018-09-13,1.0,0.7167428009195165,1.060542067067408,1.5597761124247231
2018-09-14,1.0,0.7144804482358037,1.0612331603102627,1.5597761124247231
2018-09-17,1.0,0.7172583248877697,1.061766957192209,1.5713126156091424
2018-09-18,1.0,0.7173633304634147,1.0607512329614739,1.5719988610224465
2018-09-19,1.0,0.7174624191481666,1.0605027563803664,1.5713126156091424
2018-09-20,1.0,0.7174624191481666,1.0603461405140715,1.572016339400328
2018-09-21,1.0,0.7153322680043794,1.0587597179818786,1.5846088942773775
2018-09-24,1.0,0.7174121553285832,1.058790222204745,1.5822260820112022
2018-09-25,1.0,0.7153322680043794,1.0600990903523697,1.5863933921659794
2018-09-26,1.0,0.7153322680043794,1.0612331603102627,1.5903297279424624
2018-09-27,1.0,0.7153322680043794,1.0592400156119788,1.5864494852509992
2018-09-28,1.0,0.7144631790055783,1.0598267336567933,1.5859987644908198
2018-10-01,1.0,0.7144631790055783,1.059837577132206,1.5803854940060886
2018-10-02,1.0,0.7144497866772656,1.0597311849603002,1.5745616016412913
2018-10-03,1.0,0.7144497866772656,1.059874464266879,1.5761154322414148
2018-10-04,1.0,0.7144497866772656,1.0600940174929516,1.5761154322414148
2018-10-05,1.0,0.7124948172926244,1.0606390317265828,1.5681769376366832
2018-10-08,1.0,0.7143912947549459,1.0600263363141291,1.5740385582001137
2018-10-09,1.0,0.7143988292161352,1.0595204695240932,1.5769894626393641
2018-10-10,1.0,0.7144966587789024,1.0599611025113806,1.5776701926581662
2018-10-11,1.0,0.7147561875370017,1.0603525532190496,1.5776701926581662
2018-10-12,1.0,0.7132304389117267,1.0599611025113806,1.5776701926581662
2018-10-15,1.0,0.7132304389117267,1.061619312686577,1.5775277335282212
2018-10-16,1.0,0.7130296467358554,1.061187279083038,1.5775277335282212
2018-10-17,1.0,0.7132304389117267,1.0607258312227457,1.579877077807152
2018-10-18,1.0,0.7124214923798216,1.0609749396185528,1.577731746822744
2018-10-19,1.0,0.7125064579214174,1.060368749916684,1.5793716304761996
2018-10-22,1.0,0.7102643887987689,1.059670456669671,1.5791658345919137
2018-10-23,1.0,0.7102643887987689,1.0585606912833763,1.5681587722466588
2018-10-24,1.0,0.7092309732244051,1.0593332634976196,1.5680623536482112
2018-10-25,1.0,0.7141466446714229,1.059351299873633,1.5680685125111116
2018-10-26,1.0,0.713832727277551,1.05990327515789,1.566204509876183
2018-10-29,1.0,0.7127919622567742,1.0594401853729587,1.5629788792862498
2018-10-30,1.0,0.7101105311821184,1.0588278189296192,1.5608332527080009
2018-10-31,1.0,0.712966441938966,1.0604139779229582,1.560756214342463
2018-11-01,1.0,0.712966441938966,1.060122847480621,1.560756214342463
2018-11-02,1.0,0.7101570585999769,1.0605373117670003,1.560756214342463
2018-11-05,1.0,0.7127718556806361,1.060633773769791,1.560756214342463
2018-11-06,1.0,0.7127770235893667,1.061040634089252,1.5593920511298192
2018-11-07,1.0,0.7128904057438838,1.0616211444462076,1.5608332527080009
2018-11-08,1.0,0.7128904057438838,1.061468086012733,1.5608332527080009
2018-11-09,1.0,0.7128904057438838,1.0619239803654723,1.560990776194324
2018-11-12,1.0,0.7128904057438838,1.061468086012733,1.560990776194324
2018-11-13,1.0,0.7136821241054104,1.0618045130327447,1.561727331842065
2018-11-14,1.0,0.7128600210145356,1.0616211444462076,1.5704599728099802
2018-11-15,1.0,0.7128600210145356,1.0624228181144557,1.5704599728099802
2018-11-16,1.0,0.7128600210145356,1.0610790660470757,1.5702609207508238
2018-11-19,1.0,0.7110541529907985,1.0607478937855925,1.5702609207508238
2018-11-20,1.0,0.7107213766160053,1.0606492670309358,1.5704599728099802
2018-11-21,1.0,0.71071048975327,1.0606492670309358,1.5688680732235234
2018-11-23,1.0,0.7110685367647203,1.0606492670309358,1.573722375005242
2018-11-26,1.0,0.7110767311827313,1.0607408009336945,1.573722375005242
2018-11-27,1.0,0.7129112340824859,1.06165078178672,1.5705615064605958
2018-11-28,1.0,0.7142099735665813,1.0621371832126987,1.5724221638925935
2018-11-29,1.0,0.7142151288530058,1.062225672583958,1.5704254380187175
2018-11-30,1.0,0.7142130024303897,1.0618872234094,1.5694413463715589
2018-12-03,1.0,0.7110038302143342,1.0630123031666214,1.5703554786768459
2018-12-04,1.0,0.7106694917850754,1.0626579566834036,1.5703554786768459
2018-12-06,1.0,0.7090528014514226,1.062225672583958,1.5698269259007782
2018-12-07,1.0,0.7090528014514226,1.0610187686711585,1.5698269259007782
2018-12-10,1.0,0.7085063007025888,1.0623886508877014,1.5698269259007782
2018-12-11,1.0,0.7085063007025888,1.06297061373147,1.5694413463715589
2018-12-12,1.0,0.7085063007025888,1.0630123031666214,1.5705026871541468
2018-12-13,1.0,0.7085063007025888,1.0638334665099185,1.566781714902767
2018-12-14,1.0,0.7096948199935611,1.06297061373147,1.5780567272890864
2018-12-17,1.0,0.7096948199935611,1.0630123031666214,1.5780567272890864
2018-12-18,1.0,0.7083761489665987,1.063490208128143,1.579054580856721
2018-12-19,1.0,0.708253551098825,1.06297061373147,1.582113802035755
2018-12-20,1.0,0.7082803074823114,1.0640314053346884,1.5831496621669499
2018-12-21,1.0,0.7082153638299074,1.0630175048043218,1.577688171699535
2018-12-24,1.0,0.7035979646670276,1.0617719273099304,1.582113802035755
2018-12-26,1.0,0.7035979646670276,1.0629626290068206,1.582113802035755
2018-12-27,1.0,0.7035979646670276,1.063111076975798,1.5745219641948625
2018-12-28,1.0,0.7035979646670276,1.0633755109628333,1.570454214616149
2018-12-31,1.0,0.7035916631091387,1.065074502604519,1.5694275049594288
2019-01-02,1.0,0.7035916631091387,1.0653889259734806,1.5688043055557668
2019-01-03,1.0,0.7062618680952989,1.0646965328343156,1.5688043055557668
2019-01-04,1.0,0.7082066400708008,1.0629805748077559,1.5685671327750053
2019-01-07,1.0,0.7082066400708008,1.0647181373388908,1.581818317402135
2019-01-08,1.0,0.7071825333598685,1.065210015481156,1.5744620876970548
2019-01-09,1.0,0.7082066400708008,1.0652362229994274,1.5719547825110507
2019-01-10,1.0,0.7035645690812765,1.0651342194142281,1.5693563406768734
2019-01-11,1.0,0.7035659733961531,1.065238176601836,1.5710488759100765
2019-01-14,1.0,0.7035662999855486,1.0648438513535994,1.5719390912985922
2019-01-15,1.0,0.7035662999855486,1.0654159232372007,1.5769520947308124
2019-01-16,1.0,0.7035662999855486,1.0639741588327438,1.5720174050516866
2019-01-17,1.0,0.7037711979264594,1.064174209954024,1.571629308755006
2019-01-18,1.0,0.7062731110905,1.0638280380912826,1.571877525040609
2019-01-22,1.0,0.7062731110905,1.0636196707758794,1.5849871115029694
2019-01-23,1.0,0.7098521895631755,1.0655776110679747,1.5849327413658771
2019-01-24,1.0,0.7063980996208292,1.0650174755214068,1.5887825157604474
2019-01-25,1.0,0.7063980996208292,1.0639876667032238,1.5887825157604474
2019-01-28,1.0,0.7063980996208292,1.0665639022935747,1.5923861304583957
2019-01-29,1.0,0.7063980996208292,1.0679038769387361,1.5923861304583957
2019-01-30,1.0,0.7058431088640706,1.0667018715857024,1.5923861304583957
2019-01-31,1.0,0.7054869765562902,1.066700501061903,1.5930062360982333
2019-02-01,1.0,0.7054873051334076,1.0666283408492356,1.5930062360982333
2019-02-04,1.0,0.7058431088640706,1.0663147103548118,1.5985731637909701
2019-02-05,1.0,0.7058431088640706,1.0675947710756573,1.6001774088158909
2019-02-06,1.0,0.7070489228275765,1.0661607608081054,1.6001774088158909
2019-02-07,1.0,0.7054727539447123,1.0660800173719935,1.5930987000486097
2019-02-08,1.0,0.7070613805060995,1.0675947710756573,1.591919901380892
2019-02-11,1.0,0.7062841119815139,1.0675947710756573,1.5906703766695496
2019-02-12,1.0,0.7063015468930001,1.0667763126458776,1.591919901380892
2019-02-13,1.0,0.7070613805060995,1.066861591913203,1.5895688683786948
2019-02-14,1.0,0.7070650167525738,1.0667763126458776,1.591919901380892
2019-02-15,1.0,0.7070613805060995,1.0667763126458776,1.5929812586500622
2019-02-19,1.0,0.7034831724855641,1.0672276075786031,1.5929616752885039
2019-02-20,1.0,0.7034831724855641,1.0681430829094016,1.591919901380892
2019-02-21,1.0,0.7046108984467149,1.0668830991362723,1.5915950466368622
2019-02-22,1.0,0.7034008626167885,1.0660557199238268,1.5918943560191747
2019-02-25,1.0,0.7034008626167885,1.0649045300610536,1.5919212749508385
2019-02-26,1.0,0.7030835085930007,1.0652237966955216,1.5923782580512627
2019-02-27,1.0,0.7030835085930007,1.0650403502822678,1.592828329328416
2019-02-28,1.0,0.7030831176366056,1.066079229864842,1.592970769607735
2019-03-01,1.0,0.7034008626167885,1.065912206122933,1.5951744964951977
2019-03-04,1.0,0.7034008626167885,1.065131300170322,1.592970769607735
2019-03-05,1.0,0.7033542966689088,1.0654953599421069,1.5915626232429085
2019-03-06,1.0,0.7048261367986537,1.0669562643831756,1.5915626232429085
2019-03-07,1.0,0.7033973212199356,1.0682852161989254,1.5951162118734799
2019-03-08,1.0,0.7048261367986537,1.0693497033540054,1.5951744964951977
2019-03-11,1.0,0.7048261367986537,1.0686764256158643,1.6002670312189076
2019-03-12,1.0,0.7039752455973253,1.0685088373420863,1.6002751086966325
2019-03-13,1.0,0.7048261367986537,1.0673313273136853,1.6031878281004341
2019-03-14,1.0,0.704850772702737,1.0678874926446684,1.6031878281004341
2019-03-15,1.0,0.704850772702737,1.0667112020606115,1.6076485637763487
2019-03-18,1.0,0.7068869484480819,1.0691438066327974,1.6102982664450325
2019-03-19,1.0,0.7069681620585954,1.0692048328204238,1.6104120318449044
2019-03-20,1.0,0.7097468488807287,1.069066779677102,1.6103915601416043
2019-03-21,1.0,0.7087716201962201,1.0688906349953822,1.6107190140673255
2019-03-22,1.0,0.7110009766400787,1.0675387979764126,1.6054476275361342
2019-03-25,1.0,0.7110009766400787,1.0676499028531907,1.6103777834135302
2019-03-26,1.0,0.7097468488807287,1.0682920468636379,1.6030396175241148
2019-03-27,1.0,0.7110102085763071,1.0675387979764126,1.6101447444708419
2019-03-28,1.0,0.7111330333429897,1.0675387979764126,1.6101447444708419
2019-03-29,1.0,0.7118539928321072,1.0673795194826892,1.6085214896080644
2019-04-01,1.0,0.7136246971551903,1.0674796106037234,1.6047706971461768
2019-04-02,1.0,0.7139502243190369,1.067062527243045,1.6047706971461768
2019-04-03,1.0,0.7079321510399137,1.0669297878451274,1.6047947117841308
2019-04-04,1.0,0.7077555124799692,1.067062527243045,1.6074471440025448
2019-04-05,1.0,0.7039830765820334,1.0668097185560348,1.6074471440025448
2019-04-08,1.0,0.7039830765820334,1.0663078181116754,1.6095207501673587
2019-04-09,1.0,0.7035161709853837,1.066524637933356,1.6125727451871008
2019-04-10,1.0,0.7037444497762176,1.0645779350247624,1.6095207501673587
2019-04-11,1.0,0.7040171084679334,1.0645779350247624,1.6095207501673587
2019-04-12,1.0,0.7040171084679334,1.066524637933356,1.6095207501673587
2019-04-15,1.0,0.7039830765820334,1.066524637933356,1.6093283797510147
2019-04-16,1.0,0.7039830765820334,1.066524637933356,1.6095207501673587
2019-04-17,1.0,0.7084330296384416,1.0654308367381686,1.6128759671110946
2019-04-18,1.0,0.7083818474995595,1.0646565472453955,1.6135500028990744
2019-04-22,1.0,0.7112346263932912,1.0652580355334549,1.6095276653290853
2019-04-23,1.0,0.7113005116931675,1.0661886056886125,1.6094812901402007
2019-04-24,1.0,0.7111068360516672,1.0672018472951552,1.6094812901402007
2019-04-25,1.0,0.7112562380681301,1.0672018472951552,1.6095276653290853
2019-04-26,1.0,0.7093362932513487,1.0671390695469274,1.6095276653290853
2019-04-29,1.0,0.7084724709973897,1.0660089114461542,1.6076810266354187
2019-04-30,1.0,0.7084724709973897,1.0648241939961387,1.6128073556651332
2019-05-01,1.0,0.7076200079551502,1.067414530155276,1.6128993878404951
2019-05-02,1.0,0.7062601250811917,1.0672565289437466,1.6128993878404951
2019-05-03,1.0,0.7062601250811917,1.0669647803057543,1.6161580646380396
2019-05-06,1.0,0.7062601250811917,1.0669647803057543,1.6128993878404951
2019-05-07,1.0,0.7062601250811917,1.067091314086169,1.6103397290324857
2019-05-08,1.0,0.7045345140677423,1.0676205113049901,1.615261478768237
2019-05-09,1.0,0.7062217182623982,1.0676205113049901,1.6102251989761132
2019-05-10,1.0,0.706686622952074,1.0683029526077545,1.6102780876969038
2019-05-13,1.0,0.703356334744387,1.0694751597979641,1.6102780876969038
2019-05-14,1.0,0.7029194147361294,1.0695203588911757,1.6095497655987454
2019-05-15,1.0,0.7028488078188213,1.0702646806100522,1.605317647252218
2019-05-16,1.0,0.7002860640191779,1.0711918776877511,1.6053415557868838
2019-05-17,1.0,0.700284388994271,1.0711918776877511,1.6059369993441923
2019-05-20,1.0,0.7032977385947612,1.071272522679903,1.6053415557868838
2019-05-21,1.0,0.7016096335598071,1.070557701927493,1.6053415557868838
2019-05-22,1.0,0.7042120267298765,1.0714041430322876,1.6055882432235766
2019-05-23,1.0,0.7032977385947612,1.070557701927493,1.6054647665298614
2019-05-24,1.0,0.7005673946428462,1.0694614795689452,1.6054647665298614
2019-05-28,1.0,0.7005673946428462,1.068901579244807,1.6086834460637804
2019-05-29,1.0,0.7005673946428462,1.068901579244807,1.6067694254182572
2019-05-30,1.0,0.7005673946428462,1.068537849911967,1.6067694254182572
2019-05-31,1.0,0.7017163639883152,1.0685557900226934,1.6067694254182572
2019-06-03,1.0,0.7017163639883152,1.0692502125945205,1.6086789897498102
2019-06-04,1.0,0.7001368386867037,1.0713032241286373,1.6067787409447256
2019-06-05,1.0,0.7001368386867037,1.068901579244807,1.6092667785393604
2019-06-06,1.0,0.7001368386867037,1.0697330477646547,1.6092667785393604
2019-06-07,1.0,0.7001368386867037,1.0692502125945205,1.6092667785393604
2019-06-10,1.0,0.6997965865792849,1.070660398921846,1.6110724085346515
2019-06-11,1.0,0.6996622683431916,1.0708325305842563,1.6110724085346515
2019-06-12,1.0,0.6992234563332095,1.0709365784504987,1.6110724085346515
2019-06-13,1.0,0.6996622683431916,1.0718724630565024,1.609269411293931
2019-06-14,1.0,0.7000028549518728,1.072421658754302,1.6093277904921477
2019-06-17,1.0,0.7000397078201376,1.0716901712092595,1.6093359429090848
2019-06-18,1.0,0.699646375084648,1.0715104414882026,1.6090467515960436
2019-06-19,1.0,0.699646375084648,1.0711297115008596,1.6093359429090848
2019-06-20,1.0,0.699646375084648,1.0701228418159943,1.6092764437473797
2019-06-21,1.0,0.7014067633964944,1.0711297115008596,1.6162134354909412
2019-06-24,1.0,0.7014067633964944,1.0711297115008596,1.6162134354909412
2019-06-25,1.0,0.7001336726824591,1.0704171010501373,1.6222513388599786
2019-06-26,1.0,0.6993089092358125,1.0701228418159943,1.6215024148247954
2019-06-27,1.0,0.698882688303544,1.0695793935675213,1.6199117615004892
2019-06-28,1.0,0.6979311525005875,1.0705734954182926,1.6215024148247954
2019-07-01,1.0,0.697303953594816,1.0709750278773353,1.6217001580375252
2019-07-02,1.0,0.6979311525005875,1.0727520781896538,1.6215485936486977
2019-07-03,1.0,0.6968941379882067,1.0705487521003962,1.6215485936486977
2019-07-05,1.0,0.6974961311606516,1.0710141209487776,1.62149175993572
2019-07-08,1.0,0.6968686133868749,1.0705230196990194,1.6230450508139218
2019-07-09,1.0,0.6968686133868749,1.0705487521003962,1.6174870043952474
2019-07-10,1.0,0.697458028345456,1.0698560123604508,1.6219761567650175
2019-07-11,1.0,0.697458028345456,1.0699416598474274,1.6311338915083389
2019-07-12,1.0,0.6950837943433743,1.0710360628563769,1.6311338915083389
2019-07-15,1.0,0.6953569480605176,1.0716744528954547,1.6277760811783808
2019-07-16,1.0,0.6953569480605176,1.0704182701540754,1.629285299292575
2019-07-17,1.0,0.697458028345456,1.0710577201904383,1.6311338915083389
2019-07-18,1.0,0.6975013551519847,1.0710403137042068,1.6313690502166198
2019-07-19,1.0,0.6988934551788227,1.070820580255993,1.633037952603185
2019-07-22,1.0,0.6999789544603717,1.0704474199069143,1.6331219311211502
2019-07-23,1.0,0.7024915743500018,1.07045493982582,1.6311338915083389
2019-07-24,1.0,0.7034002970324053,1.0750604242213706,1.6311338915083389
2019-07-25,1.0,0.7024680285110538,1.0751148956817422,1.6311338915083389
2019-07-26,1.0,0.6995182628586811,1.0743349469058683,1.6309150729826536
2019-07-29,1.0,0.6992845222141507,1.0739230043969472,1.6308775624660132
2019-07-30,1.0,0.6983325106936548,1.0736097969446825,1.6309150729826536
2019-07-31,1.0,0.6998043934869397,1.073418645681567,1.6308831477633345
2019-08-01,1.0,0.6998634300417221,1.0741788814017175,1.6293499746729359
2019-08-02,1.0,0.6998043934869397,1.0751545234376276,1.629620753536733
2019-08-05,1.0,0.6998043934869397,1.075407615517249,1.6313690502166198
2019-08-06,1.0,0.6981744062395026,1.075407615517249,1.6313690502166198
2019-08-07,1.0,0.6980168430692829,1.0765202176525837,1.6390330150119574
2019-08-08,1.0,0.6982087459257015,1.0765202176525837,1.6390330150119574
2019-08-09,1.0,0.6982087459257015,1.075846058852147,1.639129262965248
2019-08-12,1.0,0.6979972865693292,1.0775390404160572,1.6390330150119574
2019-08-13,1.0,0.6966388618265057,1.0770325651206756,1.6419875194832374
2019-08-14,1.0,0.6966388618265057,1.076878192214255,1.6419875194832374
2019-08-15,1.0,0.6975144927432525,1.0761901696421905,1.6392730963877888
2019-08-16,1.0,0.6966412629141924,1.0754848514414075,1.6392730963877888
2019-08-19,1.0,0.6930472402612439,1.0761707509591418,1.6392730963877888
2019-08-20,1.0,0.6911152830533996,1.0759166433215612,1.6407940050521048
2019-08-21,1.0,0.6896748502850507,1.0753944891993146,1.6464494111190981
2019-08-22,1.0,0.6930715115811412,1.0755061406526627,1.6466397029362538
2019-08-23,1.0,0.6921153289293042,1.0756029881849754,1.6505787437487376
2019-08-26,1.0,0.6921153289293042,1.0760398975584968,1.6474335137439209
2019-08-27,1.0,0.6918105663052302,1.076457655428631,1.647408456368559
2019-08-28,1.0,0.6921153289293042,1.0755965028947556,1.647408456368559
2019-08-29,1.0,0.6921153289293042,1.0759882776800427,1.647408456368559
2019-08-30,1.0,0.6921153289293042,1.075668137253237,1.6495171914442495
2019-09-03,1.0,0.6910457900335093,1.0754121671974382,1.65463180059698
2019-09-04,1.0,0.6899702292522268,1.076776928463745,1.654622803450333
2019-09-05,1.0,0.6899702292522268,1.0768332364244309,1.6497138696078393
2019-09-06,1.0,0.6910249484739946,1.0774465462321312,1.662364124224694
2019-09-09,1.0,0.6910249484739946,1.0772317484083123,1.662364124224694
2019-09-10,1.0,0.6919812223380906,1.0774287850908952,1.6592435664297698
2019-09-11,1.0,0.6910373847426988,1.0771989565360218,1.662100449186791
2019-09-12,1.0,0.6904818637133049,1.0752314717679097,1.6615682955565418
2019-09-13,1.0,0.6892514076021573,1.0758340826827593,1.6600828236903402
2019-09-16,1.0,0.6892354099126212,1.0758340826827593,1.659124227579759
2019-09-17,1.0,0.6885370050414147,1.0754445053437889,1.659124227579759
2019-09-18,1.0,0.6874480424862586,1.0754445053437889,1.659124227579759
2019-09-19,1.0,0.6873240837085062,1.0748978950433135,1.660121718577012
2019-09-20,1.0,0.6874689510461246,1.074943230986142,1.6600343273168907
2019-09-23,1.0,0.6881312060803816,1.075532555764568,1.6600343273168907
2019-09-24,1.0,0.689272190252479,1.0771973638347554,1.659124227579759
2019-09-25,1.0,0.689272190252479,1.078078385813401,1.6600343273168907
2019-09-26,1.0,0.6879556175246836,1.0784669365309227,1.6613159934946335
2019-09-27,1.0,0.6873969132856775,1.075656624747692,1.6603774096793964
2019-09-30,1.0,0.6882489356372664,1.077940859127386,1.6604005691142703
2019-10-01,1.0,0.6881498804686713,1.0779433966685608,1.659133024563413
2019-10-02,1.0,0.6881236058634445,1.0774923894912174,1.659133024563413
2019-10-03,1.0,0.687303035795325,1.0779433966685608,1.657588375424468
2019-10-04,1.0,0.687303035795325,1.0778426220019701,1.6576197231082077
2019-10-07,1.0,0.6907393659175146,1.0785099383993384,1.6604648009395178
2019-10-08,1.0,0.69067785735214,1.0778667062290062,1.6604648009395178
2019-10-09,1.0,0.6907314405519014,1.0778426220019701,1.6604648009395178
2019-10-10,1.0,0.6882765012183741,1.0782719328311408,1.6604237933965773
2019-10-11,1.0,0.6855391625920312,1.0791566360056044,1.6577548313433106
2019-10-14,1.0,0.6855391625920312,1.0778817176520517,1.6551095750313933
2019-10-15,1.0,0.688369140413165,1.0774260891585423,1.6577548313433106
2019-10-16,1.0,0.686842565429263,1.0766374068588407,1.6608897958312638
2019-10-17,1.0,0.686842565429263,1.0768873678037263,1.6608897958312638
2019-10-18,1.0,0.6903426912421514,1.0770999403376595,1.6603671759843792
2019-10-21,1.0,0.6900194438107389,1.0775894310561727,1.6636476202007504
2019-10-22,1.0,0.6886574059338634,1.0770309599234025,1.6636476202007504
2019-10-23,1.0,0.6880502075973669,1.0771498386407572,1.6636476202007504
2019-10-24,1.0,0.686842565429263,1.077418245385144,1.6636476202007504
2019-10-25,1.0,0.685314733433273,1.0768347022942446,1.6559842955382136
2019-10-28,1.0,0.685314733433273,1.0766748362809175,1.655982225714311
2019-10-29,1.0,0.6857934790073986,1.0776555793563478,1.655982225714311
2019-10-30,1.0,0.6857934790073986,1.0768579270287115,1.657733556114634
2019-10-31,1.0,0.6847934358772494,1.0770851537450556,1.6627561856189277
2019-11-01,1.0,0.6847934358772494,1.0769352587266412,1.6627561856189277
2019-11-04,1.0,0.6874879883985704,1.0764644829309278,1.6556906989953741
2019-11-05,1.0,0.6874938367501628,1.0766316215484704,1.6499361163587174
2019-11-06,1.0,0.6879749282709934,1.078213058250088,1.6555939788644383
2019-11-07,1.0,0.6863415244509953,1.0788152476190618,1.6508272262475796
2019-11-08,1.0,0.6874938367501628,1.0789617066344936,1.6438847664250862
2019-11-11,1.0,0.6850132383557355,1.0800156149845226,1.6438847664250862
2019-11-12,1.0,0.6837337250502973,1.0796120673160066,1.6507654446649733
2019-11-13,1.0,0.6837337250502973,1.079510740323315,1.6507654446649733
2019-11-14,1.0,0.6837337256934364,1.0796120673160066,1.6531844971427823
2019-11-15,1.0,0.6850080300114479,1.0792355303330994,1.6531844971427823
2019-11-18,1.0,0.6852357453992424,1.0800156149845226,1.6531844971427823
2019-11-19,1.0,0.6852357453992424,1.0812075393754799,1.6461255882821997
2019-11-20,1.0,0.6852357453992424,1.0811447806708587,1.6458509344351087
2019-11-21,1.0,0.6877380149016522,1.0814125853989525,1.653112946222752
2019-11-22,1.0,0.6869855451723906,1.0821262247297652,1.657120165605531
2019-11-25,1.0,0.6869855451723906,1.0823329318899582,1.657120165605531
2019-11-26,1.0,0.6870043013453219,1.0814125853989525,1.657120165605531
2019-11-27,1.0,0.6856269438997432,1.0814468847968803,1.6584812363211603
2019-11-29,1.0,0.686955820064509,1.0811447806708587,1.6571299978827432
2019-12-02,1.0,0.6857733912294501,1.0814468847968803,1.6571299978827432
2019-12-03,1.0,0.6883405152153184,1.0815491015981582,1.6687707153755338
2019-12-04,1.0,0.6891139261814135,1.0800814241374828,1.66406456965614
2019-12-05,1.0,0.6915666919167004,1.0784615531001522,1.6589888354686455
2019-12-06,1.0,0.6904277844817559,1.0809935863096711,1.663849825030796
2019-12-09,1.0,0.6904277844817559,1.0812468162351183,1.6733764137997245
2019-12-10,1.0,0.6916904538488633,1.0810573194578792,1.6689607983525176
2019-12-11,1.0,0.6919118058607585,1.0815491015981582,1.6689607983525176
2019-12-12,1.0,0.6904277844817559,1.0819252197940799,1.6651914739474265
2019-12-13,1.0,0.6899510001259848,1.0810640918199264,1.6638308715455938
2019-12-16,1.0,0.6865059641999154,1.0810640918199264,1.6638626177638518
2019-12-17,1.0,0.6865059641999154,1.0809536942602123,1.6651729141991205
2019-12-18,1.0,0.6884680967349927,1.0797231365196915,1.6646327365210254
2019-12-19,1.0,0.6886291785218176,1.0803416944455884,1.6646407513558665
2019-12-20,1.0,0.6899651047143719,1.0792535171879822,1.665215911036978
2019-12-23,1.0,0.6911841122258859,1.0802427362490499,1.665923567375365
2019-12-24,1.0,0.6899874513084525,1.0802427362490499,1.6689607983525176
2019-12-26,1.0,0.6899365509999997,1.0789204234758676,1.6689607983525176
2019-12-27,1.0,0.6901847560984766,1.079697763392578,1.673252889234266
2019-12-30,1.0,0.6899365509999997,1.0771472168605487,1.673252889234266
2019-12-31,1.0,0.6901847560984766,1.0780856828125294,1.6752961371687984
2020-01-02,1.0,0.6901847560984766,1.0786547889837255,1.669012936000942
2020-01-03,1.0,0.6904028170084222,1.0812684925471348,1.669012936000942
2020-01-06,1.0,0.6901847560984766,1.0822747280038816,1.6752961371687984
2020-01-07,1.0,0.6901847560984766,1.0826301065233388,1.6757066247492645
2020-01-08,1.0,0.6908057326937447,1.0821286111947663,1.6757066247492645
2020-01-09,1.0,0.689999090111284,1.0818303035873464,1.6758110101671044
2020-01-10,1.0,0.689999090111284,1.0821315445799053,1.6758110101671044
2020-01-13,1.0,0.6894157133647232,1.0818303035873464,1.675425703974327
2020-01-14,1.0,0.6899881107274723,1.081913021136598,1.675425703974327
2020-01-15,1.0,0.6899881107274723,1.0813188910299196,1.675425703974327
2020-01-16,1.0,0.6901847560984766,1.084544992506021,1.6809385979975064
2020-01-17,1.0,0.6910056437643102,1.0825667007806605,1.6853333118519152
2020-01-21,1.0,0.6909203497754993,1.081913021136598,1.6853333118519152
2020-01-22,1.0,0.693454989765602,1.082933778166907,1.6755371437818047
2020-01-23,1.0,0.6875411157924769,1.0821721988483983,1.6755371437818047
2020-01-24,1.0,0.6875411157924769,1.0821721988483983,1.6753729564696442
2020-01-27,1.0,0.6889763247846201,1.081825325272646,1.6731322425310557
2020-01-28,1.0,0.6900899556025943,1.0806591072944431,1.6854312622864034
2020-01-29,1.0,0.6900899556025943,1.081673776712234,1.6816577734920195
2020-01-30,1.0,0.6900899556025943,1.0802237747784749,1.6800692393533991
2020-01-31,1.0,0.6911561268848025,1.081673776712234,1.6800692393533991
2020-02-03,1.0,0.6917555252599725,1.0819077751933825,1.6800692393533991
2020-02-04,1.0,0.6917397701817499,1.0810926462276074,1.6809807479787797
2020-02-05,1.0,0.6917397701817499,1.081163104644281,1.680670775799028
2020-02-06,1.0,0.6917397701817499,1.0799959576743576,1.6809807479787797
2020-02-07,1.0,0.6905044956632665,1.0803063753625541,1.6809807479787797
2020-02-10,1.0,0.6908021979228512,1.0804165991048045,1.678003432893227
2020-02-11,1.0,0.6908021979228512,1.0806166584453405,1.678003432893227
2020-02-12,1.0,0.6904491711831283,1.0808370800486906,1.674766921921848
2020-02-13,1.0,0.6917397701817499,1.082120335780072,1.6701907780869527
2020-02-14,1.0,0.6917397701817499,1.0836459365401954,1.6701907780869527
2020-02-18,1.0,0.6911001311540859,1.0831119446927722,1.6685857831939441
2020-02-19,1.0,0.6904264142709705,1.0835470098797098,1.6685857831939441
2020-02-20,1.0,0.6904264142709705,1.082637564192399,1.6717140700160786
2020-02-21,1.0,0.6904264142709705,1.0835797931361597,1.6732697773392478
2020-02-24,1.0,0.6904264142709705,1.0845694743228236,1.6732503009241486
2020-02-25,1.0,0.6902897438087879,1.0842726888302747,1.6767842422818227
2020-02-26,1.0,0.6835646819735514,1.0828624066063615,1.675213772272286
2020-02-27,1.0,0.6835646819735514,1.0819304275902395,1.6775869194496789
2020-02-28,1.0,0.6835646819735514,1.0835014212174963,1.6786745913224024
2020-03-02,1.0,0.6835646819735514,1.0825209458894003,1.6799861519435846
2020-03-03,1.0,0.6835646819735514,1.082742145170585,1.681599912802731
2020-03-04,1.0,0.6848223724799325,1.0835654996575643,1.681599912802731
2020-03-05,1.0,0.6835409500696684,1.084279839322479,1.68236712590689
2020-03-06,1.0,0.6848223724799325,1.084279839322479,1.68236712590689
2020-03-09,1.0,0.6848370145639195,1.08476806932072,1.6827497510380403
2020-03-10,1.0,0.6848370145639195,1.0838458354461014,1.6828053212372527
2020-03-11,1.0,0.6848370145639195,1.0853211663271454,1.6895739707301245
2020-03-12,1.0,0.683586408916526,1.0846373370757276,1.690204953850014
2020-03-13,1.0,0.6848573892962048,1.0848475642696842,1.690204953850014
2020-03-16,1.0,0.6847855510787966,1.0848475642696842,1.6939758446454491
2020-03-17,1.0,0.680740908739696,1.085463435817032,1.7013982233905238
2020-03-18,1.0,0.680740908739696,1.0856642851337381,1.6956472658808714
2020-03-19,1.0,0.680740908739696,1.0842612885673069,1.6900832211378012
2020-03-20,1.0,0.6805397608671092,1.0826351223339192,1.6900832211378012
2020-03-23,1.0,0.6805397608671092,1.0835588856320961,1.6900832211378012
2020-03-24,1.0,0.6805397608671092,1.0830343462923646,1.6900832211378012
2020-03-25,1.0,0.6809166700194382,1.0826894142445664,1.6900832211378012
2020-03-26,1.0,0.6809166700194382,1.0826894142445664,1.6900832211378012
2020-03-27,1.0,0.6805565064370911,1.0817885167054324,1.6802544678762792
2020-03-30,1.0,0.6814617359505394,1.0813591820371904,1.6802544678762792
2020-03-31,1.0,0.6805605077990875,1.0822116441247152,1.6800193960145007
2020-04-01,1.0,0.6814243217931014,1.0813591959539626,1.6799313213011784
2020-04-02,1.0,0.6814243217931014,1.080809956780164,1.6799313213011784
2020-04-03,1.0,0.6814631217350516,1.0803393574599929,1.6904980617960754
2020-04-06,1.0,0.6838734935165736,1.0805695766494523,1.6972152331102226
2020-04-07,1.0,0.6838615807252307,1.0805916309430057,1.6972152331102226
2020-04-08,1.0,0.6838615807252307,1.080702903666337,1.6997926161864378
2020-04-09,1.0,0.6867218305177296,1.080702903666337,1.6997926161864378
2020-04-13,1.0,0.6849263769907036,1.0805916309430057,1.6997926161864378
2020-04-14,1.0,0.6867488631804004,1.0802989847858744,1.6997926161864378
2020-04-15,1.0,0.6867488631804004,1.0804233219328336,1.6997926161864378
2020-04-16,1.0,0.6875851365998317,1.0816360364550497,1.6997926161864378
2020-04-17,1.0,0.6875851365998317,1.0815179806264263,1.6997926161864378
2020-04-20,1.0,0.6879790733675365,1.0809551227198675,1.70192236287683
2020-04-21,1.0,0.6879790733675365,1.0809551227198675,1.70192236287683
2020-04-22,1.0,0.6885716398385276,1.0808877413738716,1.6998360051575168
2020-04-23,1.0,0.6903321725007083,1.0822612200011599,1.6998360051575168
2020-04-24,1.0,0.6885716398385276,1.081724775864636,1.6998360051575168
2020-04-27,1.0,0.6903172301653985,1.0814907184816618,1.6988397510538427
2020-04-28,1.0,0.6872633958044149,1.0812977000637978,1.6971910229176732
2020-04-29,1.0,0.6879708236035514,1.0817113784712085,1.6988397510538427
2020-04-30,1.0,0.6879708236035514,1.08313973447888,1.6988397510538427
2020-05-01,1.0,0.6872633958044149,1.0834807141523857,1.6998608970245843
2020-05-04,1.0,0.687113496236289,1.0839882704509445,1.702553994723474
2020-05-05,1.0,0.6856533233858644,1.0839882704509445,1.7163300655714981
2020-05-06,1.0,0.6837273556361688,1.0837524702875267,1.7031611882559325
2020-05-07,1.0,0.683671616428782,1.0842636594437325,1.7008273942048393
2020-05-08,1.0,0.6834316093894321,1.0845558794893306,1.7079000288682198
2020-05-11,1.0,0.6834237782273764,1.0840325942322768,1.7161389236339857
2020-05-12,1.0,0.6897313659067152,1.0831134648095375,1.7161389236339857
2020-05-13,1.0,0.689902211052003,1.0815963823736472,1.7250355396893746
2020-05-14,1.0,0.6901485244175557,1.081539456560435,1.7250355396893746
2020-05-15,1.0,0.6901485244175557,1.0814314309353859,1.7230061609359306
2020-05-18,1.0,0.6901485244175557,1.0814314309353859,1.7223776987095831
2020-05-19,1.0,0.6898970616480133,1.0814314309353859,1.716012084528433
2020-05-20,1.0,0.6896055334336991,1.0823286656021793,1.7090239900212834
2020-05-21,1.0,0.6896779045636349,1.083127381858171,1.7065775319081942
2020-05-22,1.0,0.6896779045636349,1.0841311664692097,1.7057360344783288
2020-05-26,1.0,0.6896560622140842,1.0833678330216805,1.7061697673831713
2020-05-27,1.0,0.6858076936721041,1.0838075498057154,1.7061697673831713
2020-05-28,1.0,0.6858076936721041,1.0835098826222442,1.7061697673831713
2020-05-29,1.0,0.6858076936721041,1.0835098826222442,1.7066121517154242
2020-06-01,1.0,0.6858076936721041,1.0845559573224302,1.7062270464917557
2020-06-02,1.0,0.6858076936721041,1.0848778768285943,1.7088633042972976
2020-06-03,1.0,0.6872738979930962,1.0846291291162813,1.7095602660423563
2020-06-04,1.0,0.6872738979930962,1.083946572943889,1.7088633042972976
2020-06-05,1.0,0.6858076936721041,1.0834514079096649,1.7088633042972976
2020-06-08,1.0,0.6858076936721041,1.0817588708164068,1.7062270464917557
2020-06-09,1.0,0.6855841204677351,1.0825866377794495,1.7062270464917557
2020-06-10,1.0,0.6857479285727072,1.0815718650724941,1.7088633042972976
2020-06-11,1.0,0.6857161368173109,1.0828515984263865,1.7088837082140669
2020-06-12,1.0,0.684423714346534,1.0840728283278622,1.7088837082140669
2020-06-15,1.0,0.684423714346534,1.0821959768255947,1.7062270464917557
2020-06-16,1.0,0.6825091639031202,1.0840728283278622,1.7062270464917557
2020-06-17,1.0,0.6860086141291387,1.083794569588295,1.7006535429245886
2020-06-18,1.0,0.6825091639031202,1.0830780692877156,1.7023588074775267
2020-06-19,1.0,0.6825091639031202,1.0828515984263865,1.7023588074775267
2020-06-22,1.0,0.6824305687167579,1.0832819768759905,1.7117524903570747
2020-06-23,1.0,0.6825111520739781,1.0825039033571622,1.7133786102455322
2020-06-24,1.0,0.6825111520739781,1.0823333386811882,1.7133786102455322
2020-06-25,1.0,0.6839088225232952,1.0828515984263865,1.7157154499204403
2020-06-26,1.0,0.6877247426681234,1.0817949817991135,1.7118104965506442
2020-06-29,1.0,0.6877247426681234,1.0821732717784938,1.7103868723741442
2020-06-30,1.0,0.6877247426681234,1.082404914423722,1.7118104965506442
2020-07-01,1.0,0.6877247426681234,1.0828492566733696,1.711430218557182
2020-07-02,1.0,0.6877909867775033,1.0830385755339926,1.7160241502352365
2020-07-06,1.0,0.6910621597295268,1.0823406766723975,1.7166760285882483
2020-07-07,1.0,0.6877247426681234,1.081674708535217,1.7166760285882483
2020-07-08,1.0,0.6877247426681234,1.0814564693794382,1.7187900593629628
2020-07-09,1.0,0.6913048476191809,1.0827025439494045,1.716878311201896
2020-07-10,1.0,0.6877582227951913,1.083324679377921,1.7170788689301062
2020-07-13,1.0,0.6875901209936138,1.0825438891576178,1.7168497463009762
2020-07-14,1.0,0.6842273158039425,1.0813495004299762,1.7134277215280502
2020-07-15,1.0,0.6846158235077263,1.0811950654246445,1.7134277215280502
2020-07-16,1.0,0.6912096252830129,1.0825438891576178,1.7134227327983578
2020-07-17,1.0,0.6920174870707405,1.0819009420869996,1.7123250977125168
2020-07-20,1.0,0.6924481238105361,1.0819009420869996,1.7114923025824695
2020-07-21,1.0,0.6949571141897574,1.0843010394813972,1.7114923025824695
2020-07-22,1.0,0.6944499921487084,1.084290671628596,1.7134277215280502
2020-07-23,1.0,0.6921024830352378,1.0854077050889455,1.7243314977520268
2020-07-24,1.0,0.6920174870707405,1.0842973073935587,1.7336762583851968
2020-07-27,1.0,0.6919611175080641,1.083616230836544,1.7278839978058365
2020-07-28,1.0,0.6875047650541594,1.083111128975792,1.7278839978058365
2020-07-29,1.0,0.6899078662894129,1.0842973073935587,1.7278389568311194
2020-07-30,1.0,0.6880671150183545,1.0836584260897388,1.7241845721675295
2020-07-31,1.0,0.6880107687762075,1.0836584260897388,1.724215845404131
2020-08-03,1.0,0.685446037399499,1.0843955612844893,1.7217064586563744
2020-08-04,1.0,0.685446037399499,1.0847872763586257,1.731837738858641
2020-08-05,1.0,0.6889975054795008,1.0852173917304047,1.7242864567773097
2020-08-06,1.0,0.6899442654736134,1.0833376135718582,1.731897559988956
2020-08-07,1.0,0.6899442654736134,1.0833297065879994,1.735219871436971
2020-08-10,1.0,0.6909299181582952,1.0837283907532873,1.735219871436971
2020-08-11,1.0,0.6915523946530139,1.0837283907532873,1.735219871436971
2020-08-12,1.0,0.6898397758690601,1.0837283907532873,1.728635179963576
2020-08-13,1.0,0.6898397758690601,1.083903143551669,1.7319008397580873
2020-08-14,1.0,0.689328268309908,1.0841498844831046,1.7353521269657413
2020-08-17,1.0,0.6891400721436212,1.0835108725375409,1.7353715903298954
2020-08-18,1.0,0.6899652589172884,1.0830394740778997,1.7353715903298954
2020-08-19,1.0,0.688767624765216,1.0835659372223687,1.7353715903298954
2020-08-20,1.0,0.6898354989371482,1.0833661647646937,1.7353715903298954
2020-08-21,1.0,0.6898354989371482,1.0835212992788361,1.7353827297159168
2020-08-24,1.0,0.68980769547641,1.083765884724293,1.7368231774367726
2020-08-25,1.0,0.6848832182600205,1.0835217712080665,1.7355255731257986
2020-08-26,1.0,0.6848894663143453,1.0835217712080665,1.7355255731257986
2020-08-27,1.0,0.6848894663143453,1.0841972493824894,1.7397210537359746
2020-08-28,1.0,0.6855401688939133,1.0836334891189838,1.7430435746301582
2020-08-31,1.0,0.687862684527358,1.0854529487658864,1.7380420601791262
2020-09-01,1.0,0.6855401688939133,1.0846896944457352,1.7390626756563516
2020-09-02,1.0,0.6884065715401992,1.0846896944457352,1.7390626756563516
2020-09-03,1.0,0.6884065715401992,1.0831505667421983,1.7415072345496536
2020-09-04,1.0,0.6884065715401992,1.0830466439051911,1.7415072345496536
2020-09-08,1.0,0.6884065715401992,1.0840145091699653,1.740185947030154
2020-09-09,1.0,0.6858988781333143,1.0828801213718806,1.7389871825240941
2020-09-10,1.0,0.6858988781333143,1.0845367003909256,1.7356859622856315
2020-09-11,1.0,0.6858988781333143,1.0840797077476538,1.737938981714999
2020-09-14,1.0,0.6866727019539233,1.0859420989959885,1.737938981714999
2020-09-15,1.0,0.6866727019539233,1.0875490412280084,1.737938981714999
2020-09-16,1.0,0.6866727019539233,1.0833734383806297,1.737938981714999
2020-09-17,1.0,0.6857060330118536,1.0840393348204609,1.737938981714999
2020-09-18,1.0,0.6865482938207428,1.0854633685474466,1.737938981714999
2020-09-21,1.0,0.6881765442325098,1.0840608852558897,1.737938981714999
2020-09-22,1.0,0.6899497524405724,1.0835493800169265,1.737938981714999
2020-09-23,1.0,0.6875071214336792,1.0833679265490712,1.740257012702761
2020-09-24,1.0,0.6857060330118536,1.082633687150635,1.7453037145746406
2020-09-25,1.0,0.6879163072765102,1.0828730880073918,1.7507229133495539
2020-09-28,1.0,0.6858475691803049,1.0831887484886271,1.740271337123205
2020-09-29,1.0,0.6858475691803049,1.083532171491453,1.739033199839417
2020-09-30,1.0,0.6858459992880906,1.083254688746862,1.739033199839417
2020-10-01,1.0,0.6858459992880906,1.0831049131548116,1.740657985219852
2020-10-02,1.0,0.6858459992880906,1.0829550792762117,1.740657985219852
2020-10-05,1.0,0.6858459992880906,1.085327184767071,1.7463189320016037
2020-10-06,1.0,0.6822996059731553,1.083793307316186,1.7463189320016037
2020-10-07,1.0,0.6804978931519917,1.0820795385910391,1.741280446769614
2020-10-08,1.0,0.6789875392952096,1.0829941287404259,1.7406324897205248
2020-10-09,1.0,0.6795415745053482,1.0818174458299685,1.740566604422255
2020-10-12,1.0,0.6795415745053482,1.0829941287404259,1.740566604422255
2020-10-13,1.0,0.6795415745053482,1.0837972569827166,1.7411005155371702
2020-10-14,1.0,0.6801961990046673,1.0837929183949617,1.7405266891466307
2020-10-15,1.0,0.6791377032653684,1.0837929183949617,1.7405266891466307
2020-10-16,1.0,0.6791377032653684,1.0843500493338007,1.7381144240155884
2020-10-19,1.0,0.6791377032653684,1.0838798640124985,1.739159887578948
2020-10-20,1.0,0.678820668765672,1.082725148837158,1.739159887578948
2020-10-21,1.0,0.6801961990046673,1.083375448557935,1.739159887578948
2020-10-22,1.0,0.6791550484960708,1.0836651888472537,1.7380235062256728
2020-10-23,1.0,0.680192455594439,1.0839097373364017,1.7403526088116914
2020-10-26,1.0,0.6758566465908825,1.084628386793547,1.7380667008317483
2020-10-27,1.0,0.6758566465908825,1.0826784038290815,1.7358787368415838
2020-10-28,1.0,0.6781444475443188,1.0798811910694244,1.7358787368415838
2020-10-29,1.0,0.6758715658370249,1.0798811910694244,1.7354729890483773
2020-10-30,1.0,0.6758715658370249,1.0810124011815245,1.7327283722468303
2020-11-02,1.0,0.6761107464696882,1.0811239210599934,1.7327283722468303
2020-11-03,1.0,0.6761107464696882,1.0820558742238535,1.7322026099487335
2020-11-04,1.0,0.6788349315213988,1.0825953679599465,1.7322026099487335
2020-11-05,1.0,0.678167795062879,1.0828782553559866,1.735926812461809
2020-11-06,1.0,0.6786335473148161,1.081344575006653,1.7281132919843558
2020-11-09,1.0,0.67857560230126,1.0815658541418849,1.7246388795572682
2020-11-10,1.0,0.6758715658370249,1.0812252499866752,1.7246388795572682
2020-11-11,1.0,0.6758715658370249,1.0831087152159466,1.7314262168886034
2020-11-12,1.0,0.6787769865078428,1.0825299503217292,1.7269496143511414
2020-11-13,1.0,0.6787769865078428,1.0822627991855143,1.7313914608552272
2020-11-16,1.0,0.6807411061160418,1.0828452822065766,1.7269496143511414
2020-11-17,1.0,0.6777945924379881,1.0831856003131874,1.731314354199051
2020-11-18,1.0,0.6787769865078428,1.0835026710988385,1.731263394003789
2020-11-19,1.0,0.6756507810585122,1.0836705986701651,1.7282724828736789
2020-11-20,1.0,0.6740475534530493,1.0875438774847097,1.7359016368078903
2020-11-23,1.0,0.6740502485685459,1.0831140110590693,1.7359016368078903
2020-11-24,1.0,0.6755582206099737,1.0856559640662915,1.7359016368078903
2020-11-25,1.0,0.6721503657967167,1.0853331865637421,1.7367022380068573
2020-11-27,1.0,0.6735627962959494,1.0835857046427995,1.7367022380068573
2020-11-30,1.0,0.6739085198718631,1.083052066009211,1.7374646982894728
2020-12-01,1.0,0.6739085198718631,1.0820794900620105,1.7367702598826669
2020-12-02,1.0,0.6739174521227161,1.0869024511062975,1.7367702598826669
2020-12-03,1.0,0.6725007869694443,1.0843916333876829,1.7367702598826669
2020-12-04,1.0,0.6725007869694443,1.0857844669299834,1.743031719884381
2020-12-07,1.0,0.6725007869694443,1.0861311246323857,1.743031719884381
2020-12-08,1.0,0.6725007869694443,1.085675248598049,1.7385944759699907
2020-12-09,1.0,0.6761991628685375,1.0840206126631344,1.74309608613765
2020-12-10,1.0,0.6760699755576054,1.085675248598049,1.74309608613765
2020-12-11,1.0,0.6753672024822642,1.0833464809382187,1.74309608613765
2020-12-14,1.0,0.6741663543932723,1.0838048669742935,1.7478597531426523
2020-12-15,1.0,0.6741423123667425,1.0831181959739713,1.7387497373447087
2020-12-16,1.0,0.6741423123667425,1.0831181959739713,1.750231647642898
2020-12-17,1.0,0.6741423123667425,1.0829459880119328,1.7508744644352872
2020-12-18,1.0,0.6741423123667425,1.0841738767988136,1.7610195533775475
2020-12-21,1.0,0.6762177027995605,1.0831181959739713,1.7480369814157495
2020-12-22,1.0,0.6779776810125615,1.0821755821894903,1.7480369814157495
2020-12-23,1.0,0.6776035533706605,1.082221643938805,1.7610195533775475
2020-12-24,1.0,0.6792142857295062,1.0834281141723803,1.7599901811801748
2020-12-28,1.0,0.6792142857295062,1.083671131772249,1.7610195533775475
2020-12-29,1.0,0.6761901640890643,1.0838670736563114,1.7472636346299768
2020-12-30,1.0,0.67513115605132,1.0828613090435955,1.7472636346299768
2020-12-31,1.0,0.6748151658426131,1.0823980037408705,1.7617736343498414
2014-01-02,2.0,0.9799999999999996,1.0,1.034385490022655
2014-01-03,2.0,0.9749509361546639,1.0,1.0470456336479463
2014-01-06,2.0,0.9603999999999998,1.0,1.0650310847945115
2014-01-07,2.0,0.9603999999999986,1.0,1.071137783043468
2014-01-08,2.0,0.9592175232952158,1.0,1.072248046082387
2014-01-09,2.0,0.9531921030502428,1.0,1.073576360391011
2014-01-10,2.0,0.950225566213233,1.0,1.0809228656201302
2014-01-13,2.0,0.9411919999999999,1.0,1.0845422979644375
2014-01-14,2.0,0.9411919999999997,1.0,1.0903497036535115
2014-01-15,2.0,0.9411919999999989,1.0,1.0925829611635307
2014-01-16,2.0,0.9379587114540502,1.0,1.0958364817929116
2014-01-17,2.0,0.9320668068869157,1.0,1.1014558927925306
2014-01-21,2.0,0.9320883357779319,1.0,1.105884766635047
2014-01-22,2.0,0.9263982255681747,1.0,1.111316073981785
2014-01-23,2.0,0.924721790372436,1.0,1.1147310694758656
2014-01-24,2.0,0.9223681600000008,1.0,1.1148814618008291
2014-01-27,2.0,0.9223681600000008,1.0,1.1193003490073832
2014-01-28,2.0,0.9189618723011851,1.0,1.1230699785217855
2014-01-29,2.0,0.9185828156715039,1.0,1.1234653966530617
2014-01-30,2.0,0.9118168422823945,1.0,1.1283669206732927
2014-01-31,2.0,0.9103610845586245,1.0,1.1291075887420483
2014-02-03,2.0,0.9097446033711134,0.9991290695775377,1.1296604219357944
2014-02-04,2.0,0.9075271222491714,1.0,1.1389737564058071
2014-02-05,2.0,0.9064609881599269,0.9988794409658344,1.141617679786271
2014-02-06,2.0,0.9039207968000003,0.9995921299886126,1.1418795335289784
2014-02-07,2.0,0.9007672309072311,0.9998473222601766,1.1431544899234638
2014-02-10,2.0,0.8970265372131236,1.0,1.1417867513746618
2014-02-11,2.0,0.8957264748255792,1.0,1.1417867513746618
2014-02-12,2.0,0.8944592564897529,1.0,1.1433977566654652
2014-02-13,2.0,0.8931132874335732,1.0,1.1471587635862235
2014-02-14,2.0,0.8924812095622296,0.9995688417373854,1.1532983275351327
2014-02-18,2.0,0.892420695173286,0.9986857207618276,1.1586726186950027
2014-02-19,2.0,0.8951685016323118,0.9985574834046446,1.162827003004982
2014-02-20,2.0,0.8908710326696839,0.9982801379358504,1.16715575680263
2014-02-21,2.0,0.8890480307617089,0.9978157113892065,1.1705722392856888
2014-02-24,2.0,0.8840264949140292,0.9975944705353759,1.1738159495891234
2014-02-25,2.0,0.8826183361861342,0.9976459146701449,1.1775290126876992
2014-02-26,2.0,0.8820011798717665,0.9989702118845845,1.182455527076987
2014-02-27,2.0,0.8807611153181125,0.999085599936612,1.183495557152368
2014-02-28,2.0,0.8790286230315046,0.9987477847972869,1.1835855325712517
2014-03-03,2.0,0.8790286230315046,0.999085599936612,1.188672589212132
2014-03-04,2.0,0.8768343423104197,0.9995369685427135,1.1894528495278927
2014-03-05,2.0,0.8769092028235366,0.9990061309448174,1.1913795987870044
2014-03-06,2.0,0.871697230896052,0.9999664903427192,1.1913795987870044
2014-03-07,2.0,0.8685103909452648,1.0000207634774816,1.195685027101527
2014-03-10,2.0,0.8653355090294721,0.999910313669073,1.1945870628444388
2014-03-11,2.0,0.8655838657105627,1.000117687095071,1.1972970718901246
2014-03-12,2.0,0.8614457061250167,1.0012868972349942,1.1973133240644518
2014-03-13,2.0,0.8619942364573456,1.0015314716724442,1.2014934214187116
2014-03-14,2.0,0.861204783509365,1.0013575775604993,1.2036417459173792
2014-03-17,2.0,0.8598971007564844,1.0013575775604993,1.208154933319407
2014-03-18,2.0,0.860911248770653,1.0013864944159834,1.2059926266245746
2014-03-19,2.0,0.8590067070524615,1.0007619285272098,1.218129058589236
2014-03-20,2.0,0.8587646612692539,1.0012658921456836,1.2112754330036561
2014-03-21,2.0,0.8546760294323725,1.0009826564976025,1.2146279403821099
2014-03-24,2.0,0.8525610845747084,1.0002142500245057,1.2158357360290772
2014-03-25,2.0,0.8517262412636294,0.9999425251487977,1.2166170317996996
2014-03-26,2.0,0.8492780998501601,0.9991040456124434,1.217413388344753
2014-03-27,2.0,0.8470732970631977,0.9998019336540991,1.2219814158603024
2014-03-28,2.0,0.8470732970631977,1.0002135156332785,1.2223142601755215
2014-03-31,2.0,0.8457052962976395,1.0009988533101364,1.2250930886862184
2014-04-01,2.0,0.8464764795315239,1.0010427998265172,1.2313661829121043
2014-04-02,2.0,0.8464644791068132,1.0010555033904103,1.2312862747457984
2014-04-03,2.0,0.8437155926054044,1.0028109188377607,1.2250930886862184
2014-04-04,2.0,0.8381481833118032,1.002072199403964,1.2273816719241657
2014-04-07,2.0,0.841796965849762,1.0026713876719358,1.2203756901833545
2014-04-08,2.0,0.841796965849762,1.0022385493397012,1.2231307279524806
2014-04-09,2.0,0.8391033614490166,1.0022385493397012,1.2258490224931686
2014-04-10,2.0,0.8373021698440913,1.0020351137091614,1.2316997325109533
2014-04-11,2.0,0.8368805257445414,1.001420333238464,1.2262519210306388
2014-04-14,2.0,0.8350190931376577,1.0003373606790689,1.2262519210306388
2014-04-15,2.0,0.8368412733770356,1.0001719968204283,1.2340537140618646
2014-04-16,2.0,0.8335206344716322,1.0014158184639737,1.2369131860699547
2014-04-17,2.0,0.8331393059831594,1.0019364887438105,1.2455690024339676
2014-04-21,2.0,0.8331393059831594,1.0014303485362206,1.246679956010026
2014-04-22,2.0,0.8331206230851419,1.002323722413549,1.2509308741223877
2014-04-23,2.0,0.8293721924795132,1.0022625073282052,1.2455373744112614
2014-04-24,2.0,0.8279762057810155,1.0017789489850597,1.249163536039713
2014-04-25,2.0,0.8253421797559849,1.0020271872831918,1.246099453389645
2014-04-28,2.0,0.8248609633069721,1.0024603505945948,1.252282394937575
2014-04-29,2.0,0.8231692250292683,1.003431351948329,1.2531490416993816
2014-04-30,2.0,0.8223815935166789,1.0031631913063725,1.2543179550449177
2014-05-01,2.0,0.8216787926086875,1.0039497751782935,1.2543184896664523
2014-05-02,2.0,0.8210198117034002,1.0036152170314976,1.2530880589007014
2014-05-05,2.0,0.8194550906869338,1.0038023978516726,1.253175648651971
2014-05-06,2.0,0.8170969801953961,1.002662492605137,1.2565285833610516
2014-05-07,2.0,0.8146037080339217,1.0027468821215577,1.2572594832548567
2014-05-08,2.0,0.8120269023951984,1.0036779106384788,1.2572777146431557
2014-05-09,2.0,0.8118065059525553,1.0027468821215577,1.2572701924866105
2014-05-12,2.0,0.8114263632299277,1.0024327310407743,1.2611806252217823
2014-05-13,2.0,0.8100288447335898,1.0033947269029113,1.265819714796753
2014-05-14,2.0,0.8110769632503456,1.0041428981615685,1.2704377691709559
2014-05-15,2.0,0.8099084416264423,1.003768978413018,1.2704869061192612
2014-05-16,2.0,0.8099084416264423,1.0055811943361277,1.2736291094890277
2014-05-19,2.0,0.8081471419249442,1.0062301988132925,1.2704885262931893
2014-05-20,2.0,0.8068737497365318,1.0068231523638655,1.270528793205715
2014-05-21,2.0,0.8067000980747204,1.0065859778416566,1.2692380548094542
2014-05-22,2.0,0.8062552374858235,1.0065859778416566,1.271626549923956
2014-05-23,2.0,0.8066806543432109,1.006182244275188,1.2776089641634594
2014-05-27,2.0,0.8069004207210053,1.0076113556620976,1.2759096002691526
2014-05-28,2.0,0.8068643359304947,1.006073311198251,1.2736377704436568
2014-05-29,2.0,0.8065350174874374,1.0062301988132925,1.2738888305462366
2014-05-30,2.0,0.8044600902275068,1.0056443219910982,1.2738534334501024
2014-06-02,2.0,0.8037138347647121,1.0055726947745915,1.2759096002691526
2014-06-03,2.0,0.8014882740155381,1.0050867367083502,1.2706368137441415
2014-06-04,2.0,0.8034230195331509,1.005439980701227,1.2729631085823077
2014-06-05,2.0,0.8043453490597168,1.0059180654149595,1.27298574920259
2014-06-06,2.0,0.8037240647428345,1.005439980701227,1.278208588405984
2014-06-09,2.0,0.8026766321007699,1.0069223108899146,1.2759480958324576
2014-06-10,2.0,0.801507691048892,1.0061327625272933,1.2807649740573723
2014-06-11,2.0,0.8000918852398052,1.0058872043739546,1.2830000104320567
2014-06-12,2.0,0.8000918852398052,1.006306756778776,1.2830000104320567
2014-06-13,2.0,0.7981663443712108,1.006671731737819,1.2834393585533237
2014-06-16,2.0,0.8000044746142875,1.0066572332949155,1.2834393585533237
2014-06-17,2.0,0.7984578368469685,1.0063405057492465,1.2905031245624579
2014-06-18,2.0,0.7970750330528051,1.0066293107924518,1.294305512633405
2014-06-19,2.0,0.7991678548964658,1.0067609777052462,1.3041001115629847
2014-06-20,2.0,0.8005858548163138,1.0077647678893955,1.3127210075545988
2014-06-23,2.0,0.8005939099416777,1.0076727715090388,1.3114753502517194
2014-06-24,2.0,0.7970733541639308,1.0078394093621714,1.3132023431653241
2014-06-25,2.0,0.7951576709499464,1.0083360789825597,1.311518350252302
2014-06-26,2.0,0.7930205353114004,1.0084056794292657,1.3115797753708613
2014-06-27,2.0,0.7951576709499464,1.008786436593037,1.3114402892131207
2014-06-30,2.0,0.7885145722489207,1.0082899766042912,1.3118963877785275
2014-07-01,2.0,0.7820988333941472,1.009363277157468,1.3118963877785275
2014-07-02,2.0,0.782912918830419,1.00889114573241,1.3122549326475348
2014-07-03,2.0,0.7820988333941472,1.00889114573241,1.325064196097034
2014-07-07,2.0,0.7773479198877288,1.008786436593037,1.3234268617679728
2014-07-08,2.0,0.7773479198877288,1.0091982556137191,1.32509271860148
2014-07-09,2.0,0.7811611733298254,1.0091466418199775,1.3258446144836766
2014-07-10,2.0,0.7817534406788994,1.0091029203211317,1.3264574654543329
2014-07-11,2.0,0.7821074402972634,1.008786436593037,1.326418982914611
2014-07-14,2.0,0.7817534406788994,1.0082354558196136,1.32641018909153
2014-07-15,2.0,0.7810069691609552,1.0090223774905283,1.3234086791392492
2014-07-16,2.0,0.7811717494057147,1.0082902664331432,1.329611781216213
2014-07-17,2.0,0.7775554943735626,1.009106060465192,1.3257685554227532
2014-07-18,2.0,0.7793105323908827,1.0102527493598874,1.3300859432375447
2014-07-21,2.0,0.7775275403409679,1.0101396680358048,1.3359795566664532
2014-07-22,2.0,0.7811717494057147,1.0107391681711606,1.3363642399652031
2014-07-23,2.0,0.7809941402827358,1.0118211569121311,1.3380053438002804
2014-07-24,2.0,0.7810134735359852,1.011285569590171,1.3347955774357052
2014-07-25,2.0,0.782482624508381,1.0105130664992714,1.3316839295700789
2014-07-28,2.0,0.7800297133880589,1.0119355980212315,1.3380053438002804
2014-07-29,2.0,0.7725959010869916,1.011582211151323,1.3438767215181497
2014-07-30,2.0,0.7716300059972621,1.0104364003222528,1.3397037805685346
2014-07-31,2.0,0.7719580659641465,1.0094014239652789,1.3473833412469405
2014-08-01,2.0,0.7726037974172167,1.0104364003222528,1.3496130594061984
2014-08-04,2.0,0.7726037974172167,1.0106098437169453,1.3511929446975952
2014-08-05,2.0,0.7755498134997223,1.0107713130103066,1.3511929446975952
2014-08-06,2.0,0.7760577399586107,1.0121507730980077,1.3511929446975952
2014-08-07,2.0,0.7754446135789309,1.0127993702237463,1.3526368454232467
2014-08-08,2.0,0.7754446135789309,1.0128796499062087,1.3516711714193614
2014-08-11,2.0,0.7749802152459567,1.012327111487803,1.3488447319570942
2014-08-12,2.0,0.7716226728480039,1.0135333278480834,1.3496800984255777
2014-08-13,2.0,0.7716226728480039,1.012773025790649,1.3537289469070524
2014-08-14,2.0,0.7701636596383832,1.012773025790649,1.3537289469070524
2014-08-15,2.0,0.7746188197045474,1.0117833319068874,1.3652292564294
2014-08-18,2.0,0.7754446135789309,1.0128796499062087,1.3607670664079246
2014-08-19,2.0,0.7746188197045474,1.0116324252670386,1.3627806060168852
2014-08-20,2.0,0.7716530860709353,1.0117833319068874,1.3675572799158087
2014-08-21,2.0,0.7715422839568501,1.0117833319068874,1.3693072793391563
2014-08-22,2.0,0.7689434710997073,1.0118515346619654,1.3737153366593329
2014-08-25,2.0,0.7629366121403348,1.0133598527373358,1.3736991674650705
2014-08-26,2.0,0.7628553322862095,1.0134565526731385,1.372568435466393
2014-08-27,2.0,0.7628553322862095,1.0124428487633144,1.376201560555244
2014-08-28,2.0,0.7628944592770549,1.010714206870639,1.377730954089726
2014-08-29,2.0,0.7628539872170755,1.0106991078075709,1.3786691440773726
2014-09-02,2.0,0.7619444907023452,1.0106991078075709,1.3837337023667655
2014-09-03,2.0,0.7603665573260047,1.0110965856880738,1.3772782263379686
2014-09-04,2.0,0.7586441494992636,1.011582131016565,1.378139666722922
2014-09-05,2.0,0.7576923573932541,1.0115021526435903,1.3743272970390463
2014-09-08,2.0,0.7583929299574077,1.011582131016565,1.3743849177772727
2014-09-09,2.0,0.7586441494992636,1.0133549567085536,1.372877241375195
2014-09-10,2.0,0.7592054808603965,1.0133549567085536,1.370888758033217
2014-09-11,2.0,0.7592054808603965,1.011582131016565,1.3829882598821055
2014-09-12,2.0,0.7588526779379288,1.012994066932223,1.3780512585767444
2014-09-15,2.0,0.7583929299574077,1.0123726050443829,1.3785125110861252
2014-09-16,2.0,0.7584538279772977,1.011744014274232,1.384409041066159
2014-09-17,2.0,0.7579478995461963,1.0125608116059106,1.3834337597541964
2014-09-18,2.0,0.7576001366052114,1.013173089770913,1.3847097341739998
2014-09-19,2.0,0.7576001366052114,1.011160489411567,1.3868458366400338
2014-09-22,2.0,0.7550954017312292,1.0101178048215518,1.3868458366400338
2014-09-23,2.0,0.7557604517583709,1.0126753825430654,1.3901386002782334
2014-09-24,2.0,0.7553956327529889,1.0117709074466157,1.3968804276885023
2014-09-25,2.0,0.7553956327529889,1.0101524970867968,1.3968804276885023
2014-09-26,2.0,0.7570224068777018,1.0112806757607313,1.4013924719013147
2014-09-29,2.0,0.757505511688842,1.0103698662325584,1.4013924719013147
2014-09-30,2.0,0.7570224068777018,1.0112806757607313,1.4015142781499346
2014-10-01,2.0,0.7553605066381623,1.0115377390072862,1.4045314238785467
2014-10-02,2.0,0.7553605066381623,1.0117709074466157,1.4045314238785467
2014-10-03,2.0,0.7537012502129963,1.0130485317226015,1.404957550136443
2014-10-06,2.0,0.7521789269716265,1.0129279143159002,1.4019922845461061
2014-10-07,2.0,0.7490038218935844,1.0134171458480699,1.4049812128439325
2014-10-08,2.0,0.7490038218935844,1.014207907479446,1.4045314238785467
2014-10-09,2.0,0.7490071765280357,1.0146588014089604,1.4105073133151549
2014-10-10,2.0,0.7490071765280357,1.0146962463346065,1.4108001736476417
2014-10-13,2.0,0.7494923158881885,1.0146927468020412,1.4108001736476417
2014-10-14,2.0,0.7496240675776298,1.014011532398605,1.4079839102933085
2014-10-15,2.0,0.7491271121469462,1.01414514795196,1.4146381625779374
2014-10-16,2.0,0.7486937517300221,1.013512394643559,1.4146381625779374
2014-10-17,2.0,0.7484015696732861,1.0146778431404915,1.4132667341522183
2014-10-20,2.0,0.7457231436659453,1.015266994489104,1.4153790040358853
2014-10-21,2.0,0.7456817187950963,1.013543780593076,1.416114996297466
2014-10-22,2.0,0.7414655789093204,1.0132138333470329,1.416114996297466
2014-10-23,2.0,0.7400155106523478,1.0121631539756548,1.4194501394989323
2014-10-24,2.0,0.7407875929984599,1.0131583423569916,1.420020152476434
2014-10-27,2.0,0.740738488058778,1.013512394643559,1.420020152476434
2014-10-28,2.0,0.7407875929984599,1.0130437309193168,1.4195947362268875
2014-10-29,2.0,0.7473963348685222,1.0130888345332005,1.4200561919556132
2014-10-30,2.0,0.7476653326033031,1.0123098726458637,1.4200561919556132
2014-10-31,2.0,0.7476577305365163,1.011946296828921,1.41959598993932
2014-11-03,2.0,0.743838887499993,1.0135054310092062,1.4200561919556132
2014-11-04,2.0,0.7471315490361692,1.0141555087723702,1.4298633007980839
2014-11-05,2.0,0.7471315490361692,1.0136443218604745,1.4256109557118277
2014-11-06,2.0,0.7449799698187961,1.0128677893003362,1.4269866133062756
2014-11-07,2.0,0.7446633803569791,1.013169431204226,1.4197712021402844
2014-11-10,2.0,0.7385659165743036,1.0128581008071862,1.427007943845364
2014-11-11,2.0,0.7385646066257927,1.0125345097327725,1.4316773084444117
2014-11-12,2.0,0.7385811485462459,1.0128121272324409,1.433766610596814
2014-11-13,2.0,0.736398489882504,1.0139038409395185,1.433766610596814
2014-11-14,2.0,0.7347781595808571,1.0128926024625047,1.4338178561238546
2014-11-17,2.0,0.7395086969653379,1.0146489927048954,1.4431832787770515
2014-11-18,2.0,0.7345957409835527,1.0173761954372866,1.4486154595955667
2014-11-19,2.0,0.738621857322896,1.0186550517467976,1.448541413461934
2014-11-20,2.0,0.7346399651778617,1.0173761954372866,1.4421415198636869
2014-11-21,2.0,0.7337077693986417,1.0161781907264875,1.4405717835532403
2014-11-24,2.0,0.7337077693986417,1.01567118498757,1.4405717835532403
2014-11-25,2.0,0.7337077693986417,1.0152535936230296,1.444437723632274
2014-11-26,2.0,0.7384336174654809,1.0154560967278203,1.4439159726659438
2014-11-28,2.0,0.7348094529822226,1.0154560967278203,1.4432199322681922
2014-12-01,2.0,0.7335264470958625,1.0151670519855243,1.4405742443398526
2014-12-02,2.0,0.7312691279591662,1.0153928848825777,1.4437887967172716
2014-12-03,2.0,0.7300678070295394,1.0167139592883896,1.4410541354483803
2014-12-04,2.0,0.7292801404274809,1.0172856979937916,1.4432166713464314
2014-12-05,2.0,0.7288069887199166,1.0178670683301945,1.450666075536259
2014-12-08,2.0,0.7289673903402923,1.018013705068915,1.4535189903925705
2014-12-09,2.0,0.7287549976785823,1.0175678394310097,1.455176822597297
2014-12-10,2.0,0.7258566931135424,1.0164437217894997,1.4534953194830915
2014-12-11,2.0,0.7282292900068491,1.0175678394310097,1.444515151013776
2014-12-12,2.0,0.7287376353711911,1.0166885655441875,1.4374793577889662
2014-12-15,2.0,0.7258680408575279,1.0175810899767366,1.4451703961536198
2014-12-16,2.0,0.7258680408575279,1.0182793466902798,1.4451703961536198
2014-12-17,2.0,0.7258680408575279,1.0179335270812055,1.445607854182835
2014-12-18,2.0,0.7250637839749079,1.0164350922697043,1.4423992542772672
2014-12-19,2.0,0.7250637839749079,1.0177885662532031,1.4373288389637517
2014-12-22,2.0,0.7252060113412628,1.0159402519965084,1.438275286001477
2014-12-23,2.0,0.7256802566857403,1.016530115449247,1.4424170608538975
2014-12-24,2.0,0.7258680408575279,1.0176015110140133,1.444993427216349
2014-12-26,2.0,0.7256829157198239,1.01553317766188,1.444719259298593
2014-12-29,2.0,0.7256711253306511,1.0172184284823063,1.4481233436393544
2014-12-30,2.0,0.7246877913049385,1.0150250166744461,1.4523332363574033
2014-12-31,2.0,0.7256711253306511,1.0148801104666183,1.455139251864194
2015-01-02,2.0,0.7256711253306511,1.0142755909232464,1.4665023963353
2015-01-05,2.0,0.7256711253306511,1.0149939763110125,1.4665023963353
2015-01-06,2.0,0.7190310364100359,1.0146351304351455,1.4672088989238126
2015-01-07,2.0,0.7245510480449107,1.0148801104666183,1.466817735038032
2015-01-08,2.0,0.71903339387493,1.0140796593973187,1.4672088989238126
2015-01-09,2.0,0.7190310364100359,1.0148801104666183,1.4678706787365385
2015-01-12,2.0,0.7181373750926933,1.0163261386387616,1.473133052039282
2015-01-13,2.0,0.7195463676245993,1.016742539250648,1.4732168808693242
2015-01-14,2.0,0.7204768227934361,1.0182821578606693,1.4770118765837543
2015-01-15,2.0,0.7204697580107186,1.0174559125720306,1.4770118765837543
2015-01-16,2.0,0.7203662114103472,1.0174102659359945,1.4798406221449558
2015-01-20,2.0,0.721354664963728,1.0159661764487775,1.4744541846840125
2015-01-21,2.0,0.7181592303199129,1.018973770603723,1.4744541846840125
2015-01-22,2.0,0.7200919494216818,1.01661978766723,1.4721191723381373
2015-01-23,2.0,0.7228188898728103,1.015985287367906,1.4800875081924885
2015-01-26,2.0,0.7226844838359417,1.0190959418898973,1.4779400894952874
2015-01-27,2.0,0.7226844838359417,1.0189875145194296,1.4819461462399843
2015-01-28,2.0,0.7222535895545049,1.0190187042145544,1.474475364337841
2015-01-29,2.0,0.7219949641548837,1.0193285976246966,1.4589465094763605
2015-01-30,2.0,0.7222401733265745,1.0192858224453478,1.4701765168700827
2015-02-02,2.0,0.7213921059929832,1.0182865436054986,1.4778936928312174
2015-02-03,2.0,0.722461751329607,1.0180911470847223,1.4801166696729986
2015-02-04,2.0,0.7221605480539551,1.0181457914585894,1.481978887981401
2015-02-05,2.0,0.7221452379817266,1.0174101914998528,1.481978887981401
2015-02-06,2.0,0.7139403178102239,1.0158025247563287,1.4892871125166796
2015-02-09,2.0,0.7169463016726656,1.0187932300134492,1.4903064932817558
2015-02-10,2.0,0.7141274298267141,1.0196714465684193,1.490903767745334
2015-02-11,2.0,0.712537128117201,1.0190924196904274,1.491692102186872
2015-02-12,2.0,0.7125309500704635,1.0194869543843579,1.4971064351722845
2015-02-13,2.0,0.7110864596831614,1.0197225418653515,1.502811204422219
2015-02-17,2.0,0.7137675813851906,1.0190924196904274,1.502811204422219
2015-02-18,2.0,0.7110828797218679,1.0180045461613063,1.5002510623741003
2015-02-19,2.0,0.7119840441690856,1.018719170417834,1.4960405563130332
2015-02-20,2.0,0.7112790464688478,1.0181167685002621,1.5027547904929643
2015-02-23,2.0,0.7107099823660132,1.017178861362094,1.5028633178020538
2015-02-24,2.0,0.7106864114545627,1.017178861362094,1.5109722337399834
2015-02-25,2.0,0.7110828797218679,1.0169320860338769,1.5205512060294801
2015-02-26,2.0,0.7110828797218679,1.017414137948176,1.525867789513454
2015-02-27,2.0,0.7083106909078086,1.017659019459113,1.5296685282256781
2015-03-02,2.0,0.7070211457366338,1.0180301887703522,1.5301409023821817
2015-03-03,2.0,0.7084743630855026,1.0175798789537476,1.5271806975416546
2015-03-04,2.0,0.7087357642843922,1.0182896694510097,1.524883964970641
2015-03-05,2.0,0.706998057428577,1.0211619538621872,1.527164970565358
2015-03-06,2.0,0.7068291731902605,1.0223269295981794,1.5271806975416546
2015-03-09,2.0,0.7036915908157801,1.0233328348146118,1.5300909037141022
2015-03-10,2.0,0.7071418233365592,1.0235408889695168,1.5330532535008985
2015-03-11,2.0,0.7019000247239359,1.0222991408024793,1.5311238264180427
2015-03-12,2.0,0.7006595320516155,1.0216326218993523,1.5311238264180427
2015-03-13,2.0,0.7006595320516155,1.0203530857282264,1.5311661498545739
2015-03-16,2.0,0.7065706342464284,1.019976290545443,1.5265971907449942
2015-03-17,2.0,0.7069030770136179,1.0205016230238806,1.5303801035622382
2015-03-18,2.0,0.7065246304627915,1.0205016230238806,1.5348362177698749
2015-03-19,2.0,0.7067348299690595,1.0196295542602996,1.5318941283829246
2015-03-20,2.0,0.703156221487964,1.019722318289157,1.5380801637195516
2015-03-23,2.0,0.705856634319027,1.019852088582607,1.536278933681339
2015-03-24,2.0,0.6999557068143247,1.022351423272248,1.5380801637195516
2015-03-25,2.0,0.6996399397276819,1.0215886203339062,1.5318941283829246
2015-03-26,2.0,0.6996399397276819,1.0222075023281376,1.5421455105340012
2015-03-27,2.0,0.704289763177933,1.0215202412597055,1.5422879060207924
2015-03-30,2.0,0.7042495135986534,1.0212473011439123,1.5532065985305425
2015-03-31,2.0,0.7030718867668939,1.0214111753171347,1.5543886465102978
2015-04-01,2.0,0.6999242072446642,1.0214111753171347,1.55444964341739
2015-04-02,2.0,0.7042601247554903,1.021697686276477,1.5566421905504957
2015-04-06,2.0,0.7063241432856577,1.021858354911919,1.5456661289767886
2015-04-07,2.0,0.7063241432856577,1.0226552268883076,1.5540342831739684
2015-04-08,2.0,0.7063241432856577,1.0230847832034167,1.5540412391904834
2015-04-09,2.0,0.7053663236711779,1.022698902215132,1.5569276621695176
2015-04-10,2.0,0.7005234106240357,1.0225253328932102,1.557537098162457
2015-04-13,2.0,0.7043601025468332,1.0209668062352342,1.557537098162457
2015-04-14,2.0,0.7000137136564252,1.0199243670081284,1.53671427391361
2015-04-15,2.0,0.6984633800395776,1.0184450909527452,1.53957281096273
2015-04-16,2.0,0.6982342883727197,1.0199287564008899,1.554055426165424
2015-04-17,2.0,0.6972585366228852,1.0201208489108233,1.554055426165424
2015-04-20,2.0,0.696785625986247,1.0194435622508524,1.554055426165424
2015-04-21,2.0,0.693909214649938,1.0197674761390474,1.5592834207988002
2015-04-22,2.0,0.6933712687103594,1.0201208489108233,1.5604187880287217
2015-04-23,2.0,0.6946812463939732,1.0201208489108233,1.557604438107928
2015-04-24,2.0,0.693909214649938,1.0215080674934547,1.5665318497160938
2015-04-27,2.0,0.6968056499288661,1.022638887972609,1.5665318497160938
2015-04-28,2.0,0.6983148374093537,1.023526773347677,1.5698041984860993
2015-04-29,2.0,0.6968056499288661,1.023526773347677,1.5726672262331658
2015-04-30,2.0,0.6968056499288661,1.0226850833936008,1.5733359917133458
2015-05-01,2.0,0.7008646631791419,1.024251059122907,1.5733359917133458
2015-05-04,2.0,0.6991538778880825,1.024251059122907,1.5703694184583508
2015-05-05,2.0,0.6933713932219413,1.0239738620174896,1.5699978931871252
2015-05-06,2.0,0.6933838249650583,1.025366650674186,1.5697319958542821
2015-05-07,2.0,0.6954350562036365,1.026047222032809,1.5665318497160938
2015-05-08,2.0,0.6860745269435031,1.0276127567779572,1.5698041984860993
2015-05-11,2.0,0.6859481549308902,1.0289642191519408,1.5675610122137305
2015-05-12,2.0,0.6865145181095389,1.0271283295820581,1.566476310815844
2015-05-13,2.0,0.6878797908710184,1.026392471707257,1.567523265447676
2015-05-14,2.0,0.6894131602391959,1.028847382542328,1.567523265447676
2015-05-15,2.0,0.6893647935504377,1.0294360867888712,1.5657199351302746
2015-05-18,2.0,0.6895889191054824,1.0290802773043608,1.5662518131729508
2015-05-19,2.0,0.6896862142870134,1.0294975478713981,1.5728198943100802
2015-05-20,2.0,0.6896862142870134,1.0294360867888712,1.5730861859668048
2015-05-21,2.0,0.6895889191054824,1.0292465004259412,1.573181912780567
2015-05-22,2.0,0.689448000484771,1.028710445216606,1.573181912780567
2015-05-26,2.0,0.6892981942322409,1.0284217449868804,1.5728198943100802
2015-05-27,2.0,0.6862738538307217,1.0290875123375014,1.5816185933504185
2015-05-28,2.0,0.6845965291492198,1.0296764263672498,1.5816185933504185
2015-05-29,2.0,0.6845965291492198,1.0296064417987716,1.5806038854000617
2015-06-01,2.0,0.6846786432402857,1.0299950510975537,1.5973562555734722
2015-06-02,2.0,0.6829697614548128,1.0293937988751707,1.5991194206243828
2015-06-03,2.0,0.6824781503563281,1.0296064417987716,1.5991436866819733
2015-06-04,2.0,0.6823460148660455,1.0306631254786682,1.5973562555734722
2015-06-05,2.0,0.676511199802829,1.0306684818569,1.5964797974306686
2015-06-08,2.0,0.6758322562606902,1.0315742290203656,1.5973562555734722
2015-06-09,2.0,0.6758322562606902,1.031099361047851,1.5973562555734722
2015-06-10,2.0,0.6736185668572355,1.0346251927375145,1.5991233263327216
2015-06-11,2.0,0.6741756598235575,1.0317137919040018,1.602224068357585
2015-06-12,2.0,0.6738846603199531,1.032220052618281,1.602224068357585
2015-06-15,2.0,0.6736185668572355,1.0335735053649813,1.6021570390368944
2015-06-16,2.0,0.6767089065756504,1.0343138602848156,1.60685410862324
2015-06-17,2.0,0.6772655456323621,1.0331378022807298,1.6153312026029694
2015-06-18,2.0,0.6711165334152378,1.032446880801021,1.615654580063459
2015-06-19,2.0,0.6738205665476988,1.0338900248431329,1.611138370249198
2015-06-22,2.0,0.6738205665476988,1.0335651277422064,1.6131166825778505
2015-06-23,2.0,0.6738508114743471,1.0342803386917856,1.6101642337824036
2015-06-24,2.0,0.6784100739571703,1.0370807226048973,1.6063543805320788
2015-06-25,2.0,0.6750421373732729,1.0385444843256098,1.6117604187544154
2015-06-26,2.0,0.6771422243496679,1.0376780610813092,1.5985261400167126
2015-06-29,2.0,0.6761612894466107,1.0366018343592427,1.6021611734661334
2015-06-30,2.0,0.6761612894466107,1.0367141146086984,1.6021103640808312
2015-07-01,2.0,0.6750638452599305,1.0364109038828473,1.6117604187544154
2015-07-02,2.0,0.6738655404543018,1.0360210440327,1.6155135031508134
2015-07-06,2.0,0.6746697908464573,1.0356963459358184,1.6214672486850257
2015-07-07,2.0,0.6728733831481322,1.034204862927874,1.6227034880404325
2015-07-08,2.0,0.6746697908464573,1.0348825479980792,1.6227034880404325
2015-07-09,2.0,0.6772693786747236,1.0349244797506199,1.6227034880404325
2015-07-10,2.0,0.6772693786747236,1.0356744132934432,1.6227034880404325
2015-07-13,2.0,0.6772693786747236,1.033217795411654,1.6371102577743197
2015-07-14,2.0,0.6746870026173795,1.0349222015348678,1.6370569179583463
2015-07-15,2.0,0.6779581179631605,1.0345748094242897,1.6374538553782034
2015-07-16,2.0,0.677309406921279,1.0356579659406135,1.6329354365512594
2015-07-17,2.0,0.6773050093403864,1.037585472761124,1.6337120614716154
2015-07-20,2.0,0.677458732639346,1.035428760572512,1.635948949075347
2015-07-21,2.0,0.6749722773602644,1.0346566646606745,1.6291898112362229
2015-07-22,2.0,0.674999211590197,1.0343088578441362,1.629339039886101
2015-07-23,2.0,0.6728985099338399,1.0343088578441362,1.6292087917097544
2015-07-24,2.0,0.6729004763103276,1.0359372671477125,1.6321882546767106
2015-07-27,2.0,0.675424888443775,1.0361278568274463,1.6276444613219303
2015-07-28,2.0,0.672898053542064,1.0349386923659576,1.6261353132520173
2015-07-29,2.0,0.6748791039320061,1.0345535549133817,1.6276444613219303
2015-07-30,2.0,0.6748791039320061,1.0349386923659576,1.6292923893659912
2015-07-31,2.0,0.6734539867339464,1.0326996676257807,1.6306991022919282
2015-08-03,2.0,0.6760848205486965,1.0326996676257807,1.6276805308841336
2015-08-04,2.0,0.674926801361299,1.033689224366153,1.6276805308841336
2015-08-05,2.0,0.6748000621295206,1.0329183836011244,1.6276217353126479
2015-08-06,2.0,0.6737544790154512,1.034134101930288,1.6352123752699745
2015-08-07,2.0,0.6703827394716273,1.0362447140280178,1.642911865772017
2015-08-10,2.0,0.6717227263012177,1.0358283304212468,1.6483223674315803
2015-08-11,2.0,0.6717227263012177,1.0364112102391296,1.6464658796902736
2015-08-12,2.0,0.6724142533569659,1.0342068763205337,1.6499530601655097
2015-08-13,2.0,0.6727146972171147,1.0347311423004402,1.638165318831955
2015-08-14,2.0,0.6722976825433685,1.034392318186745,1.6450100483375734
2015-08-17,2.0,0.6714477301927178,1.034392318186745,1.6455998834861623
2015-08-18,2.0,0.6714477301927178,1.0328482563298929,1.6450100483375734
2015-08-19,2.0,0.6729056970137187,1.0324025424512264,1.6377401709311221
2015-08-20,2.0,0.6723853761095805,1.0315946956454733,1.635550988758392
2015-08-21,2.0,0.6703841378640311,1.0314861450796262,1.6379230240197455
2015-08-24,2.0,0.6721619695670529,1.0306092887664544,1.6344789834029385
2015-08-25,2.0,0.6705965136531842,1.0305424037216224,1.6342447167952232
2015-08-26,2.0,0.6702753470196889,1.0286677953286523,1.6348153042976177
2015-08-27,2.0,0.6702635629055558,1.0295108874363932,1.641388857956554
2015-08-28,2.0,0.6705965136531842,1.0305424037216224,1.6429473033846238
2015-08-31,2.0,0.6676897437184379,1.0291321859046474,1.6456982200018395
2015-09-01,2.0,0.6703819122054189,1.0305424037216224,1.6503436758099164
2015-09-02,2.0,0.6705965136531842,1.0329556270405975,1.6503568863379725
2015-09-03,2.0,0.6685286667539697,1.0324639525734907,1.6459137426527453
2015-09-04,2.0,0.6678561657442315,1.0324639525734907,1.6455856967289093
2015-09-08,2.0,0.6670810480164324,1.0315417676371141,1.6545541548843798
2015-09-09,2.0,0.6653056826658403,1.0326263905741266,1.6455856967289093
2015-09-10,2.0,0.6682182398879748,1.0333823985856734,1.6579175911474138
2015-09-11,2.0,0.6682182398879748,1.0311243746632193,1.660749351547822
2015-09-14,2.0,0.6677788059636531,1.0310528286338143,1.6605918398078576
2015-09-15,2.0,0.6682182398879748,1.0306103027796203,1.6592540969414065
2015-09-16,2.0,0.6677641267285556,1.0302801830643595,1.6652335190410834
2015-09-17,2.0,0.6660703314241257,1.0300478566344888,1.6724242379251255
2015-09-18,2.0,0.6605197796774979,1.0311765958970498,1.6724242379251255
2015-09-21,2.0,0.6605126052900506,1.031201605600637,1.684531546320277
2015-09-22,2.0,0.6602992086236243,1.0312541005524356,1.6869934132359659
2015-09-23,2.0,0.6625698760688907,1.031837295305011,1.6871472553650142
2015-09-24,2.0,0.6605126052900506,1.0318989960265244,1.710818152467906
2015-09-25,2.0,0.6638012217980509,1.0347328582109667,1.714869629610927
2015-09-28,2.0,0.6655773366642949,1.035695885461784,1.7263139102435707
2015-09-29,2.0,0.6675091428886636,1.0349816929429272,1.726063638660646
2015-09-30,2.0,0.6675091428886636,1.034315399483077,1.7219675413823163
2015-10-01,2.0,0.66730791878727,1.035585134025367,1.7163798086786208
2015-10-02,2.0,0.6635132348373942,1.0349883705397762,1.7148333843086068
2015-10-05,2.0,0.6589823528148465,1.0357469225085512,1.714921156266045
2015-10-06,2.0,0.6573269319693759,1.0367674693824895,1.7198029150187304
2015-10-07,2.0,0.6573269319693759,1.036097460879644,1.7197994802384036
2015-10-08,2.0,0.6558198703973885,1.035695885461784,1.7197994802384036
2015-10-09,2.0,0.6558198703973885,1.0376429965713072,1.7218114385051797
2015-10-12,2.0,0.6561274464690733,1.0367674693824895,1.7216006282026703
2015-10-13,2.0,0.6561274464690733,1.0360079207199433,1.7151376412605794
2015-10-14,2.0,0.6646760704819197,1.0354006523079622,1.7219765582928857
2015-10-15,2.0,0.6634963800186297,1.035954456888848,1.7219765582928857
2015-10-16,2.0,0.6651889773625106,1.0354733244329624,1.7189443599562155
2015-10-19,2.0,0.6634743476665479,1.036128986442045,1.7220709103674965
2015-10-20,2.0,0.661033405368429,1.0354515874309431,1.726978582807277
2015-10-21,2.0,0.6596551181068777,1.0367674693824895,1.7220127133128564
2015-10-22,2.0,0.6592449540891705,1.0376331630956794,1.7183907616850822
2015-10-23,2.0,0.6592504349348,1.0370766245613896,1.7170615121756525
2015-10-26,2.0,0.6592449540891705,1.0370766245613896,1.718357425785771
2015-10-27,2.0,0.6589733040409268,1.0373861958971005,1.7183907616850822
2015-10-28,2.0,0.6592449540891705,1.0373861958971005,1.7170615121756525
2015-10-29,2.0,0.6573996186453388,1.03761827295242,1.714100122920418
2015-10-30,2.0,0.6568576620334119,1.0376331630956794,1.7164254082701822
2015-11-02,2.0,0.6568620569546414,1.0377661821562598,1.7015583251204662
2015-11-03,2.0,0.6550836828758373,1.0378998292984007,1.7015583251204662
2015-11-04,2.0,0.6526552020986769,1.0392926618515976,1.707692093032954
2015-11-05,2.0,0.6513331768334902,1.0411334833468526,1.7216904597901257
2015-11-06,2.0,0.6512319909791526,1.0393191530732504,1.7220556573311954
2015-11-09,2.0,0.6512319909791526,1.0395138910366626,1.710048826726099
2015-11-10,2.0,0.6510146516348485,1.0394075690486488,1.717233571868855
2015-11-11,2.0,0.6508150259852584,1.0392975248813086,1.7204041460553485
2015-11-12,2.0,0.6503985264661635,1.0392975248813086,1.7281499185993683
2015-11-13,2.0,0.6507634999654819,1.0392498010808278,1.7199989561780273
2015-11-16,2.0,0.6475032273190767,1.0392975248813086,1.7297131684520541
2015-11-17,2.0,0.6507634999654819,1.0383445805867932,1.7281499185993683
2015-11-18,2.0,0.6539584681735134,1.0392215554979831,1.7373192007145128
2015-11-19,2.0,0.6529501314050559,1.0385163818871153,1.7370337512351859
2015-11-20,2.0,0.6481478482734654,1.0394860205113674,1.7412747892914164
2015-11-23,2.0,0.6467094190611101,1.0395428109356224,1.7431895443874263
2015-11-24,2.0,0.6467094190611101,1.0400990696578905,1.7438685089716697
2015-11-25,2.0,0.6467094190611101,1.0443081456540901,1.7438685089716697
2015-11-27,2.0,0.6431104767480905,1.0425779549847918,1.7325090656737294
2015-11-30,2.0,0.6433501400540222,1.0436474471029775,1.7438685089716697
2015-12-01,2.0,0.6442300897477024,1.0409909532018509,1.7370509365107043
2015-12-02,2.0,0.6455202477326274,1.040517107093382,1.7325090656737294
2015-12-03,2.0,0.6441798359752106,1.040517107093382,1.7370509365107043
2015-12-04,2.0,0.6441798359752106,1.0418781855043342,1.7370509365107043
2015-12-07,2.0,0.6441798359752106,1.0425599544996293,1.7387372521310547
2015-12-08,2.0,0.6454072555339704,1.0418781855043342,1.7438778934995738
2015-12-09,2.0,0.6455498677347256,1.0418781855043342,1.760285132630466
2015-12-10,2.0,0.6454072555339704,1.0415527944033616,1.760285132630466
2015-12-11,2.0,0.6454072555339704,1.0408908003149606,1.7532509920285009
2015-12-14,2.0,0.6441678307121599,1.0424180405347268,1.752360768616685
2015-12-15,2.0,0.6407661965500376,1.0414988238853575,1.752360768616685
2015-12-16,2.0,0.6441678307121599,1.0434364128741795,1.752360768616685
2015-12-17,2.0,0.6407661965500376,1.042940930706749,1.752360768616685
2015-12-18,2.0,0.6455557371683522,1.0435829392706988,1.7532852688205314
2015-12-21,2.0,0.6457771395551605,1.0453764730966388,1.7588090929029594
2015-12-22,2.0,0.6456676526826252,1.0430522346257238,1.752362580711674
2015-12-23,2.0,0.6408743613511984,1.0421177499074306,1.7535694460582405
2015-12-24,2.0,0.6452469909095555,1.0414618098182258,1.770146766184265
2015-12-28,2.0,0.6452469909095555,1.0419174759009415,1.7683922837532267
2015-12-29,2.0,0.640830106232377,1.0434032489811926,1.7641338337742056
2015-12-30,2.0,0.6408558760732095,1.0417058830036918,1.7641338337742056
2015-12-31,2.0,0.6408558760732095,1.0419174759009415,1.7526300880249157
2016-01-04,2.0,0.6419393787892186,1.0442424985206613,1.7646266781985585
2016-01-05,2.0,0.6408558760732095,1.04465495940433,1.7643089745407277
2016-01-06,2.0,0.6398001248239583,1.043028833452965,1.760831416902199
2016-01-07,2.0,0.638496346700162,1.043028833452965,1.7665905113685332
2016-01-08,2.0,0.6378912611366487,1.0428000301940772,1.7665905113685332
2016-01-11,2.0,0.6375455871814886,1.0415234192839389,1.7665905113685332
2016-01-12,2.0,0.6364855713362537,1.040798703855524,1.7664956884034997
2016-01-13,2.0,0.6364855713362537,1.040798703855524,1.7664956884034997
2016-01-14,2.0,0.635942431874434,1.0407264797673978,1.767051777037237
2016-01-15,2.0,0.6358993754736967,1.0413077244351157,1.767051777037237
2016-01-19,2.0,0.6358993754736967,1.0407790661763578,1.767051777037237
2016-01-20,2.0,0.63588860603349,1.0405404574430703,1.767051777037237
2016-01-21,2.0,0.6364227394192246,1.0403182023128605,1.7664956884034997
2016-01-22,2.0,0.63588860603349,1.0394252584885084,1.7733520736772388
2016-01-25,2.0,0.6335892724733406,1.039522922849274,1.7666538651120203
2016-01-26,2.0,0.63588860603349,1.039048453414479,1.7612261003943641
2016-01-27,2.0,0.6335773588439458,1.0403182023128605,1.7728961937194936
2016-01-28,2.0,0.6323277375825317,1.0403182023128605,1.7728961937194936
2016-01-29,2.0,0.6336286641868654,1.0395475365832396,1.7728961937194936
2016-02-01,2.0,0.633520042392499,1.0403445232447308,1.7733176690329997
2016-02-02,2.0,0.633520042392499,1.0402529601332127,1.7739173645556847
2016-02-03,2.0,0.6323395822846473,1.0419750311656046,1.7733176690329997
2016-02-04,2.0,0.633520042392499,1.0420191396459884,1.7738442924117792
2016-02-05,2.0,0.6314263324354877,1.0403020453302745,1.7738442924117792
2016-02-08,2.0,0.633520042392499,1.041663788385931,1.7739175180647164
2016-02-09,2.0,0.6320477428972567,1.0396351608865002,1.7738442924117792
2016-02-10,2.0,0.6286000054951302,1.0438496386295844,1.7739689525376576
2016-02-11,2.0,0.627158100576134,1.0438320765741005,1.7738442924117792
2016-02-12,2.0,0.627158100576134,1.042268018634019,1.7738442924117792
2016-02-16,2.0,0.6272198480995784,1.043254610190686,1.7743098366663292
2016-02-17,2.0,0.627158100576134,1.0440424047138555,1.7741591617380899
2016-02-18,2.0,0.6286096461444207,1.0436257619154272,1.773313868007102
2016-02-19,2.0,0.6273886692423613,1.0446135451613294,1.7512019287336988
2016-02-22,2.0,0.6271454384697825,1.04293124772006,1.7598024578182034
2016-02-23,2.0,0.6271454384697825,1.04293124772006,1.7598049056356488
2016-02-24,2.0,0.628574239007196,1.0455778531654079,1.7673445704758535
2016-02-25,2.0,0.6306884297713087,1.0450574893601163,1.762684128272435
2016-02-26,2.0,0.6337783544914106,1.0450574893601163,1.7613726170313415
2016-02-29,2.0,0.6325217033781584,1.0469161953726651,1.7734097565649372
2016-03-01,2.0,0.6337783544914106,1.0472235704696247,1.7776132178305768
2016-03-02,2.0,0.6325409342534994,1.047963081673113,1.7809940537511726
2016-03-03,2.0,0.6325409342534994,1.048769379598953,1.7809934374766074
2016-03-04,2.0,0.6286214746401217,1.0486077832056837,1.7809934374766074
2016-03-07,2.0,0.6288151037823367,1.0488797828386975,1.7809934374766074
2016-03-08,2.0,0.6306930959391012,1.0480750186209624,1.7664620670480666
2016-03-09,2.0,0.6306930959391012,1.0489619763420581,1.7726515356035215
2016-03-10,2.0,0.6270817762799482,1.0493865322658065,1.7714789221572678
2016-03-11,2.0,0.6231640797678543,1.0498241683409346,1.7599339964576513
2016-03-14,2.0,0.6238361486663225,1.0498060669290574,1.765138973608611
2016-03-15,2.0,0.6279127167199526,1.0498060669290574,1.7715822441578166
2016-03-16,2.0,0.6301193351151498,1.0491763777731486,1.7670158430010554
2016-03-17,2.0,0.6273051957764978,1.0493559472821867,1.7715822441578166
2016-03-18,2.0,0.6260306428565294,1.0465593935059934,1.7728769038523096
2016-03-21,2.0,0.6229140652076713,1.0462158904244345,1.7901046245252992
2016-03-22,2.0,0.6207987657129453,1.0460926477032657,1.7901046245252992
2016-03-23,2.0,0.6198191912965686,1.048468789647826,1.7901046245252992
2016-03-24,2.0,0.6190743378748682,1.0490977379572537,1.7901046245252992
2016-03-28,2.0,0.6190875186037347,1.0495128837445444,1.7901046245252992
2016-03-29,2.0,0.6190918581815937,1.0493661573589796,1.7844322490469957
2016-03-30,2.0,0.6198122725129069,1.0490977379572537,1.783577647350541
2016-03-31,2.0,0.6198122725129069,1.0505494204605603,1.7844322490469957
2016-04-01,2.0,0.6198122725129069,1.0492768383013136,1.7843936110637044
2016-04-04,2.0,0.6195534879265887,1.0485529562799822,1.778302346179774
2016-04-05,2.0,0.619818645240658,1.0472721507015172,1.7923893738559995
2016-04-06,2.0,0.6196695702067655,1.047133250420981,1.7983818272806649
2016-04-07,2.0,0.619818645240658,1.047133250420981,1.7818292822798691
2016-04-08,2.0,0.6185926882626788,1.0473545431652478,1.7821343628851896
2016-04-11,2.0,0.6185290201238092,1.047133250420981,1.795185782515249
2016-04-12,2.0,0.6186115541015642,1.0501133800308482,1.7983818272806649
2016-04-13,2.0,0.6182777386326433,1.0489687432689474,1.7983818272806649
2016-04-14,2.0,0.6182805613797916,1.0494214659098622,1.7985055387541578
2016-04-15,2.0,0.6186115541015642,1.049995228935113,1.7983818272806649
2016-04-18,2.0,0.6160449169418688,1.0500543003230645,1.7983818272806649
2016-04-19,2.0,0.6160324526827452,1.0480191784453914,1.7795056627708299
2016-04-20,2.0,0.6150698233963429,1.0506456070800854,1.779533681527044
2016-04-21,2.0,0.6208197452654816,1.0500869271775772,1.790093815063392
2016-04-22,2.0,0.6223294652673724,1.0462356983272039,1.8015764427385974
2016-04-25,2.0,0.6224169809130181,1.045925237055727,1.8015896139641667
2016-04-26,2.0,0.6233273574409015,1.0439675226259142,1.8015896139641667
2016-04-27,2.0,0.6218219217573938,1.0456056335062465,1.8069306170507147
2016-04-28,2.0,0.6219490273039358,1.044850131172669,1.8072455467527353
2016-04-29,2.0,0.6219490273039358,1.0440649787511518,1.8070452380932436
2016-05-02,2.0,0.620310534377775,1.0432838463278111,1.782827796823852
2016-05-03,2.0,0.6223314008111759,1.0430530012399648,1.7824195538006167
2016-05-04,2.0,0.622420160364826,1.0430530012399648,1.80683539180734
2016-05-05,2.0,0.622420160364826,1.0426510003263583,1.80683539180734
2016-05-06,2.0,0.6204134031912809,1.042312375302863,1.8102502906775726
2016-05-09,2.0,0.6193539552023019,1.042947098747851,1.8137995735251757
2016-05-10,2.0,0.6204066862235589,1.0426226324400587,1.806922446242682
2016-05-11,2.0,0.6193874654822122,1.04326423853345,1.806922446242682
2016-05-12,2.0,0.6203917674945891,1.0435397839812355,1.8136819567623
2016-05-13,2.0,0.6253978828628977,1.0456576218022282,1.8177538722049336
2016-05-16,2.0,0.6260108624476606,1.0452849397098671,1.8177538722049336
2016-05-17,2.0,0.6261132809368669,1.0437370913653035,1.819130342536519
2016-05-18,2.0,0.6269225771092897,1.0419730366177302,1.8242293494261148
2016-05-19,2.0,0.6219294200406512,1.0419730366177302,1.8217028094636087
2016-05-20,2.0,0.6223371941480605,1.0442630739245384,1.824232435249435
2016-05-23,2.0,0.617614963371092,1.0456576218022282,1.8217028094636087
2016-05-24,2.0,0.6158771813218223,1.0440667468511917,1.8229205887599003
2016-05-25,2.0,0.6135537306490676,1.0437942956412307,1.824232435249435
2016-05-26,2.0,0.6111672629050467,1.0443761753027876,1.8271479097498111
2016-05-27,2.0,0.6111672629050467,1.0462331825145021,1.8271512187542713
2016-05-31,2.0,0.6135537306490676,1.0453158894127395,1.8267295725006814
2016-06-01,2.0,0.6120263780169589,1.0464428290385248,1.8321920183799754
2016-06-02,2.0,0.6111672629050467,1.0460329983432493,1.8410564542452392
2016-06-03,2.0,0.6099012059590802,1.0469560054084026,1.8380098520461157
2016-06-06,2.0,0.6099012059590802,1.0458337005316662,1.8345555874276407
2016-06-07,2.0,0.6096174699829984,1.0455459157687916,1.8344972342938677
2016-06-08,2.0,0.6089379547177995,1.0459935351465623,1.8321228727520413
2016-06-09,2.0,0.6096174699829984,1.0452550210846718,1.827153630210877
2016-06-10,2.0,0.6096174699829984,1.0443566002806397,1.8267295725006814
2016-06-13,2.0,0.6096174699829984,1.0413313187885178,1.827153630210877
2016-06-14,2.0,0.6089379547177995,1.03995326218582,1.827153630210877
2016-06-15,2.0,0.6089379547177995,1.0407082595947499,1.8308958014156116
2016-06-16,2.0,0.608202963509962,1.0429717721334395,1.8402783128533509
2016-06-17,2.0,0.606141178324034,1.0443670238323564,1.8402783128533509
2016-06-20,2.0,0.6075949067031046,1.04404591635772,1.8322497605580907
2016-06-21,2.0,0.6072622824127204,1.0429637850942763,1.8404810079252378
2016-06-22,2.0,0.6033337515445284,1.0428010913820398,1.8416281862428916
2016-06-23,2.0,0.604122768450389,1.0439090616471862,1.839201198622785
2016-06-24,2.0,0.6044186996450988,1.0429637850942763,1.839201198622785
2016-06-27,2.0,0.6044186996450988,1.0460540533732212,1.8322377196345494
2016-06-28,2.0,0.6015815488726357,1.0430793058962928,1.8390711100183423
2016-06-29,2.0,0.6015815488726357,1.0430793058962928,1.8383526646579178
2016-06-30,2.0,0.601543306404294,1.046204790027426,1.8447773962468428
2016-07-01,2.0,0.601543306404294,1.04886393275171,1.8449777910458303
2016-07-05,2.0,0.6023368868779054,1.0474167375947618,1.8468930929205847
2016-07-06,2.0,0.6040972078179114,1.04620261804028,1.845223442509947
2016-07-07,2.0,0.6023423982228285,1.0463607261280858,1.862496325616843
2016-07-08,2.0,0.6015138041181937,1.0449702188635905,1.8623857285146013
2016-07-11,2.0,0.5989765430468077,1.0460029546934673,1.8623857285146013
2016-07-12,2.0,0.6029660161775297,1.045755861474416,1.849713465488389
2016-07-13,2.0,0.6023368868779054,1.0454947786040858,1.8495962599782168
2016-07-14,2.0,0.5989768026953785,1.0447478693362646,1.8451130737138342
2016-07-15,2.0,0.5989972213090831,1.045217611046591,1.8574825978994214
2016-07-18,2.0,0.6003293622272786,1.0440108352553983,1.8574825978994214
2016-07-19,2.0,0.59865722383934,1.0439722223897383,1.8653380880448311
2016-07-20,2.0,0.60485160139553,1.0439722223897383,1.8688008474904656
2016-07-21,2.0,0.6048890244219381,1.0441334581500419,1.8659148788304893
2016-07-22,2.0,0.605385211190671,1.0446069905647226,1.8652620690682506
2016-07-25,2.0,0.6052245436029585,1.046533508678667,1.8652620690682506
2016-07-26,2.0,0.605385211190671,1.0475890135268222,1.8623857285146013
2016-07-27,2.0,0.6049152598080535,1.0470726244314181,1.8566432573681513
2016-07-28,2.0,0.6048416053436939,1.0445909879780757,1.8566432573681513
2016-07-29,2.0,0.6052822804623741,1.0450934745860212,1.8623857285146013
2016-08-01,2.0,0.6053866916229637,1.0454732070407413,1.8659827506820814
2016-08-02,2.0,0.6048620991127538,1.0450934745860212,1.8659827506820814
2016-08-03,2.0,0.6029577450118462,1.0438811477668963,1.8624005180219259
2016-08-04,2.0,0.6022816453017191,1.043236836734935,1.8659827506820814
2016-08-05,2.0,0.5999943451069949,1.0449924938144497,1.8657003976680173
2016-08-08,2.0,0.6002000296142666,1.046062958195602,1.863136868684569
2016-08-09,2.0,0.6024348148535892,1.045656670976396,1.863136868684569
2016-08-10,2.0,0.6023056887913618,1.0466567860293925,1.862331327230724
2016-08-11,2.0,0.6002023773275019,1.0464837973450163,1.8592289544526581
2016-08-12,2.0,0.600139045054218,1.0466567860293925,1.8631752273488638
2016-08-15,2.0,0.5965326451845764,1.0472335524346128,1.8661681733885367
2016-08-16,2.0,0.5940046673274348,1.0492791228122313,1.8652737657340481
2016-08-17,2.0,0.5965511297227506,1.0480399730001362,1.8674693957337716
2016-08-18,2.0,0.5940046673274348,1.0489675237604734,1.8656976145236048
2016-08-19,2.0,0.5928004408537338,1.0489675237604734,1.8661681733885367
2016-08-22,2.0,0.5921331755743021,1.0486708904539972,1.867376710634873
2016-08-23,2.0,0.5997837258697917,1.0492791228122313,1.8668447157416304
2016-08-24,2.0,0.5958873589965744,1.0480753837839805,1.8668447157416304
2016-08-25,2.0,0.5959067511749476,1.0489946883380936,1.8661681733885367
2016-08-26,2.0,0.5959067511749476,1.0489946883380936,1.8661681733885367
2016-08-29,2.0,0.6022767383653386,1.0486443025190937,1.8656976145236048
2016-08-30,2.0,0.5959397736269214,1.0489946883380936,1.8656976145236048
2016-08-31,2.0,0.598021799994885,1.0487492085220773,1.8656976145236048
2016-09-01,2.0,0.5959126270201479,1.0496441607638718,1.8657248714604975
2016-09-02,2.0,0.599403509458649,1.0506933344523575,1.8674082225856372
2016-09-06,2.0,0.599403509458649,1.0496441607638718,1.864059227961254
2016-09-07,2.0,0.5994762801515416,1.0496441607638718,1.8657248714604975
2016-09-08,2.0,0.5958231798430913,1.0484621092686175,1.8640978516142501
2016-09-09,2.0,0.5951071118255515,1.0505379444495455,1.8709422913519236
2016-09-12,2.0,0.591329184483418,1.052089142741186,1.864279155882444
2016-09-13,2.0,0.59036040331124,1.0508165010105874,1.8673154571414063
2016-09-14,2.0,0.59036040331124,1.0508706565904264,1.8709422913519236
2016-09-15,2.0,0.59036040331124,1.0497246700717429,1.8842858799842375
2016-09-16,2.0,0.5901019190945719,1.0502065442646948,1.8676560260037267
2016-09-19,2.0,0.5869547939343916,1.0500822986103069,1.8676560260037267
2016-09-20,2.0,0.5872803765289145,1.0497141128616048,1.8695969387663542
2016-09-21,2.0,0.589191614427233,1.0478163875831967,1.8948640105191379
2016-09-22,2.0,0.585370464972463,1.0489811475766246,1.9027601754362946
2016-09-23,2.0,0.578686771066066,1.047454301542707,1.905892566503918
2016-09-26,2.0,0.5792692660973002,1.0503239074865764,1.9027601754362946
2016-09-27,2.0,0.5792820781062012,1.0506847412337819,1.8866466946554423
2016-09-28,2.0,0.5795026007937488,1.0514045270524548,1.9088250206984965
2016-09-29,2.0,0.5795026007937488,1.0526402044663854,1.9088250206984965
2016-09-30,2.0,0.5795026007937488,1.053880861556324,1.9098048361535858
2016-10-03,2.0,0.5795026007937488,1.0552087503955816,1.9098048361535858
2016-10-04,2.0,0.5795026007937488,1.054643522991272,1.921859272331394
2016-10-05,2.0,0.5795026007937488,1.053254928618278,1.9326701176913306
2016-10-06,2.0,0.5792954439364989,1.0544001394558604,1.9219078499429945
2016-10-07,2.0,0.5792954439364989,1.0545995333864797,1.9219078499429945
2016-10-10,2.0,0.5791797200799919,1.0529524095365868,1.9212970941927459
2016-10-11,2.0,0.5791797200799919,1.0534879794909444,1.9222104565449596
2016-10-12,2.0,0.5792591484353293,1.0548656812623576,1.9219540615065156
2016-10-13,2.0,0.5782538797900217,1.0534879794909444,1.9326701176913306
2016-10-14,2.0,0.5788741980429339,1.0533118180711218,1.9317120205886966
2016-10-17,2.0,0.5788741980429339,1.0526906292037603,1.9213077837400805
2016-10-18,2.0,0.5782538797900217,1.0496863754402925,1.9226707111919612
2016-10-19,2.0,0.5769790357315694,1.051017014902654,1.9226707111919612
2016-10-20,2.0,0.5763518485672141,1.0516693583865817,1.9267410247527106
2016-10-21,2.0,0.5758856833155048,1.0513287503938895,1.9502355597068788
2016-10-24,2.0,0.5753465175521033,1.0525918706156312,1.9502355597068788
2016-10-25,2.0,0.5752772406866764,1.0526036847182652,1.9502355597068788
2016-10-26,2.0,0.5744254185932913,1.053584521902382,1.9453349172763708
2016-10-27,2.0,0.5774128510773219,1.0537023339258886,1.9565175924444556
2016-10-28,2.0,0.5734805817066285,1.0537023339258886,1.9512254952314863
2016-10-31,2.0,0.573801664953744,1.0537023339258886,1.9512254952314863
2016-11-01,2.0,0.5741234662816338,1.0539350826076017,1.9449748799894258
2016-11-02,2.0,0.5754640280657186,1.0542648908038066,1.9505614093359593
2016-11-03,2.0,0.5740470571444821,1.0548844232367216,1.9391475991909037
2016-11-04,2.0,0.5734182214158031,1.0542648908038066,1.9391475991909037
2016-11-07,2.0,0.5739935278565028,1.0542648908038066,1.9382412673715048
2016-11-08,2.0,0.570639617352969,1.050888752169017,1.9319663762502552
2016-11-09,2.0,0.5740216466908041,1.0503605701604288,1.9306575103796362
2016-11-10,2.0,0.5699500134810543,1.0497383205926092,1.94100800662582
2016-11-11,2.0,0.5699353559610367,1.0493740506082867,1.9273525402225797
2016-11-14,2.0,0.5699353559610367,1.0498673667517742,1.928339286826735
2016-11-15,2.0,0.568284315575626,1.0535083072962201,1.927433356110161
2016-11-16,2.0,0.565234393605097,1.0553732341573188,1.94110603704898
2016-11-17,2.0,0.568284315575626,1.0596788681648213,1.931728509678604
2016-11-18,2.0,0.5731693091929985,1.0608515944326045,1.94110603704898
2016-11-21,2.0,0.5703087458088985,1.0604528968374294,1.9269712478394343
2016-11-22,2.0,0.568284315575626,1.0609445621526123,1.9457863964921305
2016-11-23,2.0,0.568284315575626,1.0599397886088235,1.9445659864478364
2016-11-25,2.0,0.5683363404988006,1.0583707214034521,1.9457863964921305
2016-11-28,2.0,0.5668170269023597,1.058184819494866,1.9445659864478364
2016-11-29,2.0,0.5668170269023597,1.0572811660118662,1.9457891690089613
2016-11-30,2.0,0.5676324679425826,1.0578847846817911,1.9445659864478364
2016-12-01,2.0,0.5676324679425826,1.0560032678941123,1.9537212451549935
2016-12-02,2.0,0.5705424676030197,1.0590336486537688,1.9518000850318087
2016-12-05,2.0,0.5705424676030197,1.058184819494866,1.9518000850318087
2016-12-06,2.0,0.5705250655353374,1.0581386395270407,1.9536549922116238
2016-12-07,2.0,0.5705250655353374,1.0596715864596975,1.9458400987368198
2016-12-08,2.0,0.5705250655353374,1.060164988400984,1.9498099526552222
2016-12-09,2.0,0.5705250655353374,1.0615490289299483,1.9498649478250671
2016-12-12,2.0,0.5693771678949678,1.0618345907209679,1.953704197202007
2016-12-13,2.0,0.5687786377229425,1.0603682322259838,1.9620006476560674
2016-12-14,2.0,0.5639113914202012,1.0598865163264413,1.953704197202007
2016-12-15,2.0,0.5639113914202012,1.0590028099826978,1.9508789890486273
2016-12-16,2.0,0.5639113914202012,1.0588247713146282,1.9509812765102361
2016-12-19,2.0,0.5613465841646379,1.057438955433481,1.9510097446530157
2016-12-20,2.0,0.5639113914202012,1.0590386090239567,1.9510097446530157
2016-12-21,2.0,0.5639113914202012,1.0590028099826978,1.9660265409638373
2016-12-22,2.0,0.5614279647438932,1.0587859618256612,1.9632576944756166
2016-12-23,2.0,0.5614279647438932,1.0585002205059069,1.9685590641376582
2016-12-27,2.0,0.5650073652817309,1.0573277656017033,1.9685590641376582
2016-12-28,2.0,0.5651676864145747,1.0545838498453894,1.9685590641376582
2016-12-29,2.0,0.5638783212927723,1.0541751634337735,1.952342172911904
2016-12-30,2.0,0.5638457156251212,1.0550426717629056,1.9522855985606198
2017-01-03,2.0,0.564236216064422,1.0538477788793794,1.9526669867844237
2017-01-04,2.0,0.566601754850039,1.0532139435672,1.9588774046974564
2017-01-05,2.0,0.5648889904669978,1.054420773523052,1.9528909974226394
2017-01-06,2.0,0.5638700156682472,1.0540899793125589,1.9502866405390158
2017-01-09,2.0,0.5588017702034034,1.054420773523052,1.9527970564818067
2017-01-10,2.0,0.5587515660988124,1.0554255273337274,1.9610254416698214
2017-01-11,2.0,0.5588017702034034,1.0554255273337274,1.9630784069933616
2017-01-12,2.0,0.5611071331032566,1.054192808056181,1.9610254416698214
2017-01-13,2.0,0.5604854529787401,1.054420773523052,1.9576809276014326
2017-01-17,2.0,0.5611501352118872,1.0540899793125589,1.958385770894774
2017-01-18,2.0,0.5605032491020604,1.0537278773798742,1.9609939540263948
2017-01-19,2.0,0.5611501352118872,1.0531740107002845,1.960471404992703
2017-01-20,2.0,0.5611501352118872,1.0543531097122636,1.9608030713775324
2017-01-23,2.0,0.5611658229465468,1.053089826317649,1.9604841240665716
2017-01-24,2.0,0.5612764790888011,1.0537883301446267,1.96148999790727
2017-01-25,2.0,0.5611658229465468,1.0523543193115668,1.961437386184343
2017-01-26,2.0,0.5611658229465468,1.0534411273875537,1.9679377035695007
2017-01-27,2.0,0.5611658229465468,1.0541088916845638,1.9679377035695007
2017-01-30,2.0,0.5611658229465468,1.0541088916845638,1.9834650408544565
2017-01-31,2.0,0.5611658229465468,1.0546235057726743,1.9834650408544565
2017-02-01,2.0,0.5611128345551948,1.0549384642672406,1.9834650408544565
2017-02-02,2.0,0.5595950015773946,1.0551568913649767,1.9834650408544565
2017-02-03,2.0,0.5557980639714527,1.0553987213674967,1.9834650408544565
2017-02-06,2.0,0.5566019323793836,1.0548317341072375,1.9887511730703074
2017-02-07,2.0,0.5546312175667208,1.0555519606649852,1.9887511730703074
2017-02-08,2.0,0.5546312175667208,1.0571831927323334,1.9983834763630048
2017-02-09,2.0,0.5586438735071211,1.05909160650781,1.9983834763630048
2017-02-10,2.0,0.5587370542882152,1.0590363906061753,1.985852025040375
2017-02-13,2.0,0.5554465131863036,1.0606231826826353,1.9859239778770839
2017-02-14,2.0,0.5586642087115312,1.060554358224206,2.0024486714946117
2017-02-15,2.0,0.5546312175667208,1.0598419443557767,2.0045656828115797
2017-02-16,2.0,0.5555330781019086,1.0606231826826353,1.9955959744746128
2017-02-17,2.0,0.5547805337720063,1.0605392184736975,2.004805020397059
2017-02-21,2.0,0.5556566536363934,1.0605392184736975,2.001287942025801
2017-02-22,2.0,0.5556566536363934,1.0604966069446422,2.001287942025801
2017-02-23,2.0,0.558245779179549,1.0601253091522898,2.0160310433475686
2017-02-24,2.0,0.5589798556758616,1.0604966069446422,2.0210238610238265
2017-02-27,2.0,0.5571986504402812,1.0598253996601055,2.016063293786188
2017-02-28,2.0,0.5541066082751357,1.0592403869035643,2.013437574424203
2017-03-01,2.0,0.5541066082751357,1.0573512512653793,2.003850811533003
2017-03-02,2.0,0.5592267820786421,1.0568958638173978,1.9967508410179964
2017-03-03,2.0,0.5572063162038889,1.055307077534878,1.9871322027205323
2017-03-06,2.0,0.5572063162038889,1.054738772220022,1.9839610114892403
2017-03-07,2.0,0.5545019637343352,1.0551458784732928,1.9839610114892403
2017-03-08,2.0,0.5537561982563686,1.0531661741988185,1.996973561889227
2017-03-09,2.0,0.5534292780310298,1.05264847392794,1.9954177372238455
2017-03-10,2.0,0.553322069869166,1.0531661741988185,2.0060029340540275
2017-03-13,2.0,0.5522516439637283,1.0543768146763284,2.006668054612818
2017-03-14,2.0,0.5518972506035221,1.0560888697300057,2.0082725894956224
2017-03-15,2.0,0.5518972506035221,1.0546790367266685,2.0094254840124894
2017-03-16,2.0,0.5518972506035221,1.0556474889975684,2.0082725894956224
2017-03-17,2.0,0.5527090880016632,1.057211087939212,2.0082725894956224
2017-03-20,2.0,0.5533428104188991,1.0567140108612332,2.0094254840124894
2017-03-21,2.0,0.5533428104188991,1.0546337545248154,2.006668054612818
2017-03-22,2.0,0.5533428104188991,1.0541176861006958,2.00058681420876
2017-03-23,2.0,0.5527090880016632,1.0563430123109456,1.996887086766834
2017-03-24,2.0,0.5527090880016632,1.0554594008049185,2.0004757814157013
2017-03-27,2.0,0.551342273751788,1.0566020537735352,2.002218149762623
2017-03-28,2.0,0.5501509487204918,1.0586180820440596,2.002218149762623
2017-03-29,2.0,0.5509203860763464,1.059002929658789,2.0015639989700915
2017-03-30,2.0,0.550129447068102,1.0583735618624028,2.002218149762623
2017-03-31,2.0,0.5460335370932258,1.0593597690841436,2.0035383087868657
2017-04-03,2.0,0.5443498702000259,1.0587739031115617,2.0035383087868657
2017-04-04,2.0,0.5437042850062729,1.0553329748796976,2.0022103146110615
2017-04-05,2.0,0.5422111095579193,1.054434756794779,2.0031871444264806
2017-04-06,2.0,0.5432021981879334,1.0518316168950184,2.0275382330224994
2017-04-07,2.0,0.5402663992931932,1.0561135339171979,2.009945088452018
2017-04-10,2.0,0.5402663992931932,1.0570876069489104,2.013310177316127
2017-04-11,2.0,0.5402663992931932,1.0585775160821613,2.013310177316127
2017-04-12,2.0,0.542302582516786,1.0587739031115617,2.0275382330224994
2017-04-13,2.0,0.5405198423432235,1.0612650229950795,2.013310177316127
2017-04-17,2.0,0.542302582516786,1.060233793033,2.0134964856149806
2017-04-18,2.0,0.542302582516786,1.059980964863197,2.006785599485394
2017-04-19,2.0,0.542302582516786,1.0608814328910143,2.0129578950445772
2017-04-20,2.0,0.545398674179952,1.0633154410132866,2.027682004010225
2017-04-21,2.0,0.5454053558620172,1.064034240178719,2.027682004010225
2017-04-24,2.0,0.5479411653294807,1.0627879908475766,2.027682004010225
2017-04-25,2.0,0.5479411653294807,1.06385772489365,2.034200415786449
2017-04-26,2.0,0.5479944149485017,1.0610871651363536,2.034200415786449
2017-04-27,2.0,0.5480377737934953,1.0614832440948754,2.040192307193793
2017-04-28,2.0,0.5479944149485017,1.0579645293919235,2.0401926771074135
2017-05-01,2.0,0.5479944149485017,1.058322470034955,2.0401926771074135
2017-05-02,2.0,0.5457500648568161,1.058322470034955,2.065006101247271
2017-05-03,2.0,0.547954166344233,1.058610004621411,2.066998547587337
2017-05-04,2.0,0.5458534634775102,1.058710797917916,2.0692690786905508
2017-05-05,2.0,0.5459265034228371,1.0590157307375663,2.066588082324396
2017-05-08,2.0,0.5458258684631166,1.0591781360173473,2.066588082324396
2017-05-09,2.0,0.5453017539351717,1.057733020323285,2.0670015051430743
2017-05-10,2.0,0.5453579153144484,1.057964187005722,2.0670015051430743
2017-05-11,2.0,0.5453579153144484,1.057964187005722,2.073753805683807
2017-05-12,2.0,0.5453579153144484,1.0563048194920919,2.086931719142287
2017-05-15,2.0,0.5453579153144484,1.05826282149006,2.073753805683807
2017-05-16,2.0,0.5453579153144484,1.0560100924454934,2.073753805683807
2017-05-17,2.0,0.5453579153144484,1.054698024843311,2.0666014267610344
2017-05-18,2.0,0.5453579153144484,1.0557381720236487,2.0576504042897996
2017-05-19,2.0,0.5468549330483048,1.0552328251882275,2.0660663584490795
2017-05-22,2.0,0.5441380642195008,1.0552328251882275,2.0576504042897996
2017-05-23,2.0,0.5443594361132955,1.0556821501554066,2.0671295729874455
2017-05-24,2.0,0.5434628440784659,1.0552939960887855,2.0668987429042613
2017-05-25,2.0,0.5409000215737452,1.0543692709026886,2.0668987429042613
2017-05-26,2.0,0.5397175959714192,1.0548011493872824,2.0807086096025813
2017-05-30,2.0,0.5396497084601337,1.0556487378324828,2.0813242626231836
2017-05-31,2.0,0.5396497084601337,1.0592974115571447,2.0804126742788935
2017-06-01,2.0,0.5396724014277008,1.0596811909044406,2.0759415330777475
2017-06-02,2.0,0.5460929295282687,1.058053523645516,2.0804126742788935
2017-06-05,2.0,0.5396724014277008,1.0590756516251312,2.0626902440583894
2017-06-06,2.0,0.5402514679630227,1.0600993994870325,2.055933619130311
2017-06-07,2.0,0.5417947944833874,1.062034503447968,2.05596092580646
2017-06-08,2.0,0.5393940846281381,1.0600993994870325,2.053984417402866
2017-06-09,2.0,0.542830991724941,1.0565153179575475,2.0697673189707606
2017-06-12,2.0,0.5417879603809512,1.0581556309347877,2.063233692559712
2017-06-13,2.0,0.5418421084728433,1.0573897759126316,2.0497221376451575
2017-06-14,2.0,0.5418421084728433,1.0595298392599042,2.0633101647142165
2017-06-15,2.0,0.5390866019348257,1.0582516612261452,2.068638668600955
2017-06-16,2.0,0.5427627761929454,1.058627829852346,2.0495624716436436
2017-06-19,2.0,0.5427627761929454,1.0591186627075269,2.0495624716436436
2017-06-20,2.0,0.5427627761929454,1.0600993994870325,2.056690097334205
2017-06-21,2.0,0.5416004959072626,1.0620212258945347,2.056690097334205
2017-06-22,2.0,0.5416004959072626,1.05871468383005,2.057441916514645
2017-06-23,2.0,0.5416004959072626,1.0596954206095555,2.057441916514645
2017-06-26,2.0,0.5428261849435644,1.059699321560237,2.0717079514611307
2017-06-27,2.0,0.5428261849435644,1.0611380807472974,2.069969786996862
2017-06-28,2.0,0.5415783273611358,1.0648326929571623,2.0574004245495336
2017-06-29,2.0,0.5412636758138806,1.0642089197154774,2.057441916514645
2017-06-30,2.0,0.5412636758138806,1.0637651583232541,2.057732418654782
2017-07-03,2.0,0.541960595358533,1.0646852382802852,2.067523058729846
2017-07-05,2.0,0.5412636758138806,1.0661744534788689,2.057732418654782
2017-07-06,2.0,0.5412636758138806,1.0681169784304658,2.0775206282738683
2017-07-07,2.0,0.5412636758138806,1.0661277979517556,2.0775206282738683
2017-07-10,2.0,0.541960595358533,1.0638244003855575,2.092112749443795
2017-07-11,2.0,0.5428766468412809,1.065632034678,2.092112749443795
2017-07-12,2.0,0.541960595358533,1.0679238243645561,2.1053839728134895
2017-07-13,2.0,0.5413055534869888,1.0645407179883777,2.1263669370449256
2017-07-14,2.0,0.5420128440655082,1.0642768769685453,2.117227874721521
2017-07-17,2.0,0.5451112645821999,1.06478344940676,2.1052406429670483
2017-07-18,2.0,0.5464151418808829,1.066815989799923,2.09184267834231
2017-07-19,2.0,0.5533812871195315,1.066428535836224,2.091837270559295
2017-07-20,2.0,0.5472378550194211,1.067192170547778,2.091837270559295
2017-07-21,2.0,0.5486122123331312,1.0681616548140256,2.0918689170284392
2017-07-24,2.0,0.5487004194506995,1.0670257169092001,2.0918689170284392
2017-07-25,2.0,0.5486122123331312,1.064469193309759,2.0918689170284392
2017-07-26,2.0,0.5441507657123229,1.0655806048434502,2.0918689170284392
2017-07-27,2.0,0.5440959760576745,1.0655806048434502,2.0909074242853314
2017-07-28,2.0,0.5441145016891241,1.0655806048434502,2.0954094482106704
2017-07-31,2.0,0.5441145016891241,1.0647139268811023,2.0954094482106704
2017-08-01,2.0,0.5441145016891241,1.0635273940981436,2.1234050887650677
2017-08-02,2.0,0.5443864474171652,1.0611622534203184,2.127961469221137
2017-08-03,2.0,0.541783956424908,1.0607847101449095,2.114565839812079
2017-08-04,2.0,0.541783956424908,1.063080636159036,2.0958063328708216
2017-08-07,2.0,0.5405882289177711,1.063491005392037,2.0956853288760997
2017-08-08,2.0,0.5406105801032686,1.0639947103217833,2.0956028814088334
2017-08-09,2.0,0.5405882289177711,1.0648325787559232,2.098391825085777
2017-08-10,2.0,0.5406529402682501,1.0647139268811023,2.106351717517557
2017-08-11,2.0,0.544326689846288,1.064608946968835,2.0982818246705883
2017-08-14,2.0,0.544326689846288,1.0630944445074082,2.0982818246705883
2017-08-15,2.0,0.544326689846288,1.0672911100183793,2.0982818246705883
2017-08-16,2.0,0.544326689846288,1.0687949185042882,2.0982818246705883
2017-08-17,2.0,0.54437806362068,1.0673237006530014,2.0989341173234695
2017-08-18,2.0,0.5473741044734404,1.064378159068409,2.1125967792114833
2017-08-21,2.0,0.5428017364028354,1.0651292980431726,2.1125967792114833
2017-08-22,2.0,0.544326689846288,1.0632488838357048,2.1021088609859255
2017-08-23,2.0,0.5443772498569712,1.060808275511073,2.1127339042906987
2017-08-24,2.0,0.5437846945711601,1.0610058438254963,2.109311256177849
2017-08-25,2.0,0.5461176092827055,1.0610058438254963,2.109311256177849
2017-08-28,2.0,0.541783956424908,1.0619592843037364,2.0982265258742587
2017-08-29,2.0,0.5437846945711601,1.0633569903308029,2.1158966749727965
2017-08-30,2.0,0.550416053335791,1.0640852618515029,2.1152750736397277
2017-08-31,2.0,0.5488580032906549,1.0655316280696052,2.1215740532221825
2017-09-01,2.0,0.5437846945711601,1.0667779340129244,2.1215740532221825
2017-09-05,2.0,0.5437846945711601,1.0661799655999804,2.1224720566167123
2017-09-06,2.0,0.5418076957604051,1.0651893318397119,2.1224720566167123
2017-09-07,2.0,0.5437846945711601,1.0658051230211758,2.1224720566167123
2017-09-08,2.0,0.543808305027494,1.065004487213634,2.1215740532221825
2017-09-11,2.0,0.5478499283499395,1.0658051230211758,2.1224720566167123
2017-09-12,2.0,0.5488911965043664,1.0667854818397302,2.121665795131577
2017-09-13,2.0,0.5438152335205297,1.0650835869426354,2.127249463464404
2017-09-14,2.0,0.5438152335205297,1.0673312484798072,2.127092080412691
2017-09-15,2.0,0.5448395889275118,1.065004487213634,2.127249463464404
2017-09-18,2.0,0.5478499283499395,1.0665709120147584,2.128194043711979
2017-09-19,2.0,0.5478499283499395,1.0672550839505492,2.1273058464525896
2017-09-20,2.0,0.5478499283499395,1.069230370646217,2.1216704998256226
2017-09-21,2.0,0.5478499283499395,1.0685024477925857,2.1273058464525896
2017-09-22,2.0,0.5437002211944724,1.0664174366008763,2.1306103273976134
2017-09-25,2.0,0.5437002211944724,1.0668244577133994,2.1273058464525896
2017-09-26,2.0,0.5437002211944724,1.0668244577133994,2.1284265455998295
2017-09-27,2.0,0.5437002211944724,1.068251958201491,2.12838311540178
2017-09-28,2.0,0.5471100759384906,1.0685709539051635,2.133057312763784
2017-09-29,2.0,0.5459345159037339,1.0672486650077153,2.133057312763784
2017-10-02,2.0,0.5456794552342316,1.0711190455906159,2.133057312763784
2017-10-03,2.0,0.542764253724772,1.0708828725367225,2.133057312763784
2017-10-04,2.0,0.5433327758306287,1.0703718205968413,2.1351938495564524
2017-10-05,2.0,0.5433327758306287,1.0698503141079931,2.1533853241275254
2017-10-06,2.0,0.5438868140578742,1.0686467598577511,2.1533853241275254
2017-10-09,2.0,0.5422210631809414,1.0679034729899226,2.1533853241275254
2017-10-10,2.0,0.5482445192232348,1.0679766638330108,2.172153026485219
2017-10-11,2.0,0.5482445192232348,1.0687154987334635,2.1668321897028604
2017-10-12,2.0,0.5486507691551853,1.0663211588919959,2.1627913716765312
2017-10-13,2.0,0.5481479918928328,1.0680110111220693,2.1627795222657182
2017-10-16,2.0,0.5462118077942527,1.0647276391605338,2.1627795222657182
2017-10-17,2.0,0.5448020760247257,1.0647276391605338,2.1627795222657182
2017-10-18,2.0,0.5437652397769284,1.0643005077292345,2.1684081845416525
2017-10-19,2.0,0.5414216186916945,1.0643005077292345,2.1627795222657182
2017-10-20,2.0,0.5414216186916945,1.06508509391371,2.1659825914772135
2017-10-23,2.0,0.5414427895606199,1.0664529684676711,2.1659825914772135
2017-10-24,2.0,0.5416330695945716,1.0651556105313031,2.162773009704405
2017-10-25,2.0,0.5416330695945716,1.0662083524623136,2.162773009704405
2017-10-26,2.0,0.5426755785533531,1.068286370912468,2.1596711916984703
2017-10-27,2.0,0.541602514828265,1.0670996169163933,2.1657522625145527
2017-10-30,2.0,0.541602514828265,1.0643052758491467,2.1672648482886525
2017-10-31,2.0,0.5400919852678837,1.0638844591743504,2.1683778588651283
2017-11-01,2.0,0.5397700378414592,1.0626194855324032,2.1683778588651283
2017-11-02,2.0,0.5397586525049984,1.0638168501489855,2.1683778588651283
2017-11-03,2.0,0.5386342329308956,1.0638168501489855,2.170055080329575
2017-11-06,2.0,0.5401395476511791,1.0619992055142373,2.1658214538023217
2017-11-07,2.0,0.5402363957055278,1.0619949019426222,2.154794796275052
2017-11-08,2.0,0.5402323877228925,1.0584594212593668,2.1658214538023217
2017-11-09,2.0,0.5418276261328836,1.0592231620855475,2.1658214538023217
2017-11-10,2.0,0.5399728256111609,1.0584594212593668,2.1658214538023217
2017-11-13,2.0,0.5399984805826953,1.0602237349865558,2.16944054887961
2017-11-14,2.0,0.5421467857731599,1.0608573767940142,2.165802884675518
2017-11-15,2.0,0.5421467857731599,1.0603255821149489,2.1620224508955093
2017-11-16,2.0,0.5421467857731599,1.061416931010946,2.1620224508955093
2017-11-17,2.0,0.5399643964231817,1.061416931010946,2.1620224508955093
2017-11-20,2.0,0.5421467857731599,1.0644760406778166,2.1621202197852303
2017-11-21,2.0,0.539946980447101,1.065848843016826,2.1675417683133875
2017-11-22,2.0,0.5378870237120104,1.065565937538352,2.161780856075197
2017-11-24,2.0,0.5378870237120104,1.0652364121440443,2.1659754472236363
2017-11-27,2.0,0.5378870237120104,1.0638400681793583,2.176170488256254
2017-11-28,2.0,0.5378331173908992,1.062192715201037,2.176170488256254
2017-11-29,2.0,0.5376616522771627,1.062192715201037,2.1751638356788074
2017-11-30,2.0,0.5379648151404096,1.062378873401479,2.1685949525085615
2017-12-01,2.0,0.537918834363256,1.063390312939319,2.1657162603140736
2017-12-04,2.0,0.5417890829639441,1.0635385277473761,2.165712545277918
2017-12-05,2.0,0.5398740604521239,1.0614258188169878,2.1636050970608287
2017-12-06,2.0,0.5411194619345328,1.0648431320421432,2.165712545277918
2017-12-07,2.0,0.5386716340528798,1.063899824018375,2.1657146025338827
2017-12-08,2.0,0.538053267798765,1.0648495022154416,2.162647853401446
2017-12-11,2.0,0.538053267798765,1.0667747828312302,2.1660117770468323
2017-12-12,2.0,0.538053267798765,1.0684468681036412,2.1660117770468323
2017-12-13,2.0,0.5337575182890697,1.0690637311169873,2.1626499531645953
2017-12-14,2.0,0.531619060601824,1.0695803603164031,2.1660298686017208
2017-12-15,2.0,0.5318335215002935,1.0695803603164031,2.175158718099736
2017-12-18,2.0,0.5316228597945433,1.0687656339532037,2.1714700566587393
2017-12-19,2.0,0.5316639669000335,1.0695803603164031,2.1714700566587393
2017-12-20,2.0,0.5316313712066066,1.0695803603164031,2.1752755009530746
2017-12-21,2.0,0.5316639669000335,1.0690631442962797,2.1714700566587393
2017-12-22,2.0,0.5324969262703007,1.0697347351540014,2.1714700566587393
2017-12-26,2.0,0.5315297991383705,1.0705862061284415,2.1752445927189235
2017-12-27,2.0,0.5273536983121391,1.065338242416347,2.175159483056278
2017-12-28,2.0,0.5351953765841462,1.0639157267632604,2.176357978540344
2017-12-29,2.0,0.5353329389212799,1.0658750268857613,2.182176220834026
2018-01-02,2.0,0.5345356400138683,1.0674878895408118,2.188869069176611
2018-01-03,2.0,0.5353586905047341,1.06870335859736,2.1855513358172414
2018-01-04,2.0,0.5353586905047341,1.0721233360614058,2.1886944845889746
2018-01-05,2.0,0.5346322435361989,1.074257929985385,2.188912425751721
2018-01-08,2.0,0.5346322435361989,1.0701371482336144,2.193392922366117
2018-01-09,2.0,0.5346322435361989,1.0714358015751881,2.193392922366117
2018-01-10,2.0,0.5346322435361989,1.0708495341767414,2.193392922366117
2018-01-11,2.0,0.5346322435361989,1.0719468339777674,2.1934636677738126
2018-01-12,2.0,0.5333173378459539,1.0707148914597424,2.1937629100145895
2018-01-16,2.0,0.5325943043263689,1.0715075594969097,2.1934636677738126
2018-01-17,2.0,0.5325943043263689,1.0725740286247047,2.1889142015415746
2018-01-18,2.0,0.5325943043263689,1.0715075594969097,2.19071992269703
2018-01-19,2.0,0.5292459526131497,1.0709631613104933,2.203544309623913
2018-01-22,2.0,0.5291262779005201,1.072836586169625,2.2061552555420194
2018-01-23,2.0,0.5219424182398413,1.0695610971746499,2.218920568331297
2018-01-24,2.0,0.5219424182398413,1.0718555053531977,2.2179969126711843
2018-01-25,2.0,0.5203851639997884,1.0718555053531977,2.2179969126711843
2018-01-26,2.0,0.5203851639997884,1.0718555053531977,2.2179969126711843
2018-01-29,2.0,0.5203018419271321,1.0722889715797095,2.2179969126711843
2018-01-30,2.0,0.5166909144905613,1.0722889715797095,2.218930202422604
2018-01-31,2.0,0.5213109693086833,1.071879218149753,2.2179969126711843
2018-02-01,2.0,0.5219879037144113,1.0719049316928821,2.2174157624890203
2018-02-02,2.0,0.5219562821536753,1.071879218149753,2.2039519747530782
2018-02-05,2.0,0.5209387936503028,1.0725334711721874,2.1912829031848635
2018-02-06,2.0,0.5195596786000087,1.0746078491097286,2.189613086576335
2018-02-07,2.0,0.5195596786000087,1.073053518246898,2.188701400151459
2018-02-08,2.0,0.5195425799357958,1.070363393244945,2.1913216228559005
2018-02-09,2.0,0.5195325885440343,1.0720457646758716,2.199808913723368
2018-02-12,2.0,0.5187298889376699,1.0726642782736997,2.193489897817263
2018-02-13,2.0,0.5175824237468809,1.0720457646758716,2.191162873085616
2018-02-14,2.0,0.5175824237468809,1.0744121905818562,2.1936014474880303
2018-02-15,2.0,0.5155428230401309,1.0756532641812275,2.1935725441573752
2018-02-16,2.0,0.513384690296497,1.0765388341676845,2.191162873085616
2018-02-20,2.0,0.511223206757173,1.0787392543762195,2.1936080324328655
2018-02-21,2.0,0.5129144357028337,1.0804231986345207,2.2010230884811994
2018-02-22,2.0,0.5129144357028337,1.0795906145383232,2.2010230884811994
2018-02-23,2.0,0.5129144357028337,1.0801606147466867,2.2005708318295536
2018-02-26,2.0,0.5129195812376964,1.079328030650489,2.2010230884811994
2018-02-27,2.0,0.5137960541629963,1.079328030650489,2.2010230884811994
2018-02-28,2.0,0.5137960541629963,1.0801606147466867,2.2005708318295536
2018-03-01,2.0,0.5137960541629963,1.0815995668241998,2.2010923778126767
2018-03-02,2.0,0.5138128665167144,1.0787824591439041,2.2067890648899757
2018-03-05,2.0,0.5135824491017397,1.076819878732182,2.188007076767413
2018-03-06,2.0,0.5129144357028337,1.0787846686602651,2.1853151590739825
2018-03-07,2.0,0.5128847628899256,1.0793680958540832,2.1907302379531317
2018-03-08,2.0,0.5128847628899256,1.0776851012670088,2.1907302379531317
2018-03-09,2.0,0.5128847628899256,1.079449077739333,2.1894752670009967
2018-03-12,2.0,0.5128847628899256,1.0780335732502295,2.1997610742548095
2018-03-13,2.0,0.5129257597673039,1.0781194145986932,2.211942527806548
2018-03-14,2.0,0.5129257597673039,1.0794469633609505,2.211942527806548
2018-03-15,2.0,0.5132678704303476,1.0816485954536903,2.2387312471188285
2018-03-16,2.0,0.5132678704303476,1.0780335732502295,2.2561026786296887
2018-03-19,2.0,0.5129257597673039,1.0752278387563832,2.2497341389877716
2018-03-20,2.0,0.5129257597673039,1.0748721155097458,2.2723098356874702
2018-03-21,2.0,0.5128635683812586,1.075840102218619,2.2723098356874702
2018-03-22,2.0,0.5129257597673039,1.0778188156246928,2.2453390477277617
2018-03-23,2.0,0.5129257597673039,1.0768087321931996,2.2453390477277617
2018-03-26,2.0,0.5142790916749977,1.0780335732502295,2.2723098356874702
2018-03-27,2.0,0.5129257597673039,1.0791992519784233,2.271124708478454
2018-03-28,2.0,0.5129257597673039,1.0768087321931996,2.2541824326348943
2018-03-29,2.0,0.5128804494684792,1.0788202725182776,2.269426886795291
2018-04-02,2.0,0.5129190999731522,1.0800758714372545,2.2699590279479156
2018-04-03,2.0,0.5125650486073218,1.0798049836113355,2.2699590279479156
2018-04-04,2.0,0.5125650486073218,1.0798049836113355,2.2761058789789237
2018-04-05,2.0,0.5125650486073218,1.0808420424564023,2.2699183632445874
2018-04-06,2.0,0.5129190999731522,1.0808420424564023,2.261639490049237
2018-04-09,2.0,0.5133985111998751,1.0825811893916404,2.2493095843209865
2018-04-10,2.0,0.5133985111998751,1.0829446984459672,2.2616801547525656
2018-04-11,2.0,0.519522506442357,1.0831111096170236,2.282440477880373
2018-04-12,2.0,0.519522506442357,1.0812805972470336,2.2825332008754975
2018-04-13,2.0,0.5133985111998751,1.0781486896868993,2.2769640437187224
2018-04-16,2.0,0.5133985111998751,1.07789771128229,2.2769640437187224
2018-04-17,2.0,0.5133985111998751,1.0775905056118609,2.277806730789037
2018-04-18,2.0,0.5133985111998751,1.079730904817184,2.279104348635525
2018-04-19,2.0,0.5159980600199812,1.0796254015863505,2.2770789720990225
2018-04-20,2.0,0.5189652140960997,1.079730904817184,2.2625797505202314
2018-04-23,2.0,0.5159980600199812,1.0816565164851824,2.2545381212125433
2018-04-24,2.0,0.5209180806596649,1.084459272418656,2.281200836628847
2018-04-25,2.0,0.5189652140960997,1.0853425699460968,2.2712480706114158
2018-04-26,2.0,0.5189652140960997,1.08552827998804,2.268102373739822
2018-04-27,2.0,0.5190379099586729,1.0849508579162686,2.262188132322248
2018-04-30,2.0,0.5188802003074245,1.0849508579162686,2.262147679888435
2018-05-01,2.0,0.5169422286962739,1.0839915434408605,2.238287073581718
2018-05-02,2.0,0.5159606392208089,1.0845472925054929,2.2439128099780663
2018-05-03,2.0,0.5159457294238646,1.085061313456635,2.2457003910578153
2018-05-04,2.0,0.5133941721206448,1.085061313456635,2.2495689881073857
2018-05-07,2.0,0.5133390142038904,1.085061313456635,2.238757144906331
2018-05-08,2.0,0.5133390142038904,1.0816284150369369,2.2564295139508657
2018-05-09,2.0,0.513333473449016,1.0831799209002566,2.238756724261259
2018-05-10,2.0,0.509616006174126,1.0831799209002566,2.226523777845854
2018-05-11,2.0,0.509616006174126,1.079109209697132,2.226523777845854
2018-05-14,2.0,0.509705085406547,1.0822640637936105,2.25644990122267
2018-05-15,2.0,0.509705085406547,1.0779100812299665,2.2587374234309765
2018-05-16,2.0,0.509705085406547,1.0764561530481562,2.2620746435499774
2018-05-17,2.0,0.5100123246496915,1.0769509030764293,2.262200498716525
2018-05-18,2.0,0.509705085406547,1.076267095744074,2.26551592219737
2018-05-21,2.0,0.5100123246496915,1.0761473358371294,2.26551592219737
2018-05-22,2.0,0.5100123246496915,1.0754071510873366,2.2690043423978468
2018-05-23,2.0,0.509525738865887,1.07529465489748,2.2752952369267496
2018-05-24,2.0,0.5095261629379593,1.076051144901581,2.276605587991152
2018-05-25,2.0,0.509525738865887,1.076051144901581,2.2751950632573674
2018-05-29,2.0,0.5100084148766518,1.0755744376221077,2.2766731558755238
2018-05-30,2.0,0.5117377938065535,1.0755744376221077,2.2790862139919974
2018-05-31,2.0,0.5106755642104729,1.0758683226474497,2.2904044352625417
2018-06-01,2.0,0.5065899055392857,1.0731251911038022,2.2904044352625417
2018-06-04,2.0,0.5103821121419198,1.0731836637786296,2.2796070770918018
2018-06-05,2.0,0.505019916617663,1.0737013583744475,2.2904044352625417
2018-06-06,2.0,0.5065866871551952,1.0709870776954125,2.2793611565403267
2018-06-07,2.0,0.5049032346736769,1.0731836637786296,2.2926841079073266
2018-06-08,2.0,0.5037705433689318,1.0709317529400653,2.3047795101966884
2018-06-11,2.0,0.5034894767341651,1.0703277836157374,2.3047795101966884
2018-06-12,2.0,0.5034894767341651,1.0707740804022818,2.3047795101966884
2018-06-13,2.0,0.5034573574460514,1.0701334769093185,2.3047795101966884
2018-06-14,2.0,0.5034573574460514,1.0709502680602658,2.303371767919269
2018-06-15,2.0,0.5034870112125721,1.073193337917825,2.303371767919269
2018-06-18,2.0,0.5034879985456505,1.0727240188044553,2.3086638073170613
2018-06-19,2.0,0.49974298062236583,1.0760244580961258,2.3065713905318703
2018-06-20,2.0,0.4980670271822601,1.0765033590210797,2.3065713905318703
2018-06-21,2.0,0.4980670271822601,1.0751580829069218,2.31272807747243
2018-06-22,2.0,0.4980670271822601,1.079313498422112,2.31272807747243
2018-06-25,2.0,0.4970440827252439,1.0769648909444491,2.3163218282477227
2018-06-26,2.0,0.49503218401255,1.0769648909444491,2.3177716154864374
2018-06-27,2.0,0.4952079774507168,1.0784447838243156,2.3325054942488523
2018-06-28,2.0,0.49503218401255,1.0780612349360963,2.332521797974247
2018-06-29,2.0,0.49516098624102517,1.0770358308431502,2.33531983626662
2018-07-02,2.0,0.49498013927824797,1.0716638677468024,2.3388135018858964
2018-07-03,2.0,0.4950416083689325,1.0745023274659462,2.3424234398283774
2018-07-05,2.0,0.49500189055796284,1.0725823527828933,2.3388135018858964
2018-07-06,2.0,0.49500189055796284,1.0753878201977831,2.332929033540773
2018-07-09,2.0,0.49500189055796284,1.0737018262658067,2.3239370303828815
2018-07-10,2.0,0.49500189055796284,1.0748759365162903,2.3391676587997066
2018-07-11,2.0,0.49697014247294086,1.076309013604276,2.3391676587997066
2018-07-12,2.0,0.49500189055796284,1.0760845828671284,2.332929033540773
2018-07-13,2.0,0.49498013927824797,1.0768492434966919,2.332929033540773
2018-07-16,2.0,0.49143488734705865,1.0768492434966919,2.332929033540773
2018-07-17,2.0,0.48992912448231746,1.0760638697862888,2.3438586129954366
2018-07-18,2.0,0.4895421989034795,1.076617914050077,2.3512678413878034
2018-07-19,2.0,0.4909582713916496,1.0777116682347152,2.3640247754278696
2018-07-20,2.0,0.4909837238320146,1.0782860126090261,2.3564553737613374
2018-07-23,2.0,0.49094196787448935,1.0790488260554958,2.3772147105370833
2018-07-24,2.0,0.49094196787448935,1.0789370788974237,2.3780987960569853
2018-07-25,2.0,0.49094196787448935,1.0796922513932166,2.3780987960569853
2018-07-26,2.0,0.4884241575669114,1.080101077035521,2.3784321805743462
2018-07-27,2.0,0.48992352490708596,1.0812856982792718,2.3899696578044707
2018-07-30,2.0,0.49094626344442277,1.0841897010233068,2.3784321805743462
2018-07-31,2.0,0.4900792930391781,1.0835359763412598,2.3889297818824655
2018-08-01,2.0,0.49094626344442277,1.0810033981121865,2.3782173093324346
2018-08-02,2.0,0.49094626344442277,1.0792067137018968,2.3764213684311937
2018-08-03,2.0,0.49088152139184604,1.0793986413635,2.3782173093324346
2018-08-06,2.0,0.49088152139184604,1.080097095510122,2.377955408433058
2018-08-07,2.0,0.49526501009166163,1.0816611594066643,2.3768131334404385
2018-08-08,2.0,0.49526501009166163,1.0806155810934568,2.3627689956511135
2018-08-09,2.0,0.49265493914665165,1.0824905756596923,2.3627689956511135
2018-08-10,2.0,0.49265493914665165,1.0838594750192025,2.376981774311393
2018-08-13,2.0,0.4926730370446021,1.0817456028278758,2.376981774311393
2018-08-14,2.0,0.4926730370446021,1.0807844514705816,2.376981774311393
2018-08-15,2.0,0.49673584353508526,1.0812328659130044,2.376981774311393
2018-08-16,2.0,0.49673584353508526,1.0805270758949617,2.376981774311393
2018-08-17,2.0,0.49255768399859096,1.0802317397192565,2.376981774311393
2018-08-20,2.0,0.5012666914725173,1.0797130599334592,2.3700938350917307
2018-08-21,2.0,0.49384843138479134,1.0805270758949617,2.3700938350917307
2018-08-22,2.0,0.4945267682449458,1.0810131612116614,2.3700938350917307
2018-08-23,2.0,0.4952190945093112,1.0816897676804835,2.3700938350917307
2018-08-24,2.0,0.49553099306395465,1.0841896361746337,2.3700938350917307
2018-08-27,2.0,0.4953419151348146,1.0821927154898638,2.3700938350917307
2018-08-28,2.0,0.49525138720622,1.0851023037486787,2.3700938350917307
2018-08-29,2.0,0.49525138720622,1.0841037335948136,2.376981774311393
2018-08-30,2.0,0.49420538963229127,1.0841037335948136,2.360726592171256
2018-08-31,2.0,0.49420538963229127,1.0841037335948136,2.349911473831854
2018-09-04,2.0,0.49522860695179927,1.0837858013350434,2.349911473831854
2018-09-05,2.0,0.49522860695179927,1.0837252290846138,2.349862944932661
2018-09-06,2.0,0.49522860695179927,1.083878830824276,2.342442477860126
2018-09-07,2.0,0.49522860695179927,1.082277013604481,2.342442477860126
2018-09-10,2.0,0.49522860695179927,1.0850295899347548,2.342442477860126
2018-09-11,2.0,0.49522860695179927,1.0834626679555295,2.342442477860126
2018-09-12,2.0,0.49699216945297453,1.083878830824276,2.33470044054379
2018-09-13,2.0,0.49722726658590777,1.0865909233531594,2.33470044054379
2018-09-14,2.0,0.49522860695179927,1.0858765390382623,2.33470044054379
2018-09-17,2.0,0.49722726658590777,1.0873968369834504,2.360711583125631
2018-09-18,2.0,0.4977972607314947,1.0862154002515534,2.3622942617263196
2018-09-19,2.0,0.49824927005178404,1.0862154002515534,2.360711583125631
2018-09-20,2.0,0.49824927005178404,1.0849963901822566,2.376743267730721
2018-09-21,2.0,0.49524114075981446,1.0834271258312538,2.3938795354844316
2018-09-24,2.0,0.498185340654435,1.0833445939366073,2.3987634745797686
2018-09-25,2.0,0.49524114075981446,1.0857778507705889,2.4139741572349545
2018-09-26,2.0,0.49524114075981446,1.0872705780313325,2.424373647275377
2018-09-27,2.0,0.49524114075981446,1.0833630864054997,2.415794058951549
2018-09-28,2.0,0.4947425232989991,1.0846022015445702,2.4139741572349545
2018-10-01,2.0,0.4947425232989991,1.0840714100718754,2.3904713116297076
2018-10-02,2.0,0.49522072457162936,1.0832673387846916,2.388000045870905
2018-10-03,2.0,0.49522072457162936,1.0839015552913067,2.390620050651215
2018-10-04,2.0,0.49522072457162936,1.0853248612542963,2.3952246658331586
2018-10-05,2.0,0.4938105328809966,1.0867619149420453,2.3584931302928975
2018-10-08,2.0,0.49522072457162936,1.0849359898542363,2.3852613490302943
2018-10-09,2.0,0.49522072457162936,1.0836898630857332,2.388062682692367
2018-10-10,2.0,0.4961874500123445,1.0849359898542363,2.388062682692367
2018-10-11,2.0,0.496183166014958,1.085390874495356,2.388008652860984
2018-10-12,2.0,0.4939557276331229,1.0851819275932284,2.388008652860984
2018-10-15,2.0,0.4939557276331229,1.0887684399573483,2.3879357347971384
2018-10-16,2.0,0.49392452291821015,1.0865889786850396,2.3879357347971384
2018-10-17,2.0,0.4939557276331229,1.0849145649106304,2.4061766227987698
2018-10-18,2.0,0.4921575858110398,1.0855912524595985,2.388008652860984
2018-10-19,2.0,0.49251756224208576,1.084073052752687,2.402234160762495
2018-10-22,2.0,0.48927860569160364,1.0820966829289849,2.38750785346462
2018-10-23,2.0,0.48929122721259144,1.081710078361008,2.358014722535497
2018-10-24,2.0,0.48697906902622234,1.0818621037182115,2.3578652267317035
2018-10-25,2.0,0.4932383092000836,1.0820966829289849,2.3601073633768097
2018-10-26,2.0,0.49306468200973347,1.0820966829289849,2.3578652267317035
2018-10-29,2.0,0.4924896059310926,1.0818621037182115,2.3397835610398756
2018-10-30,2.0,0.48958617370347823,1.08102467197863,2.336000624695108
2018-10-31,2.0,0.4925667845685872,1.0832918365243063,2.335438974535804
2018-11-01,2.0,0.4925667845685872,1.0819211652027065,2.335438974535804
2018-11-02,2.0,0.4896182179435495,1.0848231927612164,2.335438974535804
2018-11-05,2.0,0.49249654366553675,1.0858704527534095,2.335438974535804
2018-11-06,2.0,0.49250360478883726,1.0858923794932067,2.335438974535804
2018-11-07,2.0,0.4927109854894409,1.0872589755783837,2.336000624695108
2018-11-08,2.0,0.4927109854894409,1.0872589755783837,2.336000624695108
2018-11-09,2.0,0.4919879693968259,1.0884096590554702,2.336000624695108
2018-11-12,2.0,0.4919879693968259,1.0872589755783837,2.336000624695108
2018-11-13,2.0,0.4927118230043873,1.0875214524556078,2.3396924249756945
2018-11-14,2.0,0.491943937418975,1.0875214524556078,2.370754106044051
2018-11-15,2.0,0.491943937418975,1.087338461628594,2.370754106044051
2018-11-16,2.0,0.491943937418975,1.0863101250009595,2.3667278310805906
2018-11-19,2.0,0.4901923452821571,1.0860860513549495,2.3667278310805906
2018-11-20,2.0,0.48949322931964656,1.0845118083549834,2.370754106044051
2018-11-21,2.0,0.4894599765864201,1.0846113572518763,2.355113970787723
2018-11-23,2.0,0.4901765316061839,1.085385335498343,2.3728780265112346
2018-11-26,2.0,0.49064759147832776,1.0857754991903037,2.3728780265112346
2018-11-27,2.0,0.490969929642981,1.0857754991903037,2.3707356195954685
2018-11-28,2.0,0.49196353415204697,1.086201360640926,2.371163062075674
2018-11-29,2.0,0.49196353415204697,1.0863860779799266,2.3680589679185085
2018-11-30,2.0,0.49052107273708095,1.0860868691934928,2.364563374187721
2018-12-03,2.0,0.4894655113707672,1.0877910753708788,2.3680589679185085
2018-12-04,2.0,0.4882956393057489,1.0860868691934928,2.3680589679185085
2018-12-06,2.0,0.4882799827490907,1.0860868691934928,2.364563374187721
2018-12-07,2.0,0.4882799827490907,1.0851382685109805,2.364563374187721
2018-12-10,2.0,0.4877011613233918,1.0865471574229841,2.364563374187721
2018-12-11,2.0,0.4877011613233918,1.0874402980940787,2.364563374187721
2018-12-12,2.0,0.48768395829966277,1.0879001067062704,2.3680608401755427
2018-12-13,2.0,0.48768395829966277,1.0895736519553614,2.3488175198331382
2018-12-14,2.0,0.48831562062186373,1.0897000734712634,2.3940989568229343
2018-12-17,2.0,0.48831562062186373,1.0888371777055545,2.3940989568229343
2018-12-18,2.0,0.48828191011146116,1.0892724541815269,2.3963610940333258
2018-12-19,2.0,0.4862595712112536,1.0871084469560557,2.396922463375393
2018-12-20,2.0,0.4862525380097363,1.0880322470938713,2.4005196343874076
2018-12-21,2.0,0.48621733740777423,1.0877277118770685,2.3834725120955484
2018-12-24,2.0,0.47978737743784444,1.0854353867807558,2.3964470408457936
2018-12-26,2.0,0.47978737743784444,1.0861415385630608,2.3964470408457936
2018-12-27,2.0,0.47978737743784444,1.0884066875144516,2.366124684101685
2018-12-28,2.0,0.47978737743784444,1.089998330881849,2.364497339019232
2018-12-31,2.0,0.47961438586118477,1.090868181053543,2.360509900883787
2019-01-02,2.0,0.47961438586118477,1.0931702054732517,2.3565416110894177
2019-01-03,2.0,0.48242120889712237,1.090868181053543,2.3565416110894177
2019-01-04,2.0,0.4857691961743324,1.087592162350769,2.3558931578529587
2019-01-07,2.0,0.4857691961743324,1.0909875594459901,2.402661649649016
2019-01-08,2.0,0.4848998439431923,1.0928603191902462,2.3728306421101513
2019-01-09,2.0,0.48541668652935976,1.0941701846723824,2.372784143184014
2019-01-10,2.0,0.4796435098809625,1.09428033252492,2.3552982972803087
2019-01-11,2.0,0.4796435098809625,1.0959582174747586,2.351547279854694
2019-01-14,2.0,0.4796435098809625,1.0945672582874884,2.3708332812139346
2019-01-15,2.0,0.4796435098809625,1.0954000074148271,2.3831566510061206
2019-01-16,2.0,0.4796435098809625,1.0910453525027832,2.38023346573514
2019-01-17,2.0,0.4797858078322204,1.0920964378276654,2.3627288841536345
2019-01-18,2.0,0.48396766743331515,1.0901411192576402,2.3699259318741643
2019-01-22,2.0,0.48334886614962685,1.0904657345438749,2.4068593654984487
2019-01-23,2.0,0.4874270760533937,1.0939552197792692,2.4068593654984487
2019-01-24,2.0,0.48391984241287733,1.0956701948548861,2.4103878412244675
2019-01-25,2.0,0.48395454293923246,1.0920964378276654,2.4103878412244675
2019-01-28,2.0,0.48395454293923246,1.0960756548440722,2.4286884379578315
2019-01-29,2.0,0.48395454293923246,1.096166922993569,2.4286884379578315
2019-01-30,2.0,0.48278938343882477,1.0949785681039255,2.4286884379578315
2019-01-31,2.0,0.48274910014000083,1.0937361307551607,2.4304526053155118
2019-02-01,2.0,0.48261465620096605,1.0937361307551607,2.4304526053155118
2019-02-04,2.0,0.48266110641843424,1.0949785681039255,2.439344601954869
2019-02-05,2.0,0.48281941546824114,1.0970557942913937,2.449236973954064
2019-02-06,2.0,0.48281941546824114,1.0937855045444715,2.449236973954064
2019-02-07,2.0,0.4816199487622822,1.0949785681039255,2.430886959466446
2019-02-08,2.0,0.48423176499415627,1.0981119602169658,2.430595606539334
2019-02-11,2.0,0.48261465620096605,1.0981119602169658,2.425670927953196
2019-02-12,2.0,0.48261465620096605,1.0961977295453753,2.430563548434521
2019-02-13,2.0,0.48264389777205,1.0941983552499526,2.425670927953196
2019-02-14,2.0,0.48266625229349397,1.0934923509512766,2.430563548434521
2019-02-15,2.0,0.48264389777205,1.0932471615837285,2.430426315550443
2019-02-19,2.0,0.47955801877152465,1.0947872155706357,2.4308145310699523
2019-02-20,2.0,0.47955801877152465,1.0985171642611202,2.4304580128465147
2019-02-21,2.0,0.48045923621368836,1.0937303950375585,2.4191513943075993
2019-02-22,2.0,0.47701911563055316,1.094051034304571,2.4072380885494815
2019-02-25,2.0,0.47701911563055316,1.092391615145071,2.4306842178466272
2019-02-26,2.0,0.477026931382325,1.0949022273500135,2.4306842178466272
2019-02-27,2.0,0.477026931382325,1.0914989852012775,2.4194348341029612
2019-02-28,2.0,0.47708123850952766,1.094051034304571,2.4306842178466272
2019-03-01,2.0,0.4803957290274833,1.093755091507766,2.441125086959978
2019-03-04,2.0,0.4803944448174345,1.0923631420654512,2.4306842178466272
2019-03-05,2.0,0.4803791423704536,1.0943000659262627,2.4234184947506954
2019-03-06,2.0,0.4804298110278839,1.0959702741818214,2.4234184947506954
2019-03-07,2.0,0.4784034475825283,1.0963233602512314,2.433892438729722
2019-03-08,2.0,0.4804298110278839,1.098958565992112,2.44118739865643
2019-03-11,2.0,0.4804298110278839,1.098958565992112,2.4527554611122437
2019-03-12,2.0,0.47843547415065457,1.097916275465486,2.4606755846533224
2019-03-13,2.0,0.4804298110278839,1.0966687495683598,2.4606755846533224
2019-03-14,2.0,0.4784236974976124,1.0979069364662633,2.4606755846533224
2019-03-15,2.0,0.4784236974976124,1.0957346992582337,2.4688704709655878
2019-03-18,2.0,0.47885023160088497,1.0985469631744578,2.4776720463227693
2019-03-19,2.0,0.479544917894493,1.0993240382019813,2.477736893213461
2019-03-20,2.0,0.4872395255571851,1.0978138827765531,2.477736893213461
2019-03-21,2.0,0.48434058084995707,1.0978025389743629,2.4776604307027816
2019-03-22,2.0,0.4877657134746867,1.096803947359612,2.4628000721880525
2019-03-25,2.0,0.4877657134746867,1.096803947359612,2.4775143162065665
2019-03-26,2.0,0.4872559906011773,1.0974280458419594,2.4625586234066086
2019-03-27,2.0,0.4884510550742227,1.0964003627864667,2.4690053312801767
2019-03-28,2.0,0.4877657134746867,1.0963047120809315,2.470896979325366
2019-03-29,2.0,0.48891790335575697,1.0961267306982196,2.470626317761901
2019-04-01,2.0,0.4914813662750398,1.0961267306982196,2.470626317761901
2019-04-02,2.0,0.49134583945638616,1.0952006780010546,2.470626317761901
2019-04-03,2.0,0.48330018626869825,1.0943006066057714,2.470695760449412
2019-04-04,2.0,0.4830593080356589,1.0959060648005845,2.4688041124042224
2019-04-05,2.0,0.47654574670500577,1.0943006066057714,2.4688041124042224
2019-04-08,2.0,0.47654574670500577,1.0916511538841929,2.4749091762545725
2019-04-09,2.0,0.4765511402535301,1.091240694894284,2.4765454977964514
2019-04-10,2.0,0.47707652027869574,1.089585423372863,2.4749091762545725
2019-04-11,2.0,0.47707652027869574,1.0886052101786703,2.4765454977964514
2019-04-12,2.0,0.47707652027869574,1.0913648946662815,2.4765454977964514
2019-04-15,2.0,0.47654574670500577,1.0914119248080665,2.4765454977964514
2019-04-16,2.0,0.47654574670500577,1.0907420838319066,2.4826705667510853
2019-04-17,2.0,0.485418984143321,1.0892496942694887,2.484339542205961
2019-04-18,2.0,0.4852939150041069,1.0877210290413246,2.484339542205961
2019-04-22,2.0,0.48959296878205466,1.087228589258319,2.4814135105634545
2019-04-23,2.0,0.4887781380821722,1.0882410329522645,2.4826705667510853
2019-04-24,2.0,0.485499619272275,1.092450592611282,2.4826705667510853
2019-04-25,2.0,0.4854923694922898,1.0928821273381648,2.4826705667510853
2019-04-26,2.0,0.48472003364969485,1.0933367955465356,2.4826705667510853
2019-04-29,2.0,0.4844444642857682,1.091807663382654,2.4674941854574053
2019-04-30,2.0,0.4844444642857682,1.0888549953325755,2.482912794975281
2019-05-01,2.0,0.4834993539707506,1.092888377187144,2.4831118971600565
2019-05-02,2.0,0.4816536651749732,1.0919922108250824,2.4831118971600565
2019-05-03,2.0,0.4816536651749732,1.0916066031936729,2.4950893739427573
2019-05-06,2.0,0.48139833271621807,1.0906314498040848,2.4831118971600565
2019-05-07,2.0,0.48139833271621807,1.0906314498040848,2.4817669379708285
2019-05-08,2.0,0.4789086675901492,1.091535150841167,2.4817669379708285
2019-05-09,2.0,0.4813976838733924,1.0929848781415408,2.4669783037553112
2019-05-10,2.0,0.4813981738706954,1.0959771798922473,2.4700865295567875
2019-05-13,2.0,0.4773225482349003,1.0988737374351598,2.4700865295567875
2019-05-14,2.0,0.47730044896412555,1.0993579569269412,2.480629591975689
2019-05-15,2.0,0.47460639144359545,1.1011569037252928,2.458156872751317
2019-05-16,2.0,0.47412320722829815,1.1019836286047808,2.466650683553736
2019-05-17,2.0,0.47298481371069234,1.1018045888015513,2.466650683553736
2019-05-20,2.0,0.4770721013596617,1.1017558572283213,2.4699357988415915
2019-05-21,2.0,0.4746533098761881,1.1017558572283213,2.466650683553736
2019-05-22,2.0,0.4772206695814152,1.1018339312521739,2.4670873562311715
2019-05-23,2.0,0.47710356014397864,1.101721538695799,2.4611144588141842
2019-05-24,2.0,0.474554514765391,1.0991049639468107,2.456455147016052
2019-05-28,2.0,0.47451045922976043,1.0985205765983392,2.47287081799452
2019-05-29,2.0,0.47451045922976043,1.0978513110273187,2.4612827890926514
2019-05-30,2.0,0.47451045922976043,1.0964754719742922,2.4612827890926514
2019-05-31,2.0,0.47455392954496195,1.097168180234011,2.461209688773628
2019-06-03,2.0,0.47455392954496195,1.0993733457059705,2.4704517965000394
2019-06-04,2.0,0.4724401165626393,1.1010234091111033,2.461209688773628
2019-06-05,2.0,0.4724401165626393,1.097168180234011,2.4704517965000394
2019-06-06,2.0,0.4724401165626393,1.098662830738782,2.4704517965000394
2019-06-07,2.0,0.4724401165626393,1.097168180234011,2.4704517965000394
2019-06-10,2.0,0.47208019787787686,1.1033323706088436,2.471998413570916
2019-06-11,2.0,0.4718199232246373,1.1016454100826203,2.4721222500607714
2019-06-12,2.0,0.4713379226520968,1.100252367523726,2.4734297316274567
2019-06-13,2.0,0.47182704810661563,1.1019982971522932,2.4704517965000394
2019-06-14,2.0,0.47208019787787686,1.1009166592805806,2.474342131751459
2019-06-17,2.0,0.47208019787787686,1.1001732405689566,2.474342131751459
2019-06-18,2.0,0.4717970823718017,1.1001732405689566,2.473326103816937
2019-06-19,2.0,0.4707541751104929,1.101645766282307,2.474342131751459
2019-06-20,2.0,0.4707541751104929,1.097340847330583,2.474442647628734
2019-06-21,2.0,0.4737626733262423,1.1001732405689566,2.489379780805509
2019-06-24,2.0,0.4737626733262423,1.1027655519571302,2.489379780805509
2019-06-25,2.0,0.47205337211497245,1.099056563927658,2.5120201076671864
2019-06-26,2.0,0.4707541751104929,1.099056563927658,2.5110693669405117
2019-06-27,2.0,0.470557171960896,1.098154891104874,2.5085640020585718
2019-06-28,2.0,0.470557171960896,1.1030532071307695,2.5110693669405117
2019-07-01,2.0,0.46964897713876236,1.1030532071307695,2.5124828444068688
2019-07-02,2.0,0.470557171960896,1.1046668617587363,2.508588195926854
2019-07-03,2.0,0.4673642610810706,1.1026959695142355,2.5122109120743907
2019-07-05,2.0,0.4696463895269613,1.1033973830480845,2.508588195926854
2019-07-08,2.0,0.4673420008133295,1.101063055991257,2.512270399116727
2019-07-09,2.0,0.4673420008133295,1.0999603043205157,2.5081363655285753
2019-07-10,2.0,0.46961785269513134,1.0971350750469784,2.5124643389889174
2019-07-11,2.0,0.4696655589496951,1.098745793270286,2.53020255926837
2019-07-12,2.0,0.46615315906569704,1.0999564761233285,2.53020255926837
2019-07-15,2.0,0.4661674915548516,1.101371437990497,2.5241635739255885
2019-07-16,2.0,0.4661674915548516,1.0982880703573221,2.5288468025800874
2019-07-17,2.0,0.46961785269513134,1.1010548846483261,2.53020255926837
2019-07-18,2.0,0.46966529539370017,1.099738299939432,2.535980924870339
2019-07-19,2.0,0.4712289863552852,1.099738299939432,2.5541800156470957
2019-07-22,2.0,0.4733656295672821,1.099738299939432,2.5531251502869736
2019-07-23,2.0,0.4742461284533432,1.101037062400446,2.53020255926837
2019-07-24,2.0,0.47513611465765065,1.1076986273193432,2.5330560334982066
2019-07-25,2.0,0.47511897107817164,1.1059538840436045,2.53020255926837
2019-07-26,2.0,0.47122939294644384,1.1057676591925936,2.5301343291098495
2019-07-29,2.0,0.4712663654347442,1.1053647497806518,2.526945755156244
2019-07-30,2.0,0.4699830098524039,1.1053647497806518,2.528520634752787
2019-07-31,2.0,0.4711869742824298,1.1046302527487921,2.53020255926837
2019-08-01,2.0,0.4711869742824298,1.1057564599213041,2.53020255926837
2019-08-02,2.0,0.4700330779744136,1.1090597845622174,2.5379013327970372
2019-08-05,2.0,0.4700330779744136,1.1092825545598708,2.5429640676268885
2019-08-06,2.0,0.46895577307065056,1.1103769263549164,2.5429640676268885
2019-08-07,2.0,0.46895577307065056,1.1117061500534242,2.548560301594818
2019-08-08,2.0,0.47000949980786483,1.1117061500534242,2.548560301594818
2019-08-09,2.0,0.47104103824162685,1.1103769263549164,2.558825736181038
2019-08-12,2.0,0.4681588226128345,1.112869556480733,2.5583513674637532
2019-08-13,2.0,0.4678797419210381,1.111896871708149,2.5612919426823826
2019-08-14,2.0,0.4678797419210381,1.1118231938293675,2.564123376298898
2019-08-15,2.0,0.4678933355653796,1.1110197751513002,2.564123376298898
2019-08-16,2.0,0.46728416880545426,1.1095564955350388,2.564123376298898
2019-08-19,2.0,0.4640296757386073,1.1117768088412774,2.564123376298898
2019-08-20,2.0,0.46207491106873533,1.1117768088412774,2.5640673598655037
2019-08-21,2.0,0.4587687692950719,1.108085587942162,2.571566434002433
2019-08-22,2.0,0.46404895619987135,1.1095702015239044,2.5717076643661048
2019-08-23,2.0,0.4629004090774488,1.1095702015239044,2.577053685004799
2019-08-26,2.0,0.4629004090774488,1.111433415418698,2.5765570631105605
2019-08-27,2.0,0.46170874940989487,1.1115690389026152,2.578068920874443
2019-08-28,2.0,0.4629004090774488,1.1115690389026152,2.578068920874443
2019-08-29,2.0,0.4629004090774488,1.1115690389026152,2.578068920874443
2019-08-30,2.0,0.46173054176027595,1.110625506441563,2.59493978341315
2019-09-03,2.0,0.46117087300628623,1.110625506441563,2.5960844909337726
2019-09-04,2.0,0.45652539731987385,1.1111912494070832,2.6050829745395907
2019-09-05,2.0,0.45652539731987385,1.1117768088412774,2.5968122700750564
2019-09-06,2.0,0.45918330279669767,1.114773069431238,2.6297574678081297
2019-09-09,2.0,0.45918330279669767,1.1138046389221787,2.6297574678081297
2019-09-10,2.0,0.4596751168503105,1.111856034379731,2.6212060211962664
2019-09-11,2.0,0.45919795405810104,1.111141819343742,2.6354371761262083
2019-09-12,2.0,0.45775879379167456,1.1102379849732311,2.6298623742437557
2019-09-13,2.0,0.4571438343171458,1.1114865753393346,2.6298623742437557
2019-09-16,2.0,0.4560969544437626,1.1133391822285628,2.6212060211962664
2019-09-17,2.0,0.4560969544437626,1.1089221400691454,2.6212060211962664
2019-09-18,2.0,0.4555362094557313,1.1089221400691454,2.6212060211962664
2019-09-19,2.0,0.4555330279300222,1.1067295044958771,2.6298623742437557
2019-09-20,2.0,0.45581192526147074,1.1071101570803448,2.6298623742437557
2019-09-23,2.0,0.45581192526147074,1.1092986136593033,2.6298623742437557
2019-09-24,2.0,0.457154485726937,1.1111926196591153,2.621345851167155
2019-09-25,2.0,0.457154485726937,1.112073121078843,2.6354072311769188
2019-09-26,2.0,0.45509161860780845,1.1122680659289084,2.639034569174094
2019-09-27,2.0,0.4558150506338616,1.1076727755191484,2.6354072311769188
2019-09-30,2.0,0.4577264122835055,1.1123368349570264,2.622050583001296
2019-10-01,2.0,0.45710259946104437,1.1144582603352315,2.6210109398587074
2019-10-02,2.0,0.4570912674700708,1.1122119696272326,2.6210109398587074
2019-10-03,2.0,0.4547420609921767,1.1144582603352315,2.6118602356608247
2019-10-04,2.0,0.4547420609921767,1.1138098003790655,2.611883526709844
2019-10-07,2.0,0.4597659162788728,1.1139769948142435,2.6278899482322142
2019-10-08,2.0,0.4574634840837036,1.1138098003790655,2.6278899482322142
2019-10-09,2.0,0.4592882555419372,1.1133268223214463,2.6278899482322142
2019-10-10,2.0,0.45741019396779026,1.1138098003790655,2.6184704767801574
2019-10-11,2.0,0.45355384141395405,1.114785867741507,2.593641407866498
2019-10-14,2.0,0.45355384141395405,1.1115175251067009,2.591349529265619
2019-10-15,2.0,0.4541445170385017,1.110693764338131,2.5997972014429305
2019-10-16,2.0,0.4532148658442094,1.1105892013920915,2.622616555075519
2019-10-17,2.0,0.4535231422297194,1.1111943629748198,2.622616555075519
2019-10-18,2.0,0.4554713982632286,1.109941600834016,2.6219293520401754
2019-10-21,2.0,0.4554713982632286,1.1106103087314576,2.631219444386107
2019-10-22,2.0,0.4546996327338032,1.1106103087314576,2.631219444386107
2019-10-23,2.0,0.45413048205447076,1.1109923679423523,2.631219444386107
2019-10-24,2.0,0.4532148658442094,1.1109714830329627,2.631219444386107
2019-10-25,2.0,0.4522568392776325,1.1106103087314576,2.588946968979545
2019-10-28,2.0,0.4522636433025979,1.1096946983494247,2.606128875789926
2019-10-29,2.0,0.4522636433025979,1.1142903413866139,2.606128875789926
2019-10-30,2.0,0.4517600464335167,1.1121958095609157,2.623532093334214
2019-10-31,2.0,0.45224835619623655,1.1097476190666893,2.6276549040713664
2019-11-01,2.0,0.45226338535103844,1.1090116628245932,2.6276549040713664
2019-11-04,2.0,0.4523785786918403,1.1074266494879716,2.590175669798411
2019-11-05,2.0,0.4526964421629248,1.1084932761196882,2.589597006360124
2019-11-06,2.0,0.45318811825958805,1.1112644805666423,2.600680117410343
2019-11-07,2.0,0.4526964421629248,1.114767680722454,2.589364386507883
2019-11-08,2.0,0.4526964421629248,1.1144497552964072,2.549810749223709
2019-11-11,2.0,0.4526542327611068,1.1172375791691727,2.549810749223709
2019-11-12,2.0,0.45063345483624334,1.1171129902141623,2.5878720963607043
2019-11-13,2.0,0.4506104433535947,1.1161460711644056,2.5878720963607043
2019-11-14,2.0,0.44741311486391555,1.1174600239294525,2.600680117410343
2019-11-15,2.0,0.4506394054298991,1.1151306271738786,2.600680117410343
2019-11-18,2.0,0.45313854537903514,1.1154602945161658,2.600680117410343
2019-11-19,2.0,0.45313854537903514,1.117549589866121,2.5869651465928
2019-11-20,2.0,0.45313854537903514,1.1171595282350992,2.5869651465928
2019-11-21,2.0,0.4560454705035537,1.1179715698701442,2.5950270298253915
2019-11-22,2.0,0.4535559834751638,1.119221549077296,2.5923968150161043
2019-11-25,2.0,0.4524747859086385,1.1200174033790242,2.6124932110112598
2019-11-26,2.0,0.4524747859086385,1.119221549077296,2.6124932110112598
2019-11-27,2.0,0.4505847876917048,1.1193814511978584,2.6164794316106
2019-11-29,2.0,0.45145932386403775,1.1171699580011272,2.616237401289717
2019-12-02,2.0,0.45042409265890354,1.1163604542929475,2.616125215280386
2019-12-03,2.0,0.4544962906676007,1.11811230736738,2.6448667411600075
2019-12-04,2.0,0.45774368528703024,1.1150690608904097,2.6369371133185133
2019-12-05,2.0,0.458664094147757,1.1134486060394622,2.63044912668432
2019-12-06,2.0,0.45837651792102396,1.1136785067280535,2.6365877626400533
2019-12-09,2.0,0.45837651792102396,1.1155693305266783,2.652211530657259
2019-12-10,2.0,0.4586607279206738,1.115599814481745,2.6456073432726464
2019-12-11,2.0,0.45903377485914526,1.1164579308113183,2.6456073432726464
2019-12-12,2.0,0.4586607279206738,1.1183387247703904,2.6367178014456134
2019-12-13,2.0,0.45890510463600137,1.1163433719334772,2.6242736035367304
2019-12-16,2.0,0.45304477134279475,1.11570797898051,2.636689718136668
2019-12-17,2.0,0.45304477134279475,1.11570797898051,2.6445130555331486
2019-12-18,2.0,0.4541176862711254,1.1153858306723485,2.61928845890943
2019-12-19,2.0,0.45635602535454844,1.11570797898051,2.6370277118491496
2019-12-20,2.0,0.4589305090606857,1.1143686856888668,2.6370277118491496
2019-12-23,2.0,0.4590418670005404,1.1160857195358473,2.6370277118491496
2019-12-24,2.0,0.4589305090606857,1.1150112063162907,2.6445130555331486
2019-12-26,2.0,0.45897730882177545,1.1132346265025512,2.6445130555331486
2019-12-27,2.0,0.45814043420897743,1.114488809602512,2.653730800319212
2019-12-30,2.0,0.4581004954003463,1.110921528575058,2.653730800319212
2019-12-31,2.0,0.45813144823752605,1.1124401221273827,2.653808450120078
2020-01-02,2.0,0.45813144823752605,1.113579279319067,2.645646298905004
2020-01-03,2.0,0.45902058459899325,1.1172030223405256,2.645646298905004
2020-01-06,2.0,0.45813144823752605,1.118888479881722,2.653808450120078
2020-01-07,2.0,0.45902058459899325,1.1200783757822403,2.657687500955717
2020-01-08,2.0,0.459635353526464,1.117968771702787,2.657687500955717
2020-01-09,2.0,0.45811187940613085,1.1172030223405256,2.665379194332241
2020-01-10,2.0,0.456867727128485,1.1193799397916595,2.662654599231806
2020-01-13,2.0,0.45672500601762195,1.1181900438911412,2.662654599231806
2020-01-14,2.0,0.45811187940613085,1.1181900438911412,2.665501761922997
2020-01-15,2.0,0.45811187940613085,1.1176029944426322,2.665501761922997
2020-01-16,2.0,0.45902058459899325,1.1241323251303448,2.6717690053122163
2020-01-17,2.0,0.459635353526464,1.1226433214285347,2.6717690053122163
2020-01-21,2.0,0.4590273710276769,1.121371347010999,2.6717690053122163
2020-01-22,2.0,0.46396283187511905,1.1226433214285347,2.665501761922997
2020-01-23,2.0,0.4548791421470772,1.1202940795216034,2.665501761922997
2020-01-24,2.0,0.4548791421470772,1.1202940795216034,2.665501761922997
2020-01-27,2.0,0.4548319303469031,1.1177399635175183,2.6616284583221357
2020-01-28,2.0,0.4594564731205952,1.1177399635175183,2.696866891483321
2020-01-29,2.0,0.4594564731205952,1.1190382871898739,2.6916166060407996
2020-01-30,2.0,0.4594564731205952,1.1149912250243,2.6793025080333868
2020-01-31,2.0,0.4594564731205952,1.119478523892437,2.6656522206548896
2020-02-03,2.0,0.4595219392597519,1.1202940795216034,2.663316705197997
2020-02-04,2.0,0.45863083263429494,1.1185543414302785,2.6749219924704755
2020-02-05,2.0,0.45870128474981786,1.1185543414302785,2.674815214553831
2020-02-06,2.0,0.45870128474981786,1.1144780477892176,2.6749219924704755
2020-02-07,2.0,0.4577201929502564,1.1144780477892176,2.6749219924704755
2020-02-10,2.0,0.45870128474981786,1.1143604864612624,2.672530818575556
2020-02-11,2.0,0.45870128474981786,1.1148594657370134,2.6628329378721682
2020-02-12,2.0,0.4585997558935557,1.1155572133819645,2.6628329378721682
2020-02-13,2.0,0.45915639256894275,1.1176367551794004,2.6504709823944363
2020-02-14,2.0,0.45915639256894275,1.1210481825080147,2.6504709823944363
2020-02-18,2.0,0.45869544054473715,1.1206138146457902,2.650450766759142
2020-02-19,2.0,0.45742603401585885,1.1207854114155968,2.650450766759142
2020-02-20,2.0,0.45742603401585885,1.1207854114155968,2.650450766759142
2020-02-21,2.0,0.45742603401585885,1.1211992867775102,2.6538649064135407
2020-02-24,2.0,0.45742603401585885,1.1231163129987514,2.653662658235871
2020-02-25,2.0,0.45729034994980805,1.1219210162850721,2.671596117667299
2020-02-26,2.0,0.4483679055001309,1.1208492610186604,2.6680776405291033
2020-02-27,2.0,0.4483679055001309,1.1193642001509994,2.671960311434037
2020-02-28,2.0,0.44947940848095813,1.1211992867775102,2.6722992441276254
2020-03-02,2.0,0.44947940848095813,1.1204332863989048,2.6746885357203687
2020-03-03,2.0,0.44948568200699257,1.120699141921278,2.6784047212034623
2020-03-04,2.0,0.4503315004745569,1.1222845288152343,2.678126101388491
2020-03-05,2.0,0.44947940848095813,1.1225454937508972,2.6799538902349163
2020-03-06,2.0,0.4495457307261613,1.1222845288152343,2.6799538902349163
2020-03-09,2.0,0.44987450149393443,1.1221396750134343,2.690928242025745
2020-03-10,2.0,0.44987450149393443,1.121786804206868,2.695310191737357
2020-03-11,2.0,0.44987450149393443,1.1241485574364094,2.701694737130369
2020-03-12,2.0,0.4493077064107469,1.1222845288152343,2.7032244461894828
2020-03-13,2.0,0.4503271993904441,1.1234129884838504,2.7032244461894828
2020-03-16,2.0,0.44927688290613527,1.1230380697726925,2.7146387632630917
2020-03-17,2.0,0.44527669011617604,1.1240312691367498,2.7200572413004553
2020-03-18,2.0,0.44527669011617604,1.1242653798698306,2.7196804924508675
2020-03-19,2.0,0.44527669011617604,1.1229318207841723,2.7067960278704395
2020-03-20,2.0,0.4429973275268163,1.1237137435315365,2.7067960278704395
2020-03-23,2.0,0.4429973275268163,1.1235602042762736,2.7067960278704395
2020-03-24,2.0,0.4429973275268163,1.1225651645426293,2.703109681038358
2020-03-25,2.0,0.4430356443821244,1.1222235613250193,2.703109681038358
2020-03-26,2.0,0.4430356443821244,1.121793210715196,2.703109681038358
2020-03-27,2.0,0.4430384214691047,1.121389442932232,2.68460099122088
2020-03-30,2.0,0.44491674933111625,1.11725251786864,2.684093357396278
2020-03-31,2.0,0.44302519487298697,1.1198275444023422,2.675005180354414
2020-04-01,2.0,0.4448520648549402,1.116314354986057,2.6753214851889515
2020-04-02,2.0,0.44484325085997417,1.115836934038351,2.6753214851889515
2020-04-03,2.0,0.4448788332869864,1.1121293945515498,2.712698603731067
2020-04-06,2.0,0.4489335827901669,1.1131689654037666,2.7338841870703017
2020-04-07,2.0,0.4489335827901669,1.113033769044636,2.7338841870703017
2020-04-08,2.0,0.4489335827901669,1.1138045838963395,2.735802884850935
2020-04-09,2.0,0.45036630870852573,1.1138745013318325,2.735802884850935
2020-04-13,2.0,0.45023999711302715,1.1138745013318325,2.7390158951438797
2020-04-14,2.0,0.45032445604258564,1.1121111208927696,2.7390158951438797
2020-04-15,2.0,0.4503473987815038,1.1121111208927696,2.7390158951438797
2020-04-16,2.0,0.45230926934013005,1.1160841411228302,2.7390158951438797
2020-04-17,2.0,0.45447252269450716,1.1162872762933125,2.7390158951438797
2020-04-20,2.0,0.4549892327968585,1.113982105425671,2.751053994835515
2020-04-21,2.0,0.4549892327968585,1.113982105425671,2.751053994835515
2020-04-22,2.0,0.45539383415972995,1.113982105425671,2.7360380316774053
2020-04-23,2.0,0.4568820512647076,1.117981954954819,2.7360380316774053
2020-04-24,2.0,0.45539383415972995,1.1168180855305032,2.7360380316774053
2020-04-27,2.0,0.4568820512647076,1.117408712776379,2.735323236164886
2020-04-28,2.0,0.4548023885918053,1.114551829897476,2.733875542555483
2020-04-29,2.0,0.4553904522856605,1.1167412505247112,2.735323236164886
2020-04-30,2.0,0.4548155890858193,1.1183682110686068,2.735323236164886
2020-05-01,2.0,0.4548023885918053,1.1183682110686068,2.735323236164886
2020-05-04,2.0,0.45035306288775845,1.1205257636653658,2.736071902966809
2020-05-05,2.0,0.44974559378630047,1.1205257636653658,2.7986836910628443
2020-05-06,2.0,0.44807581308871464,1.1202849318446702,2.7508488203616723
2020-05-07,2.0,0.44776205759430204,1.121128096284182,2.7499756456374955
2020-05-08,2.0,0.44751724775184165,1.12207071447085,2.7583563787129783
2020-05-11,2.0,0.4469898766192734,1.1198722012819151,2.785560444036216
2020-05-12,2.0,0.4561095721440754,1.119465491807658,2.785560444036216
2020-05-13,2.0,0.4563102601221674,1.1155455543450141,2.8117685539884305
2020-05-14,2.0,0.45651140447967825,1.1148471681537302,2.8117685539884305
2020-05-15,2.0,0.45624064403357445,1.1145286152075324,2.8031147114779698
2020-05-18,2.0,0.4566124936003574,1.1154785621784957,2.8009809196228064
2020-05-19,2.0,0.45651140447967825,1.116259275037043,2.7752380626943975
2020-05-20,2.0,0.4557129207844899,1.1169682165716193,2.774510121900706
2020-05-21,2.0,0.4557759296151178,1.1189138416951598,2.7484244979318704
2020-05-22,2.0,0.4557759296151178,1.1214235028432928,2.7554270531672733
2020-05-26,2.0,0.4557586368862366,1.1201311614663334,2.757338373540616
2020-05-27,2.0,0.4519283784773417,1.1212994127488165,2.757338373540616
2020-05-28,2.0,0.4519283784773417,1.120713814470294,2.7622196671900223
2020-05-29,2.0,0.4519283784773417,1.120713814470294,2.764165003977083
2020-06-01,2.0,0.4519283784773417,1.1216448022406451,2.748591634841954
2020-06-02,2.0,0.4519283784773417,1.1228756914434221,2.7641669011145
2020-06-03,2.0,0.45217153027984675,1.120713814470294,2.7641669011145
2020-06-04,2.0,0.45217153027984675,1.1200902997319127,2.7641669011145
2020-06-05,2.0,0.4519283784773417,1.117525085466788,2.7641669011145
2020-06-08,2.0,0.45054188902268105,1.1159892118983272,2.748591634841954
2020-06-09,2.0,0.4504808997205117,1.1168279016168694,2.748591634841954
2020-06-10,2.0,0.4504860106355566,1.1158417588055343,2.7641669011145
2020-06-11,2.0,0.4504860106355566,1.1185573270644549,2.768803587997241
2020-06-12,2.0,0.44976177528678535,1.1216505769323124,2.768803587997241
2020-06-15,2.0,0.44976177528678535,1.1178537824808963,2.748858742768759
2020-06-16,2.0,0.44686789166112895,1.1209445071815658,2.7486341293075314
2020-06-17,2.0,0.45101191670760976,1.120665665772774,2.7405495507436917
2020-06-18,2.0,0.44633120087882266,1.1176199522790808,2.74077416420492
2020-06-19,2.0,0.44686789166112895,1.1176199522790808,2.74077416420492
2020-06-22,2.0,0.4456153070968482,1.1188449675591823,2.776902706550139
2020-06-23,2.0,0.4457295513516319,1.1176199522790808,2.780652641572208
2020-06-24,2.0,0.4457295513516319,1.1174380480392307,2.780652641572208
2020-06-25,2.0,0.4493159415955713,1.1178537824808963,2.779492006041891
2020-06-26,2.0,0.45179602039790123,1.116589865271779,2.776872946664746
2020-06-29,2.0,0.45179602039790123,1.1162499665308054,2.75795295432324
2020-06-30,2.0,0.45179602039790123,1.1165526881508607,2.7771512035071355
2020-07-01,2.0,0.45179602039790123,1.116738204638858,2.7723623974300393
2020-07-02,2.0,0.4532203738215762,1.1172275389882693,2.7901524454719357
2020-07-06,2.0,0.4568066925826439,1.1158906364784342,2.796455607322826
2020-07-07,2.0,0.45179602039790123,1.1143400244485342,2.796455607322826
2020-07-08,2.0,0.45179602039790123,1.1142609050729666,2.8069761236352786
2020-07-09,2.0,0.4568294203954852,1.114703958235729,2.79682173952361
2020-07-10,2.0,0.4526157293363075,1.1168209765753483,2.791240339848167
2020-07-13,2.0,0.4518404401822964,1.1143400244485342,2.79033721913609
2020-07-14,2.0,0.44935271153932604,1.113142155866647,2.789173005899671
2020-07-15,2.0,0.450273993552367,1.1122154680855951,2.789173005899671
2020-07-16,2.0,0.4567868211489529,1.1151805879829526,2.789173005899671
2020-07-17,2.0,0.45749271473516656,1.1151805879829526,2.7723325458085926
2020-07-20,2.0,0.46058416078797193,1.1135775847843337,2.7723325458085926
2020-07-21,2.0,0.4628618747600116,1.1208875936428289,2.7723325458085926
2020-07-22,2.0,0.4620319828375398,1.1208875936428289,2.789173005899671
2020-07-23,2.0,0.45864100112341755,1.1230702293815513,2.8073956874688486
2020-07-24,2.0,0.45745976178306286,1.1197150136137983,2.8402935479312776
2020-07-27,2.0,0.45740404374271953,1.1190400416985433,2.835350282826431
2020-07-28,2.0,0.4528115138623085,1.118367096405397,2.835350282826431
2020-07-29,2.0,0.4558140501093544,1.1202776451378402,2.8319686922807867
2020-07-30,2.0,0.4546419163692103,1.1190400416985433,2.8109264300456767
2020-07-31,2.0,0.45457759994438085,1.1190400416985433,2.8152867116119165
2020-08-03,2.0,0.45168585027981517,1.1202776451378402,2.8112866804387258
2020-08-04,2.0,0.45168585027981517,1.1206388133077487,2.8319229087523805
2020-08-05,2.0,0.4546558246717343,1.1206388133077487,2.821373902807619
2020-08-06,2.0,0.4555348985947692,1.1198259865835807,2.8313067533541507
2020-08-07,2.0,0.4555348985947692,1.119684469608873,2.8321226554489014
2020-08-10,2.0,0.45560348966529635,1.1201083816184365,2.8321226554489014
2020-08-11,2.0,0.45588187472486996,1.1195169944241194,2.8401565691677937
2020-08-12,2.0,0.4555839333988773,1.1185327402376795,2.8120585576788732
2020-08-13,2.0,0.4555839333988773,1.1165125262131794,2.8321226554489014
2020-08-14,2.0,0.4553550326438719,1.11781186713641,2.8414003504312912
2020-08-17,2.0,0.45532013507453345,1.1174659291631805,2.832623599450814
2020-08-18,2.0,0.4557732695504605,1.1166185580695747,2.832623599450814
2020-08-19,2.0,0.45526716331729145,1.1171532132664281,2.834597272492553
2020-08-20,2.0,0.4555839333988773,1.1150352104605412,2.834597272492553
2020-08-21,2.0,0.4555839333988773,1.1159696855391332,2.8511615828761308
2020-08-24,2.0,0.4554763944270718,1.1150352104605412,2.8511122558965214
2020-08-25,2.0,0.4496077708973595,1.1150352104605412,2.8348376270016695
2020-08-26,2.0,0.4496077708973595,1.1146784205332076,2.8348376270016695
2020-08-27,2.0,0.4496077708973595,1.1150352104605412,2.86197644806367
2020-08-28,2.0,0.4503202348703988,1.1150352104605412,2.873013701214996
2020-08-31,2.0,0.45124166055487697,1.1202654367757758,2.8657590299061533
2020-09-01,2.0,0.45029691169123204,1.1191977342757473,2.853294889394683
2020-09-02,2.0,0.4517788235717769,1.1189817358205447,2.8534596172557514
2020-09-03,2.0,0.4530529881697235,1.117601676475799,2.868694588229112
2020-09-04,2.0,0.4517788235717769,1.1170659223693749,2.8722907072801855
2020-09-08,2.0,0.4517788235717769,1.118636684376055,2.858919202957703
2020-09-09,2.0,0.4483557379743099,1.1175257024135883,2.8531159104455615
2020-09-10,2.0,0.4483557379743099,1.1180012456683774,2.858543142864673
2020-09-11,2.0,0.4483557379743099,1.1175257024135883,2.858543142864673
2020-09-14,2.0,0.4497851770555823,1.1199332203541592,2.858543142864673
2020-09-15,2.0,0.4497851770555823,1.1219141883555723,2.8585814545552846
2020-09-16,2.0,0.4497851770555823,1.117541465624164,2.858543142864673
2020-09-17,2.0,0.4483557379743099,1.117934017640481,2.858543142864673
2020-09-18,2.0,0.4493923902506662,1.1191977342757473,2.858543142864673
2020-09-21,2.0,0.4509199492772589,1.1174530450034577,2.858543142864673
2020-09-22,2.0,0.4551798379386308,1.1165909000975887,2.858543142864673
2020-09-23,2.0,0.4514454673810055,1.115847342133617,2.859015167317958
2020-09-24,2.0,0.4499938589228455,1.1146013694322874,2.8844618055045452
2020-09-25,2.0,0.45221458789734503,1.1131771934736663,2.9021283017977826
2020-09-28,2.0,0.45221458789734503,1.1146013694322874,2.859566198715333
2020-09-29,2.0,0.45007964981645465,1.1126206653665056,2.8502384377316576
2020-09-30,2.0,0.45003255439409573,1.1122461136461237,2.8502384377316576
2020-10-01,2.0,0.45003255439409573,1.1125725579664194,2.855148971446974
2020-10-02,2.0,0.45003255439409573,1.112145180515332,2.855148971446974
2020-10-05,2.0,0.4496498648029493,1.118179279031602,2.8712230779613184
2020-10-06,2.0,0.44321665352617895,1.1162618068869161,2.8716863856170747
2020-10-07,2.0,0.443178521666039,1.1152671818986595,2.8712230779613184
2020-10-08,2.0,0.44103894245626196,1.1173237770550442,2.8702866817216424
2020-10-09,2.0,0.4410646141621546,1.1157455592716388,2.8644384479949845
2020-10-12,2.0,0.44142498532953967,1.1152813957254588,2.864422900397737
2020-10-13,2.0,0.44142498532953967,1.1165046120565205,2.864422900397737
2020-10-14,2.0,0.4410883214433443,1.1161967718030321,2.861448188343095
2020-10-15,2.0,0.44050718728636007,1.1156956410836947,2.861448188343095
2020-10-16,2.0,0.44050718728636007,1.1200788265693165,2.864422900397737
2020-10-19,2.0,0.44050718728636007,1.1171476001983316,2.8696901414719678
2020-10-20,2.0,0.43952908830248744,1.1153535146983047,2.8696901414719678
2020-10-21,2.0,0.44143969411538436,1.11798689220171,2.8696901414719678
2020-10-22,2.0,0.4410883214433443,1.1186904890278058,2.848268796104831
2020-10-23,2.0,0.4410883214433443,1.1196614485510281,2.856211681181422
2020-10-26,2.0,0.4352508387260934,1.1199751722810494,2.85073913806202
2020-10-27,2.0,0.4352508387260934,1.1136942823505191,2.8383198616999104
2020-10-28,2.0,0.43866999151685254,1.109745173468223,2.843097693069279
2020-10-29,2.0,0.4367408195543816,1.111312014356845,2.8381482045952
2020-10-30,2.0,0.4367408195543816,1.1116220965947499,2.8381482045952
2020-11-02,2.0,0.4378537551065787,1.112775366341804,2.8381482045952
2020-11-03,2.0,0.4378537551065787,1.1147312069831337,2.8381482045952
2020-11-04,2.0,0.4393766818455142,1.116429075625485,2.8381482045952
2020-11-05,2.0,0.43869755230682567,1.1156849266723141,2.8448055080484984
2020-11-06,2.0,0.4390970395375385,1.1103576518175367,2.819882353191623
2020-11-09,2.0,0.43869755230682567,1.1121600722819105,2.819882353191623
2020-11-10,2.0,0.43781569036333406,1.1118122700946451,2.819882353191623
2020-11-11,2.0,0.43780097667264023,1.1171536459532216,2.838823937932824
2020-11-12,2.0,0.43869755230682567,1.1139426517634068,2.8126301993169696
2020-11-13,2.0,0.43869755230682567,1.113889022506057,2.8387961868726292
2020-11-16,2.0,0.44165534305107856,1.1162084632762301,2.8096193272386505
2020-11-17,2.0,0.4386976339792564,1.1174042380300742,2.8196254560812366
2020-11-18,2.0,0.43869755230682567,1.1174042380300742,2.8192298731981658
2020-11-19,2.0,0.43491486577968635,1.1204230022125863,2.8192298731981658
2020-11-20,2.0,0.433759893363794,1.1206591379457664,2.8307147484329804
2020-11-23,2.0,0.433756694351176,1.1168606562958519,2.8307147484329804
2020-11-24,2.0,0.4346470094958001,1.1190605356503491,2.8307147484329804
2020-11-25,2.0,0.4303669305749001,1.1195100165691638,2.8452732440093604
2020-11-27,2.0,0.4312827524870049,1.119788564905574,2.8329902067085495
2020-11-30,2.0,0.4312827524870049,1.1185558503433712,2.845630673265483
2020-12-01,2.0,0.4312827524870049,1.1180790167040886,2.8355247328521282
2020-12-02,2.0,0.4326078719992397,1.1203744078609765,2.8329902067085495
2020-12-03,2.0,0.43125332036810676,1.119166986009953,2.8329902067085495
2020-12-04,2.0,0.43125332036810676,1.1199929811862965,2.863372927297143
2020-12-07,2.0,0.43255571193692605,1.1204721557210007,2.863372927297143
2020-12-08,2.0,0.43255571193692605,1.1193544040705472,2.8320463740878417
2020-12-09,2.0,0.4369970562410448,1.1163082550000485,2.8651743884840304
2020-12-10,2.0,0.43658226821867546,1.1164548283735696,2.8651743884840304
2020-12-11,2.0,0.4351372066659654,1.1164138934073706,2.8651743884840304
2020-12-14,2.0,0.43276519832920324,1.1134578811588487,2.880426825849921
2020-12-15,2.0,0.43276519832920324,1.1134578811588487,2.8523321438893956
2020-12-16,2.0,0.43276519832920324,1.1132297311063044,2.880874642987579
2020-12-17,2.0,0.43276519832920324,1.1123529749499552,2.8904687565775453
2020-12-18,2.0,0.43276519832920324,1.1134578811588487,2.912677919777906
2020-12-21,2.0,0.4370610547028682,1.1131797019189533,2.8800216121135898
2020-12-22,2.0,0.43776526061489585,1.112286595323373,2.8800216121135898
2020-12-23,2.0,0.43776526061489585,1.1129883876677789,2.928515943341532
2020-12-24,2.0,0.44022309557880773,1.1153694016273872,2.9003492002192717
2020-12-28,2.0,0.43979469933509197,1.1162874360789932,2.928515943341532
2020-12-29,2.0,0.43628453968215936,1.114820480389142,2.8832532571435685
2020-12-30,2.0,0.4361701789191848,1.1167591608330265,2.8832532571435685
2020-12-31,2.0,0.4354717286388952,1.1153694016273872,2.91825610830684
2014-01-02,3.0,0.9699999999999994,1.0,1.0515782350339826
2014-01-03,3.0,0.9625036858214653,1.0,1.0705684504719197
2014-01-06,3.0,0.9408999999999998,1.0,1.0977925412697027
2014-01-07,3.0,0.940899999999998,1.0,1.1072911175321842
2014-01-08,3.0,0.9391622985242637,1.0,1.1092215063359399
2014-01-09,3.0,0.9303033249569731,1.0,1.1108168053831893
2014-01-10,3.0,0.9256384330161461,1.0,1.1215810144797382
2014-01-13,3.0,0.9126730000000001,1.0,1.1273790101974648
2014-01-14,3.0,0.9126729999999995,1.0,1.1364723566517265
2014-01-15,3.0,0.9126729999999985,1.0,1.1403029330353711
2014-01-16,3.0,0.9079520248916126,1.0,1.1454002376051517
2014-01-17,3.0,0.8992516439802918,1.0,1.153471690126065
2014-01-21,3.0,0.8992864352500886,1.0,1.1613943580728197
2014-01-22,3.0,0.8910949450946489,1.0,1.1697729130085865
2014-01-23,3.0,0.8883979309549473,1.0,1.173074416948358
2014-01-24,3.0,0.885292810000001,1.0,1.1734415487606975
2014-01-27,3.0,0.885292810000001,1.0,1.1822946032474195
2014-01-28,3.0,0.8798140854481566,1.0,1.1864830543649034
2014-01-29,3.0,0.8797540700621764,1.0,1.1886705840935203
2014-01-30,3.0,0.8699890662684618,1.0,1.1956470786804054
2014-01-31,3.0,0.8679100809715878,0.9984666656345036,1.1967345025579192
2014-02-03,3.0,0.8669421460941877,0.9980663318986538,1.1983605864040252
2014-02-04,3.0,0.8635271729913527,0.9983754883183527,1.2113876823780507
2014-02-05,3.0,0.8623924440914327,0.9980297786272727,1.215836231586698
2014-02-06,3.0,0.8587340257000007,0.9981960395606273,1.215935235283738
2014-02-07,3.0,0.8539403543475897,0.9986319203737213,1.2171518534614092
2014-02-10,3.0,0.8487728528696152,0.9996985384175507,1.2159484963269316
2014-02-11,3.0,0.8466053748553042,0.9988155229296131,1.2158322380767093
2014-02-12,3.0,0.8447674938947699,1.0,1.2186040011334736
2014-02-13,3.0,0.843334281128566,0.9994595185109851,1.224026056824301
2014-02-14,3.0,0.8423333853086294,0.9984555552296818,1.234444786299846
2014-02-18,3.0,0.842119179542004,0.9972024511601658,1.2422670091257004
2014-02-19,3.0,0.8460166709407291,0.9967802002234709,1.2492238466054302
2014-02-20,3.0,0.8399867148471565,0.9963024823554686,1.2568757564158488
2014-02-21,3.0,0.8371942682055685,0.9950701128079744,1.2594120203918386
2014-02-24,3.0,0.8302039971123543,0.9949816071980622,1.265501134388605
2014-02-25,3.0,0.8273565881398282,0.9952328231360803,1.2726556233478565
2014-02-26,3.0,0.8269700884058744,0.9970497337214126,1.280550067071591
2014-02-27,3.0,0.8250273198602944,0.9970497337214126,1.2817008316334515
2014-02-28,3.0,0.8231508477529254,0.9968424053825143,1.2821114947161403
2014-03-03,3.0,0.8231457183726191,0.9968424053825143,1.2897493862354967
2014-03-04,3.0,0.8197532100460934,0.997824991096087,1.2903619681319298
2014-03-05,3.0,0.8200760831332611,0.9965511052592688,1.2938189428517513
2014-03-06,3.0,0.8126568769251289,0.9983196165116277,1.2940486500897104
2014-03-07,3.0,0.8083097541583463,0.9983655837180321,1.3005273872847538
2014-03-10,3.0,0.8026982845049205,0.9980979777681029,1.3004886593544656
2014-03-11,3.0,0.8037992617325512,0.9983655837180321,1.3034647157210324
2014-03-12,3.0,0.7984795373593073,0.9991063188628612,1.3034647157210324
2014-03-13,3.0,0.7989141988561447,1.0002137224305394,1.3081209099308015
2014-03-14,3.0,0.7981508634928914,0.9997667793537233,1.3132181565735777
2014-03-17,3.0,0.7959913679925484,1.0000924580759463,1.319025364063078
2014-03-18,3.0,0.7976462551010695,1.0000924580759463,1.3168071065458067
2014-03-19,3.0,0.7948147188093244,0.9988049168977231,1.3368190808176044
2014-03-20,3.0,0.793915295993935,0.9997667793537233,1.3274744130900178
2014-03-21,3.0,0.7891172218707644,0.9988049168977231,1.3302272857477304
2014-03-24,3.0,0.7853759753811272,0.9983188335582259,1.331236736788678
2014-03-25,3.0,0.7847030146745938,0.9979649946014506,1.3342169687666667
2014-03-26,3.0,0.7812727467498767,0.9961379253641103,1.335203174097492
2014-03-27,3.0,0.778437425378802,0.9972475009316577,1.3445970390899926
2014-03-28,3.0,0.778437425378802,0.9984640400859963,1.3446094905125054
2014-03-31,3.0,0.7765814710404401,0.9990986669454609,1.351302954409274
2014-04-01,3.0,0.776827050686749,0.9994378616118051,1.3564829003283942
2014-04-02,3.0,0.7768262371251581,0.9988295380282792,1.3564804116005755
2014-04-03,3.0,0.7735803874567034,1.0016940626492836,1.3513085515980374
2014-04-04,3.0,0.765867881198972,1.0003847688822598,1.3550278101313205
2014-04-07,3.0,0.7708929014931725,1.0015839828908362,1.3424083597668446
2014-04-08,3.0,0.7708929014931725,1.000340762100291,1.3471594328080039
2014-04-09,3.0,0.7666304910760342,1.0004759408117982,1.3514259646357056
2014-04-10,3.0,0.7642098342388055,1.0004270842871552,1.3612634297295052
2014-04-11,3.0,0.7634909921539386,0.9992865163115815,1.3515176701720613
2014-04-14,3.0,0.7617672926478906,0.9976180159141713,1.3515176701720613
2014-04-15,3.0,0.7634508814076456,0.9975310236061834,1.364102162428234
2014-04-16,3.0,0.7596528890321524,0.9991899992593731,1.3679090590162386
2014-04-17,3.0,0.7585645047350486,0.9998899302489772,1.3791514449148385
2014-04-21,3.0,0.7586245233436482,0.999257260547264,1.3809769349058973
2014-04-22,3.0,0.7585645047350486,1.0005312198704928,1.3897152916503897
2014-04-23,3.0,0.7534836948935226,1.000340762100291,1.3791692232840702
2014-04-24,3.0,0.7504560884103921,0.999416961720232,1.3869833245129455
2014-04-25,3.0,0.7482720658166016,0.999903271665495,1.380808105827227
2014-04-28,3.0,0.7474859361331488,1.0007495857506032,1.390586313506571
2014-04-29,3.0,0.7448656513982462,1.0019541940246834,1.3929382157236236
2014-04-30,3.0,0.7438942591501784,1.0019541940246834,1.3968412961206456
2014-05-01,3.0,0.7431625269013766,1.0028724865008134,1.3954884236872702
2014-05-02,3.0,0.7419503910055196,1.0027515691559934,1.3919161544465828
2014-05-05,3.0,0.7400079577310024,1.0024447368607934,1.394380440222567
2014-05-06,3.0,0.735870425345171,1.0012087666604668,1.3992027824959306
2014-05-07,3.0,0.7338376220493792,1.0002576464166157,1.4003888061648337
2014-05-08,3.0,0.7297975996529282,1.00143103605022,1.4007594640510819
2014-05-09,3.0,0.729402509137725,1.0003260316750997,1.4007468982620241
2014-05-12,3.0,0.7282520776519913,0.9996541372467058,1.4031700996652785
2014-05-13,3.0,0.7257045866636367,1.0012087666604668,1.4146757998387876
2014-05-14,3.0,0.7277201118065254,1.0023127928264821,1.4199750151177704
2014-05-15,3.0,0.7275438928414772,1.001544427952998,1.4225943946937287
2014-05-16,3.0,0.7275438928414772,1.0043385840652923,1.425790669120211
2014-05-19,3.0,0.7249490683860587,1.0056558234179787,1.4226073230487184
2014-05-20,3.0,0.7228403898328426,1.006846093681067,1.4226456743262876
2014-05-21,3.0,0.7219500068540541,1.0066801886416923,1.4177148290941837
2014-05-22,3.0,0.7219141747329856,1.00669032321793,1.422638019945782
2014-05-23,3.0,0.7219195419309979,1.005467711640931,1.4325061719517296
2014-05-27,3.0,0.7219195419309979,1.0075943629118904,1.4308300773967542
2014-05-28,3.0,0.720707520520474,1.004576631238649,1.4235633767536748
2014-05-29,3.0,0.720688426748689,1.005507288611317,1.4267868967900004
2014-05-30,3.0,0.7187560697758905,1.004311952286935,1.42677139596424
2014-06-02,3.0,0.7184169392819773,1.004576631238649,1.4348929477122692
2014-06-03,3.0,0.715086946372401,1.003848236792054,1.422537012651595
2014-06-04,3.0,0.7176885291927483,1.004576631238649,1.4256683642727725
2014-06-05,3.0,0.7187513827284385,1.0048529874827075,1.4237758821034447
2014-06-06,3.0,0.7184347274614294,1.0042457874770392,1.4352425067677277
2014-06-09,3.0,0.7171388615763851,1.0059589325646479,1.4352526122628049
2014-06-10,3.0,0.7155763877615375,1.0052105618267793,1.4392486438488652
2014-06-11,3.0,0.7119257775209765,1.004913487879917,1.442525939744985
2014-06-12,3.0,0.7119238563991158,1.0058195624400361,1.443924931308483
2014-06-13,3.0,0.7101008410897461,1.0058885038416623,1.443924931308483
2014-06-16,3.0,0.7134557913817688,1.0054911369390789,1.443924931308483
2014-06-17,3.0,0.7113770232526965,1.0054911369390789,1.4519556448750286
2014-06-18,3.0,0.707397588193482,1.005857374941236,1.4554365492435335
2014-06-19,3.0,0.7121694771871074,1.0056689718097738,1.4744417170149529
2014-06-20,3.0,0.7134221767503501,1.0069508843423909,1.4913140786191055
2014-06-23,3.0,0.7134640562091018,1.0068227953774087,1.4881994936928893
2014-06-24,3.0,0.7064993787691868,1.0067044198591928,1.4905525927377616
2014-06-25,3.0,0.7059855939015597,1.0080220848288217,1.4881581406599111
2014-06-26,3.0,0.7043471360614938,1.0076339597832216,1.4882948357876407
2014-06-27,3.0,0.7059855939015597,1.0080768874381103,1.4882332442674835
2014-06-30,3.0,0.6973200837513084,1.0074671910324844,1.4935949619956683
2014-07-01,3.0,0.688847884794895,1.0094134346732972,1.4935949619956683
2014-07-02,3.0,0.6902692185262621,1.0087909064057645,1.4936561322179638
2014-07-03,3.0,0.688847884794895,1.0086056855681775,1.5066392043222623
2014-07-07,3.0,0.6834647121224224,1.0083122480407989,1.5067753691670547
2014-07-08,3.0,0.6834647121224224,1.0090991923989927,1.5140376187506257
2014-07-09,3.0,0.687309175671366,1.0088469277583931,1.5146099063985468
2014-07-10,3.0,0.6882528567173292,1.0087909064057645,1.5145765057020346
2014-07-11,3.0,0.6883649308181781,1.0087909064057645,1.5140376187506257
2014-07-14,3.0,0.6871078010273759,1.0069610267784517,1.5140376187506257
2014-07-15,3.0,0.6853601627662133,1.0088112354214411,1.509204265724697
2014-07-16,3.0,0.6873582567273872,1.0079390969777855,1.5185459477623962
2014-07-17,3.0,0.6824202995978874,1.0087667745255287,1.5108906673165308
2014-07-18,3.0,0.6853601627662133,1.0106106297904538,1.5187926702529329
2014-07-21,3.0,0.6817439078161357,1.0105934350825168,1.522224827852771
2014-07-22,3.0,0.6873582567273872,1.0100974731063448,1.5290808896054666
2014-07-23,3.0,0.6853601627662133,1.0108234188655776,1.5325668667749226
2014-07-24,3.0,0.6853611851402905,1.0111473929598782,1.5244146701300283
2014-07-25,3.0,0.689084215902941,1.0102040941892567,1.5230783177353004
2014-07-28,3.0,0.6855217119804834,1.0120767699743398,1.5325668667749226
2014-07-29,3.0,0.6761926902768628,1.011801098378303,1.5435757973258264
2014-07-30,3.0,0.6743189960323178,1.009719039034311,1.534789612284732
2014-07-31,3.0,0.6744343055677943,1.0089154291087117,1.548776632484126
2014-08-01,3.0,0.6761956469316186,1.0099897065908015,1.5506752100302408
2014-08-04,3.0,0.6761956469316186,1.0106590773763002,1.5506781740034499
2014-08-05,3.0,0.6796226554017532,1.010818886447979,1.5506781740034499
2014-08-06,3.0,0.6811437846983255,1.0129416686843582,1.5506781740034499
2014-08-07,3.0,0.6797284050856452,1.0131579862986295,1.5575172187333277
2014-08-08,3.0,0.6785107831086388,1.013216596781593,1.5553320823233723
2014-08-11,3.0,0.6769690773289615,1.0130537979748016,1.5496247134498955
2014-08-12,3.0,0.6750275921475013,1.0135950594424017,1.5510579921940588
2014-08-13,3.0,0.6750212108430624,1.0130537979748016,1.555145505417222
2014-08-14,3.0,0.672387177108577,1.0131579862986295,1.555145505417222
2014-08-15,3.0,0.6768915438639228,1.0120278238106952,1.580186378585536
2014-08-18,3.0,0.6797821401983319,1.0129314651108245,1.5660224366187556
2014-08-19,3.0,0.6768915438639228,1.0110403884851642,1.5729604472775927
2014-08-20,3.0,0.673128167457364,1.0111817076007477,1.583204754546234
2014-08-21,3.0,0.6727005702822999,1.0112218947698492,1.5836654085124982
2014-08-22,3.0,0.6717347984905007,1.0112218947698492,1.5953187127153239
2014-08-25,3.0,0.6616120826763667,1.0143988178926753,1.590877112439112
2014-08-26,3.0,0.6612702798870029,1.0138650842298587,1.59025219397315
2014-08-27,3.0,0.6612702798870029,1.0114209235871476,1.5963901251258241
2014-08-28,3.0,0.6629502833471229,1.00901143880381,1.603617413861837
2014-08-29,3.0,0.6612702798870029,1.0092966172213274,1.604815330976567
2014-09-02,3.0,0.6601116480496834,1.0091447738494697,1.6098855358327855
2014-09-03,3.0,0.6592440228931931,1.0097971122816625,1.5988172585613392
2014-09-04,3.0,0.656560213800102,1.0100965196794727,1.5988172585613392
2014-09-05,3.0,0.6559241641354192,1.0099731407842993,1.5939609689044263
2014-09-08,3.0,0.656560213800102,1.010251225818844,1.595848864912542
2014-09-09,3.0,0.6580008166491716,1.012285919956438,1.5938909542259645
2014-09-10,3.0,0.6584283442601268,1.012595478187774,1.5876077692854664
2014-09-11,3.0,0.6584283442601268,1.0101982023748979,1.5991309155367932
2014-09-12,3.0,0.658026344709581,1.0104358517700889,1.5971016651386476
2014-09-15,3.0,0.6561016292611804,1.0103985490040968,1.5971016651386476
2014-09-16,3.0,0.6567737335838998,1.0102834392989015,1.607703212161561
2014-09-17,3.0,0.6558120537040556,1.0114916904115754,1.6076985173766274
2014-09-18,3.0,0.654803191517206,1.0120358067687243,1.607703212161561
2014-09-19,3.0,0.6557354126678646,1.0090643622879802,1.6126052186160382
2014-09-22,3.0,0.6515859637213938,1.0089416779531755,1.6126052186160382
2014-09-23,3.0,0.6520962633207835,1.0115361221065127,1.6223037389376174
2014-09-24,3.0,0.6508670055816056,1.0109823251451067,1.6272374457325522
2014-09-25,3.0,0.6508309174886832,1.0092660941019278,1.6272374457325522
2014-09-26,3.0,0.6547352819302662,1.009927045121729,1.635483789713381
2014-09-29,3.0,0.6551529199038846,1.007723865478398,1.635483789713381
2014-09-30,3.0,0.6547352819302662,1.0101533635637368,1.6380827063273193
2014-10-01,3.0,0.6508528879650484,1.0105363982878575,1.642691445818354
2014-10-02,3.0,0.6508608337026779,1.010825385000952,1.6427287530789285
2014-10-03,3.0,0.6504792745971354,1.011764783126881,1.645681012199729
2014-10-06,3.0,0.6484065415210067,1.0116078863271998,1.6368851962379543
2014-10-07,3.0,0.644072913856591,1.0123028458958656,1.645681012199729
2014-10-08,3.0,0.6447090877645951,1.012959101216384,1.6424924075594582
2014-10-09,3.0,0.6447090877645951,1.0132562170470152,1.6482158915909793
2014-10-10,3.0,0.6440804133914878,1.0134320784073458,1.6501384811777833
2014-10-13,3.0,0.6450954987346683,1.0130449512055266,1.6501384811777833
2014-10-14,3.0,0.6453456104267857,1.012579642656486,1.6494811907784324
2014-10-15,3.0,0.6447233625457993,1.012959101216384,1.6582058681602743
2014-10-16,3.0,0.6429170037898543,1.0127134593207514,1.6582058681602743
2014-10-17,3.0,0.6428123896719031,1.0133218492426073,1.6564246395202549
2014-10-20,3.0,0.6381976974441981,1.0141307780728264,1.6584900166479706
2014-10-21,3.0,0.6371423995235966,1.0123105726940658,1.6621941240899687
2014-10-22,3.0,0.6334944317522903,1.0113793045576278,1.6621941240899687
2014-10-23,3.0,0.6309970756312255,1.009364197018717,1.6697768105048327
2014-10-24,3.0,0.6330170655862396,1.0111546302699117,1.6708646746399034
2014-10-27,3.0,0.6324729239022044,1.0114269653240697,1.6712983752017374
2014-10-28,3.0,0.6330170655862396,1.010780510090424,1.6704021125623765
2014-10-29,3.0,0.6399394561058713,1.0109967762751393,1.670969141336858
2014-10-30,3.0,0.640421431173225,1.0092199945739255,1.670969141336858
2014-10-31,3.0,0.6403663940273101,1.0091477412829977,1.6704021125623765
2014-11-03,3.0,0.6384926676709509,1.0114289779600882,1.670969141336858
2014-11-04,3.0,0.6399606683432578,1.013842291606591,1.6804159288202771
2014-11-05,3.0,0.6399606683432578,1.011634932238057,1.670960515368679
2014-11-06,3.0,0.6390061942402034,1.0107831458679133,1.684792860679137
2014-11-07,3.0,0.636768471990843,1.0107831458679133,1.6710802880895534
2014-11-10,3.0,0.6293872875280623,1.0094958690751126,1.6848332573697107
2014-11-11,3.0,0.629389029791101,1.0096948853422458,1.6882328136739333
2014-11-12,3.0,0.6297554213429486,1.0104795862323024,1.6952376564819178
2014-11-13,3.0,0.6278865256816034,1.0114289779600882,1.6952376564819178
2014-11-14,3.0,0.6258373005269721,1.0104795862323024,1.6882974611207315
2014-11-17,3.0,0.6307458372585188,1.012324594584153,1.711569915833949
2014-11-18,3.0,0.6252912879292071,1.0156234711134644,1.7190644729918105
2014-11-19,3.0,0.6284761290321715,1.018214910723557,1.7183762143757708
2014-11-20,3.0,0.6252912879292071,1.017205647753336,1.7028995836097545
2014-11-21,3.0,0.6247144797695098,1.0150885872715953,1.700854447581326
2014-11-24,3.0,0.6247144797695098,1.013688643976527,1.700854447581326
2014-11-25,3.0,0.6247144797695098,1.0132697374832853,1.715241851388734
2014-11-26,3.0,0.6295750533053589,1.0131582734380529,1.7114805105922826
2014-11-28,3.0,0.6253169763801931,1.012996624230137,1.7114805105922826
2014-12-01,3.0,0.6226776903408641,1.0115902079125874,1.7008225206664056
2014-12-02,3.0,0.621698288412148,1.0122274283404789,1.7146179946043976
2014-12-03,3.0,0.6198715765634001,1.01509371236958,1.7007729179970053
2014-12-04,3.0,0.6190525756968067,1.0160750653645751,1.7111091712349167
2014-12-05,3.0,0.6168000283414123,1.0162732103323768,1.7254741242802332
2014-12-08,3.0,0.6175151328459365,1.0164780375165123,1.7288049937919148
2014-12-09,3.0,0.6167708488025107,1.0151932506307144,1.7313103000111385
2014-12-10,3.0,0.6137321508435665,1.0142226394901988,1.7287663317914843
2014-12-11,3.0,0.6154516926826544,1.0151932506307144,1.7153815487234643
2014-12-12,3.0,0.6167459271683441,1.0146475179936985,1.7019295897613838
2014-12-15,3.0,0.614574631581743,1.0160044877391328,1.712726376375496
2014-12-16,3.0,0.6145661887806176,1.0164781473906968,1.712726376375496
2014-12-17,3.0,0.6145661887806176,1.0163495680212344,1.7127333280683685
2014-12-18,3.0,0.6134705349855224,1.015715416371366,1.706334954023466
2014-12-19,3.0,0.6134705349855224,1.015948576606847,1.6972870153340027
2014-12-22,3.0,0.6134903572332896,1.0152855083324537,1.6975313248960218
2014-12-23,3.0,0.6137326393385848,1.0152855083324537,1.7028723230508096
2014-12-24,3.0,0.6145259294862891,1.016242581867341,1.7071042009764517
2014-12-26,3.0,0.613778865702321,1.0149382446053556,1.706939517590751
2014-12-29,3.0,0.6137326393385848,1.0156263916866597,1.719106265267829
2014-12-30,3.0,0.6134631335763978,1.0128320174683751,1.7240689292505866
2014-12-31,3.0,0.6136833424144582,1.0121839916412076,1.7268613881618773
2015-01-02,3.0,0.6136833424144582,1.0112408951337435,1.7427688085844932
2015-01-05,3.0,0.6136833424144582,1.0118584788973422,1.7427688085844932
2015-01-06,3.0,0.6059944047820991,1.0122460086059517,1.749646000617719
2015-01-07,3.0,0.6114025247978667,1.0126138804155493,1.7428784782554807
2015-01-08,3.0,0.6059944047820991,1.011450848687638,1.749646000617719
2015-01-09,3.0,0.6059944047820991,1.0127394304501,1.7499243253992867
2015-01-12,3.0,0.6037241600198674,1.0134339182536443,1.7604836258100451
2015-01-13,3.0,0.6047657355213558,1.0136423908837737,1.7605291990102931
2015-01-14,3.0,0.6056198029131287,1.0148042492619351,1.7605586273944107
2015-01-15,3.0,0.6056198029131287,1.0143170184926422,1.7640106612856152
2015-01-16,3.0,0.6056198029131287,1.0139270985166806,1.7691747696577989
2015-01-20,3.0,0.606033708325155,1.0127824707991588,1.7541987975071007
2015-01-21,3.0,0.6042443982085076,1.014175873603664,1.7541987975071007
2015-01-22,3.0,0.605006233671378,1.0136937390247713,1.7541604482171913
2015-01-23,3.0,0.6075690069192672,1.0118203038084213,1.769217747721129
2015-01-26,3.0,0.6086154453194835,1.0161823675045876,1.7684959783289909
2015-01-27,3.0,0.6086154453194835,1.0151214596061873,1.7693003074015163
2015-01-28,3.0,0.6075447804626853,1.0143841803715454,1.754286162766866
2015-01-29,3.0,0.6062362879507134,1.0159305800783915,1.7367647900037175
2015-01-30,3.0,0.6075293678738607,1.0161486234339656,1.752237601160997
2015-02-02,3.0,0.6056019689547832,1.014034543718774,1.7640951763184094
2015-02-03,3.0,0.6086154453194835,1.013708941069256,1.7739991756770532
2015-02-04,3.0,0.6085668768351936,1.014034543718774,1.7757446711562308
2015-02-05,3.0,0.6081090859086042,1.013295897503918,1.7757446711562308
2015-02-06,3.0,0.5986935792187554,1.0103614979778375,1.7865705550505313
2015-02-09,3.0,0.599966917558332,1.014034543718774,1.7873706846275887
2015-02-10,3.0,0.5997379818494891,1.017161862817849,1.7888081371747753
2015-02-11,3.0,0.5969850385323745,1.0152172407195077,1.792842819307325
2015-02-12,3.0,0.5952974284003906,1.0155265707569754,1.7992348887840701
2015-02-13,3.0,0.593640284797212,1.0164530560656517,1.8141373358734836
2015-02-17,3.0,0.5969456144233308,1.0152172407195077,1.8141373358734836
2015-02-18,3.0,0.5926568974326223,1.0141901646301614,1.8066614244540622
2015-02-19,3.0,0.5936269029205773,1.014816962419141,1.797299521060205
2015-02-20,3.0,0.5936269029205773,1.0136844216853715,1.8141090419044403
2015-02-23,3.0,0.5926568974326223,1.0130293157267958,1.8143490976214862
2015-02-24,3.0,0.5925350777057181,1.0130293157267958,1.8208062179609996
2015-02-25,3.0,0.5926568974326223,1.0123879100803659,1.8391768612372066
2015-02-26,3.0,0.5926568974326223,1.0133112920171912,1.8496405667954476
2015-02-27,3.0,0.5910085312490216,1.0144892232090876,1.857135733062984
2015-03-02,3.0,0.5883544654580071,1.0148625654301644,1.866695957026335
2015-03-03,3.0,0.5910360784089002,1.01446137641618,1.857135733062984
2015-03-04,3.0,0.5910739750307968,1.0163241268676257,1.8451734917895113
2015-03-05,3.0,0.5882904938215164,1.0180678743477678,1.8522947359647328
2015-03-06,3.0,0.5852924612876989,1.0207715621567168,1.857135733062984
2015-03-09,3.0,0.5851571984464471,1.022669326352379,1.857135733062984
2015-03-10,3.0,0.5865294913286921,1.022669326352379,1.8692317868576798
2015-03-11,3.0,0.5824849454770369,1.0204715310129924,1.866695957026335
2015-03-12,3.0,0.5800480753626253,1.0190311754364587,1.866695957026335
2015-03-13,3.0,0.5792756300154102,1.0177587323732085,1.863941453858855
2015-03-16,3.0,0.5852212499493166,1.017834347375657,1.8493109687632623
2015-03-17,3.0,0.5885871188279388,1.0186879220430836,1.8554538820019222
2015-03-18,3.0,0.5851445760871001,1.0187526522990624,1.869804563922681
2015-03-19,3.0,0.5851445760871001,1.015338359947327,1.8610926644103676
2015-03-20,3.0,0.5825947495058355,1.016582354967841,1.8698063438703918
2015-03-23,3.0,0.5851867487099983,1.0179692622017056,1.8697028985187383
2015-03-24,3.0,0.5809534523365183,1.019196785662281,1.8744597028155559
2015-03-25,3.0,0.5792629859409291,1.019120517113087,1.8611369899396626
2015-03-26,3.0,0.5792629859409291,1.0202201298967193,1.878551675904735
2015-03-27,3.0,0.581725041355116,1.0198428561822892,1.8785714488480403
2015-03-30,3.0,0.5816854117939352,1.0192826496234169,1.8990673441545138
2015-03-31,3.0,0.5816952705629986,1.0195026866193717,1.8990673441545138
2015-04-01,3.0,0.5792599051522528,1.0195026866193717,1.899075775149478
2015-04-02,3.0,0.5835127074098768,1.0201178548288703,1.9015170536070574
2015-04-06,3.0,0.5867675908025254,1.0202351041982332,1.88401717280052
2015-04-07,3.0,0.5867675908025254,1.0211520262565603,1.9015170536070574
2015-04-08,3.0,0.5877871957156612,1.021599207078328,1.9011814244748841
2015-04-09,3.0,0.5853809417136026,1.0211520262565603,1.9015170536070574
2015-04-10,3.0,0.580138759834579,1.0207397992155955,1.9043808928165598
2015-04-13,3.0,0.5836679705664254,1.0177260724119734,1.9043808928165598
2015-04-14,3.0,0.5796604656405211,1.0159680361449412,1.8670783776015163
2015-04-15,3.0,0.5773396369589885,1.0142903000785302,1.8766521759295554
2015-04-16,3.0,0.5773358559797521,1.015550673701209,1.9013124735933054
2015-04-17,3.0,0.5765118475112613,1.0160118981747583,1.9013124735933054
2015-04-20,3.0,0.5748723443107008,1.0147158702615537,1.9013124735933054
2015-04-21,3.0,0.5712589077814398,1.0154372795042117,1.909347214181566
2015-04-22,3.0,0.5703974644286198,1.0164732642425047,1.9120977771349583
2015-04-23,3.0,0.5713604096738398,1.0151731811281928,1.9067519207153936
2015-04-24,3.0,0.5709080104933785,1.0168744340988884,1.9254822062431534
2015-04-27,3.0,0.5741343719354622,1.02011532351673,1.9256713311614018
2015-04-28,3.0,0.5789398299694107,1.0192432745217386,1.9262327506830215
2015-04-29,3.0,0.5772720417035093,1.0203221531772417,1.9274107349705083
2015-04-30,3.0,0.5771853091270102,1.0200616962043707,1.9296056211486992
2015-05-01,3.0,0.5801301765874058,1.0193954728490868,1.9296056211486992
2015-05-04,3.0,0.5772226649665925,1.0189842417657111,1.9271033978139285
2015-05-05,3.0,0.5706783597543565,1.0189842417657111,1.9262327506830215
2015-05-06,3.0,0.5721251729966894,1.0244191684461557,1.925592914239897
2015-05-07,3.0,0.5723267023978743,1.0259154622370736,1.9254822062431534
2015-05-08,3.0,0.5614380844802858,1.0273100564474693,1.9262327506830215
2015-05-11,3.0,0.5614380844802858,1.0286526691742748,1.9254822062431534
2015-05-12,3.0,0.5627276349799772,1.0265327223324179,1.9253889454056794
2015-05-13,3.0,0.5648941869534673,1.024887296964644,1.9253889454056794
2015-05-14,3.0,0.5672012344650084,1.0283199072167277,1.9253889454056794
2015-05-15,3.0,0.5661842132098337,1.0287989699791982,1.9168997391104405
2015-05-18,3.0,0.5672351253698472,1.0287979331277328,1.9230420307887095
2015-05-19,3.0,0.5678767688831119,1.028961121958952,1.9277781657505717
2015-05-20,3.0,0.5678767688831119,1.0292439215368168,1.9279529411794671
2015-05-21,3.0,0.5672351253698472,1.0287989699791982,1.935677060542536
2015-05-22,3.0,0.56629110636409,1.0283933560417493,1.935677060542536
2015-05-26,3.0,0.5657386981893515,1.0267066247001828,1.9279529411794671
2015-05-27,3.0,0.5602773700354916,1.027963203033489,1.940677587180305
2015-05-28,3.0,0.5594500306213966,1.02835222234945,1.9544585453101777
2015-05-29,3.0,0.5589037801458486,1.02835222234945,1.9389246159827047
2015-06-01,3.0,0.5588955354280664,1.0297577599151952,1.9737595868495945
2015-06-02,3.0,0.5575626314573029,1.0284516121604712,1.9770337445334973
2015-06-03,3.0,0.5570046240337027,1.0296503008211584,1.9770337445334973
2015-06-04,3.0,0.5569041704650753,1.0304158839054038,1.9770282944946178
2015-06-05,3.0,0.5516099752172521,1.0305327995336695,1.9699874003575937
2015-06-08,3.0,0.548129501668178,1.0321449069743283,1.9770282944946178
2015-06-09,3.0,0.548129501668178,1.0306127665231881,1.9770282944946178
2015-06-10,3.0,0.54444266673553,1.0340847286126,1.9818762491862896
2015-06-11,3.0,0.5460882676735488,1.031897454146089,1.9835116347441921
2015-06-12,3.0,0.546949592078867,1.0328196877968796,1.9833357443812263
2015-06-15,3.0,0.5468762344345779,1.033608514024817,1.9831573728154839
2015-06-16,3.0,0.5482979089320408,1.034835218257486,1.9842984059833262
2015-06-17,3.0,0.5493772527348835,1.0335721730703908,2.002409529545995
2015-06-18,3.0,0.5431824424786437,1.033191997452784,2.009308151362991
2015-06-19,3.0,0.5439536495753735,1.0346743218876662,1.9936932662866187
2015-06-22,3.0,0.5439536495753735,1.0346743218876662,1.993937771202069
2015-06-23,3.0,0.5468762344345779,1.0347108115970851,1.9934247247477686
2015-06-24,3.0,0.5493772527348835,1.0375235275142423,1.9895147727613967
2015-06-25,3.0,0.5469377529326592,1.0389333653001118,1.9899211905658807
2015-06-26,3.0,0.5497613105422429,1.0394977312680727,1.9805503901029793
2015-06-29,3.0,0.5482676548400072,1.0389333653001118,1.9832348350855236
2015-06-30,3.0,0.5469557925203692,1.0379111853409304,1.9831907262322517
2015-07-01,3.0,0.5463751488647457,1.0384973388256737,1.9926884117379793
2015-07-02,3.0,0.5462865191798901,1.0380204933157269,2.0046120842432984
2015-07-06,3.0,0.5462865191798901,1.0372111180647148,2.023400091197955
2015-07-07,3.0,0.5432844225909383,1.03473982078952,2.027105873642717
2015-07-08,3.0,0.5479469841364347,1.0347177582717815,2.027105873642717
2015-07-09,3.0,0.5485338569971177,1.034760253790081,2.027105873642717
2015-07-10,3.0,0.5485338569971177,1.0366718663202994,2.027105873642717
2015-07-13,3.0,0.5485338569971177,1.033330432475106,2.0482120389671548
2015-07-14,3.0,0.5479782366316115,1.0362047407910127,2.0481542664269994
2015-07-15,3.0,0.5501852766467956,1.0347177582717815,2.0488117850561185
2015-07-16,3.0,0.5497157868751306,1.0357896063941285,2.0407535477266303
2015-07-17,3.0,0.5497533779311589,1.037741309002141,2.0407535477266303
2015-07-20,3.0,0.550185694531343,1.0351670113120899,2.0423955634757216
2015-07-21,3.0,0.5473930577328956,1.0345734656127092,2.0328378999125314
2015-07-22,3.0,0.5437673347856586,1.0344405236047383,2.0327152151467236
2015-07-23,3.0,0.5437416407124603,1.0345795593054474,2.0327868642236413
2015-07-24,3.0,0.5437416407124603,1.0355817104036866,2.0387622075151532
2015-07-27,3.0,0.5466200511409653,1.0354002508823594,2.0326705130154537
2015-07-28,3.0,0.5460889742547259,1.0354002508823594,2.0290400478627717
2015-07-29,3.0,0.5466265949858047,1.0351608389187044,2.029137570831656
2015-07-30,3.0,0.5440041551375671,1.0354002508823594,2.0342245103958043
2015-07-31,3.0,0.5440041551375671,1.031878000244914,2.0342245103958043
2015-08-03,3.0,0.5477008316275361,1.0332164353137152,2.0326705130154537
2015-08-04,3.0,0.5460477177985014,1.033367696642316,2.0326705130154537
2015-08-05,3.0,0.5457891016447229,1.0315228937745375,2.0318000086200314
2015-08-06,3.0,0.5457891016447229,1.0324757955228152,2.050561163581555
2015-08-07,3.0,0.5425500683971496,1.0351580779676635,2.060084220478208
2015-08-10,3.0,0.5427288722347808,1.0363931769158568,2.0634926990194415
2015-08-11,3.0,0.5427079386041943,1.0363655657913866,2.0634318736052824
2015-08-12,3.0,0.5427314843066202,1.0348688002445385,2.070732996026324
2015-08-13,3.0,0.5429950584927563,1.0338814673355126,2.0483467211814537
2015-08-14,3.0,0.5429950584927563,1.0332388158827026,2.0634318736052824
2015-08-17,3.0,0.5427079386041943,1.0328294736058607,2.0681441574323043
2015-08-18,3.0,0.5427079386041943,1.0305359160248038,2.0681441574323043
2015-08-19,3.0,0.5429950584927563,1.029869101165005,2.0484706640061217
2015-08-20,3.0,0.5427314843066202,1.0289026446150369,2.0441968317825157
2015-08-21,3.0,0.5416249239205444,1.029184203686965,2.0465607168580275
2015-08-24,3.0,0.5427115176661789,1.027843658959452,2.0465607168580275
2015-08-25,3.0,0.5418198563166355,1.027843658959452,2.0431208938630068
2015-08-26,3.0,0.5382173933022248,1.025092145390635,2.0431208938630068
2015-08-27,3.0,0.5381598150221317,1.0262108349350854,2.0525909670687525
2015-08-28,3.0,0.5407271093900875,1.0262108349350854,2.0600535798218504
2015-08-31,3.0,0.5361336286462348,1.0262108349350854,2.064795598337197
2015-09-01,3.0,0.5400606816367964,1.0262108349350854,2.0685713892624142
2015-09-02,3.0,0.5426579515340085,1.0327247352954716,2.0701201278031047
2015-09-03,3.0,0.537407127449024,1.0311627902893665,2.064832288558628
2015-09-04,3.0,0.5370715069053952,1.0292513446050053,2.0635959425504695
2015-09-08,3.0,0.5364461837234751,1.029076580073733,2.074864872050583
2015-09-09,3.0,0.5355467299819204,1.0313221135352013,2.063846327053778
2015-09-10,3.0,0.5364625395269913,1.0316444379229488,2.081321782456315
2015-09-11,3.0,0.5364625395269913,1.0282769478561216,2.081827062668196
2015-09-14,3.0,0.5362053558388845,1.0275167895531183,2.0849681649956713
2015-09-15,3.0,0.5364625395269913,1.0255606323865378,2.0846551458737452
2015-09-16,3.0,0.5361048959704953,1.0253575147528489,2.107076088434313
2015-09-17,3.0,0.532952494561296,1.0250533839934,2.1143168773008587
2015-09-18,3.0,0.5297949522229004,1.0279656657051073,2.1143168773008587
2015-09-21,3.0,0.5297602681761117,1.027749272418284,2.121663431696559
2015-09-22,3.0,0.5278000660113447,1.0282122523091393,2.1378965780929082
2015-09-23,3.0,0.5297865098147664,1.0288480593613878,2.1378965780929082
2015-09-24,3.0,0.528904734513804,1.0283836045061931,2.1736307678392577
2015-09-25,3.0,0.5305923231713798,1.0322912794850554,2.186900896521257
2015-09-28,3.0,0.5346839944744577,1.0331064734361548,2.214193550708868
2015-09-29,3.0,0.5359084524015749,1.0322912794850554,2.2042512187454704
2015-09-30,3.0,0.5359084524015749,1.031901716670924,2.1960293786974208
2015-10-01,3.0,0.534824270465097,1.0331064734361548,2.18858139975344
2015-10-02,3.0,0.5317710898176495,1.0323527336982896,2.18354701787148
2015-10-05,3.0,0.5278159471179911,1.0336641266736994,2.188438745501734
2015-10-06,3.0,0.5231908240624801,1.036125524569617,2.190265238664091
2015-10-07,3.0,0.5231908240624801,1.034401215917276,2.190265238664091
2015-10-08,3.0,0.5214299970501558,1.034401215917276,2.190265238664091
2015-10-09,3.0,0.5211331149299702,1.0377742620139792,2.1958875322551092
2015-10-12,3.0,0.5222899366243834,1.0363178674972215,2.1982204102895655
2015-10-13,3.0,0.5217319146361044,1.0350977468439984,2.1902626748674345
2015-10-14,3.0,0.5321400215142745,1.0350977468439984,2.20511380385551
2015-10-15,3.0,0.531837697628005,1.035873559259356,2.2051552788644515
2015-10-16,3.0,0.5325097316516139,1.0351589275319282,2.189004707594451
2015-10-19,3.0,0.5304914468783242,1.0356685089343078,2.206156981501111
2015-10-20,3.0,0.5267330067531615,1.0338543438617602,2.206103494983867
2015-10-21,3.0,0.526209573154541,1.0349171801904666,2.201874186643249
2015-10-22,3.0,0.526209573154541,1.0371192138956367,2.1996621999724524
2015-10-23,3.0,0.5263640789499707,1.035963075978158,2.198215789270577
2015-10-26,3.0,0.5263481556388678,1.034879749642482,2.201812820464636
2015-10-27,3.0,0.5263481556388678,1.0360194908832983,2.1996716355804424
2015-10-28,3.0,0.5266371213829705,1.035963075978158,2.1951895302839506
2015-10-29,3.0,0.5254551671907342,1.0361706030356375,2.185879658269428
2015-10-30,3.0,0.5213240134829499,1.0361706030356375,2.189415174880463
2015-11-02,3.0,0.5225612142352085,1.0366071739631084,2.16806118327265
2015-11-03,3.0,0.5209229477811953,1.0370861879927111,2.16806118327265
2015-11-04,3.0,0.5175445565812609,1.0381779768839738,2.1759972072520446
2015-11-05,3.0,0.5158564670728338,1.039901779409668,2.1918405045500493
2015-11-06,3.0,0.5158226818167722,1.0374451645460108,2.1981465640884332
2015-11-09,3.0,0.5154239320534628,1.0381500630812903,2.1761397090910255
2015-11-10,3.0,0.5154239320534628,1.0381037348769433,2.1905616604147458
2015-11-11,3.0,0.5154239320534628,1.0381037348769433,2.205069271575198
2015-11-12,3.0,0.5150510526221153,1.037560421362678,2.2072049151431865
2015-11-13,3.0,0.5150510526221153,1.0364380462348515,2.1903747179732185
2015-11-16,3.0,0.5137547409391214,1.0380194923719634,2.2177338948925787
2015-11-17,3.0,0.5150510526221153,1.035940136952361,2.2072049151431865
2015-11-18,3.0,0.5194473093893133,1.0380194923719634,2.2330585625184205
2015-11-19,3.0,0.5175449237770829,1.0360934890831077,2.221546941966175
2015-11-20,3.0,0.5132979100749309,1.0382381067882966,2.239778500719432
2015-11-23,3.0,0.5094785710882443,1.0384896872018412,2.2434435751654465
2015-11-24,3.0,0.5094785710882443,1.0386042490652676,2.243532230696464
2015-11-25,3.0,0.5094785710882443,1.0443315629605765,2.243532230696464
2015-11-27,3.0,0.5074619324161083,1.0419841042087494,2.22126592594684
2015-11-30,3.0,0.507287301646696,1.0444358799846072,2.243532230696464
2015-12-01,3.0,0.5074859709352982,1.0424217926602088,2.2220086611574374
2015-12-02,3.0,0.5077694806101329,1.0398354354809691,2.22126592594684
2015-12-03,3.0,0.5074619324161083,1.0393012448695391,2.22952213835613
2015-12-04,3.0,0.5063200524498549,1.0422994845495033,2.2214633832201707
2015-12-07,3.0,0.5074619324161083,1.0425025280921172,2.2398992535506936
2015-12-08,3.0,0.5077694806101329,1.0421736027634219,2.239972983323103
2015-12-09,3.0,0.508366837593303,1.0420547092643533,2.263532110456492
2015-12-10,3.0,0.5077694806101329,1.040734718574245,2.263532110456492
2015-12-11,3.0,0.5077694806101329,1.0404812623286153,2.262063123492915
2015-12-14,3.0,0.5074003432751115,1.0418815436733124,2.259419115720379
2015-12-15,3.0,0.5030142764630812,1.0411057756009894,2.25626318662369
2015-12-16,3.0,0.5076791111550556,1.0433806947422837,2.25626318662369
2015-12-17,3.0,0.5029930781863251,1.043897883213102,2.25626318662369
2015-12-18,3.0,0.5076791111550556,1.0439795208708063,2.2611598284024335
2015-12-21,3.0,0.5079609190470877,1.045548253465217,2.265327079836861
2015-12-22,3.0,0.5077748615049429,1.0439795208708063,2.256365570919664
2015-12-23,3.0,0.5038168378877547,1.042990499785632,2.2565990611135187
2015-12-24,3.0,0.5076791111550556,1.0417027185819032,2.2844557917763435
2015-12-28,3.0,0.5076791111550556,1.0411941756752916,2.284482336756985
2015-12-29,3.0,0.5035034369539114,1.043804389926717,2.2747360915443147
2015-12-30,3.0,0.5035034369539114,1.0403903981680407,2.2747360915443147
2015-12-31,3.0,0.5035034369539114,1.040680685515106,2.256837605938468
2016-01-04,3.0,0.5043008836554701,1.0437571694955474,2.284331600512432
2016-01-05,3.0,0.50385841570008,1.0445682954713438,2.284174299020393
2016-01-06,3.0,0.5025857294692064,1.0418395145435468,2.278182216723669
2016-01-07,3.0,0.49965269689967495,1.0431863521794602,2.2872458205451824
2016-01-08,3.0,0.4993368605868998,1.0417955735135123,2.287249972402073
2016-01-11,3.0,0.4993368605868998,1.0396241168339788,2.2941689292880474
2016-01-12,3.0,0.4985852065400055,1.0394285875685578,2.294074063995073
2016-01-13,3.0,0.49841499540466866,1.0391555376767103,2.294074063995073
2016-01-14,3.0,0.4983253877702072,1.0387428412585271,2.2942416784545814
2016-01-15,3.0,0.4979220287115542,1.0400764927282649,2.2940237263098733
2016-01-19,3.0,0.4979220287115542,1.0394801104520128,2.290304874398849
2016-01-20,3.0,0.4979220287115542,1.0391555376767103,2.2887924687015273
2016-01-21,3.0,0.4984055702358548,1.0385728838621315,2.284620738626773
2016-01-22,3.0,0.4979220287115542,1.0356299732333833,2.2962393600030047
2016-01-25,3.0,0.496475717771537,1.0358513226705224,2.293621747974593
2016-01-26,3.0,0.4979220287115542,1.0348554806542918,2.2816978429192565
2016-01-27,3.0,0.496475717771537,1.0373533913686355,2.2903552120840494
2016-01-28,3.0,0.49073897286019064,1.038129648960389,2.2903552120840494
2016-01-29,3.0,0.49560911781120554,1.0367511327201535,2.2838814154002
2016-02-01,3.0,0.49439354668881963,1.0378721071848864,2.2903897239096693
2016-02-02,3.0,0.49439354668881963,1.0372370828865556,2.2903897239096693
2016-02-03,3.0,0.4940102968994847,1.038129648960389,2.2903897239096693
2016-02-04,3.0,0.49439354668881963,1.0388535360683906,2.2892665751870136
2016-02-05,3.0,0.4904640317890723,1.0367457283722357,2.2903897239096693
2016-02-08,3.0,0.49073897286019064,1.0369757218260607,2.2978646638156284
2016-02-09,3.0,0.49049638564100617,1.0354909997103707,2.2892665751870136
2016-02-10,3.0,0.48750081835872827,1.0390349346034364,2.301239203742037
2016-02-11,3.0,0.48578182834603784,1.0394930171029508,2.2892665751870136
2016-02-12,3.0,0.48578182834603784,1.0364066593516663,2.2906278251026286
2016-02-16,3.0,0.4870214430005149,1.0423341095039196,2.307783189054288
2016-02-17,3.0,0.4850672137309148,1.0431266519245805,2.29579218245239
2016-02-18,3.0,0.4870214430005149,1.0434233861715054,2.2890365803292863
2016-02-19,3.0,0.48577467400465496,1.0443520177014662,2.2567368890812025
2016-02-22,3.0,0.4847589470341863,1.0418790497953223,2.2651482359419566
2016-02-23,3.0,0.48576095327782226,1.0419762710735396,2.2651482359419566
2016-02-24,3.0,0.4893555181860365,1.044912376223952,2.282250272502387
2016-02-25,3.0,0.49277291665668266,1.0434541097347538,2.2744520493665443
2016-02-26,3.0,0.4940117582222996,1.044107658342505,2.272079723366388
2016-02-29,3.0,0.49394241040699277,1.0449871988879673,2.2902510988605553
2016-03-01,3.0,0.4940117582222996,1.0463317817202396,2.2921064062715315
2016-03-02,3.0,0.49394241040699277,1.04733059755319,2.295250195245857
2016-03-03,3.0,0.4927740781707304,1.0488140285035557,2.295159358708654
2016-03-04,3.0,0.48786948052243617,1.0488140285035557,2.295159358708654
2016-03-07,3.0,0.4878459464126634,1.0497762797342367,2.295159358708654
2016-03-08,3.0,0.4909720406088163,1.047366148482444,2.2759838497479867
2016-03-09,3.0,0.49093907886764326,1.0480492811333815,2.2902510988605553
2016-03-10,3.0,0.48373835900394885,1.0510310770843923,2.2792514957012036
2016-03-11,3.0,0.4833676531716509,1.0484056904505232,2.27120869265093
2016-03-14,3.0,0.4828920664661532,1.049823751971701,2.2715577193999095
2016-03-15,3.0,0.4866477796989101,1.0507387298737796,2.2955395923722355
2016-03-16,3.0,0.4876633305067355,1.0482084788852597,2.29510897378362
2016-03-17,3.0,0.485122923942331,1.0488331125200854,2.2955395923722355
2016-03-18,3.0,0.48298991736328867,1.0446302112764867,2.2955395923722355
2016-03-21,3.0,0.48076138609171715,1.0442475248809522,2.3230721574845776
2016-03-22,3.0,0.4799445927511648,1.0442475248809522,2.3230721574845776
2016-03-23,3.0,0.4778813955457009,1.046714316233245,2.3230721574845776
2016-03-24,3.0,0.47684505791065585,1.0476846655608427,2.3243014487989297
2016-03-28,3.0,0.476726793067352,1.0488802569958988,2.3233403691520054
2016-03-29,3.0,0.476919893360294,1.048079417630643,2.313866843766694
2016-03-30,3.0,0.47822713488116647,1.0468736613012934,2.3096783880679648
2016-03-31,3.0,0.47822713488116647,1.050674983377771,2.3134449618843407
2016-04-01,3.0,0.47822713488116647,1.0472192354041812,2.3134449618843407
2016-04-04,3.0,0.477710637884534,1.045546906482675,2.3109246284466005
2016-04-05,3.0,0.477710637884534,1.0446735073335698,2.313800969461666
2016-04-06,3.0,0.47733981787446794,1.0448921316294126,2.314135767745527
2016-04-07,3.0,0.47733981787446794,1.0447577363025526,2.312652506027056
2016-04-08,3.0,0.4769952672397544,1.0459809623016225,2.312652506027056
2016-04-11,3.0,0.47692171942787803,1.0453376359441533,2.313834856545084
2016-04-12,3.0,0.47733710519115574,1.0482141734524992,2.31748361943513
2016-04-13,3.0,0.4768895683552209,1.0473438881188595,2.31748361943513
2016-04-14,3.0,0.476916316455223,1.0473438881188595,2.333843942645006
2016-04-15,3.0,0.47602836910296265,1.0471720216071412,2.313947415670007
2016-04-18,3.0,0.4751878793073809,1.0468701425918123,2.313947415670007
2016-04-19,3.0,0.4751878793073809,1.0453376359441533,2.3054689081396935
2016-04-20,3.0,0.4724453781246644,1.0486037808514785,2.299651178449676
2016-04-21,3.0,0.4785277759421595,1.047738161866882,2.3191743307806236
2016-04-22,3.0,0.47948150228277797,1.0444080692693185,2.3501096553265155
2016-04-25,3.0,0.4801482476974915,1.043761514463232,2.3569543137544233
2016-04-26,3.0,0.4814759992767718,1.040852552210647,2.3569543137544233
2016-04-27,3.0,0.4793490160470849,1.0418388796275821,2.3569543137544233
2016-04-28,3.0,0.4794306253159476,1.0409744912507868,2.3594695696019885
2016-04-29,3.0,0.4794306253159476,1.0411273437541142,2.3592785590918592
2016-05-02,3.0,0.4772915612442331,1.0396099897155557,2.3067133634609425
2016-05-03,3.0,0.47949241517911184,1.0392985328849065,2.3058203608188315
2016-05-04,3.0,0.47949241517911184,1.0382944404905339,2.352443036832401
2016-05-05,3.0,0.47949241517911184,1.0374805903636413,2.352443036832401
2016-05-06,3.0,0.477288996137297,1.0374805903636413,2.357082361115957
2016-05-09,3.0,0.4748639645449244,1.0382944404905339,2.3644634167018173
2016-05-10,3.0,0.4768624076658447,1.03717832426918,2.356938430542329
2016-05-11,3.0,0.47488884372056045,1.0385660530950709,2.356938430542329
2016-05-12,3.0,0.47488884372056045,1.0394503419598782,2.3585455189085818
2016-05-13,3.0,0.48408339509113385,1.040445512526936,2.365025552603243
2016-05-16,3.0,0.4843353765673916,1.040445512526936,2.365025552603243
2016-05-17,3.0,0.4843353765673916,1.0389161506081712,2.375914724248812
2016-05-18,3.0,0.4845918661746334,1.0371284805543066,2.3770103605316284
2016-05-19,3.0,0.4798200029026961,1.03717832426918,2.375951190914808
2016-05-20,3.0,0.4810561738450612,1.0387171907315162,2.380205261866852
2016-05-23,3.0,0.4712605861747942,1.0396228022343594,2.3760309840384455
2016-05-24,3.0,0.4703352934005928,1.0371312181507673,2.3760309840384455
2016-05-25,3.0,0.4665615454516903,1.0377764783571015,2.380205261866852
2016-05-26,3.0,0.46639083359956945,1.0405006819097204,2.3964667202517393
2016-05-27,3.0,0.46639083359956945,1.0420416135319424,2.3964667202517393
2016-05-31,3.0,0.4665615454516903,1.0414828966441103,2.383813379164237
2016-06-01,3.0,0.4665615454516903,1.042160993491206,2.400014004101655
2016-06-02,3.0,0.46639083359956945,1.0405368126050436,2.409816959808684
2016-06-03,3.0,0.4655744598793759,1.0426762235468487,2.4095110784589244
2016-06-06,3.0,0.4655744598793759,1.0417169803674513,2.4029693668543617
2016-06-07,3.0,0.46556167846261015,1.039838707240751,2.4029693668543617
2016-06-08,3.0,0.4642869149213938,1.0413080168242594,2.4009875614417204
2016-06-09,3.0,0.46556167846261015,1.0398592158955837,2.3998051869600534
2016-06-10,3.0,0.46556167846261015,1.0393876634037333,2.3998051869600534
2016-06-13,3.0,0.46556167846261015,1.0358689278975084,2.400228244912437
2016-06-14,3.0,0.4642869149213938,1.0335797692882607,2.400153529104848
2016-06-15,3.0,0.4642869149213938,1.0345253619365757,2.400153529104848
2016-06-16,3.0,0.46403478231793455,1.039889880509623,2.417920669466781
2016-06-17,3.0,0.4619690908909733,1.0410898418767833,2.417920669466781
2016-06-20,3.0,0.4637326679044559,1.0405408204657842,2.414952553583471
2016-06-21,3.0,0.459740209546574,1.0394665761867647,2.4179730356515816
2016-06-22,3.0,0.45846652051416464,1.0379793975836848,2.418231538150169
2016-06-23,3.0,0.45908780478231503,1.0387009990041487,2.417876940307242
2016-06-24,3.0,0.4602634673644625,1.0387009990041487,2.417876940307242
2016-06-27,3.0,0.4602480428906529,1.0415182310398796,2.414952553583471
2016-06-28,3.0,0.457643601263893,1.038346559120291,2.414952553583471
2016-06-29,3.0,0.457643601263893,1.0388092400851887,2.4095728347474346
2016-06-30,3.0,0.4550671521303482,1.0422889460353228,2.4149630238112585
2016-07-01,3.0,0.45663176112447834,1.0456305844211886,2.4188671229810614
2016-07-05,3.0,0.4576715141072867,1.0427635038765044,2.420702414234888
2016-07-06,3.0,0.4579513633194576,1.043587201058576,2.4188671229810614
2016-07-07,3.0,0.4576715141072867,1.0425765191447083,2.4418455416872633
2016-07-08,3.0,0.45637524656383727,1.038137063012138,2.4418455416872633
2016-07-11,3.0,0.4525206839901801,1.0405681335856485,2.442033720511773
2016-07-12,3.0,0.45813466892420285,1.040477702998393,2.4418347206083366
2016-07-13,3.0,0.4579513633194576,1.039146680978181,2.4373867186664757
2016-07-14,3.0,0.4529628135047331,1.0390863647708768,2.4188671229810614
2016-07-15,3.0,0.4529628135047331,1.0380274443675783,2.4361330318689003
2016-07-18,3.0,0.4532281609142697,1.03734751343779,2.4361330318689003
2016-07-19,3.0,0.4529628135047331,1.0371251349024055,2.463049540819968
2016-07-20,3.0,0.4593057184988763,1.037320743485736,2.463049540819968
2016-07-21,3.0,0.4601064657244459,1.0371268489469085,2.463049540819968
2016-07-22,3.0,0.4605331008631586,1.0379923919062466,2.4606060841398003
2016-07-25,3.0,0.4601064657244459,1.0404604472899213,2.4606060841398003
2016-07-26,3.0,0.4605331008631586,1.0404604472899213,2.4515551254312964
2016-07-27,3.0,0.4600611870920787,1.0398764807938767,2.4515249837086373
2016-07-28,3.0,0.4593057184988763,1.0379566079391611,2.4515249837086373
2016-07-29,3.0,0.4601064657244459,1.0385335280695758,2.45351087370526
2016-08-01,3.0,0.46010659559874056,1.0391668155439282,2.464658868436619
2016-08-02,3.0,0.4594664506003856,1.0391668155439282,2.464658868436619
2016-08-03,3.0,0.459343258633947,1.037085152910604,2.4535521385159433
2016-08-04,3.0,0.4535594459646255,1.0370043389750685,2.464658868436619
2016-08-05,3.0,0.4535594459646255,1.0389699945854245,2.4535521385159433
2016-08-08,3.0,0.4547284705970781,1.039553142445281,2.4570061264019505
2016-08-09,3.0,0.4554919726236526,1.039429789095969,2.4523490426127097
2016-08-10,3.0,0.45326241518681243,1.0403967713848505,2.453204743660973
2016-08-11,3.0,0.45313828661660943,1.0398600399103133,2.453204743660973
2016-08-12,3.0,0.45312762525688743,1.0410538472148207,2.464658868436619
2016-08-15,3.0,0.4489477015617336,1.0414757729947162,2.4680716126275475
2016-08-16,3.0,0.44712578424699423,1.0438743219931867,2.4646559286797176
2016-08-17,3.0,0.4489063759549223,1.0421770360322968,2.4748927617212786
2016-08-18,3.0,0.44712578424699423,1.04355686213913,2.4646559286797176
2016-08-19,3.0,0.4462203568439566,1.0438743219931867,2.4679569621084023
2016-08-22,3.0,0.44577846396033044,1.04355686213913,2.4748921138522264
2016-08-23,3.0,0.4530773583067267,1.043395740666885,2.4678128431972133
2016-08-24,3.0,0.4458117584104181,1.0421538439509779,2.4692000334805666
2016-08-25,3.0,0.4458117584104181,1.043395740666885,2.4679569621084023
2016-08-26,3.0,0.4458117584104181,1.0429335770000936,2.4721738615989204
2016-08-29,3.0,0.45591444189486846,1.0423160534197526,2.4679569621084023
2016-08-30,3.0,0.4458117584104181,1.0412726860623778,2.4638864737524506
2016-08-31,3.0,0.45221112907797256,1.0420136646080511,2.4640339354012544
2016-09-01,3.0,0.44576591079916256,1.043557566643254,2.4640339354012544
2016-09-02,3.0,0.45157584522150707,1.0446536234878163,2.46802913525602
2016-09-06,3.0,0.45157584522150707,1.04385365986295,2.456053305933144
2016-09-07,3.0,0.4516574934996025,1.0434633107450442,2.4585661395107286
2016-09-08,3.0,0.44902155296297486,1.0416517352001051,2.453448939938435
2016-09-09,3.0,0.447295433169225,1.0439825812095809,2.475391194768023
2016-09-12,3.0,0.44560546242256194,1.046515372072007,2.4560314059220754
2016-09-13,3.0,0.4430604822245683,1.044970946688014,2.45789466169759
2016-09-14,3.0,0.4430604822245683,1.044970946688014,2.475391194768023
2016-09-15,3.0,0.4430604822245683,1.0436163603596422,2.488898917913892
2016-09-16,3.0,0.44233762577117164,1.044319872973829,2.467780139237126
2016-09-19,3.0,0.43562180095751,1.044319872973829,2.467780139237126
2016-09-20,3.0,0.4383388789322595,1.0436163603596422,2.4752916743764897
2016-09-21,3.0,0.44104292519794874,1.0408151427175154,2.51653112514105
2016-09-22,3.0,0.43562180095751,1.0412394692295868,2.52966723925687
2016-09-23,3.0,0.42999483469249544,1.0407037694681485,2.532093811877562
2016-09-26,3.0,0.42916884103742997,1.0445360255788831,2.516650490069105
2016-09-27,3.0,0.4298588632399608,1.0455406845329944,2.5016739430143007
2016-09-28,3.0,0.43003441987339913,1.0476217378713142,2.5167335824849686
2016-09-29,3.0,0.42986964074952216,1.0484896323711907,2.5167335824849686
2016-09-30,3.0,0.42914077684072005,1.0490678769703092,2.5635578586196925
2016-10-03,3.0,0.42914077684072005,1.0498726732330508,2.5635578586196925
2016-10-04,3.0,0.42914077684072005,1.0497188083781355,2.5667871288541573
2016-10-05,3.0,0.4298288779570586,1.0490212793831826,2.5728939492846887
2016-10-06,3.0,0.428284270351525,1.0493998817725552,2.5724827134955395
2016-10-07,3.0,0.428284270351525,1.049654031110198,2.5724827134955395
2016-10-10,3.0,0.42682578888322703,1.0482366451212353,2.5692535159489713
2016-10-11,3.0,0.42682578888322703,1.0499373304165722,2.5724827134955395
2016-10-12,3.0,0.42824507773983156,1.0503117458897744,2.564557925364339
2016-10-13,3.0,0.42796731013703054,1.0483028979779128,2.5744588923227654
2016-10-14,3.0,0.42824507773983156,1.04736786251953,2.5777357849311002
2016-10-17,3.0,0.42824507773983156,1.0464173134490036,2.566078444244874
2016-10-18,3.0,0.42639277964556166,1.0433500707206034,2.572407721667363
2016-10-19,3.0,0.4259557422765299,1.04374055435963,2.5724827134955395
2016-10-20,3.0,0.4254360602485184,1.044052198504283,2.577570451492749
2016-10-21,3.0,0.4259557422765299,1.043392428852537,2.6265085398978947
2016-10-24,3.0,0.4254360602485184,1.044568344257351,2.6265085398978947
2016-10-25,3.0,0.4254360602485184,1.0453535490852377,2.6265085398978947
2016-10-26,3.0,0.4253738375326973,1.0475444203538808,2.611270532065215
2016-10-27,3.0,0.42639277964556166,1.047904422052658,2.631922564318313
2016-10-28,3.0,0.4237642781722527,1.0470601667867814,2.6130756213430284
2016-10-31,3.0,0.42384085644034486,1.0471561091075747,2.612767072869185
2016-11-01,3.0,0.42384085644034486,1.0466468873788297,2.611296858726042
2016-11-02,3.0,0.4253152482698426,1.0477795470648665,2.6173324866545675
2016-11-03,3.0,0.42463874690938236,1.0495393450405364,2.5966081879297107
2016-11-04,3.0,0.4228041974631705,1.0463433206973745,2.5966081879297107
2016-11-07,3.0,0.42363807254954305,1.0463433206973745,2.6100598610778567
2016-11-08,3.0,0.41847057611186067,1.044052198504283,2.5945614917997557
2016-11-09,3.0,0.4236642772035416,1.0449259693409036,2.5922637941299933
2016-11-10,3.0,0.4167164800279156,1.0442442533545608,2.5945614917997557
2016-11-11,3.0,0.41671291657726817,1.0404616032341223,2.577778979801907
2016-11-14,3.0,0.41652659165559375,1.0435976093127592,2.577778979801907
2016-11-15,3.0,0.4161157386603922,1.0486424018331029,2.583965360900587
2016-11-16,3.0,0.41200442273777665,1.0495429010694322,2.59431756441223
2016-11-17,3.0,0.4166075541220084,1.0551662676796143,2.5899729494363233
2016-11-18,3.0,0.4202318173053997,1.0561265735523757,2.5842533353303248
2016-11-21,3.0,0.4169226352727818,1.0553870880395508,2.583890446697696
2016-11-22,3.0,0.4166271454825747,1.0550809341662333,2.6017180569527643
2016-11-23,3.0,0.4165577481833744,1.0549277388828266,2.6017180569527643
2016-11-25,3.0,0.41663173875587073,1.0534087980095381,2.614705473186267
2016-11-28,3.0,0.4162132725420652,1.051616888945508,2.6017229961939394
2016-11-29,3.0,0.4162132725420652,1.0501557236516503,2.614915062811207
2016-11-30,3.0,0.413693248857377,1.0506240759125436,2.6017229961939394
2016-12-01,3.0,0.4136842537446467,1.0497864310619478,2.627243079736049
2016-12-02,3.0,0.4195438409689333,1.053175358977871,2.6269991325775903
2016-12-05,3.0,0.4195438409689333,1.0526332306495738,2.6158580176865773
2016-12-06,3.0,0.4194792968472398,1.0526888177329639,2.616262811860979
2016-12-07,3.0,0.4194792968472398,1.0535534543140148,2.5950367986717735
2016-12-08,3.0,0.4194792968472398,1.054950203445581,2.601739955413048
2016-12-09,3.0,0.4194792968472398,1.0575568433336633,2.608317503524592
2016-12-12,3.0,0.4173389856838962,1.0591703111706874,2.6160376982815152
2016-12-13,3.0,0.41527459773352793,1.0565219514520785,2.6342506229386564
2016-12-14,3.0,0.41150647198282486,1.0556909441578597,2.624167678461715
2016-12-15,3.0,0.41150647198282486,1.0539293790960378,2.624167678461715
2016-12-16,3.0,0.41150647198282486,1.0539293790960378,2.624167678461715
2016-12-19,3.0,0.4089856698031015,1.0526176387651374,2.624490358301587
2016-12-20,3.0,0.41150647198282486,1.0549925870284231,2.6243459585653786
2016-12-21,3.0,0.41150647198282486,1.055470860911674,2.6472113002900115
2016-12-22,3.0,0.409278342458649,1.0522393158070216,2.6382197437422183
2016-12-23,3.0,0.409278342458649,1.0504662232868043,2.6381379409347376
2016-12-27,3.0,0.41253412311814674,1.0522393158070216,2.6381379409347376
2016-12-28,3.0,0.4115404173983788,1.0495296965891676,2.6381379409347376
2016-12-29,3.0,0.41150647198282486,1.0477866676128316,2.624135794678403
2016-12-30,3.0,0.4113952391065665,1.0501315050864535,2.632771939555026
2017-01-03,3.0,0.41194180807106434,1.0459984794388713,2.624135794678403
2017-01-04,3.0,0.41253412311814674,1.044247579672559,2.632771939555026
2017-01-05,3.0,0.41152446883953336,1.04613819472482,2.624135794678403
2017-01-06,3.0,0.4096851506738182,1.0461129839088046,2.6184236061531436
2017-01-09,3.0,0.4055433132179847,1.0463616217626504,2.624135794678403
2017-01-10,3.0,0.4048639614598857,1.0473508863896839,2.6458076256998635
2017-01-11,3.0,0.4059318150322732,1.046779961775984,2.6511106868033263
2017-01-12,3.0,0.40806058535151213,1.0456183181887713,2.6496449251350773
2017-01-13,3.0,0.4059501510813546,1.04613819472482,2.636668046103396
2017-01-17,3.0,0.4078068787132537,1.047834404782146,2.638089602570062
2017-01-18,3.0,0.4076531852279122,1.046870350971128,2.643359511523111
2017-01-19,3.0,0.40806058535151213,1.0445001917618728,2.6337492166555263
2017-01-20,3.0,0.40647324542639834,1.0473508863896839,2.639854630795524
2017-01-23,3.0,0.4087373819081059,1.0453670649835338,2.633667954887321
2017-01-24,3.0,0.4087373819081059,1.0472833261661463,2.6401903025631004
2017-01-25,3.0,0.40733530659324824,1.0453860989502788,2.637319710357201
2017-01-26,3.0,0.40733530659324824,1.0469972560107679,2.6406434589813204
2017-01-27,3.0,0.40733530659324824,1.047749092634088,2.6406434589813204
2017-01-30,3.0,0.4080042518116082,1.0470775972037694,2.6789835979838275
2017-01-31,3.0,0.4081126959536866,1.0489786477329324,2.6789835979838275
2017-02-01,3.0,0.40800725052935216,1.0494329316337487,2.6789835979838275
2017-02-02,3.0,0.4065050437175993,1.0491437069430438,2.6789835979838275
2017-02-03,3.0,0.40186901016172055,1.0495824047044513,2.6804325089252443
2017-02-06,3.0,0.4025363777691526,1.0486652004377568,2.691871904455338
2017-02-07,3.0,0.40175895136122813,1.048799580435794,2.691871904455338
2017-02-08,3.0,0.40175895136122813,1.0499728871428509,2.720293525150281
2017-02-09,3.0,0.40399903131642717,1.0521800219268753,2.720183336304473
2017-02-10,3.0,0.4041096305998512,1.0511459530169454,2.680838786047048
2017-02-13,3.0,0.40175895136122813,1.0535461197487774,2.6834124736061318
2017-02-14,3.0,0.40399903131642717,1.053715148463517,2.7202590211580215
2017-02-15,3.0,0.40175895136122813,1.0524471026291056,2.7190437444042423
2017-02-16,3.0,0.40399903131642717,1.053715148463517,2.702511569810292
2017-02-17,3.0,0.4024303103890881,1.0535076762875497,2.739028886342073
2017-02-21,3.0,0.40173615373330634,1.0524471026291056,2.710682702464591
2017-02-22,3.0,0.40173615373330634,1.0533973318140988,2.710682702464591
2017-02-23,3.0,0.4031160309799963,1.0522769840725845,2.724385497196626
2017-02-24,3.0,0.4044472663147026,1.0522769840725845,2.754204088738028
2017-02-27,3.0,0.4030102145086145,1.053276224218986,2.728638243774395
2017-02-28,3.0,0.40122323793446096,1.0522221200805983,2.7243372349448585
2017-03-01,3.0,0.40122323793446096,1.0499378745867403,2.7243372349448585
2017-03-02,3.0,0.40713348021413126,1.050269255858134,2.6904197984122176
2017-03-03,3.0,0.4030102145086145,1.047690617315373,2.6831258720471225
2017-03-06,3.0,0.4030102145086145,1.044260293407147,2.6831518288012437
2017-03-07,3.0,0.4026471695108661,1.045432746278541,2.6831518288012437
2017-03-08,3.0,0.4017033323970792,1.044260293407147,2.690870204756171
2017-03-09,3.0,0.39701937668478005,1.0440503148636466,2.6903012586546953
2017-03-10,3.0,0.39701937668478005,1.0440503148636466,2.708955440387269
2017-03-13,3.0,0.3968356966473932,1.0435707999896215,2.724197968797034
2017-03-14,3.0,0.39683280275828436,1.0484373603902148,2.733041371623682
2017-03-15,3.0,0.39683280275828436,1.0446077690530267,2.733041371623682
2017-03-16,3.0,0.39683280275828436,1.0457768827100842,2.723427875200222
2017-03-17,3.0,0.39683280275828436,1.048408389259453,2.719963040599964
2017-03-20,3.0,0.39702978906907266,1.0465744798869459,2.733041371623682
2017-03-21,3.0,0.39702978906907266,1.0448716377282334,2.713598786990969
2017-03-22,3.0,0.39840374862748706,1.0428859724609687,2.708692115482529
2017-03-23,3.0,0.39702978906907266,1.0468728174968023,2.7032223641122455
2017-03-24,3.0,0.3983830840647236,1.0467075738962437,2.7138211289402503
2017-03-27,3.0,0.39701607455056814,1.0473516220157548,2.7138211289402503
2017-03-28,3.0,0.3963528992530392,1.048555522616617,2.7138211289402503
2017-03-29,3.0,0.39686564898275467,1.0513666473104943,2.7137486262917587
2017-03-30,3.0,0.39686564898275467,1.0492768937375287,2.7138211289402503
2017-03-31,3.0,0.3937716702272697,1.0507286008815884,2.7308745378159567
2017-04-03,3.0,0.38922338333414297,1.052114348598142,2.7308745378159567
2017-04-04,3.0,0.3888628336517328,1.048331874287585,2.7138211289402503
2017-04-05,3.0,0.38743812195507243,1.047974526358309,2.7138211289402503
2017-04-06,3.0,0.3887696607399689,1.03959591031554,2.757987504383553
2017-04-07,3.0,0.38677796442064283,1.0491518930058406,2.7307393140786598
2017-04-10,3.0,0.38677796442064283,1.0495224830974457,2.7312944093256157
2017-04-11,3.0,0.38677796442064283,1.0503886951186674,2.7312944093256157
2017-04-12,3.0,0.38743812195507243,1.0509997024688884,2.758868440969522
2017-04-13,3.0,0.38678896611032426,1.0544561803784371,2.7312944093256157
2017-04-17,3.0,0.38678896611032426,1.0527309265986955,2.7316792245264447
2017-04-18,3.0,0.38678896611032426,1.053003747358177,2.7310071509946963
2017-04-19,3.0,0.38678896611032426,1.0552794581489424,2.7320663801131775
2017-04-20,3.0,0.3895260485669506,1.057157203859385,2.76541652782186
2017-04-21,3.0,0.389542217497743,1.0572712523894938,2.76541652782186
2017-04-24,3.0,0.39287369669536276,1.05578913987024,2.76541652782186
2017-04-25,3.0,0.39287369669536276,1.0570668448364844,2.773633576306589
2017-04-26,3.0,0.39287369669536276,1.054541088125224,2.7801364166411036
2017-04-27,3.0,0.3928941090848779,1.054541088125224,2.7978556831028274
2017-04-28,3.0,0.39284715654719166,1.0483804259356737,2.7964401715693312
2017-05-01,3.0,0.39284715654719166,1.0490272334909887,2.7964401715693312
2017-05-02,3.0,0.38951249347634015,1.0491454739721928,2.8144834332560187
2017-05-03,3.0,0.39275922823502996,1.052656084336762,2.8479072997741297
2017-05-04,3.0,0.39084936283988647,1.0502062744967438,2.8479072997741297
2017-05-05,3.0,0.390964538209039,1.0502097924211553,2.8467253620593675
2017-05-08,3.0,0.3902445579906171,1.0497729014854371,2.8467253620593675
2017-05-09,3.0,0.38954565222828125,1.048384513512819,2.8479072997741297
2017-05-10,3.0,0.38954565222828125,1.0480649134077886,2.8479072997741297
2017-05-11,3.0,0.38954565222828125,1.0485630119216278,2.8548193822917236
2017-05-12,3.0,0.3895667372883689,1.0457210410629925,2.883517493613864
2017-05-15,3.0,0.3902321375472703,1.0487820473856462,2.8548193822917236
2017-05-16,3.0,0.39020282117529154,1.0456700758305435,2.8548193822917236
2017-05-17,3.0,0.39020282117529154,1.04546393887717,2.853781920368954
2017-05-18,3.0,0.39020282117529154,1.0461199133878232,2.8290294150020645
2017-05-19,3.0,0.39112444874867786,1.0464077484142003,2.8587517806422964
2017-05-22,3.0,0.38786411624085676,1.0458206396301781,2.8310396070107684
2017-05-23,3.0,0.38790924163452223,1.0460741729862848,2.859206713749188
2017-05-24,3.0,0.38786411624085676,1.0448111282325812,2.8563008267920504
2017-05-25,3.0,0.38575283725969084,1.0432640517526188,2.8563008267920504
2017-05-26,3.0,0.38372846054835724,1.0445525877405664,2.8594070178966025
2017-05-30,3.0,0.38273774874415134,1.0452985356082265,2.874263440091825
2017-05-31,3.0,0.3832782856521011,1.049468120724875,2.8586757674560177
2017-06-01,3.0,0.3832782856521011,1.0493110503452092,2.85837219319204
2017-06-02,3.0,0.39079668261421713,1.0478684966569367,2.8586757674560177
2017-06-05,3.0,0.38376631674265443,1.0492776528178398,2.826988428554199
2017-06-06,3.0,0.3845529973570719,1.0497232402965322,2.8162678580064244
2017-06-07,3.0,0.3869420431334274,1.0547835900345226,2.8162678580064244
2017-06-08,3.0,0.38472460832697636,1.0515086395681732,2.8158981603749185
2017-06-09,3.0,0.38795159568522797,1.0462272346245205,2.851277835039717
2017-06-12,3.0,0.3854564676096583,1.0473140129070007,2.8247045745394757
2017-06-13,3.0,0.38570548827221834,1.0462910022675767,2.808209848256059
2017-06-14,3.0,0.38570548827221834,1.0493948822235448,2.824826670408568
2017-06-15,3.0,0.3827903746307024,1.0485171091083165,2.833846072800256
2017-06-16,3.0,0.3868924473976255,1.0493948822235448,2.8079585943052563
2017-06-19,3.0,0.3868924473976255,1.0496538172617478,2.8079585943052563
2017-06-20,3.0,0.3868924473976255,1.0505612469660788,2.8177676907633775
2017-06-21,3.0,0.38534159523829875,1.0513763017345104,2.8177676907633775
2017-06-22,3.0,0.3845003335520593,1.0491037449733087,2.8220089454060635
2017-06-23,3.0,0.3845003335520593,1.0491037449733087,2.8220089454060635
2017-06-26,3.0,0.38693577907565907,1.0492510469012895,2.8537782352048837
2017-06-27,3.0,0.38693577907565907,1.0515597046050273,2.854001301482685
2017-06-28,3.0,0.3845003335520593,1.057309589400782,2.8220089454060635
2017-06-29,3.0,0.3866334228202132,1.0579633742951748,2.8220089454060635
2017-06-30,3.0,0.3866334228202132,1.0584171805553377,2.822057053840898
2017-07-03,3.0,0.3866971726185562,1.0597291390876051,2.8341291862326683
2017-07-05,3.0,0.3852966402441288,1.0618749976934323,2.822057053840898
2017-07-06,3.0,0.3852966402441288,1.062504479110274,2.855984040668891
2017-07-07,3.0,0.3852966402441288,1.059962848556441,2.855984040668891
2017-07-10,3.0,0.38536853679846733,1.0593023219733508,2.872525470941902
2017-07-11,3.0,0.3869904736722784,1.0596122359749751,2.872813881458478
2017-07-12,3.0,0.3839593990132949,1.0596122359749751,2.9370766913328334
2017-07-13,3.0,0.3839159204163699,1.057575741111115,2.973971933261449
2017-07-14,3.0,0.3839593990132949,1.0561226207610366,2.9379398421434457
2017-07-17,3.0,0.38812176179139485,1.058898105604078,2.926505029057951
2017-07-18,3.0,0.3908301378858029,1.0592144516125126,2.8791209974813383
2017-07-19,3.0,0.3964124071528203,1.0593290999537253,2.8791209974813383
2017-07-20,3.0,0.39231836406721227,1.0598387044837205,2.8791209974813383
2017-07-21,3.0,0.39379652494343287,1.0613527586779745,2.8791209974813383
2017-07-24,3.0,0.39211165295761563,1.0596122359749751,2.8791209974813383
2017-07-25,3.0,0.3916319564613455,1.0561404449265221,2.8791209974813383
2017-07-26,3.0,0.3877252805873481,1.0571117368140128,2.8791209974813383
2017-07-27,3.0,0.3876312530940302,1.0577750553189784,2.8781270626736495
2017-07-28,3.0,0.3876603100207249,1.0576546254969934,2.896318026324441
2017-07-31,3.0,0.38630508795713664,1.0561770933503096,2.896318026324441
2017-08-01,3.0,0.38630508795713664,1.0540074836068172,2.938224311500285
2017-08-02,3.0,0.3872948021315017,1.0521008648720898,2.943510789721943
2017-08-03,3.0,0.3846660385843405,1.0506875266759734,2.938210557658013
2017-08-04,3.0,0.3846660385843405,1.0558680975551522,2.9157863066959266
2017-08-07,3.0,0.3839784987433441,1.0542451479654287,2.8962623431021957
2017-08-08,3.0,0.3839912588003122,1.0555934515508254,2.898952581454209
2017-08-09,3.0,0.3839784987433441,1.0571069679125655,2.898952581454209
2017-08-10,3.0,0.38397946447672854,1.0571069679125655,2.9167464227868574
2017-08-11,3.0,0.38630508795713664,1.0565326862627549,2.8989771998155147
2017-08-14,3.0,0.38630508795713664,1.0558680975551522,2.8989771998155147
2017-08-15,3.0,0.38630508795713664,1.0593270239726613,2.8989771998155147
2017-08-16,3.0,0.38630508795713664,1.0616782549997754,2.8988961545751843
2017-08-17,3.0,0.38796380225639227,1.060182297628316,2.9008786937178974
2017-08-18,3.0,0.39153140444769263,1.0552242267449525,2.929501930371929
2017-08-21,3.0,0.3863254289412219,1.057716987626254,2.929501930371929
2017-08-22,3.0,0.3863254289412219,1.0531297168066756,2.917091053344624
2017-08-23,3.0,0.3887403926784285,1.053082212469803,2.931765083691736
2017-08-24,3.0,0.38869877736857855,1.0531297168066756,2.931765083691736
2017-08-25,3.0,0.3896824542785552,1.0526655951336514,2.931765083691736
2017-08-28,3.0,0.3846660385843405,1.0528558811290267,2.9126313645779214
2017-08-29,3.0,0.38869877736857855,1.0540314812523128,2.9318389173259067
2017-08-30,3.0,0.3949190000677978,1.0539581843257957,2.929346624704291
2017-08-31,3.0,0.3923675360195144,1.0544982139744326,2.9318389173259067
2017-09-01,3.0,0.38869877736857855,1.0576692779694512,2.9318389173259067
2017-09-05,3.0,0.38869877736857855,1.0554741691611582,2.9357511361269264
2017-09-06,3.0,0.3846660385843405,1.0539730008629116,2.9357511361269264
2017-09-07,3.0,0.3886827250799301,1.0559017441662277,2.9404859728314223
2017-09-08,3.0,0.3887078279163572,1.0539730008629116,2.9404859728314223
2017-09-11,3.0,0.3907987472549829,1.0574450928674333,2.9404859728314223
2017-09-12,3.0,0.3924442798361281,1.0580952977211555,2.9356942868096723
2017-09-13,3.0,0.3887197642006046,1.0544982139744326,2.940824865039111
2017-09-14,3.0,0.3887197642006046,1.0584815753716112,2.940428818557716
2017-09-15,3.0,0.38878322679595756,1.0564588817424905,2.940428818557716
2017-09-18,3.0,0.38940458147833057,1.0581775541792071,2.940868524603364
2017-09-19,3.0,0.38940458147833057,1.058047034401337,2.940868524603364
2017-09-20,3.0,0.38940458147833057,1.0597190099079667,2.924878303430011
2017-09-21,3.0,0.38940458147833057,1.059175257057555,2.936318545033789
2017-09-22,3.0,0.3886079422470361,1.0586887662784565,2.9586378395578192
2017-09-25,3.0,0.3886079422470361,1.0591512105078142,2.936318545033789
2017-09-26,3.0,0.3886079422470361,1.05893447373911,2.9414350708497383
2017-09-27,3.0,0.38799285877842343,1.0602509984431832,2.9412815128694847
2017-09-28,3.0,0.38938806407646726,1.0598822833011385,2.9595570426678814
2017-09-29,3.0,0.3884161651146713,1.0585146402790246,2.961093120372301
2017-10-02,3.0,0.38808588168568037,1.0621749169146684,2.961093120372301
2017-10-03,3.0,0.3858874646962973,1.0635191630033294,2.961093120372301
2017-10-04,3.0,0.3858874646962973,1.060256674017667,2.967507966096787
2017-10-05,3.0,0.3858874646962973,1.0593570448233114,2.9844399141265643
2017-10-06,3.0,0.38626603660775544,1.0590772055857924,2.9844399141265643
2017-10-09,3.0,0.38411726970042553,1.0560223449823178,2.9844399141265643
2017-10-10,3.0,0.3915167814884311,1.0557318906685584,3.0548363687753524
2017-10-11,3.0,0.3915167814884311,1.0569142123340032,3.039318842749978
2017-10-12,3.0,0.3915199028737988,1.0544494487369451,3.0092713502847803
2017-10-13,3.0,0.39082159960486584,1.0564146235577354,3.0092713502847803
2017-10-16,3.0,0.38829265308192845,1.0539461903079335,3.008602437956513
2017-10-17,3.0,0.38811197678520937,1.0517810869492297,3.008602437956513
2017-10-18,3.0,0.3868593495979846,1.0535980251065753,3.044838412772078
2017-10-19,3.0,0.38408709145991854,1.0544380709297547,3.02750795779111
2017-10-20,3.0,0.38408709145991854,1.0547655153505155,3.008602437956513
2017-10-23,3.0,0.38408709145991854,1.0549338352434185,3.01774271216236
2017-10-24,3.0,0.3839885997622568,1.0548531475345517,3.0083533083561464
2017-10-25,3.0,0.3839885997622568,1.0549604885991901,3.0126559163747224
2017-10-26,3.0,0.3846428960838663,1.0577695773716895,3.02749950696916
2017-10-27,3.0,0.384636933210976,1.057192853828943,3.02749950696916
2017-10-30,3.0,0.384636933210976,1.0537712868925517,3.027316681248407
2017-10-31,3.0,0.3836780034026744,1.0535400457187265,3.02749950696916
2017-11-01,3.0,0.3826123085974435,1.051214304247312,3.0327863817228713
2017-11-02,3.0,0.38063349318601597,1.0536840226359232,3.0327863817228713
2017-11-03,3.0,0.3826135760228261,1.0529346234945507,3.03554033826342
2017-11-06,3.0,0.38374131973377706,1.0484037516833997,3.0235345373712454
2017-11-07,3.0,0.38407846663994355,1.0469290994088103,3.0089140515315624
2017-11-08,3.0,0.38408335935242593,1.0449121221358761,3.033016834937462
2017-11-09,3.0,0.3883085669266592,1.0458161326382918,3.033016834937462
2017-11-10,3.0,0.3831616571237812,1.0458161326382918,3.033016834937462
2017-11-13,3.0,0.38415440329695566,1.0459972061094003,3.0434689630181873
2017-11-14,3.0,0.38572128223412,1.047037477423967,3.0366022324448103
2017-11-15,3.0,0.38572128223412,1.046190414884532,3.0270666343308195
2017-11-16,3.0,0.3851953319015192,1.0502600252927827,3.0270666343308195
2017-11-17,3.0,0.3841106042543972,1.0490516997868706,3.0309453559087065
2017-11-20,3.0,0.3851953319015192,1.053699354089229,3.0309453559087065
2017-11-21,3.0,0.3840155620751014,1.0570719619649713,3.0332222619503173
2017-11-22,3.0,0.3785250671430264,1.056095843520114,3.0225710876671386
2017-11-24,3.0,0.3785250671430264,1.0532746825411283,3.0309453559087065
2017-11-27,3.0,0.3785250671430264,1.0529725391239002,3.03348186073477
2017-11-28,3.0,0.37849740816229693,1.0495450369667556,3.0544460844675294
2017-11-29,3.0,0.37849740816229693,1.049174058442985,3.0544460844675294
2017-11-30,3.0,0.3791624720195748,1.0497360802708768,3.047752745281941
2017-12-01,3.0,0.3791508007674245,1.0486679392284017,3.0304620530280877
2017-12-04,3.0,0.3837053038127622,1.049174058442985,3.0226183314612256
2017-12-05,3.0,0.3827624458614994,1.046855656866561,3.025489345905231
2017-12-06,3.0,0.3828108793595149,1.0529725391239002,3.0304620530280877
2017-12-07,3.0,0.38076315579933273,1.0504634152978745,3.0306367799186833
2017-12-08,3.0,0.3800104684218115,1.0535513452068916,3.0304696797969033
2017-12-11,3.0,0.3800303141404922,1.0544639404867822,3.039907532398271
2017-12-12,3.0,0.3799956938592218,1.0557122896095423,3.039907532398271
2017-12-13,3.0,0.3736290938414589,1.058601404755441,3.030833560183704
2017-12-14,3.0,0.3716667214446399,1.0586710734316926,3.031037162552246
2017-12-15,3.0,0.3722030764154641,1.0586818861450351,3.056017252266899
2017-12-18,3.0,0.3722030764154641,1.0570643008476388,3.0288665202707428
2017-12-19,3.0,0.37328074596907124,1.05678551048593,3.0288665202707428
2017-12-20,3.0,0.37271197684520146,1.0558914759810163,3.056017252266899
2017-12-21,3.0,0.373670702574882,1.055998114363264,3.0517973962673275
2017-12-22,3.0,0.37631104256662223,1.054975090109599,3.0287657853679613
2017-12-26,3.0,0.37162790945195,1.0563960790701947,3.028506669755428
2017-12-27,3.0,0.3693510852561993,1.052131509972679,3.034159964062599
2017-12-28,3.0,0.37461732980713197,1.0511566755477308,3.037056345984612
2017-12-29,3.0,0.37471367896076574,1.052068073096291,3.0702279195577713
2018-01-02,3.0,0.3746806660033195,1.0530842436398091,3.0727588203801783
2018-01-03,3.0,0.377220679985625,1.0556477535651854,3.0702279195577713
2018-01-04,3.0,0.377220679985625,1.0584976870758118,3.0702279195577713
2018-01-05,3.0,0.3756045909518451,1.0636659214785782,3.0727316587995785
2018-01-08,3.0,0.3755892766325854,1.057499236520432,3.0859502503032994
2018-01-09,3.0,0.3755892766325854,1.0574086909447593,3.0891730497424166
2018-01-10,3.0,0.3755892766325854,1.0568631510716664,3.086020227528521
2018-01-11,3.0,0.3755892766325854,1.0635935923642896,3.089660940288417
2018-01-12,3.0,0.3746783782337619,1.0567615516079782,3.089660940288417
2018-01-16,3.0,0.3722321222049218,1.0608150835154722,3.0860224042788085
2018-01-17,3.0,0.3722321222049218,1.0617372085693821,3.0569387436570206
2018-01-18,3.0,0.3722321222049218,1.0580701647974387,3.0747917119597425
2018-01-19,3.0,0.3709098231289425,1.0578981657896596,3.1050465528934525
2018-01-22,3.0,0.37070692955660056,1.0617688434685537,3.116165983080837
2018-01-23,3.0,0.36104470676524725,1.0578981657896596,3.1490368692827344
2018-01-24,3.0,0.36104470676524725,1.0597489497350734,3.1490368692827344
2018-01-25,3.0,0.35979209969784753,1.0584989155476974,3.1490368692827344
2018-01-26,3.0,0.359765470668673,1.057888889654794,3.1490368692827344
2018-01-29,3.0,0.35975583899351665,1.0584989155476974,3.1490368692827344
2018-01-30,3.0,0.3580264369539907,1.0583486536557491,3.1490368692827344
2018-01-31,3.0,0.36123054056338677,1.0579318851978596,3.143993526293392
2018-02-01,3.0,0.3612821172519522,1.0579318851978596,3.114825097710831
2018-02-02,3.0,0.3612821172519522,1.0580949238897164,3.099017001027571
2018-02-05,3.0,0.36106072194155325,1.0613502987893675,3.079329940602039
2018-02-06,3.0,0.3606388951495925,1.0631465424777007,3.0771961084794497
2018-02-07,3.0,0.3606388951495925,1.0613502987893675,3.071030483733856
2018-02-08,3.0,0.3604359751408397,1.057651534969506,3.079452812297636
2018-02-09,3.0,0.3604221343320879,1.0589741756065676,3.0988318298499404
2018-02-12,3.0,0.3592592654036896,1.0597711943054957,3.0792873374579037
2018-02-13,3.0,0.35867267485307414,1.0597711943054957,3.0771961084794497
2018-02-14,3.0,0.35921541343466645,1.0625806043045118,3.0794548230381875
2018-02-15,3.0,0.35686966174701595,1.0629206010873653,3.0691934964572707
2018-02-16,3.0,0.3532446902219668,1.0660136675806051,3.0669492629690853
2018-02-20,3.0,0.3517632600596184,1.068133040486374,3.0671533011093706
2018-02-21,3.0,0.35510599273555105,1.0710840705812483,3.0857596781704584
2018-02-22,3.0,0.3541845479198894,1.0696053063767397,3.0857596781704584
2018-02-23,3.0,0.35510716896443545,1.0696053063767397,3.077358397685457
2018-02-26,3.0,0.35639422593754094,1.0696053063767397,3.086127398767352
2018-02-27,3.0,0.35639422593754094,1.0705568755911914,3.086127398767352
2018-02-28,3.0,0.35305384581289984,1.0711330349214956,3.077358397685457
2018-03-01,3.0,0.3541845479198894,1.0716602299115525,3.0860350950615265
2018-03-02,3.0,0.3541845479198894,1.0657995056583198,3.0860350950615265
2018-03-05,3.0,0.3541845479198894,1.0644466103182233,3.077358397685457
2018-03-06,3.0,0.3529715571247613,1.0661367838076805,3.0750265539365165
2018-03-07,3.0,0.3529715571247613,1.0668547612517862,3.0774533033532134
2018-03-08,3.0,0.3529715571247613,1.0660632213274028,3.0774533033532134
2018-03-09,3.0,0.3529715571247613,1.069797285655082,3.077824582490619
2018-03-12,3.0,0.3529715571247613,1.066199066369228,3.083229425857644
2018-03-13,3.0,0.3529715571247613,1.0667318591304102,3.111032873256694
2018-03-14,3.0,0.3529715571247613,1.0711298192176364,3.111032873256694
2018-03-15,3.0,0.3529715571247613,1.0726018757213778,3.1901505526793748
2018-03-16,3.0,0.3529715571247613,1.0698358309512148,3.213057558404069
2018-03-19,3.0,0.3529707467850506,1.0656399903753515,3.204421044221004
2018-03-20,3.0,0.3529740283768483,1.063939793199675,3.251512331222627
2018-03-21,3.0,0.352937166191972,1.066978782949811,3.251512331222627
2018-03-22,3.0,0.3541845479198894,1.0692592705036499,3.18932161644847
2018-03-23,3.0,0.3541845479198894,1.0670068522613687,3.18932161644847
2018-03-26,3.0,0.3545899543945137,1.0685561282369793,3.2527650875058822
2018-03-27,3.0,0.35261554404727147,1.0681983080190323,3.2130557574178904
2018-03-28,3.0,0.35261554404727147,1.0663194343351692,3.2070346952152686
2018-03-29,3.0,0.35240815470693865,1.0670068522613687,3.208611145258105
2018-04-02,3.0,0.3541705015095757,1.0700588917112155,3.2509802072005334
2018-04-03,3.0,0.3523775649690106,1.068057843147904,3.2509802072005334
2018-04-04,3.0,0.3523775649690106,1.068132945792728,3.2509802072005334
2018-04-05,3.0,0.3523775649690106,1.0691907562219427,3.237420816507202
2018-04-06,3.0,0.3541705015095757,1.0695480779961044,3.2231569491119747
2018-04-09,3.0,0.3543896597752548,1.071446792240359,3.2068584866874743
2018-04-10,3.0,0.3543896597752548,1.071446792240359,3.2237652684885916
2018-04-11,3.0,0.3573549432668267,1.0713777883175992,3.2722625822772278
2018-04-12,3.0,0.3573549432668267,1.0695669724123888,3.2722625822772278
2018-04-13,3.0,0.3542029978726584,1.0686465419623716,3.2614513278615767
2018-04-16,3.0,0.3542029978726584,1.0691544307232712,3.2614513278615767
2018-04-17,3.0,0.3542029978726584,1.0693451314718532,3.2614513278615767
2018-04-18,3.0,0.3542029978726584,1.0710893353611572,3.263133562050646
2018-04-19,3.0,0.354921367625447,1.0704558207956743,3.2610337248482857
2018-04-20,3.0,0.35676744119795945,1.0714147702609282,3.19480435699359
2018-04-23,3.0,0.354921367625447,1.0724633204418388,3.2128067994208624
2018-04-24,3.0,0.3589270175450944,1.0737281150751192,3.248732870517223
2018-04-25,3.0,0.35676744119795945,1.075415154814621,3.248732870517223
2018-04-26,3.0,0.35676744119795945,1.0782977286496973,3.22526831712071
2018-04-27,3.0,0.35719943141916305,1.0759561551442056,3.221487786621805
2018-04-30,3.0,0.35705554936268585,1.0761968691703376,3.2153402091227097
2018-05-01,3.0,0.35542325102994116,1.075159052023658,3.18694868465735
2018-05-02,3.0,0.354921367625447,1.0745042503093065,3.1870258087209415
2018-05-03,3.0,0.354921367625447,1.076610956858557,3.19210848252148
2018-05-04,3.0,0.35357832029897185,1.077125824470758,3.1961333345492107
2018-05-07,3.0,0.35320160762841535,1.077014016636506,3.1862417711197772
2018-05-08,3.0,0.35320404516193366,1.069185531458748,3.1995301559702747
2018-05-09,3.0,0.35264749219428076,1.0723787790447563,3.167881190589349
2018-05-10,3.0,0.3473996083535201,1.0729360445418163,3.1625778038064785
2018-05-11,3.0,0.3473996083535201,1.0654783228462488,3.1625778038064785
2018-05-14,3.0,0.3497445965809186,1.0687743728886188,3.1994332404110284
2018-05-15,3.0,0.3476047938153581,1.0639446495650156,3.209192277414151
2018-05-16,3.0,0.3476217324631208,1.062517056232355,3.220427099059749
2018-05-17,3.0,0.3484409190158715,1.063491193669836,3.220427099059749
2018-05-18,3.0,0.3476217324631208,1.0622541936748586,3.235410341456481
2018-05-21,3.0,0.3484409190158715,1.0622541936748586,3.235410341456481
2018-05-22,3.0,0.3484409190158715,1.06229229741459,3.2428257876089637
2018-05-23,3.0,0.3476217324631208,1.06229229741459,3.2428257876089637
2018-05-24,3.0,0.3476217324631208,1.0624797120434448,3.250146189590125
2018-05-25,3.0,0.34759422720269356,1.0634849607397383,3.2426772307624496
2018-05-29,3.0,0.34759422720269356,1.0622168494859485,3.250146189590125
2018-05-30,3.0,0.3497710933357596,1.0622168494859485,3.250146189590125
2018-05-31,3.0,0.3484248527131748,1.063439451019998,3.2727571668944306
2018-06-01,3.0,0.3458710629665582,1.0578415345463443,3.2727571668944306
2018-06-04,3.0,0.34764175774057676,1.058382725647658,3.259586777390396
2018-06-05,3.0,0.3450451705053116,1.058382725647658,3.2727571668944306
2018-06-06,3.0,0.34589443052533325,1.0572283587067484,3.259586777390396
2018-06-07,3.0,0.3436630344168384,1.0595022161219574,3.279622969195922
2018-06-08,3.0,0.34271324316727997,1.0566076297159073,3.294578125868991
2018-06-11,3.0,0.34116656784483984,1.0554702228196178,3.294578125868991
2018-06-12,3.0,0.34116656784483984,1.0556710231229274,3.300431939733148
2018-06-13,3.0,0.3411138297854931,1.053922210497401,3.294578125868991
2018-06-14,3.0,0.3411138297854931,1.054895131657446,3.29243820216582
2018-06-15,3.0,0.3411594519384681,1.055629103196082,3.29243820216582
2018-06-18,3.0,0.3410973552965363,1.0577862569585035,3.302079499163976
2018-06-19,3.0,0.33861962172598514,1.061324195435199,3.3008284579215665
2018-06-20,3.0,0.33622625163315306,1.061324195435199,3.3008284579215665
2018-06-21,3.0,0.33622625163315306,1.0597348849282635,3.3314372027145494
2018-06-22,3.0,0.33622625163315306,1.0653775773105605,3.3314372027145494
2018-06-25,3.0,0.33592112588201606,1.0624678866470292,3.339910409127313
2018-06-26,3.0,0.3349558174161589,1.0662293448316398,3.339910409127313
2018-06-27,3.0,0.33504038757333515,1.064749921187972,3.3699167630586735
2018-06-28,3.0,0.33487104526949074,1.062495823334097,3.3699167630586735
2018-06-29,3.0,0.33487104526949074,1.063296575539149,3.3718246170017783
2018-07-02,3.0,0.3344467989521699,1.0570134140420175,3.3718727549481047
2018-07-03,3.0,0.3347839997329734,1.059991572596162,3.375090401054787
2018-07-05,3.0,0.3344476847926147,1.057785221306226,3.3718727549481047
2018-07-06,3.0,0.3344476847926147,1.058590285666993,3.369888807700322
2018-07-09,3.0,0.3344476847926147,1.05705588502908,3.3538425298703283
2018-07-10,3.0,0.33399544455838953,1.057733666294017,3.37469749280206
2018-07-11,3.0,0.33441785799730656,1.0598360401855393,3.3755434648707627
2018-07-12,3.0,0.33399544455838953,1.0578748432766352,3.374986379624443
2018-07-13,3.0,0.3339945587179447,1.0622762011058717,3.374986379624443
2018-07-16,3.0,0.3305253859251215,1.061255321531367,3.369964901005
2018-07-17,3.0,0.3283674567705023,1.0589723329149447,3.3783256893092872
2018-07-18,3.0,0.3265717229592555,1.0610198575969783,3.41449575094071
2018-07-19,3.0,0.3291688448955181,1.0635631666418015,3.431099638247107
2018-07-20,3.0,0.33039688115988497,1.0644249557352605,3.4253455934924113
2018-07-23,3.0,0.3291688448955181,1.0655026794923441,3.4417939657399543
2018-07-24,3.0,0.3291688448955181,1.0644943624499792,3.44421176070885
2018-07-25,3.0,0.3303780951574242,1.0672932995779316,3.44421176070885
2018-07-26,3.0,0.325163414476234,1.066077781168227,3.476538909032572
2018-07-27,3.0,0.3289976293343086,1.0703074689026768,3.476538909032572
2018-07-30,3.0,0.32991222715426094,1.0729080513973361,3.476538909032572
2018-07-31,3.0,0.3293636854112124,1.0730584118685151,3.484247928164382
2018-08-01,3.0,0.33040418883445044,1.068936259086252,3.4644976731541686
2018-08-02,3.0,0.33040418883445044,1.0629251202968046,3.4247557080946893
2018-08-03,3.0,0.3302835881822531,1.0645644915659345,3.439006417305948
2018-08-06,3.0,0.3302835881822531,1.0659859371257205,3.438508300564535
2018-08-07,3.0,0.33163983032074346,1.067419809251582,3.4382607285028595
2018-08-08,3.0,0.33163983032074346,1.0669640269123744,3.4382607285028595
2018-08-09,3.0,0.33068504910575325,1.0674786773191338,3.4382607285028595
2018-08-10,3.0,0.33068504910575325,1.0707347711457282,3.446222808003496
2018-08-13,3.0,0.3308103972222397,1.0665284257045315,3.446222808003496
2018-08-14,3.0,0.3308103972222397,1.0661762633420726,3.4558465311593305
2018-08-15,3.0,0.33458364244363636,1.0669640269123744,3.4558465311593305
2018-08-16,3.0,0.33458364244363636,1.0654374685325951,3.4558465311593305
2018-08-17,3.0,0.3308103972222397,1.0644282936472442,3.4558465311593305
2018-08-20,3.0,0.3375888810569675,1.0632034907798031,3.452512444679478
2018-08-21,3.0,0.33252349485100685,1.0644282936472442,3.452512444679478
2018-08-22,3.0,0.33258196434136034,1.0665820216658746,3.452512444679478
2018-08-23,3.0,0.33258196434136034,1.066963634755723,3.452512444679478
2018-08-24,3.0,0.3332052098596545,1.0707982487918972,3.452512444679478
2018-08-27,3.0,0.33255628630922984,1.0688249135738581,3.452512444679478
2018-08-28,3.0,0.33317915744634896,1.0727916618896742,3.452512444679478
2018-08-29,3.0,0.33326298472319843,1.07040939248221,3.452512444679478
2018-08-30,3.0,0.33211510810388734,1.0681307715628268,3.421381865317075
2018-08-31,3.0,0.33211510810388734,1.0715768108655652,3.407428029125134
2018-09-04,3.0,0.33319469344459723,1.0692669419244574,3.407428029125134
2018-09-05,3.0,0.33213000697634776,1.0682031720291831,3.3967966232659577
2018-09-06,3.0,0.33277389154661435,1.0703394936898194,3.395893065576439
2018-09-07,3.0,0.33277389154661435,1.067728485141835,3.395893065576439
2018-09-10,3.0,0.33277389154661435,1.0725022602391032,3.395893065576439
2018-09-11,3.0,0.33277389154661435,1.067998370023004,3.395893065576439
2018-09-12,3.0,0.33321039112219647,1.0725645225568983,3.371826168945206
2018-09-13,3.0,0.33321039112219647,1.0735708989445558,3.371826168945206
2018-09-14,3.0,0.33321039112219647,1.0685006723941046,3.372150586469891
2018-09-17,3.0,0.3332221490119314,1.073753483259138,3.3967714031980436
2018-09-18,3.0,0.3334119775554091,1.0736473285848205,3.397411509138529
2018-09-19,3.0,0.33437553750760557,1.0736473285848205,3.396641724196045
2018-09-20,3.0,0.33437553750760557,1.0732248778097557,3.432114558826129
2018-09-21,3.0,0.33321039112219647,1.0672803699725133,3.489677906666521
2018-09-24,3.0,0.3332221490119314,1.0671251713275103,3.5089067325738608
2018-09-25,3.0,0.33274684336968385,1.0731264253117554,3.5124113163911974
2018-09-26,3.0,0.33274684336968385,1.0741026333630561,3.5505575460167
2018-09-27,3.0,0.33274684336968385,1.0671931858979804,3.5291589086565853
2018-09-28,3.0,0.33300862298805095,1.0705771108488626,3.5287337230899327
2018-10-01,3.0,0.3331297602973063,1.0667864802377904,3.4696813696277786
2018-10-02,3.0,0.332101646715772,1.0663421268247375,3.4944832334388156
2018-10-03,3.0,0.332101646715772,1.0690548439563292,3.494132241485209
2018-10-04,3.0,0.332101646715772,1.0737229723463315,3.493796786769965
2018-10-05,3.0,0.3319604823404683,1.0727566536183042,3.4103286419814562
2018-10-08,3.0,0.3331933944509331,1.0716505300552635,3.467039019558384
2018-10-09,3.0,0.3332181053667386,1.0671627281274447,3.4943306742242064
2018-10-10,3.0,0.33512706315713203,1.0718793449288102,3.4943306742242064
2018-10-11,3.0,0.33513276089262994,1.0737259806731976,3.494106174221576
2018-10-12,3.0,0.3323521166295817,1.0739021176662873,3.494106174221576
2018-10-15,3.0,0.3323521166295817,1.0759616805668557,3.494106174221576
2018-10-16,3.0,0.33165339981861475,1.0747848778464937,3.494106174221576
2018-10-17,3.0,0.3323521166295817,1.0717055757586826,3.513503461160309
2018-10-18,3.0,0.329902780364678,1.0742581095649353,3.473843121246557
2018-10-19,3.0,0.3288772202592441,1.0708161453402434,3.4924676673984094
2018-10-22,3.0,0.32709204305491396,1.068682114401824,3.471486531170022
2018-10-23,3.0,0.32709632550610146,1.0675404397201045,3.404604848819449
2018-10-24,3.0,0.32596448485881624,1.0698992835040835,3.404351463790666
2018-10-25,3.0,0.3308064013691725,1.0707060847836045,3.40834124808919
2018-10-26,3.0,0.3289411172654346,1.0707060847836045,3.404351463790666
2018-10-29,3.0,0.32876607605093844,1.0690999925894404,3.367242650094235
2018-10-30,3.0,0.32784543064074606,1.0673419058114146,3.356488493253611
2018-10-31,3.0,0.32885838024206315,1.070044496937629,3.3538477799470456
2018-11-01,3.0,0.32885838024206315,1.0699693651143107,3.3538477799470456
2018-11-02,3.0,0.3278475814262724,1.0717007310851319,3.3538477799470456
2018-11-05,3.0,0.3301424994649054,1.072510419241323,3.3538477799470456
2018-11-06,3.0,0.3301424994649054,1.0728345013805731,3.3538477799470456
2018-11-07,3.0,0.3303574190555961,1.0742035527274796,3.356488493253611
2018-11-08,3.0,0.330208795153303,1.0742035527274796,3.356488493253611
2018-11-09,3.0,0.3296358837187353,1.075395675110488,3.356488493253611
2018-11-12,3.0,0.3296358837187353,1.0730983822413385,3.356488493253611
2018-11-13,3.0,0.3299573650725542,1.0731074071512112,3.3674671329927266
2018-11-14,3.0,0.3277658508188416,1.0725761257613697,3.4251695457212645
2018-11-15,3.0,0.3277658508188416,1.0725167840489562,3.428379578347401
2018-11-16,3.0,0.3277658508188416,1.0725167840489562,3.4282920147206273
2018-11-19,3.0,0.3277658508188416,1.0723217238685812,3.4282920147206273
2018-11-20,3.0,0.3270108400855604,1.0685927786038214,3.428379578347401
2018-11-21,3.0,0.32685898495332394,1.0690069735390506,3.4250808571499705
2018-11-23,3.0,0.32705976795200054,1.068388600395855,3.439066648854874
2018-11-26,3.0,0.32705976795200054,1.068388600395855,3.439066648854874
2018-11-27,3.0,0.3277658508188416,1.068017786119678,3.4448971252299123
2018-11-28,3.0,0.3293278724670684,1.069706799029348,3.445394277912536
2018-11-29,3.0,0.32933499775409464,1.0702744156263746,3.439066648854874
2018-11-30,3.0,0.32705976795200054,1.0692951715522385,3.418317605227252
2018-12-03,3.0,0.3268273246413318,1.0711272292575846,3.439066648854874
2018-12-04,3.0,0.32508279927699485,1.0696592210717184,3.439066648854874
2018-12-06,3.0,0.3268273246413318,1.0709346376411444,3.418317605227252
2018-12-07,3.0,0.32508247846167443,1.0671232506108217,3.418317605227252
2018-12-10,3.0,0.3250654955007752,1.0724067479200028,3.418317605227252
2018-12-11,3.0,0.3250654955007752,1.072383481709086,3.418317605227252
2018-12-12,3.0,0.32353305869697757,1.072651935611214,3.418317605227252
2018-12-13,3.0,0.32353305869697757,1.073696240437888,3.3823890550509437
2018-12-14,3.0,0.32575931351210474,1.074069672097095,3.4859940622677894
2018-12-17,3.0,0.32575931351210474,1.073553000631449,3.4905539731447504
2018-12-18,3.0,0.32553014489567295,1.073696240437888,3.490592797491257
2018-12-19,3.0,0.32384758568512195,1.0719054662884617,3.496986254941411
2018-12-20,3.0,0.3220153275521838,1.0741680523948909,3.497307727889676
2018-12-21,3.0,0.3220153275521838,1.072333397115918,3.452718898958396
2018-12-24,3.0,0.3182484461998894,1.0685667427403063,3.475091996668895
2018-12-26,3.0,0.3182484461998894,1.0706320284327133,3.475091996668895
2018-12-27,3.0,0.3182484461998894,1.075061180445225,3.4192078740845964
2018-12-28,3.0,0.3182484461998894,1.076965517545111,3.407101400705344
2018-12-31,3.0,0.31692305127646164,1.077924332004798,3.407101400705344
2019-01-02,3.0,0.31692305127646164,1.0768287561540673,3.39427018300079
2019-01-03,3.0,0.31888864739594913,1.076176572390466,3.39427018300079
2019-01-04,3.0,0.3214789057115732,1.0743998244853847,3.3929847445285994
2019-01-07,3.0,0.3214789057115732,1.0769468574122514,3.4853301385776696
2019-01-08,3.0,0.32157837399711153,1.078682221757733,3.422477803050645
2019-01-09,3.0,0.319481964494345,1.080206916421306,3.4291667477476193
2019-01-10,3.0,0.31701760586169775,1.0792224703104283,3.3929369817681465
2019-01-11,3.0,0.31701760586169775,1.0827469862999952,3.391387274359467
2019-01-14,3.0,0.31701760586169775,1.0829278897015706,3.4248168682574778
2019-01-15,3.0,0.31701760586169775,1.0827469862999952,3.4852615308580486
2019-01-16,3.0,0.31693739271817556,1.0753589563963382,3.445330233382143
2019-01-17,3.0,0.317063313027047,1.08009209522706,3.425112123743585
2019-01-18,3.0,0.32241326035373086,1.0748548088650134,3.4312645209833086
2019-01-22,3.0,0.3206931557029884,1.0779429616409653,3.5036162548040393
2019-01-23,3.0,0.32315391441757624,1.0821425558354498,3.5036162548040393
2019-01-24,3.0,0.322316878266541,1.0836410457909869,3.519404208218859
2019-01-25,3.0,0.32241381337364194,1.0809443047062788,3.519404208218859
2019-01-28,3.0,0.32241381337364194,1.0818508341450865,3.552986848858258
2019-01-29,3.0,0.32241381337364194,1.0839377613669887,3.552986848858258
2019-01-30,3.0,0.3201368071147832,1.0812012898013692,3.552986848858258
2019-01-31,3.0,0.3201368071147832,1.0768939589128725,3.556998512718497
2019-02-01,3.0,0.31829161838985454,1.0794400098262014,3.556872325172781
2019-02-04,3.0,0.31829161838985454,1.08178224288236,3.559436749608087
2019-02-05,3.0,0.3201639546595571,1.083195753167407,3.586823549158065
2019-02-06,3.0,0.3201639546595571,1.08029531779336,3.586823549158065
2019-02-07,3.0,0.31829161838985454,1.0818017371727093,3.5618773180409073
2019-02-08,3.0,0.32227437733571573,1.0882112136884006,3.561474450685383
2019-02-11,3.0,0.31829161838985454,1.0854901120686589,3.5568675556306686
2019-02-12,3.0,0.31829161838985454,1.0829596990191988,3.55858907737915
2019-02-13,3.0,0.31829161838985454,1.08047302922694,3.5568675556306686
2019-02-14,3.0,0.3183020293387531,1.0802793279865064,3.556189808074364
2019-02-15,3.0,0.31829161838985454,1.080739234255975,3.556189808074364
2019-02-19,3.0,0.3138356726498561,1.0809539263296917,3.55858907737915
2019-02-20,3.0,0.3138356726498561,1.0831048344840337,3.5568675556306686
2019-02-21,3.0,0.31547864708454176,1.0809539263296917,3.529843227981575
2019-02-22,3.0,0.3132223935694329,1.0798044306513932,3.489988728442568
2019-02-25,3.0,0.3132223935694329,1.0794491480907178,3.5536353250724413
2019-02-26,3.0,0.313743143594247,1.0809539263296917,3.5536353250724413
2019-02-27,3.0,0.313743143594247,1.0778065338962528,3.51076024996011
2019-02-28,3.0,0.3138356726498561,1.0802345042031878,3.5536353250724413
2019-03-01,3.0,0.3142364395276099,1.0803767935126802,3.556926806768817
2019-03-04,3.0,0.3138356726498561,1.0792827306610198,3.5536353250724413
2019-03-05,3.0,0.3138356726498561,1.0839412103123396,3.535458957946585
2019-03-06,3.0,0.3138356726498561,1.0851086033388597,3.535458957946585
2019-03-07,3.0,0.3132332975394911,1.0852881686608655,3.5568534743505995
2019-03-08,3.0,0.3138356726498561,1.0871412004309797,3.5585017472841454
2019-03-11,3.0,0.3132332975394911,1.0858510724860269,3.589131305469431
2019-03-12,3.0,0.31296303476774645,1.086455874374438,3.6111778159259806
2019-03-13,3.0,0.3151653054142503,1.0834134573774978,3.6114048208443386
2019-03-14,3.0,0.3118158297575991,1.0853168370488824,3.6114048208443386
2019-03-15,3.0,0.3129395094701426,1.0839394420796327,3.6376619537262362
2019-03-18,3.0,0.31415128585534463,1.0851479755225757,3.66247539169721
2019-03-19,3.0,0.31791063318497553,1.0859216389372937,3.66247539169721
2019-03-20,3.0,0.32205218756059784,1.0849321562711811,3.66247539169721
2019-03-21,3.0,0.32205218756059784,1.0838129179124198,3.647174578964931
2019-03-22,3.0,0.32428897180416666,1.0810043137317975,3.6262474022394495
2019-03-25,3.0,0.32428897180416666,1.0817348759327847,3.6466818128179463
2019-03-26,3.0,0.3231476696089319,1.0847261680585936,3.6108611239736796
2019-03-27,3.0,0.3242247947275524,1.083346235482585,3.626680082254552
2019-03-28,3.0,0.32425511360170134,1.082490349729579,3.6468558486080047
2019-03-29,3.0,0.32425511360170134,1.082490349729579,3.6424741445140505
2019-04-01,3.0,0.32634032105376215,1.082331340286788,3.6424741445140505
2019-04-02,3.0,0.32621662091000464,1.0809679489760566,3.6424741445140505
2019-04-03,3.0,0.31847878689151227,1.0808717812463426,3.646718810844015
2019-04-04,3.0,0.3182408869900854,1.082488679298609,3.626680082254552
2019-04-05,3.0,0.31214436823991937,1.08034943569475,3.626680082254552
2019-04-08,3.0,0.31214436823991937,1.0749024051864606,3.6224461269820485
2019-04-09,3.0,0.3120901038447705,1.0746720759994055,3.6245265690308623
2019-04-10,3.0,0.31218756256396657,1.0746720759994055,3.621877095140689
2019-04-11,3.0,0.31218756256396657,1.0714062392023491,3.6245265690308623
2019-04-12,3.0,0.31218756256396657,1.0770152612601982,3.6245265690308623
2019-04-15,3.0,0.31214436823991937,1.0752855921275961,3.648887779265658
2019-04-16,3.0,0.31214436823991937,1.0749816409139612,3.6484147487954406
2019-04-17,3.0,0.3218979462647726,1.0741067666419357,3.654528439864146
2019-04-18,3.0,0.3217222740012567,1.0713346353677309,3.654528439864146
2019-04-22,3.0,0.3246279666126252,1.0713346353677309,3.6484147487954406
2019-04-23,3.0,0.3246279666126252,1.0716676081485064,3.6706190863042836
2019-04-24,3.0,0.32199005489549576,1.0771953872965565,3.6706190863042836
2019-04-25,3.0,0.32199005489549576,1.0753174313443785,3.6706190863042836
2019-04-26,3.0,0.3216452718627552,1.0782945791681282,3.6706190863042836
2019-04-29,3.0,0.3210407088462425,1.0760930232031107,3.632115332645829
2019-04-30,3.0,0.3210407088462425,1.0732763372557315,3.6706190863042836
2019-05-01,3.0,0.3186281249392685,1.0784809205374328,3.673598360675491
2019-05-02,3.0,0.31766696317655935,1.0763477040787754,3.673598360675491
2019-05-03,3.0,0.31685782064298007,1.0770301436508993,3.6791301465800768
2019-05-06,3.0,0.31587435287026516,1.0739396072349345,3.673598360675491
2019-05-07,3.0,0.31587435287026516,1.074734037005241,3.6441010005126464
2019-05-08,3.0,0.3125479851924129,1.0782563944265346,3.644273277028737
2019-05-09,3.0,0.31587435287026516,1.0791513746734616,3.6244035356138187
2019-05-10,3.0,0.315893259528729,1.0800332804417212,3.6244035356138187
2019-05-13,3.0,0.3134583468837482,1.0864401377414268,3.6244035356138187
2019-05-14,3.0,0.31342310996779443,1.0862824194276013,3.6244035356138187
2019-05-15,3.0,0.31108079984244147,1.087207269378053,3.618850499265869
2019-05-16,3.0,0.3091651042455161,1.0885055841866969,3.62411730954735
2019-05-17,3.0,0.3087137305222143,1.088130557246245,3.618850499265869
2019-05-20,3.0,0.3113072052180407,1.087946227606921,3.6244035356138187
2019-05-21,3.0,0.3087137305222143,1.0898567735753926,3.618850499265869
2019-05-22,3.0,0.3113072052180407,1.0905609095171591,3.6395485435258834
2019-05-23,3.0,0.30963735312636287,1.0887416008317865,3.6250155759769944
2019-05-24,3.0,0.3096552875529817,1.0876181621988208,3.5773884816620343
2019-05-28,3.0,0.30963735312636287,1.086169319828507,3.6363031084660635
2019-05-29,3.0,0.30963735312636287,1.0847963685200412,3.5993238130797716
2019-05-30,3.0,0.30963735312636287,1.0835509697208545,3.5993238130797716
2019-05-31,3.0,0.3096401724899771,1.0842019369894977,3.5990262475106025
2019-06-03,3.0,0.3096401724899771,1.0861936435926993,3.624617333690773
2019-06-04,3.0,0.30856558872375317,1.0861936435926993,3.5990262475106025
2019-06-05,3.0,0.30856558872375317,1.0828132323579012,3.624617333690773
2019-06-06,3.0,0.30856558872375317,1.084265599013674,3.624617333690773
2019-06-07,3.0,0.30856558872375317,1.0855983733846952,3.624617333690773
2019-06-10,3.0,0.307337580223573,1.092668732466846,3.634878347477262
2019-06-11,3.0,0.307337580223573,1.0911561333754702,3.636586302458824
2019-06-12,3.0,0.30583239607956636,1.0903765696429941,3.634878347477262
2019-06-13,3.0,0.3073445145272864,1.0905371316402492,3.629080887461303
2019-06-14,3.0,0.3075574471936744,1.0842974769294327,3.6362954148825164
2019-06-17,3.0,0.3075574471936744,1.0842974769294327,3.634878347477262
2019-06-18,3.0,0.3073375933513487,1.0845817734332273,3.6336644040180803
2019-06-19,3.0,0.30733485719607956,1.0858201955642746,3.634878347477262
2019-06-20,3.0,0.3075574471936744,1.0837778910009643,3.658381175428751
2019-06-21,3.0,0.30835579102653604,1.0845817734332273,3.6828465686685785
2019-06-24,3.0,0.30835579102653604,1.0886753298284466,3.6828578398499996
2019-06-25,3.0,0.30757775262953585,1.0838182042557492,3.720167772731618
2019-06-26,3.0,0.3042519101357447,1.0838182042557492,3.708794654200907
2019-06-27,3.0,0.3038516678503412,1.0838182042557492,3.707174055666933
2019-06-28,3.0,0.3038516678503412,1.0895741906880994,3.708794654200907
2019-07-01,3.0,0.3036684581983132,1.093120512177558,3.731557167227507
2019-07-02,3.0,0.3038516678503412,1.0937316803429418,3.7088682021806987
2019-07-03,3.0,0.30201390346877466,1.0914365812335247,3.7350487199016795
2019-07-05,3.0,0.3036684581983132,1.0924910464810602,3.708825908172911
2019-07-08,3.0,0.30178144258503053,1.0891632142834067,3.7327760721356746
2019-07-09,3.0,0.30178144258503053,1.0849712206484574,3.7327760721356746
2019-07-10,3.0,0.3036793938118766,1.0825625072722402,3.734534557531475
2019-07-11,3.0,0.3036828270776426,1.084653073544909,3.7393294517576185
2019-07-12,3.0,0.30155857659077023,1.0855040490710606,3.7393294517576185
2019-07-15,3.0,0.30155857659077023,1.086686864517077,3.738846099657239
2019-07-16,3.0,0.30153505637083744,1.0829087148090148,3.7389493817074078
2019-07-17,3.0,0.3036643084554549,1.0850574248606357,3.7456895555559524
2019-07-18,3.0,0.3036978164041991,1.0843623030460159,3.7634421105440157
2019-07-19,3.0,0.30774466662663996,1.0839228368518863,3.8113076624492592
2019-07-22,3.0,0.30944436009072945,1.0850574248606357,3.7876145188184362
2019-07-23,3.0,0.3096726828860389,1.0847666543617427,3.7393294517576185
2019-07-24,3.0,0.3096726828860389,1.0930363185038048,3.760796504222667
2019-07-25,3.0,0.3096726828860389,1.0923050890801465,3.7393294517576185
2019-07-26,3.0,0.30631405029385367,1.0928919896544982,3.7393294517576185
2019-07-29,3.0,0.3063192254023454,1.0922915390986987,3.732729892187949
2019-07-30,3.0,0.30339217014812675,1.091664829249397,3.738879716789512
2019-07-31,3.0,0.30515532882628454,1.0902619650392402,3.7429726237580048
2019-08-01,3.0,0.30551716158607484,1.091664829249397,3.7429726237580048
2019-08-02,3.0,0.30515532882628454,1.0941512844958856,3.765560296560385
2019-08-05,3.0,0.30515532882628454,1.0955973104465278,3.792733318234254
2019-08-06,3.0,0.30515532882628454,1.0996804446408397,3.765560296560385
2019-08-07,3.0,0.30515532882628454,1.101619377378381,3.7652157466948726
2019-08-08,3.0,0.30551716158607484,1.1002396286566154,3.7652157466948726
2019-08-09,3.0,0.3057871949615343,1.1001208136020475,3.779270968824524
2019-08-12,3.0,0.3035855648806856,1.1007692946477652,3.7841653233969392
2019-08-13,3.0,0.30293027718711046,1.101224406970251,3.792929564019918
2019-08-14,3.0,0.30293027718711046,1.1001441158761236,3.8019919520662677
2019-08-15,3.0,0.30293027718711046,1.098072144207884,3.793367084892948
2019-08-16,3.0,0.30121059737328487,1.09557614369098,3.7842477837011637
2019-08-19,3.0,0.30035412076391754,1.09737350163476,3.784213751239348
2019-08-20,3.0,0.29910329162764665,1.09737350163476,3.820801364561698
2019-08-21,3.0,0.2945205613819589,1.0928841046166187,3.866545652068706
2019-08-22,3.0,0.2993983073237614,1.0964067775472373,3.8378005220657587
2019-08-23,3.0,0.29846132776547857,1.0965805831269007,3.8378005220657587
2019-08-26,3.0,0.29846132776547857,1.0982350600856292,3.8365729271059963
2019-08-27,3.0,0.2974037466050969,1.0997697826826016,3.8511535130653227
2019-08-28,3.0,0.29846605343058275,1.0994969219400883,3.8511535130653227
2019-08-29,3.0,0.29846605343058275,1.0997697826826016,3.8511535130653227
2019-08-30,3.0,0.2974650316292586,1.0994969219400883,3.8511535130653227
2019-09-03,3.0,0.29642928492917464,1.0993879775312758,3.866704068714193
2019-09-04,3.0,0.29123720810708315,1.0999148579852163,3.9087576421917505
2019-09-05,3.0,0.2912420896743454,1.1026678997133543,3.9052792708816484
2019-09-06,3.0,0.2933958756468666,1.105016409842345,3.9481151929344858
2019-09-09,3.0,0.2933958756468666,1.1032191671172922,3.957100920977199
2019-09-10,3.0,0.2948911778924288,1.1028527649397317,3.9475416999617825
2019-09-11,3.0,0.2949175672341568,1.100082028227928,3.9622998584036626
2019-09-12,3.0,0.2905830274067258,1.1001033128271653,3.949807300181629
2019-09-13,3.0,0.29048717316084405,1.0991191016745758,3.949807300181629
2019-09-16,3.0,0.2905689541426864,1.1025459222718728,3.9475416999617825
2019-09-17,3.0,0.2905689541426864,1.0960564580190766,3.9475416999617825
2019-09-18,3.0,0.28993800629122085,1.0980835789364063,3.9475416999617825
2019-09-19,3.0,0.2899253393201338,1.0945647596819823,3.949807300181629
2019-09-20,3.0,0.28993800629122085,1.0960564580190766,3.949807300181629
2019-09-23,3.0,0.2899253393201338,1.0966203336280187,3.949807300181629
2019-09-24,3.0,0.29285812528590316,1.099688890132172,3.9538941084129577
2019-09-25,3.0,0.29285812528590316,1.0998469254959158,3.9840715190748766
2019-09-26,3.0,0.28938696968287475,1.0986943341911504,4.000501800455492
2019-09-27,3.0,0.2914714594300121,1.0960564580190766,3.9840715190748766
2019-09-30,3.0,0.29285812528590316,1.0994175694155728,3.94868109620882
2019-10-01,3.0,0.2894769859579288,1.1036111995060616,3.9441650790450273
2019-10-02,3.0,0.28945138226592354,1.09881728609902,3.9441650790450273
2019-10-03,3.0,0.2908098144480842,1.1029313561556253,3.9439969874184944
2019-10-04,3.0,0.29125726550278935,1.1008474134999378,3.9439969874184944
2019-10-07,3.0,0.2953815622943378,1.1017428503552482,3.9801453499399844
2019-10-08,3.0,0.2933033084990383,1.102524778892393,3.9801453499399844
2019-10-09,3.0,0.29469111512673263,1.0982364686969843,3.9801453499399844
2019-10-10,3.0,0.29324020343583324,1.1006408295565626,3.9183572544538183
2019-10-11,3.0,0.2871053900303055,1.1029541964822067,3.8940607848567694
2019-10-14,3.0,0.2871053900303055,1.0974302317841929,3.8940607848567694
2019-10-15,3.0,0.2884088405891678,1.0964192478059922,3.9062370599855574
2019-10-16,3.0,0.2874726072129477,1.0966223383641065,3.96822036401434
2019-10-17,3.0,0.2884023518525207,1.0974302317841929,3.9656754408223542
2019-10-18,3.0,0.2905398998198928,1.0954976504242337,3.9446529478379024
2019-10-21,3.0,0.2905398998198928,1.0967677273312573,3.913996122855972
2019-10-22,3.0,0.28840248515904277,1.0967027224463095,3.913996122855972
2019-10-23,3.0,0.2874726072129477,1.0978099813648585,3.913996122855972
2019-10-24,3.0,0.28692074672305035,1.0967950830495594,3.913996122855972
2019-10-25,3.0,0.2867032588504154,1.0957530892986065,3.880879131546263
2019-10-28,3.0,0.2867032588504154,1.0942306294223276,3.903780380128348
2019-10-29,3.0,0.2881948720582395,1.102913615494021,3.904139431187652
2019-10-30,3.0,0.28494321385396554,1.09710261164363,3.934595830864
2019-10-31,3.0,0.2849659160542628,1.0953187949823369,3.958433751720389
2019-11-01,3.0,0.2849659160542628,1.0947208764191338,3.958433751720389
2019-11-04,3.0,0.2849659160542628,1.094025400327445,3.8700240536044466
2019-11-05,3.0,0.2881948720582395,1.0947208764191338,3.869912553254068
2019-11-06,3.0,0.2886233942516503,1.0970842126534959,3.920851276937496
2019-11-07,3.0,0.2866407229157426,1.1011163058502418,3.8341015839038466
2019-11-08,3.0,0.2866148146659183,1.1028925407017949,3.808113131790897
2019-11-11,3.0,0.28662455407057974,1.107190977599645,3.808113131790897
2019-11-12,3.0,0.2866148146659183,1.1056108384459922,3.850436333137532
2019-11-13,3.0,0.2865522380530484,1.1046326218024634,3.850436333137532
2019-11-14,3.0,0.28242791220696195,1.1062185170561425,3.920946450435955
2019-11-15,3.0,0.2847485458827995,1.1046326218024634,3.920946450435955
2019-11-18,3.0,0.288619418218999,1.1038011852766978,3.920946450435955
2019-11-19,3.0,0.288619418218999,1.1067899433349275,3.8440960673994744
2019-11-20,3.0,0.2895967982958766,1.1064327417839617,3.8466204601695946
2019-11-21,3.0,0.2917177126260956,1.1078504899747441,3.9064058682120284
2019-11-22,3.0,0.28797865082233837,1.1100960241851148,3.8719075561273533
2019-11-25,3.0,0.28713191733221827,1.1103254004630576,3.929468714389159
2019-11-26,3.0,0.285653408430882,1.1088726972740073,3.929468714389159
2019-11-27,3.0,0.28416434385164147,1.1102095205145353,3.9487728626681733
2019-11-29,3.0,0.28356287620886494,1.1058615050577143,3.935216073342169
2019-12-02,3.0,0.2836550276350109,1.1072461790891266,3.9476191709420814
2019-12-03,3.0,0.28773075535802334,1.1078773746262347,3.9990830110875795
2019-12-04,3.0,0.2910386186604985,1.1030874320308808,3.9990830110875795
2019-12-05,3.0,0.29256264905368423,1.0977767651565915,3.9853295006160283
2019-12-06,3.0,0.2915119557283254,1.0977767651565915,3.9852627910757996
2019-12-09,3.0,0.2915119557283254,1.1036620264303618,3.9990830110875795
2019-12-10,3.0,0.2925465060449012,1.103429261045659,3.9901663604443924
2019-12-11,3.0,0.2946008380639332,1.1045187940254195,3.9901663604443924
2019-12-12,3.0,0.2925465060449012,1.109097200341172,3.9568653628652783
2019-12-13,3.0,0.2931696744703789,1.105557095676586,3.9323806450209124
2019-12-16,3.0,0.2871375158650768,1.1045247907812064,3.976116553942657
2019-12-17,3.0,0.2871375158650768,1.1045216752371303,3.990052785396354
2019-12-18,3.0,0.28853720170168135,1.1018489462433894,3.9518943128661346
2019-12-19,3.0,0.29264624713281484,1.1025413111026552,3.980064142180907
2019-12-20,3.0,0.2930191340056618,1.1026057721760605,3.980064142180907
2019-12-23,3.0,0.2946121690710094,1.1029892909795311,3.980064142180907
2019-12-24,3.0,0.2930191340056618,1.0969967489119368,3.9901663604443924
2019-12-26,3.0,0.29460528691093657,1.0969967489119368,3.980064142180907
2019-12-27,3.0,0.2927483259012695,1.0984029963435642,3.9979680881223003
2019-12-30,3.0,0.2927483259012695,1.0942344046479242,3.9967192661896265
2019-12-31,3.0,0.2927483259012695,1.0983452960599358,3.9967192661896265
2020-01-02,3.0,0.2929917099452005,1.1012569683353397,3.990140998294188
2020-01-03,3.0,0.29460288304938353,1.107754042800504,3.990140998294188
2020-01-06,3.0,0.29262523575552624,1.1070715930679649,4.000853552758939
2020-01-07,3.0,0.29460288304938353,1.107754042800504,4.013001280259057
2020-01-08,3.0,0.29463780224253294,1.1051948671663698,4.013001280259057
2020-01-09,3.0,0.2926199365947974,1.1065018009261454,4.0385476230052015
2020-01-10,3.0,0.2912534507717106,1.1074519163576657,4.013001280259057
2020-01-13,3.0,0.2905093251911198,1.1074519163576657,4.0075969627444525
2020-01-14,3.0,0.2926043603019762,1.1078381813048959,4.0645702229821605
2020-01-15,3.0,0.2926043603019762,1.1083783903399533,4.031479533063376
2020-01-16,3.0,0.29401642383352716,1.1132204018326997,4.072415745872677
2020-01-17,3.0,0.29463780224253294,1.1124162042225532,4.072415745872677
2020-01-21,3.0,0.29457614104608676,1.1127598682811595,4.072415745872677
2020-01-22,3.0,0.2968136110971577,1.1147877265568966,4.03378052410829
2020-01-23,3.0,0.29084315963006946,1.1119473675422453,4.03378052410829
2020-01-24,3.0,0.29084315963006946,1.113978697590483,4.033137565330644
2020-01-27,3.0,0.29077661608223804,1.1083783903399533,3.9988070632985284
2020-01-28,3.0,0.2924699492876429,1.105732913670903,4.101882819174719
2020-01-29,3.0,0.29491480948666676,1.1076472744483237,4.082680213054884
2020-01-30,3.0,0.29491480948666676,1.103285189864976,4.066644617172421
2020-01-31,3.0,0.29349210297745854,1.1076649005149428,4.037070929283895
2020-02-03,3.0,0.29349210297745854,1.109432373241179,4.018375137398425
2020-02-04,3.0,0.2917819724484561,1.1049727755947218,4.053436611347261
2020-02-05,3.0,0.2917897196433561,1.1059313454288808,4.0542104078752565
2020-02-06,3.0,0.2917876502291852,1.100029560205696,4.054679849370895
2020-02-07,3.0,0.2900486365290207,1.1013178103400307,4.054679849370895
2020-02-10,3.0,0.2917876502291852,1.096327710834526,4.046807383330221
2020-02-11,3.0,0.2917876502291852,1.100029560205696,4.034982774168367
2020-02-12,3.0,0.29172620892087,1.1022418622949641,4.034982774168367
2020-02-13,3.0,0.2920637924431533,1.107403416444427,4.018090138181044
2020-02-14,3.0,0.2920637924431533,1.107403416444427,4.018090138181044
2020-02-18,3.0,0.29178042311670543,1.1051639675077443,4.018090138181044
2020-02-19,3.0,0.28966493592349235,1.1067516640129593,4.018090138181044
2020-02-20,3.0,0.28966493592349235,1.1073374483177987,4.017278780546762
2020-02-21,3.0,0.28966493592349235,1.1093578370839179,4.021508664392669
2020-02-24,3.0,0.28966493592349235,1.111829852180573,4.017278780546762
2020-02-25,3.0,0.2895968684639013,1.1093042484212934,4.053022807003325
2020-02-26,3.0,0.2829818133685446,1.1060560769572367,4.046418627742545
2020-02-27,3.0,0.2829936739124207,1.1048378045650944,4.053022807003325
2020-02-28,3.0,0.2830570052894738,1.1079475018160096,4.05331217956013
2020-03-02,3.0,0.2830570052894738,1.1084445790143564,4.059675654080331
2020-03-03,3.0,0.283076645546218,1.1082134432163089,4.090281677863771
2020-03-04,3.0,0.283076645546218,1.1083834901918967,4.063646933762096
2020-03-05,3.0,0.2830759729989044,1.1112156704060996,4.065019572690157
2020-03-06,3.0,0.2830759729989044,1.1103972688315473,4.065019572690157
2020-03-09,3.0,0.2844100762359991,1.1098569343463218,4.09009657091333
2020-03-10,3.0,0.2844100762359991,1.108735595472232,4.09009657091333
2020-03-11,3.0,0.2844100762359991,1.1141367568411296,4.097956322375875
2020-03-12,3.0,0.2827060286525778,1.1103972688315473,4.113526733537355
2020-03-13,3.0,0.2859110920639468,1.1116294094599093,4.113526733537355
2020-03-16,3.0,0.2826967980548208,1.1116903017656492,4.123868669350149
2020-03-17,3.0,0.2800288248485931,1.1128451631917557,4.125489838893736
2020-03-18,3.0,0.2799539968876375,1.1135040606396696,4.125242720093343
2020-03-19,3.0,0.2800288248485931,1.1115871768322174,4.098579981023897
2020-03-20,3.0,0.27605547848205464,1.1138518484933706,4.098579981023897
2020-03-23,3.0,0.27605547848205464,1.1120187272788584,4.098492605186833
2020-03-24,3.0,0.27605547848205464,1.1101457274045643,4.097586626292026
2020-03-25,3.0,0.27605547848205464,1.1105020331073698,4.097586626292026
2020-03-26,3.0,0.27605547848205464,1.1101457274045643,4.097586626292026
2020-03-27,3.0,0.2779221294063332,1.107270659998353,4.076946669098275
2020-03-30,3.0,0.27838815310401044,1.1019434917911775,4.0455073015174206
2020-03-31,3.0,0.2779221294063332,1.1096987898436943,4.027177810483417
2020-04-01,3.0,0.2779053392216639,1.1015009703675922,4.043503779437848
2020-04-02,3.0,0.2779249285779758,1.1001924123315967,4.045389284953802
2020-04-03,3.0,0.2779337954775046,1.0962304049352887,4.124358910586444
2020-04-06,3.0,0.2818042956634086,1.0997440001671142,4.168463212113765
2020-04-07,3.0,0.2818042956634086,1.0961012734949742,4.168463212113765
2020-04-08,3.0,0.28167084490690897,1.097246350491752,4.192064877345076
2020-04-09,3.0,0.2847733981464742,1.097246350491752,4.192064877345076
2020-04-13,3.0,0.28243378428415,1.097246350491752,4.195695880064099
2020-04-14,3.0,0.28243378428415,1.0945803561360163,4.195695880064099
2020-04-15,3.0,0.28244833840912753,1.0952675699976901,4.219517380030161
2020-04-16,3.0,0.2858656100176509,1.1012407665346815,4.195695880064099
2020-04-17,3.0,0.28691354823841153,1.1005871756768575,4.213738846420807
2020-04-20,3.0,0.2885943607928305,1.0963423797088296,4.229445752906007
2020-04-21,3.0,0.2885943607928305,1.0979080376401913,4.227882895851543
2020-04-22,3.0,0.28899055470858315,1.0963423797088296,4.1958754186268745
2020-04-23,3.0,0.2901270557268287,1.0985774735003557,4.1958754186268745
2020-04-24,3.0,0.29003163719423286,1.0970312883215745,4.1958754186268745
2020-04-27,3.0,0.2901270557268287,1.0997963954434806,4.195244381499054
2020-04-28,3.0,0.2899915427401842,1.0966914740030225,4.177017725810776
2020-04-29,3.0,0.2901278502901238,1.0993068316282084,4.181822464505702
2020-04-30,3.0,0.2899915427401842,1.1044222470416138,4.181822464505702
2020-05-01,3.0,0.2883966472052384,1.1044222470416138,4.181822464505702
2020-05-04,3.0,0.28274523774740357,1.1064447940411477,4.195536204769177
2020-05-05,3.0,0.2824379804672651,1.1053223597730955,4.297862465144565
2020-05-06,3.0,0.28197809595891526,1.1055721031402155,4.247439652585312
2020-05-07,3.0,0.28155758552266186,1.1069935440857062,4.237949214112617
2020-05-08,3.0,0.2824408537102547,1.109073192498503,4.219657206493167
2020-05-11,3.0,0.28140609294067687,1.101482072647301,4.289237153876699
2020-05-12,3.0,0.28940937184058285,1.100823463867529,4.289237153876699
2020-05-13,3.0,0.2895819887643085,1.0978119786845246,4.299027758206005
2020-05-14,3.0,0.2883183645306688,1.0953829684240446,4.299027758206005
2020-05-15,3.0,0.2883183645306688,1.092471807378515,4.297925682424221
2020-05-18,3.0,0.2883183645306688,1.0980788346747397,4.297794973342107
2020-05-19,3.0,0.2883183645306688,1.099222395430147,4.28949822368307
2020-05-20,3.0,0.2876038798922825,1.1005751524242608,4.283693250664454
2020-05-21,3.0,0.2876038798922825,1.1025105065491303,4.187754144810344
2020-05-22,3.0,0.2876038798922825,1.1048858051595658,4.217942974522268
2020-05-26,3.0,0.2876038798922825,1.1050918426434166,4.218232607358586
2020-05-27,3.0,0.286313160298312,1.1044828046760133,4.218232607358586
2020-05-28,3.0,0.286313160298312,1.1032672598109894,4.234442791335964
2020-05-29,3.0,0.286313160298312,1.1038306295292237,4.233963316668731
2020-06-01,3.0,0.28631381540608697,1.106019033659066,4.209842648912017
2020-06-02,3.0,0.28631381540608697,1.1074471024905277,4.235178907795378
2020-06-03,3.0,0.28634319535112096,1.1041270838581443,4.235178907795378
2020-06-04,3.0,0.2865729733938191,1.1032672598109894,4.235178907795378
2020-06-05,3.0,0.28654293834101013,1.1003458855333617,4.234560037246658
2020-06-08,3.0,0.28368999269921213,1.0979758976361484,4.209842648912017
2020-06-09,3.0,0.28368999269921213,1.0979758976361484,4.206992064129589
2020-06-10,3.0,0.2837373827071418,1.097165507526256,4.231988041268169
2020-06-11,3.0,0.2837373827071418,1.103911461226013,4.232350060105946
2020-06-12,3.0,0.2837373827071418,1.1045054011239168,4.232350060105946
2020-06-15,3.0,0.2837373827071418,1.1035177767526165,4.206944992969285
2020-06-16,3.0,0.28150340804283325,1.1041540172458788,4.206942434179662
2020-06-17,3.0,0.28358642807721607,1.1035177767526165,4.206942434179662
2020-06-18,3.0,0.2787016556934338,1.1033796393101505,4.206944992969285
2020-06-19,3.0,0.28150340804283325,1.1030619183700252,4.206944992969285
2020-06-22,3.0,0.2786207786600065,1.1027681173874,4.279459789278221
2020-06-23,3.0,0.2793339931463205,1.1022419541000605,4.2874362358595555
2020-06-24,3.0,0.2793339931463205,1.101218971965928,4.2874362358595555
2020-06-25,3.0,0.28372561805919705,1.102609656678699,4.263949535711095
2020-06-26,3.0,0.2838537493733631,1.0992877906552079,4.232560651206361
2020-06-29,3.0,0.2838537493733631,1.098799454540484,4.217348142798857
2020-06-30,3.0,0.2838537493733631,1.0989161591187488,4.286535251628124
2020-07-01,3.0,0.2838537493733631,1.0997726734547824,4.257815342057404
2020-07-02,3.0,0.28632030030497535,1.1001327192359711,4.301225221453447
2020-07-06,3.0,0.28913500029792616,1.0957416492904544,4.333640862818538
2020-07-07,3.0,0.2838537493733631,1.094469186022389,4.333640862818538
2020-07-08,3.0,0.2838537493733631,1.094469186022389,4.340427941433228
2020-07-09,3.0,0.28762946629641856,1.095326884971977,4.334847827546796
2020-07-10,3.0,0.28541063893389,1.099268585110877,4.321645370254636
2020-07-13,3.0,0.2840090761461284,1.0950661936739803,4.319027468181036
2020-07-14,3.0,0.2838072391935717,1.0919589679181316,4.319027468181036
2020-07-15,3.0,0.2847024114808168,1.0917434776495858,4.3088157407769545
2020-07-16,3.0,0.2888609175527828,1.095678500547882,4.3088157407769545
2020-07-17,3.0,0.2905105800876042,1.095678500547882,4.278308925261019
2020-07-20,3.0,0.2941281020636516,1.0938218426294593,4.258019174100439
2020-07-21,3.0,0.2941281020636516,1.1027975596309565,4.258019174100439
2020-07-22,3.0,0.2941281020636516,1.1084775120064694,4.3088157407769545
2020-07-23,3.0,0.29120849583680064,1.1093582484550113,4.349341743265203
2020-07-24,3.0,0.28911527997680647,1.1030792987302456,4.38694850170298
2020-07-27,3.0,0.28907812022521057,1.101748217127754,4.386261898533622
2020-07-28,3.0,0.28594527370792183,1.1013293470440821,4.386261898533622
2020-07-29,3.0,0.2886315005250451,1.103237458438574,4.380575769322549
2020-07-30,3.0,0.2886315005250451,1.1013293470440821,4.380511291280451
2020-07-31,3.0,0.2886005365644541,1.1023294096165113,4.3543143173855325
2020-08-03,3.0,0.2864250528298177,1.103237458438574,4.329315109722122
2020-08-04,3.0,0.2864250528298177,1.104389468431855,4.380575769322549
2020-08-05,3.0,0.28613038571219557,1.103237458438574,4.3630470367312375
2020-08-06,3.0,0.28613038571219557,1.1017188131901092,4.381098864823386
2020-08-07,3.0,0.28613038571219557,1.0998135812002496,4.3978829509243385
2020-08-10,3.0,0.2861784162034247,1.1022788789101081,4.3978829509243385
2020-08-11,3.0,0.2886359293427107,1.1011497022124779,4.3982806002956485
2020-08-12,3.0,0.2869792543528061,1.0964236492531185,4.349506999487445
2020-08-13,3.0,0.2869792543528061,1.0959153142360778,4.3808863556430255
2020-08-14,3.0,0.28614030547681635,1.100217395101619,4.363330093934815
2020-08-17,3.0,0.2861115273150058,1.0968249921782989,4.363330093934815
2020-08-18,3.0,0.2886973340901374,1.0942503663255498,4.350905981406014
2020-08-19,3.0,0.2861115273150058,1.0947839167176316,4.395438712940481
2020-08-20,3.0,0.28764578802095575,1.092396937997035,4.395438712940481
2020-08-21,3.0,0.2885481755247791,1.095820921058424,4.408333630247828
2020-08-24,3.0,0.2861115273150058,1.0928401697508652,4.400356546116207
2020-08-25,3.0,0.28352735053068195,1.0923384070538702,4.407028613922139
2020-08-26,3.0,0.28352735053068195,1.0887446055331957,4.407028613922139
2020-08-27,3.0,0.28352735053068195,1.0942402712355155,4.409443089129986
2020-08-28,3.0,0.28356535737870636,1.0942503663255498,4.48278791954369
2020-08-31,3.0,0.28442950180794774,1.0988614989903105,4.400590654860159
2020-09-01,3.0,0.2824567170731626,1.09997434795241,4.400414541575444
2020-09-02,3.0,0.2828468220231689,1.0990408393102693,4.425534939295463
2020-09-03,3.0,0.2859113727702794,1.0975790177304692,4.458653119777786
2020-09-04,3.0,0.2828468220231689,1.0960399500757667,4.458653119777786
2020-09-08,3.0,0.2828468220231689,1.1005588264050585,4.458653119777786
2020-09-09,3.0,0.280434692479442,1.0994502884267043,4.424503861426365
2020-09-10,3.0,0.28042496541335843,1.097094555473482,4.442071466467799
2020-09-11,3.0,0.28042496541335843,1.0964453796552847,4.442071466467799
2020-09-14,3.0,0.28128886269425196,1.1001832465981798,4.442071466467799
2020-09-15,3.0,0.28128886269425196,1.1022537507933459,4.464994543404577
2020-09-16,3.0,0.28128886269425196,1.098214787211329,4.442071466467799
2020-09-17,3.0,0.28042496541335843,1.0967662324191183,4.442071466467799
2020-09-18,3.0,0.2806887440910664,1.0977409136112237,4.441841176955703
2020-09-21,3.0,0.2829341243516827,1.0961444166739052,4.441501630933256
2020-09-22,3.0,0.2869780781423753,1.0936997000732227,4.442071466467799
2020-09-23,3.0,0.28338801273333547,1.0936997000732227,4.442066185942277
2020-09-24,3.0,0.28274180828317425,1.0927702623422775,4.484331411892296
2020-09-25,3.0,0.2843738294513059,1.0917571760386475,4.530534239390784
2020-09-28,3.0,0.2843738294513059,1.0927702623422775,4.44345613646184
2020-09-29,3.0,0.2829660566934567,1.0919792430709279,4.411577710438869
2020-09-30,3.0,0.28275059687232834,1.0900663390893177,4.411577710438869
2020-10-01,3.0,0.281657556768159,1.0895539986107101,4.4218542629270745
2020-10-02,3.0,0.281657556768159,1.0897157448516235,4.43444320795688
2020-10-05,3.0,0.281657556768159,1.0960146469270766,4.451505106398729
2020-10-06,3.0,0.2790261976208837,1.0957871438781412,4.454999374398183
2020-10-07,3.0,0.2767799290124029,1.0953701221576093,4.455153028865937
2020-10-08,3.0,0.27424813367215173,1.096568180158173,4.451505106398729
2020-10-09,3.0,0.27426807896615835,1.0961626936099804,4.448738939505038
2020-10-12,3.0,0.274433066214135,1.0945822343821487,4.445447589274604
2020-10-13,3.0,0.274433066214135,1.0954912491964084,4.4472979799202506
2020-10-14,3.0,0.27286575799001866,1.0950887663315703,4.4472979799202506
2020-10-15,3.0,0.27129162980719745,1.095518168840513,4.4472979799202506
2020-10-16,3.0,0.27129162980719745,1.098116827598425,4.448738939505038
2020-10-19,3.0,0.27129162980719745,1.096568180158173,4.454675323825001
2020-10-20,3.0,0.27085231437207324,1.095518168840513,4.454675323825001
2020-10-21,3.0,0.2744532291653383,1.096535666564865,4.454675323825001
2020-10-22,3.0,0.27286575799001866,1.097194608722528,4.41463971167268
2020-10-23,3.0,0.27286575799001866,1.0977097347179097,4.454675323825001
2020-10-26,3.0,0.2712178549956401,1.0977097347179097,4.414868144728678
2020-10-27,3.0,0.2712178549956401,1.0888308477335658,4.3989164905215485
2020-10-28,3.0,0.271273346668996,1.0879456461730004,4.413962566711485
2020-10-29,3.0,0.27016523879666954,1.0889394610550833,4.3869269187328825
2020-10-30,3.0,0.27016523879666954,1.088346368026063,4.3869269187328825
2020-11-02,3.0,0.271585481903662,1.091754236078498,4.3869269187328825
2020-11-03,3.0,0.271585481903662,1.0930703940630115,4.3869269187328825
2020-11-04,3.0,0.2724908055251001,1.0936711907916123,4.3869269187328825
2020-11-05,3.0,0.2721874586634895,1.0922708445275786,4.414868144728678
2020-11-06,3.0,0.2721874586634895,1.090998664431125,4.377425583424066
2020-11-09,3.0,0.27160978662472895,1.0926324797571292,4.377425583424066
2020-11-10,3.0,0.271585481903662,1.0919975334219858,4.377425583424066
2020-11-11,3.0,0.2700898376271548,1.0951858715574876,4.38695912373217
2020-11-12,3.0,0.2724401050295982,1.0938399208897076,4.365814882845516
2020-11-13,3.0,0.2721399546282335,1.092979906644906,4.381824040687438
2020-11-16,3.0,0.2733713231302546,1.0939317605412233,4.358572993878119
2020-11-17,3.0,0.2724401050295982,1.095557711597455,4.359819213430743
2020-11-18,3.0,0.2724401050295982,1.0959903227980692,4.341192712124481
2020-11-19,3.0,0.26874350976924494,1.1004740781013753,4.341192712124481
2020-11-20,3.0,0.2662073713175452,1.1002273894980186,4.401165797509851
2020-11-23,3.0,0.2661884906560536,1.094623437774045,4.400797016926878
2020-11-24,3.0,0.26625014166851385,1.098861781108337,4.401165797509851
2020-11-25,3.0,0.26277265502187347,1.0971189213404928,4.401165797509851
2020-11-27,3.0,0.2627894854337063,1.1010542692225633,4.380035668811629
2020-11-30,3.0,0.2627894854337063,1.0993605727213507,4.40262763978878
2020-12-01,3.0,0.2627894854337063,1.1010542692225633,4.401020536708754
2020-12-02,3.0,0.2663084494054423,1.1010542692225633,4.380035668811629
2020-12-03,3.0,0.2623883102091012,1.1010542692225633,4.380035668811629
2020-12-04,3.0,0.2623883102091012,1.1020299715423663,4.413533583687647
2020-12-07,3.0,0.26628516227903465,1.1025567533353935,4.413533583687647
2020-12-08,3.0,0.26628516227903465,1.100917014943127,4.351596689677731
2020-12-09,3.0,0.2681539940565232,1.0968588241218904,4.414278899779915
2020-12-10,3.0,0.2681882544558604,1.0943007216709355,4.414278899779915
2020-12-11,3.0,0.26773457983980187,1.0946911399887824,4.414278899779915
2020-12-14,3.0,0.266353048818041,1.0900906142215008,4.482641200989102
2020-12-15,3.0,0.266353048818041,1.0897415715987786,4.434030635731391
2020-12-16,3.0,0.266353048818041,1.0901243339065418,4.486654252273469
2020-12-17,3.0,0.266353048818041,1.087641900176386,4.507401234527733
2020-12-18,3.0,0.266353048818041,1.0903182372083693,4.509631915866788
2020-12-21,3.0,0.2681882544558604,1.0902724264846446,4.484248908258426
2020-12-22,3.0,0.27142896049969606,1.0879034618480725,4.484248908258426
2020-12-23,3.0,0.27148913541054726,1.0891916239235875,4.5908432711870235
2020-12-24,3.0,0.27182282824817855,1.0909456001854458,4.52046529475508
2020-12-28,3.0,0.2708810521964258,1.0940131473797998,4.607801803239745
2020-12-29,3.0,0.27012712620103513,1.0917625916536737,4.514187579460615
2020-12-30,3.0,0.26816616375244956,1.0914975772320616,4.514187579460615
2020-12-31,3.0,0.2668467424851056,1.0916059015727857,4.550556085579033
2014-01-02,4.0,0.9599999999999992,1.0,1.0687709800453105
2014-01-03,4.0,0.9501079565479128,1.0,1.094091267295893
2014-01-06,4.0,0.9215999999999999,1.0,1.130717940463518
2014-01-07,4.0,0.9215999999999974,1.0,1.1430548233762456
2014-01-08,4.0,0.9193305903141835,1.0,1.1467612580643989
2014-01-09,4.0,0.9077552298933057,1.0,1.1488413100899169
2014-01-10,4.0,0.9013956087646602,1.0,1.1623725937538372
2014-01-13,4.0,0.8847360000000001,1.0,1.170592764597697
2014-01-14,4.0,0.8847359999999993,1.0,1.1844006395370756
2014-01-15,4.0,0.8847359999999981,1.0,1.1878798345134174
2014-01-16,4.0,0.878623385585167,1.0,1.196061231352598
2014-01-17,4.0,0.867197011917151,1.0,1.2063102458270623
2014-01-21,4.0,0.8672386150508226,1.0,1.2187065005312834
2014-01-22,4.0,0.8567686531310853,1.0,1.2296719393169804
2014-01-23,4.0,0.8528461274458099,1.0,1.2319384559554094
2014-01-24,4.0,0.8493465600000013,1.0,1.2326219062325903
2014-01-27,4.0,0.8493465600000013,1.0,1.2473850249419927
2014-01-28,4.0,0.8421947540366959,1.0,1.251061411409992
2014-01-29,4.0,0.8418721332531521,1.0,1.256395304519154
2014-01-30,4.0,0.8296256100902173,1.0,1.264575831784312
2014-01-31,4.0,0.8269878052066073,0.9973913145424766,1.2662743011769266
2014-02-03,4.0,0.8256498404081931,0.9964062822137797,1.2664800032808228
2014-02-04,4.0,0.821131981153143,0.9971164226541795,1.2859537040638018
2014-02-05,4.0,0.8193865321884847,0.9960242182083167,1.2919323594041319
2014-02-06,4.0,0.8153726976000008,0.9969536400095692,1.2919416865009112
2014-02-07,4.0,0.8089262782294059,0.997249008695624,1.2924833550390913
2014-02-10,4.0,0.8025880992750439,0.9977219112852245,1.2919201684449717
2014-02-11,4.0,0.7994536807705553,0.9972377327791464,1.2914318308981563
2014-02-12,4.0,0.7960515282819153,1.0,1.2971108318172972
2014-02-13,4.0,0.7958779296515166,0.9979261826915514,1.3046652410983546
2014-02-14,4.0,0.7944840199732734,0.9969536400095692,1.3191738625538139
2014-02-18,4.0,0.7940678764053952,0.9947487771038612,1.3296542137348828
2014-02-19,4.0,0.7987962543399517,0.9940166057036275,1.3384715861745788
2014-02-20,4.0,0.7914256564427447,0.993166902561853,1.348648177715097
2014-02-21,4.0,0.7876731352183753,0.9918748487699776,1.3518618333761296
2014-02-24,4.0,0.7790566890571846,0.9913674510901102,1.3602585404665661
2014-02-25,4.0,0.7754578589402361,0.9917795341470022,1.3727707366232744
2014-02-26,4.0,0.774298531186476,0.9943519447600431,1.3832894740554709
2014-02-27,4.0,0.7723370351392133,0.9944827116332897,1.3836227304346274
2014-02-28,4.0,0.7702226026257988,0.9940052074897898,1.3861758930867687
2014-03-03,4.0,0.7701886668960464,0.9939237199156801,1.392869282892443
2014-03-04,4.0,0.7655588562291903,0.9948228693506452,1.39846931837099
2014-03-05,4.0,0.7662333694582818,0.9928234332217355,1.4000362346875481
2014-03-06,4.0,0.7567767453395127,0.9949444539884467,1.4013047848777558
2014-03-07,4.0,0.7515908372055559,0.9951443440994414,1.4106827693598745
2014-03-10,4.0,0.7444399214674243,0.9949115255568679,1.40874366071204
2014-03-11,4.0,0.7454971796985586,0.9954583157219341,1.4150871265567793
2014-03-12,4.0,0.73944281873226,0.9960642057589126,1.4150871265567793
2014-03-13,4.0,0.739056352658417,0.9977007073280698,1.4214130480227558
2014-03-14,4.0,0.7388269039698597,0.9976392765783628,1.427868375258292
2014-03-17,4.0,0.7359623277271921,0.9978277653561088,1.434144487066512
2014-03-18,4.0,0.7383065096879706,0.9977007073280698,1.4325222760761918
2014-03-19,4.0,0.7348996004568772,0.9962958626172267,1.4618550612126076
2014-03-20,4.0,0.7325561188276238,0.9971138631348582,1.4510420684251433
2014-03-21,4.0,0.7279438032893663,0.9962958626172267,1.4508427346812458
2014-03-24,4.0,0.7231538907323839,0.9947580960293272,1.453837874950093
2014-03-25,4.0,0.7224652932927524,0.9938965361577133,1.4579264376435952
2014-03-26,4.0,0.7182984516152383,0.9925855629922673,1.458019384789946
2014-03-27,4.0,0.7146231517823205,0.9934098334173225,1.4751346481646044
2014-03-28,4.0,0.7146231517823205,0.9959424232553324,1.4751346481646044
2014-03-31,4.0,0.7116724941891857,0.9961798078819781,1.4854562754959268
2014-04-01,4.0,0.7122108578455306,0.9964044508256137,1.4875355269022363
2014-04-02,4.0,0.7122082569724445,0.9961455227289127,1.4875328227336437
2014-04-03,4.0,0.707378454479963,0.9986272028929698,1.4872976257065325
2014-04-04,4.0,0.6989320859362829,0.9966118150158891,1.4926196748618779
2014-04-07,4.0,0.704668950055429,0.9987212653174727,1.4702806215595046
2014-04-08,4.0,0.704668950055429,0.9965577754237369,1.4754138984045786
2014-04-09,4.0,0.6991771898285987,0.996646308056012,1.4874304187632466
2014-04-10,4.0,0.696825225262203,0.9962480200781557,1.50050783688992
2014-04-11,4.0,0.6945655214157406,0.9954723727228032,1.4876250420771882
2014-04-14,4.0,0.6941641501721557,0.9938938873349379,1.4876250420771882
2014-04-15,4.0,0.6945575041199312,0.9935304592626253,1.5030994728058849
2014-04-16,4.0,0.6910501738343123,0.9953887511217532,1.5075792282446525
2014-04-17,4.0,0.6895281350111735,0.9954723727228032,1.5202596285332406
2014-04-21,4.0,0.6903517828448875,0.9952152568679327,1.522569219130029
2014-04-22,4.0,0.6889256499104689,0.9968468483364981,1.5385547516735372
2014-04-23,4.0,0.683417858427267,0.9963250674497421,1.5224694366431413
2014-04-24,4.0,0.6799953879816073,0.9947891632974215,1.5336962996790517
2014-04-25,4.0,0.6765414927990088,0.9959047108553063,1.5254954962238123
2014-04-28,4.0,0.67634713454223,0.9974627570910546,1.541288017103563
2014-04-29,4.0,0.671905400292424,0.9989955596173519,1.541348585653418
2014-04-30,4.0,0.6713675465462053,0.9993117889220622,1.5526777262030214
2014-05-01,4.0,0.6711391533766523,0.999797131846336,1.54519207659725
2014-05-02,4.0,0.669287462575194,0.9995926365243369,1.54291680106151
2014-05-05,4.0,0.6664612834672917,0.9990355551274034,1.5429442739874648
2014-05-06,4.0,0.6613097375393596,0.9962661731054985,1.551251999264542
2014-05-07,4.0,0.6602286422159859,0.9947189839610873,1.5519180799528083
2014-05-08,4.0,0.6552631632875402,0.9974554263253494,1.5535072965323116
2014-05-09,4.0,0.6544658500186976,0.9948185780818044,1.5529482715971306
2014-05-12,4.0,0.6528066989342457,0.9942580938918444,1.554545806309837
2014-05-13,4.0,0.6494350321225482,0.9970776619169797,1.5741654349988679
2014-05-14,4.0,0.6519622839134597,0.9980199382386507,1.5784744597686347
2014-05-15,4.0,0.6497815553611739,0.9972133243921973,1.588008815755138
2014-05-16,4.0,0.6497815553611739,1.0010920946102564,1.5891221890482101
2014-05-19,4.0,0.6493777519900494,1.0021663699336623,1.5891221890482101
2014-05-20,4.0,0.6460771708681157,1.0042135610006753,1.5891388929621286
2014-05-21,4.0,0.6454934406601737,1.0038129555785318,1.578856696571026
2014-05-22,4.0,0.6445174043437505,1.0034924500425966,1.5892158527007145
2014-05-23,4.0,0.6445174043437505,1.0016065727027619,1.5940693051668895
2014-05-27,4.0,0.6445174043437505,1.0049325570081638,1.5931055625044006
2014-05-28,4.0,0.6444243612825277,1.0016224242765275,1.589145362993085
2014-05-29,4.0,0.6424383286491113,1.0026397356435406,1.5902775109617517
2014-05-30,4.0,0.6408186158760102,1.0016224242765275,1.590317420037473
2014-06-02,4.0,0.6397391574902486,1.001501879278248,1.6022387481427551
2014-06-03,4.0,0.6365406419713991,1.0000989702835321,1.583461812999057
2014-06-04,4.0,0.6396446089869026,1.0007947350212762,1.5895148780626973
2014-06-05,4.0,0.6408186158760102,1.001501879278248,1.5895444916090264
2014-06-06,4.0,0.6407739303289256,1.0000989702835321,1.6062544483484142
2014-06-09,4.0,0.637790239366997,1.0022574109103286,1.606325092687071
2014-06-10,4.0,0.6377446119711125,1.001501879278248,1.6101730904297316
2014-06-11,4.0,0.6313227715631843,1.0011150912537574,1.6143620211621048
2014-06-12,4.0,0.6312957409945671,1.0017666627493838,1.6175222716715196
2014-06-13,4.0,0.6300058929746394,1.0018085967868169,1.6175222716715196
2014-06-16,4.0,0.6343690411330384,1.0013703004618952,1.6157835998228376
2014-06-17,4.0,0.6324131656001645,1.0006873012064093,1.6324319014714708
2014-06-18,4.0,0.6279438826352807,1.001659928602094,1.6338271689902832
2014-06-19,4.0,0.6325941009608025,1.001223519771825,1.6661593844709683
2014-06-20,4.0,0.6327529455534718,1.0034534072561008,1.685101370036124
2014-06-23,4.0,0.6347555796607072,1.0033781614327653,1.6789152941427186
2014-06-24,4.0,0.6269310812711706,1.0034534072561008,1.6789356888204674
2014-06-25,4.0,0.625161576767258,1.0047811610333914,1.6773483668843465
2014-06-26,4.0,0.6244689938099749,1.0043174089686806,1.6789068397799243
2014-06-27,4.0,0.625161576767258,1.0044834151845183,1.679138407823192
2014-06-30,4.0,0.6150222273958346,1.0040170608557704,1.6938971966291552
2014-07-01,4.0,0.6060683867937365,1.006480402384705,1.6938971966291552
2014-07-02,4.0,0.6071526542983057,1.004696301887511,1.693883862329067
2014-07-03,4.0,0.6060683867937365,1.0043056760506148,1.7021829845219352
2014-07-07,4.0,0.5980205750910269,1.0044384488927165,1.7043756189782704
2014-07-08,4.0,0.5980205750910269,1.0057612331829482,1.7215514800111527
2014-07-09,4.0,0.6037942427090027,1.0051147011885515,1.721930610042238
2014-07-10,4.0,0.6037942427090027,1.004696301887511,1.72153679485925
2014-07-11,4.0,0.6043590603764794,1.0049455793116175,1.72153679485925
2014-07-14,4.0,0.6016413088663559,1.0040170608557704,1.72153679485925
2014-07-15,4.0,0.601115191948692,1.004957178168969,1.7145313185582154
2014-07-16,4.0,0.6032739500282169,1.004038151847848,1.7237287085942945
2014-07-17,4.0,0.598021704319166,1.0052268796369865,1.7147041538446874
2014-07-18,4.0,0.601115191948692,1.0068828033557264,1.7216953027645945
2014-07-21,4.0,0.5959797167512908,1.0068413284766775,1.72727963329317
2014-07-22,4.0,0.6032739500282169,1.0061905040663666,1.7390817628596928
2014-07-23,4.0,0.601115191948692,1.0068828033557264,1.7390817628596928
2014-07-24,4.0,0.6011577420502051,1.0070175841426268,1.7340184525213023
2014-07-25,4.0,0.6036970641381125,1.0062818294045761,1.7272211874747199
2014-07-28,4.0,0.6011753349165353,1.0074714732488963,1.744582268663268
2014-07-29,4.0,0.5888797687797885,1.0077556183777245,1.7626622247124832
2014-07-30,4.0,0.5870134806301487,1.0058923523285266,1.7488858606959528
2014-07-31,4.0,0.5870134806301487,1.0041773075354272,1.7671534944333862
2014-08-01,4.0,0.5901119984231231,1.0061461225944013,1.7693419383219473
2014-08-04,4.0,0.5901119984231231,1.0068828033557264,1.7693419383219473
2014-08-05,4.0,0.592964163748112,1.0068873284640427,1.7693419383219473
2014-08-06,4.0,0.5951177700173811,1.0098274245602497,1.7693419383219473
2014-08-07,4.0,0.5940454911032003,1.0087495873747576,1.7801540972931618
2014-08-08,4.0,0.5901892134119918,1.0093504888228293,1.7801267062853707
2014-08-11,4.0,0.5901716657461581,1.0086626803502694,1.7683534052780736
2014-08-12,4.0,0.5882400312457771,1.009925078030474,1.7705238555827327
2014-08-13,4.0,0.5882400312457771,1.0087546924451578,1.7732126066358493
2014-08-14,4.0,0.5859026066883348,1.0089372065438402,1.7753224692509901
2014-08-15,4.0,0.5882400312457771,1.0078969326083131,1.8090659380540133
2014-08-18,4.0,0.5941348942157281,1.0091033811426484,1.7874221529669636
2014-08-19,4.0,0.5882400312457771,1.0068622142653498,1.7983048975930378
2014-08-20,4.0,0.5858612836420795,1.007407849950034,1.8178764767396027
2014-08-21,4.0,0.5857008217575302,1.0069187007953533,1.8189998619959122
2014-08-22,4.0,0.5824829533513141,1.0065548415610621,1.8387797679821496
2014-08-25,4.0,0.5736146875876281,1.00919616996868,1.8330297003772957
2014-08-26,4.0,0.5722962698477381,1.0089802682607067,1.8275420477321456
2014-08-27,4.0,0.5722962698477381,1.0061701769054374,1.8390606766232604
2014-08-28,4.0,0.573635872004407,1.0038405996375213,1.8553604260583345
2014-08-29,4.0,0.5727336588454074,1.0026251707592095,1.8576527708822503
2014-09-02,4.0,0.5695940654339599,1.0016098774421622,1.8581685351414818
2014-09-03,4.0,0.569368694298588,1.0040078866914155,1.8433865931458975
2014-09-04,4.0,0.5671867492794789,1.0051511394366333,1.8434263114045781
2014-09-05,4.0,0.565744284458031,1.004398192825969,1.8397809922418251
2014-09-08,4.0,0.5671867492794789,1.0049450141888254,1.8397633339496886
2014-09-09,4.0,0.5688257769066392,1.0059838671837693,1.8397800814638197
2014-09-10,4.0,0.5688599245291214,1.0065603699812788,1.8277124440449464
2014-09-11,4.0,0.5690283684889849,1.004670353884411,1.8430172461770777
2014-09-12,4.0,0.5676940701135671,1.004991841724888,1.838272048615321
2014-09-15,4.0,0.5658228166592564,1.003608291561762,1.834366848790182
2014-09-16,4.0,0.5658513362143424,1.0029656943930503,1.8451118197995382
2014-09-17,4.0,0.5644860070504092,1.005240293329864,1.8451118197995382
2014-09-18,4.0,0.5630524835430998,1.0057368858755638,1.8451118197995382
2014-09-19,4.0,0.5644387038121786,1.001197465146013,1.860293365583093
2014-09-22,4.0,0.5611685592156169,1.002083936332645,1.860293365583093
2014-09-23,4.0,0.5611685592156169,1.0056596775983029,1.8719759844212824
2014-09-24,4.0,0.5598627205201638,1.0053607677829324,1.886440483955218
2014-09-25,4.0,0.5586406330949425,1.0027281282452674,1.886440483955218
2014-09-26,4.0,0.5633570293971142,1.0027281282452674,1.8976593163236664
2014-09-29,4.0,0.5639242783889333,1.0005145519598082,1.8976593163236664
2014-09-30,4.0,0.5633570293971142,1.003706236343286,1.8979580172270174
2014-10-01,4.0,0.558661891163193,1.0046990050168696,1.9046078119891587
2014-10-02,4.0,0.5596203132448563,1.004410811510843,1.9046175837582349
2014-10-03,4.0,0.559375860370972,1.0055591008755846,1.9054902826612223
2014-10-06,4.0,0.5567373750701028,1.0045943499425096,1.8978355132073195
2014-10-07,4.0,0.5520511245152363,1.0053607677829324,1.904628279733113
2014-10-08,4.0,0.5521186907576033,1.0061746278761083,1.904628279733113
2014-10-09,4.0,0.5521186907576033,1.0067989797234884,1.9133864630274031
2014-10-10,4.0,0.5519041577450235,1.006798261741511,1.9145864814422624
2014-10-13,4.0,0.5521186907576033,1.0064137446113706,1.9154839577972476
2014-10-14,4.0,0.552504204538066,1.0058931764443768,1.9154839577972476
2014-10-15,4.0,0.5521186907576033,1.0063668775371144,1.9279671888115395
2014-10-16,4.0,0.5495420877589478,1.0055913084741657,1.9279905015891547
2014-10-17,4.0,0.548952144145681,1.0054425143906154,1.922932533879822
2014-10-20,4.0,0.5440118840678061,1.008177295967377,1.9326200242326181
2014-10-21,4.0,0.5406691754337966,1.004597913392772,1.9378512737361748
2014-10-22,4.0,0.5385675801587807,1.0034742861053316,1.9378512737361748
2014-10-23,4.0,0.536958663392038,1.0003481316287646,1.9485796757680935
2014-10-24,4.0,0.5383376028801798,1.002700031966287,1.9512092788820685
2014-10-27,4.0,0.5372409275267869,1.0040106129168986,1.9516609822186521
2014-10-28,4.0,0.5383376028801798,1.0024051339435616,1.9505579998240623
2014-10-29,4.0,0.5446426198269021,1.0031383020857236,1.9512310431274622
2014-10-30,4.0,0.5459345833516894,1.0005560419140962,1.9512310431274622
2014-10-31,4.0,0.5459301397335143,1.0007553452499192,1.9505579998240623
2014-11-03,4.0,0.5438746726149942,1.0028687580442661,1.9512310431274622
2014-11-04,4.0,0.5450747842457285,1.0079584432418618,1.9533825034493855
2014-11-05,4.0,0.5450747842457285,1.0039051340802185,1.9505579998240623
2014-11-06,4.0,0.5440038010675047,1.003797392424849,1.9669839696424833
2014-11-07,4.0,0.5407387362486398,1.0041364198190839,1.951578669759602
2014-11-10,4.0,0.53519249756108,1.0009051874095993,1.967052003278056
2014-11-11,4.0,0.5352138869318396,1.0017165383168543,1.967052003278056
2014-11-12,4.0,0.5354011515599538,1.0024176474051805,1.9719886026678684
2014-11-13,4.0,0.5322808704198556,1.0041858255164433,1.9719886026678684
2014-11-14,4.0,0.5299580395218805,1.0021826819388175,1.9694372882873368
2014-11-17,4.0,0.5350463658760971,1.0043314201442866,2.0131383727454346
2014-11-18,4.0,0.5298827009869482,1.0091383740260542,2.0239579945638084
2014-11-19,4.0,0.5312295741193864,1.0120471762813859,2.0196371216259177
2014-11-20,4.0,0.5298827009869482,1.0116741811909578,1.99629191507145
2014-11-21,4.0,0.5296858718869881,1.0078708727682073,1.9872144163426573
2014-11-24,4.0,0.5298061579840398,1.0058550330598672,1.9952803700781285
2014-11-25,4.0,0.5298061579840398,1.0051671922493848,2.0211809584779017
2014-11-26,4.0,0.533967743258962,1.004952079578526,2.0132028741159007
2014-11-28,4.0,0.5298783251611149,1.0053260458987259,2.013284108748055
2014-12-01,4.0,0.5255446620448883,1.0039410366290338,1.9870570108098677
2014-12-02,4.0,0.525499535042037,1.0039247440710688,2.015607940318207
2014-12-03,4.0,0.524387150051015,1.0062849841416956,1.9869611479672005
2014-12-04,4.0,0.5233120210938145,1.0077586976479105,2.010364197450787
2014-12-05,4.0,0.5190783802730629,1.0080599630646638,2.030523871011854
2014-12-08,4.0,0.5203799905923071,1.0073887887346997,2.036110016073868
2014-12-09,4.0,0.5190783802730629,1.0062503767686555,2.0388500777529814
2014-12-10,4.0,0.5168451573511009,1.006006733712971,2.030505161072232
2014-12-11,4.0,0.5168998209666742,1.0063522418203112,2.021343846653992
2014-12-12,4.0,0.5190621389878711,1.006275565882297,1.9990225568702804
2014-12-15,4.0,0.5184256933508558,1.007048507741445,2.005405010120541
2014-12-16,4.0,0.518408028983242,1.007048507741445,2.0103389685244277
2014-12-17,4.0,0.518408028983242,1.007048507741445,2.010156814115174
2014-12-18,4.0,0.5162533903685218,1.004633298545532,1.9997380951145451
2014-12-19,4.0,0.5153600735716447,1.006194427544941,1.9858115479567415
2014-12-22,4.0,0.5153600735716447,1.005877234565912,1.9883451671009327
2014-12-23,4.0,0.5162651244741201,1.0060652221483335,1.9895664316859623
2014-12-24,4.0,0.5176615420725896,1.0078677603146828,1.9999135601238274
2014-12-26,4.0,0.5176896578513016,1.0060652221483335,1.9993620936780032
2014-12-29,4.0,0.5176615420725896,1.0059329656343432,2.0120965905056236
2014-12-30,4.0,0.5162076574588941,1.004077915483475,2.0291336125473305
2014-12-31,4.0,0.5148233343538022,1.0015295290514699,2.0327610370655864
2015-01-02,4.0,0.5162076574588941,1.000540481681195,2.0584727333565485
2015-01-05,4.0,0.5162076574588941,1.0015295290514699,2.0584727333565485
2015-01-06,4.0,0.5086650633418742,1.0014260013900205,2.0647510920323837
2015-01-07,4.0,0.5129635577373954,1.0038563763905917,2.045947897814795
2015-01-08,4.0,0.5086650633418742,1.000810702312702,2.0647510920323837
2015-01-09,4.0,0.5086650633418742,1.000966167506753,2.0663403058576915
2015-01-12,4.0,0.5037570569792402,1.0036276245786042,2.076241286647523
2015-01-13,4.0,0.5037706191326026,1.0042258546799747,2.076241286647523
2015-01-14,4.0,0.5071500743167701,1.0062612684172676,2.076241286647523
2015-01-15,4.0,0.5076628646852094,1.0046498749077626,2.0816068532673606
2015-01-16,4.0,0.5070405480475305,1.0036454453789194,2.0867677947497194
2015-01-20,4.0,0.5076628646852094,0.9991903792632322,2.069758002519851
2015-01-21,4.0,0.5016871363695121,1.004238823717467,2.069758002519851
2015-01-22,4.0,0.5058626677333797,1.0002896071583693,2.069758002519851
2015-01-23,4.0,0.5088295344111303,0.9991004780661316,2.0841685525525513
2015-01-26,4.0,0.5094362039959821,1.0046498749077626,2.0841685525525513
2015-01-27,4.0,0.5094362039959821,1.0037533102525484,2.0841685525525513
2015-01-28,4.0,0.5088295344111303,1.002544860312914,2.0606568953102835
2015-01-29,4.0,0.5055613173133712,1.0046560160843343,2.0484645034630926
2015-01-30,4.0,0.5088295344111303,1.0054076779023378,2.0618515044388768
2015-02-02,4.0,0.503587301773517,1.0027321385118255,2.0816068532673606
2015-02-03,4.0,0.5099847463734957,1.002201129255591,2.106044137251827
2015-02-04,4.0,0.5099847463734957,1.0028975348869178,2.106674913209511
2015-02-05,4.0,0.5065198044111989,1.0020454037500555,2.106577422065987
2015-02-06,4.0,0.49814540003973823,0.9978856708703662,2.1183611934984126
2015-02-09,4.0,0.4996435315367708,1.0035322968996025,2.1183844733510457
2015-02-10,4.0,0.49814540003973823,1.0046977870059413,2.121190213381314
2015-02-11,4.0,0.4977099587427336,1.0033119930594794,2.133112705188418
2015-02-12,4.0,0.4928157399182005,1.0045633965923293,2.1426402588553204
2015-02-13,4.0,0.49254599361422424,1.005209548422311,2.1656077713860817
2015-02-17,4.0,0.4959674783882141,1.0050707224823854,2.1656077713860817
2015-02-18,4.0,0.4904046952659112,1.0031860555659031,2.152451927080688
2015-02-19,4.0,0.4927556423324861,1.0034159084734262,2.1426318490392293
2015-02-20,4.0,0.4922756402052079,1.002150417240572,2.1684919726271046
2015-02-23,4.0,0.4904046952659112,1.0013173587216164,2.169258047778315
2015-02-24,4.0,0.49013112205006626,1.0016894158124114,2.170670362857671
2015-02-25,4.0,0.49016012372924683,0.9998889356485366,2.2049236055092134
2015-02-26,4.0,0.49016012372924683,1.0012748955159987,2.215046397653523
2015-02-27,4.0,0.4881745488445019,1.0042704814180363,2.2353071531201247
2015-03-02,4.0,0.48687605342245416,1.0042274243110472,2.249226991233269
2015-03-03,4.0,0.48867125313907583,1.0039989245437908,2.2353071531201247
2015-03-04,4.0,0.48967012067095,1.0042274243110472,2.2098945210030156
2015-03-05,4.0,0.4850467826333289,1.0064371677750101,2.2139613242764566
2015-03-06,4.0,0.48379009662245476,1.0108107920835432,2.2353071531201247
2015-03-09,4.0,0.4804329682445003,1.0119321228346734,2.2351687903431423
2015-03-10,4.0,0.48246721525814906,1.01140972442427,2.256561895113749
2015-03-11,4.0,0.47971967251140735,1.0108522673728841,2.249007843521445
2015-03-12,4.0,0.4780982274500695,1.0080545641620724,2.2491124724957325
2015-03-13,4.0,0.47796094524227045,1.004391845353283,2.2453467260513427
2015-03-16,4.0,0.4802437430176378,1.0063294961390534,2.2122694789118236
2015-03-17,4.0,0.4849446600973962,1.0069410310223303,2.2207977099596277
2015-03-18,4.0,0.47971967251140735,1.007887239209309,2.253248495516172
2015-03-19,4.0,0.47971967251140735,1.003330851880441,2.2326126727324
2015-03-20,4.0,0.47973849325097206,1.003379374854025,2.2531127343344877
2015-03-23,4.0,0.4800957811921521,1.0040854636210348,2.2531127343344877
2015-03-24,4.0,0.47971967251140735,1.009029693285668,2.255268927425857
2015-03-25,4.0,0.47598542014555456,1.0084406880377008,2.239745166395114
2015-03-26,4.0,0.47598542014555456,1.0103990193985284,2.260687421123108
2015-03-27,4.0,0.47805486774748546,1.0091967200565377,2.260687421123108
2015-03-30,4.0,0.47805486774748546,1.0075009759408022,2.2911678766055146
2015-03-31,4.0,0.4780835953365564,1.008545277451549,2.2911678766055146
2015-04-01,4.0,0.4759873093862957,1.008545277451549,2.2911678766055146
2015-04-02,4.0,0.47952968781425953,1.0091867827415477,2.2911678766055146
2015-04-06,4.0,0.48147607334934645,1.0079607749377435,2.265953071741173
2015-04-07,4.0,0.48147607334934645,1.0094837616349128,2.2911678766055146
2015-04-08,4.0,0.48506138364547285,1.0111955234482657,2.288513776803667
2015-04-09,4.0,0.48070405195281013,1.0106427216673772,2.2911678766055146
2015-04-10,4.0,0.4770897227638477,1.0088829133055377,2.292535548604208
2015-04-13,4.0,0.4796023474102449,1.0052017019443769,2.292535548604208
2015-04-14,4.0,0.4768522701927863,1.0036071924134224,2.242430705619568
2015-04-15,4.0,0.4750594971256922,1.0017036944109754,2.2617424209172845
2015-04-16,4.0,0.4725312040471102,1.001743368222577,2.289135727113873
2015-04-17,4.0,0.4722839499448159,1.0023468663861954,2.2890922020642153
2015-04-20,4.0,0.47082964985901954,1.001652424746429,2.2969662714060886
2015-04-21,4.0,0.4675946877635339,1.001652424746429,2.30917019039646
2015-04-22,4.0,0.46653973187284403,1.0017036944109754,2.316261127810711
2015-04-23,4.0,0.46757093790042,1.0008812790146986,2.30917019039646
2015-04-24,4.0,0.46757093790042,1.0017036944109754,2.325436260532474
2015-04-27,4.0,0.4692433587178515,1.0064801414045867,2.326300738708036
2015-04-28,4.0,0.47596375888962855,1.0061574637557247,2.3366134619653636
2015-04-29,4.0,0.47419606613103754,1.0075745929595439,2.3366134619653636
2015-04-30,4.0,0.4735523776756583,1.0088646185977272,2.3419220042217654
2015-05-01,4.0,0.4767470369604783,1.0089953331122952,2.3419220042217654
2015-05-04,4.0,0.4735523776756583,1.0089953331122952,2.333948888892532
2015-05-05,4.0,0.46652866627477485,1.007091916858017,2.3418391638813736
2015-05-06,4.0,0.4677222790154488,1.0138469213474322,2.3301350192546355
2015-05-07,4.0,0.4671125269144328,1.0149033391901057,2.324347146910173
2015-05-08,4.0,0.4559555263237428,1.015574803223418,2.324347146910173
2015-05-11,4.0,0.4559555263237428,1.0176849296576203,2.325598897194963
2015-05-12,4.0,0.45798871464933905,1.0150591296173639,2.3247933770086546
2015-05-13,4.0,0.460852361420009,1.0144932368908246,2.3253559724500867
2015-05-14,4.0,0.460886813319971,1.0176849296576203,2.327005821694593
2015-05-15,4.0,0.45930446043144846,1.0183046664962283,2.3200386145867222
2015-05-18,4.0,0.4638198720019477,1.0176849296576203,2.3200386145867222
2015-05-19,4.0,0.4642301684557613,1.018490929481425,2.3318869724417515
2015-05-20,4.0,0.4638198720019477,1.018490929481425,2.331941530232346
2015-05-21,4.0,0.4638198720019477,1.018167710726658,2.344832756153157
2015-05-22,4.0,0.46162566329791876,1.0176934070013974,2.344832756153157
2015-05-26,4.0,0.46082020345960506,1.0161079925893546,2.3348180807706154
2015-05-27,4.0,0.45686672639353076,1.0165127052490175,2.3608031740009396
2015-05-28,4.0,0.45525235015311233,1.0168478543740425,2.394925645855287
2015-05-29,4.0,0.4504251101356142,1.0174404495423923,2.349488990644938
2015-06-01,4.0,0.45010455528497784,1.0168478543740425,2.406034367501014
2015-06-02,4.0,0.449568172863682,1.0163997054033014,2.39993802485782
2015-06-03,4.0,0.44961172010504197,1.0172767790642574,2.39993802485782
2015-06-04,4.0,0.449568172863682,1.019132628311863,2.4030120354261255
2015-06-05,4.0,0.4472329647523802,1.019132628311863,2.3951906652919894
2015-06-08,4.0,0.443340534840228,1.0209754385928504,2.4068479510324443
2015-06-09,4.0,0.443340534840228,1.0204060445017178,2.4068479510324443
2015-06-10,4.0,0.43633264148274964,1.024293518031325,2.4199365530315746
2015-06-11,4.0,0.4376210717332914,1.0201985085466452,2.420730739766748
2015-06-12,4.0,0.43908910424279723,1.0233269861258758,2.419938416366323
2015-06-15,4.0,0.43908910424279723,1.0239609573678077,2.4197963956668866
2015-06-16,4.0,0.44271520313399504,1.0257747736552918,2.419734777630814
2015-06-17,4.0,0.4406242108518767,1.0235577328148255,2.4617236664979223
2015-06-18,4.0,0.43710467512705126,1.0241797058281512,2.4637370035522093
2015-06-19,4.0,0.43764177568025103,1.0248375476217149,2.4457509325458746
2015-06-22,4.0,0.43764177568025103,1.0247139612919245,2.450152831720491
2015-06-23,4.0,0.43908910424279723,1.0247917372161728,2.43030210218629
2015-06-24,4.0,0.4406242108518767,1.028621405408085,2.422002386709906
2015-06-25,4.0,0.4392266535356869,1.0307909221910858,2.4292601586899565
2015-06-26,4.0,0.44062582075449314,1.0302956579518086,2.4121702031355947
2015-06-29,4.0,0.44002271883931593,1.029668928880863,2.419753384613937
2015-06-30,4.0,0.4390992701285569,1.028210161894723,2.419753384613937
2015-07-01,4.0,0.438038245224877,1.028210161894723,2.439735646662412
2015-07-02,4.0,0.4371388657463183,1.028210161894723,2.4521210212814952
2015-07-06,4.0,0.4371388657463183,1.0274752890491707,2.4927104393126087
2015-07-07,4.0,0.43714093927513387,1.0250013397106443,2.5002542310021534
2015-07-08,4.0,0.43899663926915633,1.023772761277362,2.5002542310021534
2015-07-09,4.0,0.4400206641093769,1.0247909977583203,2.5003642355068556
2015-07-10,4.0,0.43904023644010876,1.0262905420055266,2.5003642355068556
2015-07-13,4.0,0.43904023644010876,1.0231753931788163,2.5259973378450526
2015-07-14,4.0,0.43887937276766764,1.0251144741848877,2.5245988010328695
2015-07-15,4.0,0.44001719068228773,1.0232312775090748,2.5245727861220204
2015-07-16,4.0,0.43959399113727016,1.0229686310421084,2.513770640229297
2015-07-17,4.0,0.44001719068228773,1.0248454317544282,2.5137001962031182
2015-07-20,4.0,0.4420679120905387,1.0229686310421084,2.513770640229297
2015-07-21,4.0,0.43887289643550725,1.0207970226051555,2.503680168562914
2015-07-22,4.0,0.43755673827742153,1.0207970226051555,2.5001759085903688
2015-07-23,4.0,0.43570875205968523,1.0214170023197129,2.503680168562914
2015-07-24,4.0,0.43570875205968523,1.024749830566912,2.510017787327938
2015-07-27,4.0,0.4375848467886632,1.0226329413935025,2.503648717804468
2015-07-28,4.0,0.43759072506411273,1.0228841424433213,2.4925550678179484
2015-07-29,4.0,0.43802306070722624,1.02211844721919,2.503576487461686
2015-07-30,4.0,0.43606408880330505,1.0228841424433213,2.5087647043017514
2015-07-31,4.0,0.4358295912420783,1.0201446223210486,2.5087647043017514
2015-08-03,4.0,0.4378361771106127,1.0206021670093837,2.5087647043017514
2015-08-04,4.0,0.43785918867123463,1.0211372806375696,2.5087647043017514
2015-08-05,4.0,0.43785918867123463,1.01937827773236,2.5059115180467826
2015-08-06,4.0,0.43785918867123463,1.019739625486252,2.5291560307958654
2015-08-07,4.0,0.4328917439379696,1.0205367678077315,2.5408508703414117
2015-08-10,4.0,0.4346015465433643,1.0236470074305677,2.5420873748286814
2015-08-11,4.0,0.432906461753612,1.0239926347334962,2.5420873748286814
2015-08-12,4.0,0.4340246780033009,1.0219557092076017,2.564541997723426
2015-08-13,4.0,0.43601953297316937,1.020426068470928,2.5287756925653864
2015-08-14,4.0,0.4348921280188072,1.020504021892482,2.5420873748286814
2015-08-17,4.0,0.43335255707192905,1.0203708288732634,2.560320063963792
2015-08-18,4.0,0.43335255707192905,1.0164975117334691,2.5603058930968117
2015-08-19,4.0,0.4340246780033009,1.0154186514685593,2.528479819608142
2015-08-20,4.0,0.4340246780033009,1.0136768698322656,2.50915051741682
2015-08-21,4.0,0.4328554897819924,1.0148730549753446,2.528479819608142
2015-08-24,4.0,0.432913093394979,1.013137273052982,2.5198086103591244
2015-08-25,4.0,0.43197439219389494,1.0128446316013697,2.517260486708001
2015-08-26,4.0,0.4310010928685345,1.0108420494499133,2.517260486708001
2015-08-27,4.0,0.4267962457808989,1.0117954194695034,2.534109316145096
2015-08-28,4.0,0.42820330280592656,1.0117954194695034,2.53875242895405
2015-08-31,4.0,0.426329302512407,1.0121582769531932,2.5393833179155063
2015-09-01,4.0,0.43071620676734,1.0124749235000612,2.5475999182044307
2015-09-02,4.0,0.43393084461140474,1.018684872828025,2.5564167403776588
2015-09-03,4.0,0.4264978797033997,1.0171568850283277,2.5397895065967293
2015-09-04,4.0,0.4264979631127069,1.0161207353214157,2.5397895065967293
2015-09-08,4.0,0.42636033625846975,1.0166629896859978,2.5633411795807772
2015-09-09,4.0,0.4253052883332379,1.0170122324872513,2.5564167403776588
2015-09-10,4.0,0.4263459506601734,1.0160958146632995,2.5712996803585906
2015-09-11,4.0,0.4273503926191315,1.0135704880011847,2.5803618812080034
2015-09-14,4.0,0.4253052883332379,1.013703938829762,2.5872771522604654
2015-09-15,4.0,0.4260247553429532,1.010551611203247,2.5873111106153006
2015-09-16,4.0,0.42514126263786045,1.010551611203247,2.6208620525631146
2015-09-17,4.0,0.4212955213699921,1.0111257319761786,2.6245001774749874
2015-09-18,4.0,0.42019271366196587,1.0136166684519108,2.6245001774749874
2015-09-21,4.0,0.4192937498481521,1.0136166684519108,2.644318573421067
2015-09-22,4.0,0.417398619128865,1.0141452311892258,2.6663924570931483
2015-09-23,4.0,0.41838125179808217,1.0152829616053682,2.6663924570931483
2015-09-24,4.0,0.41838125179808217,1.0149211722245641,2.708218676329724
2015-09-25,4.0,0.41976619148602917,1.0163223047468293,2.7340094554663006
2015-09-28,4.0,0.4231879676024417,1.017822257473943,2.796424571521708
2015-09-29,4.0,0.4251920039237099,1.0163223047468293,2.7591370340510792
2015-09-30,4.0,0.4251920039237099,1.0151519219969978,2.7523050724789284
2015-10-01,4.0,0.4233113101468143,1.0172997339691228,2.747047368171497
2015-10-02,4.0,0.4216866307406933,1.0160022953548284,2.727580129139644
2015-10-05,4.0,0.4167972348396334,1.0188004453615167,2.738458695570136
2015-10-06,4.0,0.4106105420024106,1.0206013511264787,2.747047368171497
2015-10-07,4.0,0.4106105420024106,1.0195942134952305,2.7422254823322283
2015-10-08,4.0,0.4096477976861897,1.017822257473943,2.7422254823322283
2015-10-09,4.0,0.40953387496347154,1.0221299328251936,2.752161093115421
2015-10-12,4.0,0.41113377504379195,1.021355568009103,2.7525495565084546
2015-10-13,4.0,0.41113377504379195,1.0206013511264787,2.7523055848725604
2015-10-14,4.0,0.4216686922870336,1.020893940360735,2.7661674473486824
2015-10-15,4.0,0.4220441134478906,1.0220122616586471,2.779925605140805
2015-10-16,4.0,0.42179801750714885,1.0217043379644866,2.7423565396265825
2015-10-19,4.0,0.4216480516579131,1.0233718058649688,2.7801261632878904
2015-10-20,4.0,0.4173548737364772,1.0200969677826284,2.7800729334760677
2015-10-21,4.0,0.41420548739717317,1.0205139599702941,2.771889697108816
2015-10-22,4.0,0.41420548739717317,1.0231114188052508,2.763426518171991
2015-10-23,4.0,0.4145792509784131,1.0200417034385036,2.763426518171991
2015-10-26,4.0,0.41421241411187,1.0200417034385036,2.771889697108816
2015-10-27,4.0,0.41421241411187,1.0211483850478893,2.768748849426366
2015-10-28,4.0,0.41582287279995667,1.0204430289218154,2.7592684952965705
2015-10-29,4.0,0.41326415767777425,1.0204371263160752,2.7362207900792845
2015-10-30,4.0,0.4095009688660177,1.0197984761638887,2.741422022566067
2015-11-02,4.0,0.41101458244949496,1.021014194471786,2.721719336459355
2015-11-03,4.0,0.4083515799712474,1.0216906788596012,2.721719336459355
2015-11-04,4.0,0.40579017392227734,1.022580974215341,2.7284823002142855
2015-11-05,4.0,0.4046088371488443,1.02460251169849,2.746025632128151
2015-11-06,4.0,0.40368173969057214,1.022103720314962,2.7588667663328756
2015-11-09,4.0,0.40333897320423856,1.0223956192151893,2.7284823002142855
2015-11-10,4.0,0.40333897320423856,1.0223956192151893,2.7346090666940515
2015-11-11,4.0,0.40333897320423856,1.0223956192151893,2.759425395997969
2015-11-12,4.0,0.40256779719170094,1.0223956192151893,2.776542655120706
2015-11-13,4.0,0.40256779719170094,1.0223859496715741,2.7592748287333686
2015-11-16,4.0,0.40247550131317933,1.023156544719832,2.786763858992137
2015-11-17,4.0,0.40256779719170094,1.0206519365366247,2.769992350401656
2015-11-18,4.0,0.4069529367716454,1.023126689674029,2.8245732670438644
2015-11-19,4.0,0.40511040352374217,1.0211263685387313,2.7889189905957332
2015-11-20,4.0,0.4025425731009683,1.023126689674029,2.828215464823191
2015-11-23,4.0,0.3960846464420113,1.0236284622505574,2.838490124185141
2015-11-24,4.0,0.3960846464420113,1.023126689674029,2.8384468582979774
2015-11-25,4.0,0.3960846464420113,1.0279098892648888,2.8384468582979774
2015-11-27,4.0,0.3959049879771589,1.0274147740901176,2.7871678172926826
2015-11-30,4.0,0.39438738374977866,1.0279098892648888,2.8452723009308523
2015-12-01,4.0,0.39579763226635645,1.0275648703393785,2.8124197291546875
2015-12-02,4.0,0.3959639864285481,1.026808607329314,2.7997097188419118
2015-12-03,4.0,0.39326971783276615,1.021750819260673,2.8120638614613362
2015-12-04,4.0,0.3928438386577571,1.0264776773522464,2.80834243350838
2015-12-07,4.0,0.39326971783276615,1.0275648703393785,2.838447293960406
2015-12-08,4.0,0.3959001384820226,1.0275648703393785,2.8384543090490304
2015-12-09,4.0,0.39668788725305104,1.0249707557301315,2.874805592249604
2015-12-10,4.0,0.3957746125085057,1.024427051280612,2.874805592249604
2015-12-11,4.0,0.39326971783276615,1.0219537333749535,2.8677795454271413
2015-12-14,4.0,0.3928438386577571,1.0252655136381543,2.8586991918397846
2015-12-15,4.0,0.3906199654707025,1.0238963226961013,2.8501143649126583
2015-12-16,4.0,0.3928438386577571,1.0278774426393678,2.8501143649126583
2015-12-17,4.0,0.39062709651689664,1.0288084504968236,2.848463056333765
2015-12-18,4.0,0.3928438386577571,1.031621973653857,2.8537514933022394
2015-12-21,4.0,0.3929277984546767,1.0342964000608776,2.8603274808958035
2015-12-22,4.0,0.3929277984546767,1.0324483703065375,2.8537067278756214
2015-12-23,4.0,0.3914623283737163,1.0288084504968236,2.8537067278756214
2015-12-24,4.0,0.3928438386577571,1.027593042603497,2.9090030546354115
2015-12-28,4.0,0.3928438386577571,1.0234232509609011,2.9090030546354115
2015-12-29,4.0,0.3914623283737163,1.028909365778932,2.85952020383284
2015-12-30,4.0,0.39105518526862865,1.023211692399588,2.859180500711302
2015-12-31,4.0,0.39105518526862865,1.0241850352736772,2.8547209403214993
2016-01-04,4.0,0.3916920639643884,1.0292556304079294,2.8989776828238303
2016-01-05,4.0,0.39147300562911874,1.0300751261460768,2.900466473857531
2016-01-06,4.0,0.3905677640747467,1.025727846611912,2.898772960229837
2016-01-07,4.0,0.38611772450675574,1.0276515879933457,2.900466473857531
2016-01-08,4.0,0.3858993222695837,1.0240723330480273,2.908557309316995
2016-01-11,4.0,0.3858993222695837,1.0228445098928947,2.908557309316995
2016-01-12,4.0,0.3858993222695837,1.022512330387652,2.9134610794282163
2016-01-13,4.0,0.385885656649378,1.0218420976798002,2.9130262056231344
2016-01-14,4.0,0.3852395493242056,1.0218420976798002,2.92480585710629
2016-01-15,4.0,0.38508454270585474,1.0234229563285067,2.9012040784032873
2016-01-19,4.0,0.38508454270585474,1.0218612476288986,2.900952610775525
2016-01-20,4.0,0.38508454270585474,1.0212195137237332,2.8958225819376917
2016-01-21,4.0,0.38508454270585474,1.0212195137237332,2.8958225819376917
2016-01-22,4.0,0.38508454270585474,1.0189056763519009,2.9149986196235
2016-01-25,4.0,0.3844222481998466,1.0188004635467207,2.9149986196235
2016-01-26,4.0,0.38508454270585474,1.0146853657041777,2.9008424656673353
2016-01-27,4.0,0.38337834543003835,1.0208492412498456,2.910444156269779
2016-01-28,4.0,0.3779244478825007,1.0215153912404225,2.910444156269779
2016-01-29,4.0,0.3834189457465938,1.0206830597472027,2.9007023549320117
2016-02-01,4.0,0.3826731993657617,1.021164268715633,2.910444156269779
2016-02-02,4.0,0.3826731993657617,1.017062759809321,2.910444156269779
2016-02-03,4.0,0.38160516522479343,1.021164268715633,2.9150033069601524
2016-02-04,4.0,0.38160516522479343,1.0221099765619426,2.910444156269779
2016-02-05,4.0,0.37311182803326026,1.0185014511477646,2.910444156269779
2016-02-08,4.0,0.3748282302324451,1.0185926706068837,2.9152029151099463
2016-02-09,4.0,0.37311182803326026,1.014690696399136,2.9008424656673353
2016-02-10,4.0,0.37255885030656327,1.0205743033294092,2.940902786197099
2016-02-11,4.0,0.3715355823463573,1.0188951495910614,2.9104666929181637
2016-02-12,4.0,0.3715355823463573,1.0184393240268892,2.9156650791583454
2016-02-16,4.0,0.3717670840721699,1.0231530039691967,2.958445980984556
2016-02-17,4.0,0.37132259733195383,1.0261610597751094,2.916633243596646
2016-02-18,4.0,0.37255885030656327,1.0263870050881767,2.8952417625904308
2016-02-19,4.0,0.3715137172670665,1.0270675675596181,2.8659947298839787
2016-02-22,4.0,0.3685146055190706,1.0223110230562777,2.8803931662385343
2016-02-23,4.0,0.3714969614185171,1.023032861954034,2.8803931662385343
2016-02-24,4.0,0.37799594066557335,1.027373285314539,2.882945315726186
2016-02-25,4.0,0.379619052411235,1.0269810428244133,2.8815734090431904
2016-02-26,4.0,0.3809140205128706,1.0258844467857537,2.880113974198386
2016-02-29,4.0,0.379619052411235,1.0284505049095354,2.8917520638609524
2016-03-01,4.0,0.3809140205128706,1.0295062356864202,2.900797788510488
2016-03-02,4.0,0.3809140205128706,1.0304730803558497,2.90893654534346
2016-03-03,4.0,0.3796093025852659,1.031273205748715,2.9095490440834952
2016-03-04,4.0,0.37331409975341395,1.0324141539789384,2.9095490440834952
2016-03-07,4.0,0.37125358633974365,1.0348495222275536,2.9095490440834952
2016-03-08,4.0,0.3752173373400246,1.0311581821516977,2.898740547582921
2016-03-09,4.0,0.37514489274032814,1.0305947966605058,2.898740547582921
2016-03-10,4.0,0.3697524453443965,1.0336503457653414,2.8808497977957463
2016-03-11,4.0,0.3695686342073496,1.0307588720410608,2.85692062729703
2016-03-14,4.0,0.36806381992403414,1.0330757393077723,2.8597565787164605
2016-03-15,4.0,0.37149353289843945,1.0344653041510175,2.9039276417335294
2016-03-16,4.0,0.37366528878303557,1.0313940372076784,2.9039276417335294
2016-03-17,4.0,0.3703735244004941,1.032504038358843,2.907876377773605
2016-03-18,4.0,0.36755437371924077,1.0295625176362204,2.907876377773605
2016-03-21,4.0,0.3674959398711639,1.026909143656982,2.9252065988209774
2016-03-22,4.0,0.3649932570654814,1.0265309080652676,2.9294877896570344
2016-03-23,4.0,0.3630786303971459,1.0292243565102916,2.9252065988209774
2016-03-24,4.0,0.3611300563945912,1.0298602895224551,2.95279373876429
2016-03-28,4.0,0.3611300563945912,1.0327924678413702,2.945212507307528
2016-03-29,4.0,0.3620752018120495,1.0320932748914404,2.9252065988209774
2016-03-30,4.0,0.3622614321050157,1.029830579930929,2.9157363010537716
2016-03-31,4.0,0.36226137706962436,1.0340377213044067,2.9533827019557624
2016-04-01,4.0,0.36226137706962436,1.030314455078058,2.9486189249941135
2016-04-04,4.0,0.3620752018120495,1.029226966323363,2.9354019039852837
2016-04-05,4.0,0.36211013824371663,1.028584002010159,2.957314583134484
2016-04-06,4.0,0.3618297523981469,1.0308665279003866,2.957314583134484
2016-04-07,4.0,0.3624012672814889,1.0274169443653696,2.94337722555531
2016-04-08,4.0,0.3611627098147762,1.0288023376008542,2.9354019039852837
2016-04-11,4.0,0.36115984115344646,1.0274169443653696,2.948933006358204
2016-04-12,4.0,0.3624012672814889,1.0310499208207227,2.9518371139897335
2016-04-13,4.0,0.3610996082890244,1.0284504650914867,2.9518371139897335
2016-04-14,4.0,0.36114860580681796,1.027923639789707,2.965603372139949
2016-04-15,4.0,0.36017172646239076,1.0266272564172843,2.9490306789245135
2016-04-18,4.0,0.35964961403746104,1.027391206040488,2.9487741560996894
2016-04-19,4.0,0.35964961403746104,1.0253456354459158,2.917153332423302
2016-04-20,4.0,0.3579378281171206,1.0286177940060361,2.9076552502483515
2016-04-21,4.0,0.36242382158821224,1.027437056960885,2.9503051544568724
2016-04-22,4.0,0.3631914029202216,1.0253456354459158,2.9954027151330096
2016-04-25,4.0,0.36363502440447193,1.0243702612176184,3.0163156227257106
2016-04-26,4.0,0.36563815295504243,1.0202512869533358,3.0163156227257106
2016-04-27,4.0,0.3631605275666912,1.0217623401263118,3.0163156227257106
2016-04-28,4.0,0.3631584194229275,1.0188357356239468,3.019948605923651
2016-04-29,4.0,0.3631584194229275,1.0196427872014615,3.0194263007375106
2016-05-02,4.0,0.36234760572779035,1.0196427872014615,2.948800658645405
2016-05-03,4.0,0.3630464108506921,1.0196427872014615,2.947108170075244
2016-05-04,4.0,0.36242164586127584,1.0178699821260482,2.9910421217104703
2016-05-05,4.0,0.36242164586127584,1.0174716212491408,2.9910421217104703
2016-05-06,4.0,0.36241037169692675,1.0178107216367782,3.0163156227257106
2016-05-09,4.0,0.3599787727147481,1.018400790833756,3.01946283943225
2016-05-10,4.0,0.36182365129893196,1.0174716212491408,2.999504501256402
2016-05-11,4.0,0.3577182903932875,1.0178699821260482,2.999504501256402
2016-05-12,4.0,0.3577182903932875,1.0178699821260482,3.0029368210675456
2016-05-13,4.0,0.3687086505945676,1.0196700620784325,3.007963524733772
2016-05-16,4.0,0.3699177120741574,1.0189346474589023,3.007963524733772
2016-05-17,4.0,0.3699256682919222,1.0178699821260482,3.0163156227257106
2016-05-18,4.0,0.3699177120741574,1.0143909032440064,3.0368922980279347
2016-05-19,4.0,0.36692902792375715,1.0155161161450388,3.032215440917315
2016-05-20,4.0,0.36701131000576487,1.0175724746876378,3.040025185324879
2016-05-23,4.0,0.3528630356896233,1.0178699821260482,3.040025185324879
2016-05-24,4.0,0.35285896129877076,1.0143542052109773,3.040025185324879
2016-05-25,4.0,0.35225284393770945,1.0165226065814938,3.0412196344196376
2016-05-26,4.0,0.35225284393770945,1.0188052123275617,3.0449373996685094
2016-05-27,4.0,0.35225284393770945,1.020176353892432,3.0449373996685094
2016-05-31,4.0,0.3524801264178556,1.0204131604049564,3.0449373996685094
2016-06-01,4.0,0.3524801264178556,1.0208934201876954,3.0960489797675144
2016-06-02,4.0,0.3511455739473051,1.0193422289118752,3.111262448128472
2016-06-03,4.0,0.3481480299404659,1.0208934201876954,3.111262448128472
2016-06-06,4.0,0.3481480299404659,1.0198197746250253,3.0962614979375225
2016-06-07,4.0,0.3481480299404659,1.0162272971120756,3.0959448662116764
2016-06-08,4.0,0.34802869438677425,1.0185313453631066,3.0958183147952627
2016-06-09,4.0,0.3481480299404659,1.0169021154071896,3.0958183147952627
2016-06-10,4.0,0.34813786182265544,1.01675649524323,3.0958183147952627
2016-06-13,4.0,0.34813786182265544,1.0117908329639578,3.0959448662116764
2016-06-14,4.0,0.34763071604569284,1.0113174381435046,3.0884026210799957
2016-06-15,4.0,0.34756681486982666,1.012755808162372,3.0884026210799957
2016-06-16,4.0,0.3472258988714557,1.0165417398408398,3.107609296766957
2016-06-17,4.0,0.3457273997988439,1.0196757802473755,3.107609296766957
2016-06-20,4.0,0.346761529572142,1.0192441861744792,3.089186855098137
2016-06-21,4.0,0.34455061933707287,1.0183787103908075,3.1259468524833016
2016-06-22,4.0,0.342491815613685,1.0171174055226961,3.136250116210303
2016-06-23,4.0,0.34455061933707287,1.0171174055226961,3.118308187767451
2016-06-24,4.0,0.34576149151224733,1.0171174055226961,3.118308187767451
2016-06-27,4.0,0.3457426752152809,1.0212696075947154,3.0886636402960037
2016-06-28,4.0,0.3424870573785181,1.0171174055226961,3.0889573860124484
2016-06-29,4.0,0.3424870573785181,1.0167910536919882,3.0885584788162457
2016-06-30,4.0,0.3412274983897908,1.0197029591701074,3.0889573860124484
2016-07-01,4.0,0.340891536984714,1.0233809376786827,3.096317142664086
2016-07-05,4.0,0.3412813514347844,1.0177878884069311,3.10107677686005
2016-07-06,4.0,0.34247844298351615,1.019920244910352,3.096317142664086
2016-07-07,4.0,0.34093004264833204,1.0175164612756444,3.1180107526466445
2016-07-08,4.0,0.33850199652721785,1.0142260110474786,3.1180107526466445
2016-07-11,4.0,0.33816042979060507,1.0173800294057465,3.1183303148926673
2016-07-12,4.0,0.34358750432655555,1.0168659918009257,3.1183303148926673
2016-07-13,4.0,0.3430855181726426,1.014862649671663,3.1183303148926673
2016-07-14,4.0,0.339064699159885,1.0157187141578077,3.101256178394129
2016-07-15,4.0,0.339064699159885,1.0135576234997714,3.1178514501680388
2016-07-18,4.0,0.338263239802735,1.0106569671412777,3.1183653489527
2016-07-19,4.0,0.3381677447770025,1.010613221124759,3.183507627526687
2016-07-20,4.0,0.3434151843807359,1.01233660006146,3.183507627526687
2016-07-21,4.0,0.3435971497570017,1.010924887328556,3.183507627526687
2016-07-22,4.0,0.3451894338308636,1.0113203629875112,3.155324636358242
2016-07-25,4.0,0.34351259456393346,1.01553269866365,3.1828948165181865
2016-07-26,4.0,0.3435971497570017,1.016263673963972,3.1492766060630233
2016-07-27,4.0,0.34351259456393346,1.0158159905604087,3.1492766060630233
2016-07-28,4.0,0.3428636963045874,1.0128481441751829,3.1492766060630233
2016-07-29,4.0,0.34351259456393346,1.0125774184926908,3.1828948165181865
2016-08-01,4.0,0.34351259456393346,1.0136934662660808,3.193695580628256
2016-08-02,4.0,0.34297177245672605,1.0127579396653754,3.193695580628256
2016-08-03,4.0,0.3424814288873483,1.0119889894193175,3.1860442710876944
2016-08-04,4.0,0.33820915214542985,1.0117087984919637,3.21011424597629
2016-08-05,4.0,0.33826601062471856,1.0153845713516567,3.1860442710876944
2016-08-08,4.0,0.33826601062471856,1.0158720478535863,3.1854429213271933
2016-08-09,4.0,0.3382222685353258,1.0154669539363899,3.1667205006567496
2016-08-10,4.0,0.3354264963357328,1.0160477673896189,3.178092653246213
2016-08-11,4.0,0.33424017635197467,1.0108339846919643,3.178092653246213
2016-08-12,4.0,0.33424017635197467,1.0167951744941766,3.210143660307562
2016-08-15,4.0,0.3334420871999424,1.0166116341340028,3.2179883206080406
2016-08-16,4.0,0.33204608745141306,1.0201782783142082,3.207816145323212
2016-08-17,4.0,0.33218938608012266,1.0172316367842797,3.2118210655481962
2016-08-18,4.0,0.3310525205770041,1.0201166085957312,3.20801590521141
2016-08-19,4.0,0.330010007572101,1.0208382489816197,3.2179883206080406
2016-08-22,4.0,0.3272174536288179,1.0183389727114367,3.207198800970147
2016-08-23,4.0,0.3333179376158651,1.0183389727114367,3.198186770193711
2016-08-24,4.0,0.3305496577205938,1.0164281701296851,3.2027980406698093
2016-08-25,4.0,0.3305414748591844,1.0187238029028367,3.1978446832358634
2016-08-26,4.0,0.3305414748591844,1.017606137685954,3.1978446832358634
2016-08-29,4.0,0.33763097032773404,1.0170294537644933,3.1978446832358634
2016-08-30,4.0,0.3305414748591844,1.0164028211495437,3.1853217387736388
2016-08-31,4.0,0.3333705186520222,1.0171781381355756,3.1830380092168875
2016-09-01,4.0,0.3286472904130522,1.0193955698145882,3.1883445825457164
2016-09-02,4.0,0.3333705186520222,1.0209245683717918,3.1978446832358634
2016-09-06,4.0,0.3333705186520222,1.0192727200682503,3.1883445825457164
2016-09-07,4.0,0.3334611137077498,1.0186940410015102,3.197843959711687
2016-09-08,4.0,0.3322322611570045,1.017936614142522,3.152431874234143
2016-09-09,4.0,0.3305538427884541,1.0198277297238045,3.202756831457633
2016-09-12,4.0,0.3281590077484591,1.0209381231132735,3.1686373449442926
2016-09-13,4.0,0.32679268247951376,1.0192440827545568,3.202642552795377
2016-09-14,4.0,0.32679268247951376,1.0192440827545568,3.202756831457633
2016-09-15,4.0,0.32679268247951376,1.0171617590523023,3.217985010901205
2016-09-16,4.0,0.3263137692658703,1.0174509625199768,3.2027047810598988
2016-09-19,4.0,0.3187748572234731,1.0179425238886939,3.2027047810598988
2016-09-20,4.0,0.3224295861381083,1.0164354383767267,3.2028704102877406
2016-09-21,4.0,0.3247710427031416,1.013083469578806,3.2190476782765343
2016-09-22,4.0,0.3167018140001493,1.013083469578806,3.301743685935896
2016-09-23,4.0,0.31479118708190396,1.0122895140721548,3.301743685935896
2016-09-26,4.0,0.31318883082242316,1.0184463749269383,3.2190476782765343
2016-09-27,4.0,0.3137156277070884,1.019932964459328,3.217613786153615
2016-09-28,4.0,0.3148035434796761,1.0207974779522062,3.245261643094128
2016-09-29,4.0,0.3137156277070884,1.023365039448687,3.253473361093467
2016-09-30,4.0,0.31255873220195324,1.0258986718681928,3.316222705483568
2016-10-03,4.0,0.31044761474876437,1.0247540392609547,3.3250548522097954
2016-10-04,4.0,0.31044761474876437,1.027397977550744,3.348605492558391
2016-10-05,4.0,0.31306701198637354,1.0258253880437982,3.366511116829426
2016-10-06,4.0,0.3106793189035151,1.0268116667081841,3.3618576304591716
2016-10-07,4.0,0.3106793189035151,1.027397977550744,3.3618576304591716
2016-10-10,4.0,0.3081209985667194,1.023689419655744,3.3400187039222513
2016-10-11,4.0,0.3081209985667194,1.0294577284385285,3.36211079159087
2016-10-12,4.0,0.31065534249693266,1.0269373535125519,3.339585007800982
2016-10-13,4.0,0.3106935644064209,1.0232499365965528,3.3406199658194575
2016-10-14,4.0,0.3106464059172301,1.0230057212839931,3.385664082630993
2016-10-17,4.0,0.310678588052969,1.0232499365965528,3.33634306701481
2016-10-18,4.0,0.310471200695304,1.014867063273193,3.338283704570285
2016-10-19,4.0,0.3093782680351357,1.0153898518689095,3.3697588661532785
2016-10-20,4.0,0.30835815283264745,1.0162030095440864,3.385755128407663
2016-10-21,4.0,0.30835815283264745,1.014867063273193,3.426617575300273
2016-10-24,4.0,0.30811409801046485,1.014867063273193,3.426617575300273
2016-10-25,4.0,0.30810328758505634,1.0178866306670948,3.442501291295634
2016-10-26,4.0,0.3080942030336882,1.0216600204782549,3.4126244047692627
2016-10-27,4.0,0.3108716981372399,1.0213207932251827,3.4383376579870246
2016-10-28,4.0,0.30696078678368943,1.0183871604449695,3.4266312120839566
2016-10-31,4.0,0.3075850059667699,1.0210123065534242,3.4248273294106
2016-11-01,4.0,0.3078044274447397,1.0190419481891837,3.423735854013236
2016-11-02,4.0,0.30811532676794573,1.0200994644343333,3.423735854013236
2016-11-03,4.0,0.30780722529819265,1.0228111774446438,3.405173660735529
2016-11-04,4.0,0.3058388984692822,1.0186710612384835,3.405173660735529
2016-11-07,4.0,0.30722076101870427,1.0169657163495098,3.423705079190934
2016-11-08,4.0,0.30104160774019595,1.014041468134164,3.405173660735529
2016-11-09,4.0,0.30636568789091995,1.0156145969789054,3.402661206514943
2016-11-10,4.0,0.3020931579642504,1.0156145969789054,3.403124323761634
2016-11-11,4.0,0.2999684318284535,1.0111989210190422,3.363365192252461
2016-11-14,4.0,0.2977661450386532,1.0153086945416887,3.343683287828066
2016-11-15,4.0,0.2977654113459301,1.0194694721753939,3.3442471448592648
2016-11-16,4.0,0.29808468489345197,1.0201974779328307,3.3868337199403364
2016-11-17,4.0,0.2999490817988077,1.0295156763695075,3.385656853825025
2016-11-18,4.0,0.30157467622868156,1.0299862304840273,3.3442471448592648
2016-11-21,4.0,0.2999786279802178,1.0295156763695075,3.358755279565662
2016-11-22,4.0,0.2999786279802178,1.0287858839035868,3.386696369493625
2016-11-23,4.0,0.2992755962596566,1.02561080001774,3.3866943988610108
2016-11-25,4.0,0.2978349326725771,1.02561080001774,3.4356738589096416
2016-11-28,4.0,0.2998950927398439,1.0244507561710847,3.3866943988610108
2016-11-29,4.0,0.299771621196286,1.020510697253059,3.408387447644145
2016-11-30,4.0,0.29508782847189785,1.0209580042506041,3.385994797819146
2016-12-01,4.0,0.29530333169924433,1.0203336841868538,3.452548751867672
2016-12-02,4.0,0.30359364666797845,1.0280038120803106,3.452548751867672
2016-12-05,4.0,0.30359364666797845,1.0272374174201082,3.408807266785154
2016-12-06,4.0,0.3007515856902776,1.0280038120803106,3.4088913647353576
2016-12-07,4.0,0.3007515856902776,1.0272374174201082,3.389651886070215
2016-12-08,4.0,0.3007515856902776,1.0302987481567867,3.390016564505288
2016-12-09,4.0,0.3007515856902776,1.0329437880300025,3.4084424016083337
2016-12-12,4.0,0.30044029431020636,1.0340179940514376,3.437976874981256
2016-12-13,4.0,0.29870863137963566,1.0289135880007807,3.4424853073024697
2016-12-14,4.0,0.2947653530057695,1.0292436029770435,3.442296248191483
2016-12-15,4.0,0.29436939040064236,1.0285421929388008,3.442296248191483
2016-12-16,4.0,0.29436939040064236,1.0286312333388978,3.442296248191483
2016-12-19,4.0,0.2926164311384791,1.0258344982699494,3.4486122908596504
2016-12-20,4.0,0.29436939040064236,1.0271876041339412,3.447435534902982
2016-12-21,4.0,0.29438403522562545,1.027926997420745,3.462876096454815
2016-12-22,4.0,0.2943468013900118,1.025438191175204,3.4624337925648345
2016-12-23,4.0,0.2943468013900118,1.0247356878608436,3.448388348191482
2016-12-27,4.0,0.29437651159158795,1.0252617718326826,3.448388348191482
2016-12-28,4.0,0.29381233983756816,1.0225125186413924,3.448388348191482
2016-12-29,4.0,0.29381233983756816,1.019717663477782,3.4321289688608037
2016-12-30,4.0,0.29355160377773454,1.0238789516559512,3.4478778293386885
2017-01-03,4.0,0.29381233983756816,1.0170172834969495,3.4478107016749107
2017-01-04,4.0,0.29381233983756816,1.0145089660277473,3.4478778293386885
2017-01-05,4.0,0.29381233983756816,1.0174852840230046,3.4478778293386885
2017-01-06,4.0,0.2904182357379825,1.0150180108529105,3.4321289688608037
2017-01-09,4.0,0.2894174689645132,1.0156934598795346,3.4478778293386885
2017-01-10,4.0,0.2876815456634308,1.0191065737595464,3.464247093031671
2017-01-11,4.0,0.29016691460985405,1.0174852840230046,3.492820801151223
2017-01-12,4.0,0.2904182357379825,1.0142567340812034,3.492832204907462
2017-01-13,4.0,0.28940799728436983,1.0174852840230046,3.4653280728782763
2017-01-17,4.0,0.28944974696432463,1.0189271725553102,3.4685160497595153
2017-01-18,4.0,0.2904182357379825,1.0187338183618584,3.4777544260221855
2017-01-19,4.0,0.2904182357379825,1.0152694196484429,3.4486054083421553
2017-01-20,4.0,0.2894229105706495,1.0187338183618584,3.4774367111255087
2017-01-23,4.0,0.29211858138173613,1.0151005752279567,3.4486727518427087
2017-01-24,4.0,0.29211858138173613,1.0176945600297045,3.4802063329506807
2017-01-25,4.0,0.288726143827804,1.0171703987947274,3.4486727518427087
2017-01-26,4.0,0.28871743611072875,1.0180814384267998,3.4802063329506807
2017-01-27,4.0,0.28871743611072875,1.0180814384267998,3.4802063329506807
2017-01-30,4.0,0.28858414478635225,1.0177691247045657,3.5193580745414517
2017-01-31,4.0,0.29107983000856674,1.0180814384267998,3.5193580745414517
2017-02-01,4.0,0.2897619249308666,1.0187338183618584,3.5193580745414517
2017-02-02,4.0,0.28853518612271667,1.0178493677141645,3.5193580745414517
2017-02-03,4.0,0.2859556770224849,1.0168703728856308,3.523382186722723
2017-02-06,4.0,0.286660069671001,1.0155045027301914,3.566504902195205
2017-02-07,4.0,0.28604509646098475,1.0178900484997868,3.56684996587321
2017-02-08,4.0,0.28597245245714553,1.0187776377831286,3.614356050676386
2017-02-09,4.0,0.2866582432131692,1.0198143244083733,3.5971795669118087
2017-02-10,4.0,0.28666829302522007,1.0195079529573672,3.5204405482364494
2017-02-13,4.0,0.28597245245714553,1.0238175425551599,3.5306218555472455
2017-02-14,4.0,0.2866582432131692,1.023890441107719,3.585919348092339
2017-02-15,4.0,0.28597245245714553,1.0237550744156638,3.5859863155316036
2017-02-16,4.0,0.2866582432131692,1.0251999937506948,3.5648814116948317
2017-02-17,4.0,0.2866582432131692,1.0240067147445142,3.61257988588849
2017-02-21,4.0,0.2866582432131692,1.0233989193894812,3.5701156114041095
2017-02-22,4.0,0.2859418923934215,1.0233989193894812,3.5884263626795523
2017-02-23,4.0,0.2866582432131692,1.0208811383406626,3.5701156114041095
2017-02-24,4.0,0.2866582432131692,1.0198143244083733,3.643921865113232
2017-02-27,4.0,0.28586674186320776,1.022416140452008,3.6057334875191467
2017-02-28,4.0,0.2831130523287967,1.0219362415106539,3.5701156114041095
2017-03-01,4.0,0.2831130523287967,1.0183258644650786,3.5699688787142465
2017-03-02,4.0,0.2911994507697065,1.016987763239983,3.552029324970632
2017-03-03,4.0,0.2866464929746803,1.0171151933898264,3.5398174754286225
2017-03-06,4.0,0.2866464929746803,1.013566059675774,3.5454383418090445
2017-03-07,4.0,0.28660683294428113,1.0143122865161005,3.5454383418090445
2017-03-08,4.0,0.2865529026995845,1.0131676652630173,3.5458031321068004
2017-03-09,4.0,0.2801845700208725,1.0138784677278072,3.545615672117672
2017-03-10,4.0,0.2796544821118094,1.0138784677278072,3.5589452070071363
2017-03-13,4.0,0.2796544821118094,1.0131676652630173,3.5779223339134445
2017-03-14,4.0,0.279626078924975,1.0173960611863844,3.6242602093795946
2017-03-15,4.0,0.279626078924975,1.0119211889300834,3.6242602093795946
2017-03-16,4.0,0.27943998126638986,1.0128433402265107,3.5991657879222725
2017-03-17,4.0,0.27943998126638986,1.0139070245877666,3.569706942997353
2017-03-20,4.0,0.2815146982514654,1.0123754678717862,3.623645604543752
2017-03-21,4.0,0.2815146982514654,1.0107823739180137,3.568700634955676
2017-03-22,4.0,0.2818885165897635,1.0075639565655656,3.5600936821208253
2017-03-23,4.0,0.28155037673282196,1.0151574346228087,3.5587827430139636
2017-03-24,4.0,0.28187588194878854,1.0128433402265107,3.584327445129732
2017-03-27,4.0,0.2809440998737527,1.0176655833963308,3.584327445129732
2017-03-28,4.0,0.2795653801196727,1.0186622268301297,3.584327445129732
2017-03-29,4.0,0.2795240672466763,1.0225640594757182,3.5842823879645604
2017-03-30,4.0,0.2795240672466763,1.0193089567295526,3.5844938547669676
2017-03-31,4.0,0.27954719509733056,1.0225640594757182,3.6303053475308285
2017-04-03,4.0,0.2730006388682803,1.0225640594757182,3.6303053475308285
2017-04-04,4.0,0.2730006388682803,1.0154682413342577,3.5844939460884566
2017-04-05,4.0,0.2726891545006509,1.0150746863703868,3.5844939460884566
2017-04-06,4.0,0.2730006388682803,1.0071216449423872,3.6333563644269247
2017-04-07,4.0,0.2724702895536582,1.0166770398292935,3.5845657965148874
2017-04-10,4.0,0.27184151697113695,1.018297978242389,3.6333563644269247
2017-04-11,4.0,0.27184151697113695,1.0183577320665678,3.6333563644269247
2017-04-12,4.0,0.2726730321267401,1.0214978357187874,3.6437032206470543
2017-04-13,4.0,0.27184151697113695,1.025507238004006,3.6333563644269247
2017-04-17,4.0,0.27184151697113695,1.0227795264445967,3.6333563644269247
2017-04-18,4.0,0.27184151697113695,1.0226501746217012,3.6318442998077844
2017-04-19,4.0,0.27184151697113695,1.023884119999435,3.6320931500730587
2017-04-20,4.0,0.2727994498601623,1.0251283297820182,3.668839616412827
2017-04-21,4.0,0.27184151697113695,1.0255716669796757,3.6688680534032323
2017-04-24,4.0,0.27585529967553546,1.0237589675523537,3.6688680534032323
2017-04-25,4.0,0.27585529967553546,1.0270084197248999,3.675377316932925
2017-04-26,4.0,0.27585529967553546,1.0252739306535972,3.711854415967007
2017-04-27,4.0,0.27585529967553546,1.0242705714859732,3.719121334497537
2017-04-28,4.0,0.2757694152366483,1.0144857493426018,3.711854415967007
2017-05-01,4.0,0.2757694152366483,1.0144857493426018,3.711854415967007
2017-05-02,4.0,0.27237119571191826,1.0177071028440745,3.753067155367757
2017-05-03,4.0,0.2757759914014733,1.0194383868833432,3.8203119990230148
2017-05-04,4.0,0.2726409461702982,1.0174900047919557,3.8203119990230148
2017-05-05,4.0,0.2729802102702063,1.0163659906708458,3.806080375781382
2017-05-08,4.0,0.2735231622654831,1.0163659906708458,3.8059583111008486
2017-05-09,4.0,0.2729802102702063,1.0157341880134538,3.815411643356777
2017-05-10,4.0,0.2729802102702063,1.0131886960450296,3.815411643356777
2017-05-11,4.0,0.2729802102702063,1.013181301628539,3.8350190356508023
2017-05-12,4.0,0.2726421347317848,1.010666868591294,3.869514255385752
2017-05-15,4.0,0.27350924420227074,1.0131886960450296,3.817762000598764
2017-05-16,4.0,0.2725044792532761,1.0078001748660799,3.817762000598764
2017-05-17,4.0,0.27348624172052644,1.0068801172239024,3.8164195983083458
2017-05-18,4.0,0.27348624172052644,1.0080961732576763,3.792970538208177
2017-05-19,4.0,0.27350703018458533,1.0101857147570226,3.8151999065749296
2017-05-22,4.0,0.2710054339297999,1.0081720703947934,3.7927941070738824
2017-05-23,4.0,0.2714997952874011,1.0099703427100297,3.8606917329530006
2017-05-24,4.0,0.2710054339297999,1.0094072303596144,3.808879132654037
2017-05-25,4.0,0.26756021645557293,1.00919786167437,3.808879132654037
2017-05-26,4.0,0.26708547861791143,1.0092294958316201,3.8615974658640946
2017-05-30,4.0,0.26619396815894114,1.0108781781068477,3.8614056103732373
2017-05-31,4.0,0.2669939553801453,1.0150827820748183,3.852521278523809
2017-06-01,4.0,0.2669939553801453,1.0161543855166093,3.8347689782042154
2017-06-02,4.0,0.2738711371409656,1.0148028436429413,3.858375189836175
2017-06-05,4.0,0.2689985444879107,1.0164211192996253,3.773745007908603
2017-06-06,4.0,0.26897485385205994,1.017629645980377,3.773745007908603
2017-06-07,4.0,0.2699471088644145,1.0202944084977918,3.773745007908603
2017-06-08,4.0,0.2692025451952043,1.0189614335209352,3.773743282764076
2017-06-09,4.0,0.270813822887945,1.0128405905621376,3.800222440128613
2017-06-12,4.0,0.26776673778479154,1.0124506145299894,3.750093772352676
2017-06-13,4.0,0.2691014008828185,1.0128405905621376,3.740426484166131
2017-06-14,4.0,0.2691014008828185,1.0156962474318356,3.750093772352676
2017-06-15,4.0,0.26746231385166164,1.0141254094688124,3.7620691464492664
2017-06-16,4.0,0.26990248754791335,1.0156601036614983,3.7356558747523807
2017-06-19,4.0,0.26990248754791335,1.0156601036614983,3.7356558747523807
2017-06-20,4.0,0.26990248754791335,1.0155897842936712,3.759747794067458
2017-06-21,4.0,0.26990248754791335,1.0156601036614983,3.7603847866864726
2017-06-22,4.0,0.26749758801461754,1.0154964351806375,3.76125762800829
2017-06-23,4.0,0.26749758801461754,1.0160044813339835,3.76125762800829
2017-06-26,4.0,0.2685931046867099,1.017013938751985,3.801811691476719
2017-06-27,4.0,0.2685931046867099,1.0175981632863595,3.8227481553832363
2017-06-28,4.0,0.26749758801461754,1.0265104832117555,3.76125762800829
2017-06-29,4.0,0.26990248754791335,1.0265104832117555,3.757826184321272
2017-06-30,4.0,0.26990248754791335,1.0265104832117555,3.757826184321272
2017-07-03,4.0,0.2699102899080523,1.0306833561438475,3.7599241996066093
2017-07-05,4.0,0.2678249126343667,1.0322747378102997,3.757826184321272
2017-07-06,4.0,0.2678249126343667,1.034379397779428,3.7617984870900716
2017-07-07,4.0,0.2678249126343667,1.0272785508880837,3.7617984870900716
2017-07-10,4.0,0.2688045464634481,1.0262805836068352,3.843527850194202
2017-07-11,4.0,0.2700689473079298,1.0267693932401127,3.8455692870412403
2017-07-12,4.0,0.2674726157936858,1.0267693932401127,3.934335728572662
2017-07-13,4.0,0.2655939451021433,1.0241761635609503,4.021991341962595
2017-07-14,4.0,0.2674726157936858,1.0224425319067936,3.9972238219734795
2017-07-17,4.0,0.2709557239402837,1.0263344093287907,3.909224329222736
2017-07-18,4.0,0.27380857249939244,1.026226642550073,3.8642249675054643
2017-07-19,4.0,0.2770379406727673,1.0263344093287907,3.8642249675054643
2017-07-20,4.0,0.27552067145335796,1.0271574968999588,3.8642249675054643
2017-07-21,4.0,0.276905091551951,1.0285863531543482,3.8642249675054643
2017-07-24,4.0,0.2746280533522722,1.0267835829315521,3.8642249675054643
2017-07-25,4.0,0.27142776924347123,1.0203103197747079,3.8642249675054643
2017-07-26,4.0,0.271233704673742,1.0224425319067936,3.8744705023426307
2017-07-27,4.0,0.2699435635833152,1.0234608479490732,3.863541519254854
2017-07-28,4.0,0.26997453127852394,1.026008336949717,3.901633332646074
2017-07-31,4.0,0.2678687944937449,1.0251325749521598,3.901633332646074
2017-08-01,4.0,0.2678687944937449,1.0215665930319386,3.9172877393087084
2017-08-02,4.0,0.26890173849577503,1.0187268755801422,3.9601734140914
2017-08-03,4.0,0.26728073772990774,1.0164798529222847,3.9599286613707325
2017-08-04,4.0,0.26728073772990774,1.019089229777101,3.924330833775975
2017-08-07,4.0,0.26555650422534005,1.0178219017532046,3.9147969065788204
2017-08-08,4.0,0.26555865194274947,1.0172851640989635,3.9147969065788204
2017-08-09,4.0,0.26555650422534005,1.020980255369243,3.9147969065788204
2017-08-10,4.0,0.26555650422534005,1.0209245004747305,3.923737082541068
2017-08-11,4.0,0.2678687944937449,1.0198194432895482,3.9018743260558377
2017-08-14,4.0,0.2678687944937449,1.0198194432895482,3.9018743260558377
2017-08-15,4.0,0.2678687944937449,1.0254889246762988,3.9018743260558377
2017-08-16,4.0,0.2678687944937449,1.0294670652497668,3.8880285363844256
2017-08-17,4.0,0.27081755329671936,1.0221820523274505,3.8905953191157416
2017-08-18,4.0,0.2739763679033373,1.0196630134078342,3.9312255655566
2017-08-21,4.0,0.2696200218618477,1.0209245004747305,3.9312255655566
2017-08-22,4.0,0.2700315854602329,1.0196220650101409,3.9018743260558377
2017-08-23,4.0,0.2722662155164057,1.0172747239304534,3.9312255655566
2017-08-24,4.0,0.2722662155164057,1.0162521798070245,3.9314548338099597
2017-08-25,4.0,0.27236228966126586,1.0150315240925347,3.9314548338099597
2017-08-28,4.0,0.2678415856940644,1.0143849882218436,3.9090311226177206
2017-08-29,4.0,0.2722662155164057,1.018029430615107,3.9385513878365046
2017-08-30,4.0,0.2769981296654961,1.0180641767183451,3.9293236300651024
2017-08-31,4.0,0.27405676331875606,1.0169975300040435,3.931280624610667
2017-09-01,4.0,0.2722662155164057,1.020454135310497,3.931280624610667
2017-09-05,4.0,0.2722662155164057,1.0198548367778293,3.9314076983766726
2017-09-06,4.0,0.26784241746787646,1.016001213501086,3.9314076983766726
2017-09-07,4.0,0.2722258810894154,1.0194912112666423,3.943688996146324
2017-09-08,4.0,0.27223168586246044,1.016001213501086,3.953414652102385
2017-09-11,4.0,0.27234984749021646,1.0185829531016108,3.953414652102385
2017-09-12,4.0,0.2750830294776298,1.0187196625303025,3.9324364133161325
2017-09-13,4.0,0.27112581839982147,1.0145854948121467,3.97839167403456
2017-09-14,4.0,0.27112581839982147,1.0179027319726368,3.932277001705325
2017-09-15,4.0,0.2699163439194838,1.0155131458874012,3.932277001705325
2017-09-18,4.0,0.27115465445472414,1.0186476803214304,3.9785655356709126
2017-09-19,4.0,0.27115465445472414,1.0186754721064926,3.9710856113870148
2017-09-20,4.0,0.27115465445472414,1.0229418045343055,3.908735254584758
2017-09-21,4.0,0.27115465445472414,1.0232631059132928,3.923124645623629
2017-09-22,4.0,0.26816944148200245,1.0186476803214304,3.979505300076577
2017-09-25,4.0,0.26816944148200245,1.0207961788528832,3.9379472237062143
2017-09-26,4.0,0.26816944148200245,1.0208052448442064,3.926536944156611
2017-09-27,4.0,0.2682559500216942,1.0207961788528832,3.9261768845906913
2017-09-28,4.0,0.2690595530274405,1.0207961788528832,3.9801418873043946
2017-09-29,4.0,0.2689343756877058,1.0176710333490493,3.981678513399844
2017-10-02,4.0,0.26826089362054545,1.0236647624522472,3.981678513399844
2017-10-03,4.0,0.266985016094201,1.0244067751455466,3.984565629038479
2017-10-04,4.0,0.26699248291538163,1.0215189877750677,3.9876391656533836
2017-10-05,4.0,0.26700155141453547,1.0214481558540771,3.994765705397801
2017-10-06,4.0,0.26700155141453547,1.020093941348771,3.994765705397801
2017-10-09,4.0,0.26665944175697054,1.0165970072573907,3.994765705397801
2017-10-10,4.0,0.27302285051355835,1.0165970072573907,4.169850385503116
2017-10-11,4.0,0.27302285051355835,1.0165970072573907,4.079897653015941
2017-10-12,4.0,0.2730081533534571,1.0148371967869663,4.080853985660637
2017-10-13,4.0,0.27140754721562843,1.0179720403303656,4.0697741308501705
2017-10-16,4.0,0.2706824703510083,1.0116430887007812,4.064829945154021
2017-10-17,4.0,0.2690622941787196,1.010300267077258,4.064829945154021
2017-10-18,4.0,0.2688875620708576,1.0122887990763103,4.139896134402549
2017-10-19,4.0,0.2666741346527992,1.0136456842850852,4.0694844718999255
2017-10-20,4.0,0.2666741346527992,1.0137927250642003,4.064829945154021
2017-10-23,4.0,0.2666741346527992,1.0167899776169689,4.068397794856302
2017-10-24,4.0,0.2666741346527992,1.0153749872096518,4.064829945154021
2017-10-25,4.0,0.2666741346527992,1.0153749872096518,4.068218941422497
2017-10-26,4.0,0.2668971344379995,1.0189520135068666,4.06908273839839
2017-10-27,4.0,0.2668971344379995,1.0173912746960831,4.076242552799116
2017-10-30,4.0,0.2668971344379995,1.0117106510709213,4.06908273839839
2017-10-31,4.0,0.26630762006804154,1.0103381895584198,4.076242552799116
2017-11-01,4.0,0.2663180603939519,1.0073428540387972,4.114823051890471
2017-11-02,4.0,0.26621325116605654,1.0117706537258033,4.094163079665625
2017-11-03,4.0,0.26610091111780276,1.0122868992431893,4.1147503137467085
2017-11-06,4.0,0.2666741346527992,1.0072819557340487,4.110815299754487
2017-11-07,4.0,0.2674158847029684,1.0072819557340487,4.069675568905611
2017-11-08,4.0,0.26935628632200576,1.004503248581405,4.122618280121108
2017-11-09,4.0,0.2700620811133574,1.0049019656519271,4.122618280121108
2017-11-10,4.0,0.2657509439964326,1.0033820022001747,4.122618280121108
2017-11-13,4.0,0.26750843925461076,1.0031047857463444,4.137324522545456
2017-11-14,4.0,0.26749383302128477,1.0041547100114736,4.122444012403158
2017-11-15,4.0,0.26749383302128477,1.0014706956933812,4.111557819566331
2017-11-16,4.0,0.2671079469393911,1.0072055676719702,4.111557819566331
2017-11-17,4.0,0.2655351026666315,1.0064004610799842,4.111557819566331
2017-11-20,4.0,0.267447304570633,1.0156932249485013,4.111557819566331
2017-11-21,4.0,0.2649384805653942,1.0208150242276424,4.117194426303123
2017-11-22,4.0,0.2628848461359913,1.0208150242276424,4.071068722889582
2017-11-24,4.0,0.2628848461359913,1.017619722122579,4.107905389645863
2017-11-27,4.0,0.2628848461359913,1.0144169379376515,4.115216390777747
2017-11-28,4.0,0.260057858580336,1.0084433550027743,4.1355203603965185
2017-11-29,4.0,0.260057858580336,1.0084433550027743,4.1355203603965185
2017-11-30,4.0,0.2608212734084986,1.0084433550027743,4.115216390777747
2017-12-01,4.0,0.26289741785514437,1.0065682087250423,4.103835764672511
2017-12-04,4.0,0.26496778649612973,1.0065821111370696,4.098744609330814
2017-12-05,4.0,0.26394758637740334,1.0049470160109983,4.098744609330814
2017-12-06,4.0,0.26496778649612973,1.009580184659641,4.10460948567832
2017-12-07,4.0,0.26174640902198465,1.007237556381639,4.10460948567832
2017-12-08,4.0,0.2613694373267295,1.0130459209255784,4.106289033424223
2017-12-11,4.0,0.26139908899451836,1.015461316759931,4.107514654227976
2017-12-12,4.0,0.26129938097712735,1.015461316759931,4.107514654227976
2017-12-13,4.0,0.2543935907298813,1.0180907756537678,4.107104602589861
2017-12-14,4.0,0.2543512854875026,1.020635288126119,4.107104602589861
2017-12-15,4.0,0.2543935907298813,1.020635288126119,4.139873184738489
2017-12-18,4.0,0.2543935907298813,1.0189570108521488,4.126900262047656
2017-12-19,4.0,0.2561834554417518,1.0153955673851858,4.104661847982717
2017-12-20,4.0,0.25485364701243773,1.0144595959529776,4.139873184738489
2017-12-21,4.0,0.2564192173763653,1.0144595959529776,4.139873184738489
2017-12-22,4.0,0.2589059277396958,1.0144595959529776,4.104661847982717
2017-12-26,4.0,0.2528471341421332,1.01403987437241,4.10458402938869
2017-12-27,4.0,0.25519544466190547,1.0088160688272976,4.123184580185957
2017-12-28,4.0,0.25525119910790567,1.006904172571236,4.136286926521
2017-12-29,4.0,0.25526020341285943,1.0080777862958414,4.1743883097707855
2018-01-02,4.0,0.25526020341285943,1.00909183657376,4.193959291782446
2018-01-03,4.0,0.26001192370115545,1.0133151547183534,4.186787027949388
2018-01-04,4.0,0.26001192370115545,1.01533022400625,4.187356030065333
2018-01-05,4.0,0.26001192370115545,1.0213866517338082,4.187356030065333
2018-01-08,4.0,0.2582509510976568,1.0179425478716158,4.216290766553053
2018-01-09,4.0,0.25826010265404886,1.0179425478716158,4.218341025672776
2018-01-10,4.0,0.25826010265404886,1.0159099615210176,4.213394646181198
2018-01-11,4.0,0.2578813603466095,1.020917896900343,4.218341025672776
2018-01-12,4.0,0.2552200925991573,1.0139493120175072,4.218341025672776
2018-01-16,4.0,0.254812836652868,1.020917896900343,4.167471623698686
2018-01-17,4.0,0.254812836652868,1.020366553587956,4.160329897337044
2018-01-18,4.0,0.254812836652868,1.0136880315897714,4.16080898549992
2018-01-19,4.0,0.2524208922492729,1.0143416224042245,4.231701538343809
2018-01-22,4.0,0.25185888569804915,1.019541001809913,4.260765554652199
2018-01-23,4.0,0.2430921000770672,1.0161939368003412,4.3360450646507225
2018-01-24,4.0,0.2430921000770672,1.0161939368003412,4.3360450646507225
2018-01-25,4.0,0.24271719546936077,1.0161939368003412,4.3429002384128825
2018-01-26,4.0,0.2419904822016737,1.01909376963454,4.336183181903223
2018-01-29,4.0,0.2419904822016737,1.0167556119782595,4.336183181903223
2018-01-30,4.0,0.2422284071304401,1.0167556119782595,4.336183181903223
2018-01-31,4.0,0.243662082237003,1.0168919590182208,4.264673513913193
2018-02-01,4.0,0.2440890658921737,1.0164460633060128,4.264673513913193
2018-02-02,4.0,0.24390174489995092,1.0157353826235003,4.202406333010284
2018-02-05,4.0,0.2431869981949682,1.0202225665448608,4.178625922476995
2018-02-06,4.0,0.2431869981949682,1.0209708854461839,4.178625922476995
2018-02-07,4.0,0.2431869981949682,1.0186291756571455,4.159726306488227
2018-02-08,4.0,0.24270962459775117,1.0141915827596946,4.189704287323231
2018-02-09,4.0,0.2416824913091696,1.0186291756571455,4.201252284488777
2018-02-12,4.0,0.2416824913091696,1.0187242988471756,4.189704287323231
2018-02-13,4.0,0.24079828127316155,1.0177469458149213,4.160002778282444
2018-02-14,4.0,0.24234130696433118,1.0208891603274286,4.189704287323231
2018-02-15,4.0,0.23974300906590115,1.0222641615805885,4.159164014258425
2018-02-16,4.0,0.2381683386394721,1.023959897218906,4.133658037597408
2018-02-20,4.0,0.23818523162256602,1.026640294575713,4.16887061731509
2018-02-21,4.0,0.23883693190614258,1.0302140298523617,4.201702467200457
2018-02-22,4.0,0.23863305342724075,1.029405566599595,4.201998679376408
2018-02-23,4.0,0.23883693190614258,1.0295286017337935,4.16887061731509
2018-02-26,4.0,0.23883693190614258,1.0289123515269698,4.202795715103459
2018-02-27,4.0,0.23975892876298766,1.0295286017337935,4.202795715103459
2018-02-28,4.0,0.2381335000354492,1.0295286017337935,4.16173288239494
2018-03-01,4.0,0.23882595849278804,1.0301587886157808,4.202082657806439
2018-03-02,4.0,0.23882595849278804,1.0251788720330177,4.202082657806439
2018-03-05,4.0,0.23882595849278804,1.0236689008718778,4.16375079457754
2018-03-06,4.0,0.23810432267882053,1.0239412599379052,4.174525332006668
2018-03-07,4.0,0.23810432267882053,1.0229442476386317,4.188961098198752
2018-03-08,4.0,0.23810432267882053,1.025092195860596,4.188961098198752
2018-03-09,4.0,0.23810432267882053,1.0257573826492852,4.195453160577103
2018-03-12,4.0,0.23810432267882053,1.0253606076340642,4.188961098198752
2018-03-13,4.0,0.23810432267882053,1.0253606076340642,4.221632238733212
2018-03-14,4.0,0.23810432267882053,1.03197263916398,4.221632238733212
2018-03-15,4.0,0.2381085665768548,1.032248613445328,4.405212221889953
2018-03-16,4.0,0.2381085665768548,1.027127262482848,4.4223712219992555
2018-03-19,4.0,0.2381085665768548,1.024917636384207,4.415319941327387
2018-03-20,4.0,0.23811148055423906,1.0245364054154242,4.474784327649387
2018-03-21,4.0,0.2380867289137748,1.027127262482848,4.474784327649387
2018-03-22,4.0,0.23829084780770057,1.0247348763181345,4.377939224746647
2018-03-23,4.0,0.23829084780770057,1.0242154172326938,4.377939224746647
2018-03-26,4.0,0.23829084780770057,1.027127262482848,4.480150184005198
2018-03-27,4.0,0.2359879863797428,1.024687512952819,4.424010486548111
2018-03-28,4.0,0.2359879863797428,1.0213607733437322,4.424010486548111
2018-03-29,4.0,0.23594367211420691,1.0234011649994925,4.417275956037194
2018-04-02,4.0,0.23602802004233592,1.027127262482848,4.480150184005198
2018-04-03,4.0,0.2359389451022111,1.0234011649994925,4.480150184005198
2018-04-04,4.0,0.2359389451022111,1.0257435735591054,4.489817141064597
2018-04-05,4.0,0.2359389451022111,1.0236313056255781,4.438718039312744
2018-04-06,4.0,0.23867402940549984,1.0236313056255781,4.43416334446326
2018-04-09,4.0,0.23883939958340156,1.0283065426605282,4.432702151675677
2018-04-10,4.0,0.23873405736666903,1.0297154638906192,4.439360481975219
2018-04-11,4.0,0.23883939958340156,1.0294776039736924,4.516953602093906
2018-04-12,4.0,0.23883939958340156,1.0277060141037218,4.516953602093906
2018-04-13,4.0,0.23832845756049,1.0265879519282743,4.515098945356012
2018-04-16,4.0,0.23712238246573605,1.0275058527671073,4.515098945356012
2018-04-17,4.0,0.23832845756049,1.0271956216263476,4.515098945356012
2018-04-18,4.0,0.23866684356761683,1.0283065426605282,4.516953602093906
2018-04-19,4.0,0.23870852008832166,1.0271956216263476,4.496141321007671
2018-04-20,4.0,0.2387414874301278,1.0294814556850156,4.434156904594991
2018-04-23,4.0,0.2373445897724949,1.030382025483966,4.4282730838461815
2018-04-24,4.0,0.24169196870129925,1.0314133484375376,4.494037367338901
2018-04-25,4.0,0.23870852008832166,1.0339653162398752,4.494510136297645
2018-04-26,4.0,0.23870852008832166,1.0376687368445376,4.463987163691481
2018-04-27,4.0,0.2387420553198213,1.0341716513101555,4.427004953495857
2018-04-30,4.0,0.2387420553198213,1.032703666073307,4.390809968905917
2018-05-01,4.0,0.23870852008832166,1.0334388275700428,4.351433789419943
2018-05-02,4.0,0.23736690756806247,1.0322520010479699,4.385648892631674
2018-05-03,4.0,0.23736690756806247,1.0341716513101555,4.390726814806508
2018-05-04,4.0,0.23635008658595125,1.0358293179161868,4.390726814806508
2018-05-07,4.0,0.2362638435566873,1.033253202674171,4.373236593261674
2018-05-08,4.0,0.2362638435566873,1.0260319752028015,4.397963874936244
2018-05-09,4.0,0.23566745586213497,1.0305209239271682,4.359692409738688
2018-05-10,4.0,0.23281341031617225,1.028836911815691,4.353055502963995
2018-05-11,4.0,0.23281341031617225,1.0216522162896433,4.353055502963995
2018-05-14,4.0,0.23405066425272325,1.0254874594116767,4.371893929388708
2018-05-15,4.0,0.2298501372596199,1.0196216757099044,4.397623487017375
2018-05-16,4.0,0.2298501372596199,1.0190084955903416,4.401837564091834
2018-05-17,4.0,0.2311874916009656,1.0195730344129323,4.401837564091834
2018-05-18,4.0,0.2298501372596199,1.0170728038718342,4.462117556584295
2018-05-21,4.0,0.2311874916009656,1.0170728038718342,4.462117556584295
2018-05-22,4.0,0.2311874916009656,1.020417301559927,4.462117556584295
2018-05-23,4.0,0.2298501372596199,1.018334619098952,4.462117556584295
2018-05-24,4.0,0.2298501372596199,1.018334619098952,4.463204990179923
2018-05-25,4.0,0.22970816040044553,1.0209670789476917,4.462117556584295
2018-05-29,4.0,0.22970816040044553,1.0195090429487488,4.462117556584295
2018-05-30,4.0,0.23314288552368456,1.0195090429487488,4.462117556584295
2018-05-31,4.0,0.2306966488126651,1.0217213820011928,4.479402260176527
2018-06-01,4.0,0.22728444721268984,1.0146673998677613,4.479402260176527
2018-06-04,4.0,0.22976619213436586,1.0156664373754802,4.478366320186566
2018-06-05,4.0,0.22748621791062484,1.015160425535703,4.482478317991757
2018-06-06,4.0,0.22744039475707564,1.011521509417863,4.478366320186566
2018-06-07,4.0,0.22728444721268984,1.014371013871308,4.533869453955411
2018-06-08,4.0,0.22675419202945327,1.0076187188786578,4.544984027397462
2018-06-11,4.0,0.2243345451959475,1.007000915441807,4.544984027397462
2018-06-12,4.0,0.2243345451959475,1.0061005708000348,4.549690982111555
2018-06-13,4.0,0.22427832023200037,1.0065128842626723,4.544984027397462
2018-06-14,4.0,0.22427832023200037,1.006711162740984,4.545294725397855
2018-06-15,4.0,0.22432553468390481,1.0071122419197127,4.545294725397855
2018-06-18,4.0,0.22428819700485988,1.0098279229855853,4.545294725397855
2018-06-19,4.0,0.22316916326649863,1.0159449645293934,4.546729694089314
2018-06-20,4.0,0.22104729661643444,1.0214569660794157,4.54589738787053
2018-06-21,4.0,0.22104729661643444,1.0149355747283093,4.625978007990539
2018-06-22,4.0,0.22104729661643444,1.0222033750460695,4.625978007990539
2018-06-25,4.0,0.22057631560801705,1.0205078118044435,4.656038048405422
2018-06-26,4.0,0.22074036127099425,1.0231094110469536,4.654864462145933
2018-06-27,4.0,0.2208162851145779,1.0207373919131648,4.690691785113248
2018-06-28,4.0,0.22063543085532575,1.0225390546944584,4.690691785113248
2018-06-29,4.0,0.22063543085532575,1.0189602095262327,4.690691785113248
2018-07-02,4.0,0.2185137969140869,1.0087448003984294,4.690713113441295
2018-07-03,4.0,0.22058670162957322,1.0165812447584857,4.692990326148536
2018-07-05,4.0,0.22007696667594706,1.0111531082270522,4.690713113441295
2018-07-06,4.0,0.22007696667594706,1.0111531082270522,4.686000382910927
2018-07-09,4.0,0.22007696667594706,1.0091622965028197,4.6728170538897515
2018-07-10,4.0,0.2176068453702858,1.0091622965028197,4.692990326148536
2018-07-11,4.0,0.2178581902584389,1.0168850075500098,4.6953146977171425
2018-07-12,4.0,0.2176068453702858,1.0107829602316245,4.695261260233328
2018-07-13,4.0,0.2176068453702858,1.014727076431666,4.695261260233328
2018-07-16,4.0,0.21676698686473916,1.014194266872611,4.686057410395693
2018-07-17,4.0,0.21325265106479366,1.0100102265290456,4.705733401928715
2018-07-18,4.0,0.21136573392174507,1.0110748448992974,4.760109287834295
2018-07-19,4.0,0.21402056894645557,1.01742154162658,4.787709676602143
2018-07-20,4.0,0.21404073266931425,1.0195348419504275,4.760109287834295
2018-07-23,4.0,0.21402056894645557,1.0223835436868463,4.7981337304325296
2018-07-24,4.0,0.21402056894645557,1.0213688716054903,4.875643901087116
2018-07-25,4.0,0.21404073266931425,1.0229114637834678,4.875643901087116
2018-07-26,4.0,0.21189722333823763,1.0208366843034313,4.906716558074408
2018-07-27,4.0,0.21404073266931425,1.022442375810156,4.906716558074408
2018-07-30,4.0,0.21469591434415172,1.023412243694471,4.906716558074408
2018-07-31,4.0,0.21393496740654042,1.0232676365488689,4.906716558074408
2018-08-01,4.0,0.2149913391317229,1.0233666576293223,4.771820792241457
2018-08-02,4.0,0.2149913391317229,1.0143932258796928,4.771820792241457
2018-08-03,4.0,0.2139327234670964,1.015247434723761,4.771820792241457
2018-08-06,4.0,0.2139327234670964,1.017160850100253,4.7702731118938235
2018-08-07,4.0,0.21706783929260695,1.0178269777034186,4.7702731118938235
2018-08-08,4.0,0.21706783929260695,1.017509145433825,4.7702731118938235
2018-08-09,4.0,0.21498147833454423,1.0171441538151371,4.770960769388412
2018-08-10,4.0,0.21498147833454423,1.0187268377075651,4.837256952511919
2018-08-13,4.0,0.21582888604609052,1.0157988784353162,4.837256952511919
2018-08-14,4.0,0.21708909895192713,1.0134612484600214,4.861405988106234
2018-08-15,4.0,0.21841633742129846,1.0147031373878137,4.861405988106234
2018-08-16,4.0,0.21841633742129846,1.0130681375916983,4.861405988106234
2018-08-17,4.0,0.21708909895192713,1.0130511019721813,4.8582722560651375
2018-08-20,4.0,0.22010646294597816,1.011611277257261,4.837169087533917
2018-08-21,4.0,0.2170992702560012,1.0130511019721813,4.837169087533917
2018-08-22,4.0,0.2171019164998879,1.0141526874918432,4.837169087533917
2018-08-23,4.0,0.2171019164998879,1.0145473380559298,4.837014292191049
2018-08-24,4.0,0.21637842549262865,1.0197295377340465,4.830607478142238
2018-08-27,4.0,0.21636175875212094,1.0170307994212249,4.837014292191049
2018-08-28,4.0,0.21623537223806424,1.023547903106027,4.837014292191049
2018-08-29,4.0,0.21671799470184816,1.0217431316098444,4.8367719922014265
2018-08-30,4.0,0.2162532160912269,1.0197044042268286,4.768894699466228
2018-08-31,4.0,0.2162532160912269,1.0235310202323205,4.756841223961037
2018-09-04,4.0,0.2161313583090347,1.0197044042268286,4.756841223961037
2018-09-05,4.0,0.21618410619100356,1.0197044042268286,4.732605637947468
2018-09-06,4.0,0.21621023185629262,1.0208686860364211,4.694906653168573
2018-09-07,4.0,0.21621023185629262,1.0208686860364211,4.6864402488784265
2018-09-10,4.0,0.21621023185629262,1.0273748010624888,4.6864402488784265
2018-09-11,4.0,0.21621023185629262,1.0241453903630564,4.6864402488784265
2018-09-12,4.0,0.21636175875212094,1.025564966085601,4.682082913426749
2018-09-13,4.0,0.21671799470184816,1.0238695787776608,4.682082913426749
2018-09-14,4.0,0.21671799470184816,1.0209224799226946,4.682082913426749
2018-09-17,4.0,0.2175871417637539,1.0254634842113615,4.6864402488784265
2018-09-18,4.0,0.21763197563767012,1.0236679065285976,4.6864402488784265
2018-09-19,4.0,0.21763197563767012,1.022584403555995,4.6864402488784265
2018-09-20,4.0,0.21763197563767012,1.0238695787776608,4.714796216356695
2018-09-21,4.0,0.2171507011934177,1.0191813804948366,4.8786169725276824
2018-09-24,4.0,0.21759944308023518,1.0191813804948366,4.885167251264172
2018-09-25,4.0,0.21446429671399933,1.0224705087505601,4.960082104701341
2018-09-26,4.0,0.21446429671399933,1.025002246875066,4.994602004354831
2018-09-27,4.0,0.21446429671399933,1.018975705065548,4.960891205870002
2018-09-28,4.0,0.21582077119775567,1.019562939974336,4.960891205870002
2018-10-01,4.0,0.21592545005737107,1.0186806720619632,4.890375904404718
2018-10-02,4.0,0.21535650550942573,1.0181588892299647,4.936988724722759
2018-10-03,4.0,0.21535650550942573,1.0188863474912522,4.936988724722759
2018-10-04,4.0,0.21535650550942573,1.025002246875066,4.910926547702849
2018-10-05,4.0,0.21527033700179582,1.0238695787776608,4.785362708030688
2018-10-08,4.0,0.21767961533003274,1.0241770088000113,4.8479375059135235
2018-10-09,4.0,0.21868745912661314,1.0202179070678912,4.936690064019117
2018-10-10,4.0,0.21927793451836144,1.0242912447965957,4.936690064019117
2018-10-11,4.0,0.21927793451836144,1.0259029619401068,4.925064936421363
2018-10-12,4.0,0.21727862517914168,1.0259029619401068,4.925064936421363
2018-10-15,4.0,0.21727862517914168,1.0285337806176313,4.925064936421363
2018-10-16,4.0,0.21616803527384607,1.024057000173039,4.925064936421363
2018-10-17,4.0,0.21709062673782975,1.0228549609096507,4.936690064019117
2018-10-18,4.0,0.21469440712203067,1.0238082142800176,4.8560148912919034
2018-10-19,4.0,0.21368690647436275,1.0216707887996084,4.901202808950979
2018-10-22,4.0,0.21229964090770756,1.021129468235267,4.8554104924546815
2018-10-23,4.0,0.21209757168351895,1.0209568223914287,4.726298868491813
2018-10-24,4.0,0.2123341578153638,1.023424906017477,4.72507303010338
2018-10-25,4.0,0.21510090360773515,1.0225649107251982,4.72507303010338
2018-10-26,4.0,0.2125012797209881,1.0226252244046585,4.690241985176243
2018-10-29,4.0,0.2124401275280756,1.0212440225481005,4.660730614685109
2018-10-30,4.0,0.21250292640451604,1.0181020974245754,4.655038680401589
2018-10-31,4.0,0.2133041602280034,1.0205946584419059,4.6351560200857325
2018-11-01,4.0,0.2133041602280034,1.0198418441764512,4.6351560200857325
2018-11-02,4.0,0.2132734634184442,1.0209979015435673,4.6351560200857325
2018-11-05,4.0,0.21412158208425433,1.022361128608087,4.6351560200857325
2018-11-06,4.0,0.2148524649139277,1.0236735539903297,4.6351560200857325
2018-11-07,4.0,0.21499973390062882,1.0241272550438125,4.655038680401589
2018-11-08,4.0,0.21499973390062882,1.0241272550438125,4.655038680401589
2018-11-09,4.0,0.21430883302112008,1.0267848310733947,4.655038680401589
2018-11-12,4.0,0.21434465071328435,1.0224438801002358,4.655038680401589
2018-11-13,4.0,0.21303604257461967,1.0224438801002358,4.660219623401937
2018-11-14,4.0,0.21248478691328593,1.0207707593868425,4.734634316274883
2018-11-15,4.0,0.21248478691328593,1.0216349841880672,4.767351776398535
2018-11-16,4.0,0.21248478691328593,1.0218992050618834,4.767351776398535
2018-11-19,4.0,0.21249414566526487,1.0199792839856396,4.767517446026614
2018-11-20,4.0,0.2117371804803536,1.0190881772907332,4.768614211655536
2018-11-21,4.0,0.2117287644916036,1.0178152246255854,4.734634316274883
2018-11-23,4.0,0.2117371804803536,1.0172257311069512,4.812153252246401
2018-11-26,4.0,0.21249429292381922,1.0190881772907332,4.812153252246401
2018-11-27,4.0,0.21270097486481687,1.0178367294208046,4.823358404115427
2018-11-28,4.0,0.21318399967771565,1.0214076808998098,4.8235227887885666
2018-11-29,4.0,0.2131880116957993,1.0171484892635703,4.812153252246401
2018-11-30,4.0,0.21172924991998796,1.0139730188678866,4.749602550913763
2018-12-03,4.0,0.21137908088553803,1.0188892961278602,4.812153252246401
2018-12-04,4.0,0.2113360946751423,1.0151461130236803,4.812153252246401
2018-12-06,4.0,0.21172924991998796,1.0177333970261087,4.749602550913763
2018-12-07,4.0,0.21134931860986966,1.0168606618915863,4.749602550913763
2018-12-10,4.0,0.21134931860986966,1.0221237849440405,4.749602550913763
2018-12-11,4.0,0.211318610916681,1.0221395037006156,4.749602550913763
2018-12-12,4.0,0.20758258831363333,1.0221395037006156,4.749602550913763
2018-12-13,4.0,0.20758258831363333,1.0237301637691227,4.7059372803722495
2018-12-14,4.0,0.20947355288697553,1.023007063961974,4.834406561331122
2018-12-17,4.0,0.20947355288697553,1.0246821204616274,4.898794326690009
2018-12-18,4.0,0.20933653486504117,1.0245345163552755,4.898614282664921
2018-12-19,4.0,0.20929506550287266,1.0207432132617469,4.898614282664921
2018-12-20,4.0,0.20622614078542353,1.0235751632568972,4.899425711330115
2018-12-21,4.0,0.20622614078542353,1.024148913459826,4.802091755211586
2018-12-24,4.0,0.20520843908817085,1.0154118120795785,4.834406561331122
2018-12-26,4.0,0.20520843908817085,1.0199239849625092,4.834406561331122
2018-12-27,4.0,0.20520843908817085,1.0244754339289213,4.750124895274263
2018-12-28,4.0,0.20520843908817085,1.0265855365309737,4.725095009804367
2018-12-31,4.0,0.2031123355198627,1.028174149290619,4.725095009804367
2019-01-02,4.0,0.20311485193130668,1.0244798667360735,4.722647983688982
2019-01-03,4.0,0.20409267711286203,1.0244798667360735,4.722480023430975
2019-01-04,4.0,0.2056901333553063,1.0226529850186958,4.720451611892307
2019-01-07,4.0,0.2056901333553063,1.0253184067725645,4.8351917705032665
2019-01-08,4.0,0.20716206906818496,1.02723888860251,4.720451611892307
2019-01-09,4.0,0.20325136688448436,1.0316215699088125,4.755493821996443
2019-01-10,4.0,0.20259632626909108,1.0302195948312804,4.722480023430975
2019-01-11,4.0,0.20259632626909108,1.03499647981814,4.720244693442413
2019-01-14,4.0,0.20323856831892578,1.0338576650168123,4.747424002450545
2019-01-15,4.0,0.20323856831892578,1.0294175798710772,4.836211106457411
2019-01-16,4.0,0.20300616442064226,1.0237586155186362,4.786666705529825
2019-01-17,4.0,0.20326187555503694,1.0275428167741993,4.771533114803763
2019-01-18,4.0,0.20659898504026605,1.0240101371764476,4.774246652409396
2019-01-22,4.0,0.20636446244254988,1.026911312856981,4.893525986143689
2019-01-23,4.0,0.20877786096280188,1.0293348973427214,4.816065768759402
2019-01-24,4.0,0.20865278189989328,1.0310503845393106,4.901294242636945
2019-01-25,4.0,0.2083904380553632,1.0294459766135948,4.901294242636945
2019-01-28,4.0,0.2083904380553632,1.0296301546666744,4.999319665117308
2019-01-29,4.0,0.2083904380553632,1.0313961182463742,4.999248793361122
2019-01-30,4.0,0.20592467616237062,1.030911085718345,4.999248793361122
2019-01-31,4.0,0.20532436837446957,1.0257911835716025,5.015638150965287
2019-02-01,4.0,0.20339734757636288,1.0257911835716025,5.012874152474008
2019-02-04,4.0,0.20339734757636288,1.0321046869087334,5.012907357432612
2019-02-05,4.0,0.20592467616237062,1.0350361501266045,5.020922086588803
2019-02-06,4.0,0.20592467616237062,1.0311381070496588,5.020922086588803
2019-02-07,4.0,0.20339734757636288,1.0330775725175831,5.0342283282879565
2019-02-08,4.0,0.20831056715540114,1.0360826110291088,5.023545533537811
2019-02-11,4.0,0.20339734757636288,1.0350424057679044,4.999444341947717
2019-02-12,4.0,0.20339734757636288,1.0339368485266107,4.999444341947717
2019-02-13,4.0,0.20339734757636288,1.0276194092317832,4.988858560963108
2019-02-14,4.0,0.20339734757636288,1.0262565327028332,4.981069146982669
2019-02-15,4.0,0.20339734757636288,1.0262565327028332,4.951846602482353
2019-02-19,4.0,0.20063241828896158,1.0297920492719006,4.981069146982669
2019-02-20,4.0,0.20063241828896158,1.0374865228400352,4.951846602482353
2019-02-21,4.0,0.2005207365609793,1.0312027176646703,4.94332688517914
2019-02-22,4.0,0.19780768597814855,1.0269597029729338,4.89344896766528
2019-02-25,4.0,0.19805146824181386,1.0310235712382285,4.919362653044827
2019-02-26,4.0,0.19994886384244714,1.031185106067543,4.919362653044827
2019-02-27,4.0,0.19994886384244714,1.0269597029729338,4.8926351316311605
2019-02-28,4.0,0.20047549546586338,1.0301959788820638,4.919362653044827
2019-03-01,4.0,0.20066947358070902,1.0308860640714106,4.952297291612134
2019-03-04,4.0,0.20047549546586338,1.0308860640714106,4.948143664778669
2019-03-05,4.0,0.20044996146890928,1.033616252032398,4.948143664778669
2019-03-06,4.0,0.20046438175043568,1.0372981714205964,4.948143664778669
2019-03-07,4.0,0.19741488975300042,1.0391673002920672,4.948143664778669
2019-03-08,4.0,0.20046438175043568,1.039183454343636,4.9924953888422365
2019-03-11,4.0,0.19740963158111358,1.033616252032398,5.073875897126899
2019-03-12,4.0,0.19740963158111358,1.0372034595094606,5.078130258856809
2019-03-13,4.0,0.19741308768377558,1.0323058077809293,5.079379568822639
2019-03-14,4.0,0.19740963158111358,1.033322198067904,5.079379568822639
2019-03-15,4.0,0.19740105820763698,1.0284561533937127,5.134463240394204
2019-03-18,4.0,0.2006905490323815,1.031178802632641,5.144040485720199
2019-03-19,4.0,0.2048632026777198,1.0335041769805757,5.144040485720199
2019-03-20,4.0,0.20543636441729687,1.0323923336277407,5.144040485720199
2019-03-21,4.0,0.20543636441729687,1.0311256214600466,5.136562968341101
2019-03-22,4.0,0.20844841192577734,1.0299773245848103,5.116665824497352
2019-03-25,4.0,0.20844841192577734,1.029794728417187,5.115290402104499
2019-03-26,4.0,0.20780236615216294,1.0329733918891404,5.049699140749405
2019-03-27,4.0,0.20782763028246934,1.0299411698849479,5.081637042937994
2019-03-28,4.0,0.2074981779978639,1.0306639255819503,5.084058399255663
2019-03-29,4.0,0.20780236615216294,1.029794728417187,5.082706083131523
2019-04-01,4.0,0.20872512401734494,1.0290510689106211,5.082706083131523
2019-04-02,4.0,0.2086316017369815,1.0278976237836663,5.082706083131523
2019-04-03,4.0,0.2027392920144532,1.027303244617884,5.082979724236419
2019-04-04,4.0,0.20253749634999765,1.0290510689106211,5.058418042864739
2019-04-05,4.0,0.1978056017992599,1.0264654799713933,5.058418042864739
2019-04-08,4.0,0.1978056017992599,1.0200281101601538,5.058418042864739
2019-04-09,4.0,0.197085445525075,1.021082684798371,5.081204690958375
2019-04-10,4.0,0.19786707092874173,1.0212962810042647,5.058418042864739
2019-04-11,4.0,0.19786707092874173,1.0183371551614204,5.081204690958375
2019-04-12,4.0,0.19786707092874173,1.0239720422021201,5.081204690958375
2019-04-15,4.0,0.1978056017992599,1.021241616476788,5.083435675470495
2019-04-16,4.0,0.1978056017992599,1.01890418006882,5.083145586258658
2019-04-17,4.0,0.2060218413059359,1.0204085211891945,5.124296108325803
2019-04-18,4.0,0.20583069353075398,1.017778137529385,5.124296108325803
2019-04-22,4.0,0.20679186481700879,1.015124610378481,5.1147906617261345
2019-04-23,4.0,0.20688692410545453,1.016774132168313,5.154634495293859
2019-04-24,4.0,0.20688602696784286,1.0219686628108626,5.167595997645911
2019-04-25,4.0,0.20677142283275504,1.0225111252427317,5.1534610961148
2019-04-26,4.0,0.20677142283275504,1.0254973702770354,5.1534610961148
2019-04-29,4.0,0.20522278691392637,1.0226025714723928,5.110650010164251
2019-04-30,4.0,0.20522278691392637,1.0208466441332968,5.152569838084588
2019-05-01,4.0,0.20240981195105157,1.0248355022100941,5.152569838084588
2019-05-02,4.0,0.20240981195105157,1.0225111252427317,5.152569838084588
2019-05-03,4.0,0.20190299671749906,1.023478947879322,5.167286795510901
2019-05-06,4.0,0.20126814737360482,1.0217452195477759,5.167286795510901
2019-05-07,4.0,0.20122460955869653,1.0206650277161013,5.118228289320104
2019-05-08,4.0,0.19769908956844695,1.0257708011250546,5.167286795510901
2019-05-09,4.0,0.19865406235664143,1.0267989841399887,5.1170396314566515
2019-05-10,4.0,0.20122460955869653,1.0267989841399887,5.1170396314566515
2019-05-13,4.0,0.19908674425495496,1.0302922174322733,5.0699944214434876
2019-05-14,4.0,0.1986413922150108,1.0295484224376077,5.0699944214434876
2019-05-15,4.0,0.19765819350590855,1.0308856720891337,5.038848150102922
2019-05-16,4.0,0.19543900054419713,1.03213067820918,5.056095124451453
2019-05-17,4.0,0.19486207305831174,1.033117947002214,5.069025647878813
2019-05-20,4.0,0.19569975622737654,1.0327890457597673,5.070045790169444
2019-05-21,4.0,0.1948992696092718,1.03339383755689,5.038848150102922
2019-05-22,4.0,0.19569975622737654,1.0342236253750587,5.07703451102903
2019-05-23,4.0,0.1949004425564605,1.0366617400204317,5.07703451102903
2019-05-24,4.0,0.1949212270080324,1.0328243846140617,5.029152379557224
2019-05-28,4.0,0.1949004425564605,1.0315210283841854,5.076781827833736
2019-05-29,4.0,0.1949004425564605,1.0316220917855854,5.03600848916457
2019-05-30,4.0,0.1949004425564605,1.0308846968288212,5.03600848916457
2019-05-31,4.0,0.19371215182256635,1.0320360704732048,5.035184988145269
2019-06-03,4.0,0.19491254436310965,1.0320360704732048,5.0886059032009
2019-06-04,4.0,0.1932127074222292,1.0333270923484843,5.035184988145269
2019-06-05,4.0,0.1932127074222292,1.0308846968288212,5.0886059032009
2019-06-06,4.0,0.1949004425564605,1.0320360704732048,5.0886059032009
2019-06-07,4.0,0.1949004425564605,1.0333270923484843,5.0886059032009
2019-06-10,4.0,0.19318976839054638,1.040174012211498,5.120883464536917
2019-06-11,4.0,0.19318976839054638,1.0391110759435276,5.1277131361442505
2019-06-12,4.0,0.1925581878053882,1.0362006864511972,5.120883464536917
2019-06-13,4.0,0.19322243284040524,1.0362006864511972,5.120883464536917
2019-06-14,4.0,0.19481193212582226,1.0313505653926565,5.112172121980158
2019-06-17,4.0,0.19481287775320386,1.0313505653926565,5.12117842916928
2019-06-18,4.0,0.1932755066822657,1.0313505653926565,5.0886059032009
2019-06-19,4.0,0.1931756251763487,1.0320499317549858,5.12117842916928
2019-06-20,4.0,0.19459480483787797,1.0300039579415339,5.139869529989317
2019-06-21,4.0,0.19484670591104006,1.0320499317549858,5.209574314142999
2019-06-24,4.0,0.19484670591104006,1.0327934125359417,5.230563668627712
2019-06-25,4.0,0.19459930915890078,1.0304180378524133,5.27343086915864
2019-06-26,4.0,0.18904881767563794,1.0302992188625888,5.245871219592145
2019-06-27,4.0,0.18904881767563794,1.0309100940703277,5.240326276170763
2019-06-28,4.0,0.18904881767563794,1.0364411325728609,5.240326276170763
2019-07-01,4.0,0.18865343988137886,1.0392597510005914,5.240326276170763
2019-07-02,4.0,0.18904881767563794,1.0375033592113758,5.2450636844906455
2019-07-03,4.0,0.18840400131845278,1.034418899772654,5.256266972665325
2019-07-05,4.0,0.1886707606163962,1.035694314122104,5.2450636844906455
2019-07-08,4.0,0.18838795945342465,1.0331520010459054,5.308843011787145
2019-07-09,4.0,0.18838795945342465,1.0328947168955842,5.308843011787145
2019-07-10,4.0,0.19027454270485147,1.0289306255305846,5.3287690884412084
2019-07-11,4.0,0.18904201048517758,1.0297853963673893,5.3287690884412084
2019-07-12,4.0,0.18836550180062764,1.0321493797211092,5.3287690884412084
2019-07-15,4.0,0.18836550180062764,1.0312918347799416,5.304274262973692
2019-07-16,4.0,0.18833886841927616,1.0286135417900966,5.3088504792114275
2019-07-17,4.0,0.18904201048517758,1.0312136143582677,5.329063754327294
2019-07-18,4.0,0.18905784698037648,1.0278427478224694,5.386696333275401
2019-07-19,4.0,0.1941478458458937,1.0274878140887207,5.422775493972505
2019-07-22,4.0,0.19403240217314413,1.028765032381619,5.359749468518887
2019-07-23,4.0,0.19454233308840663,1.0286173368668046,5.329063754327294
2019-07-24,4.0,0.19454233308840663,1.0354825814480502,5.3088504792114275
2019-07-25,4.0,0.19454233308840663,1.0357618229208474,5.296622717152984
2019-07-26,4.0,0.1921832749502307,1.0380737903123043,5.296622717152984
2019-07-29,4.0,0.1921630476985529,1.0360211848217862,5.2729119877155455
2019-07-30,4.0,0.1875158647185885,1.0348458680088786,5.296622717152984
2019-07-31,4.0,0.19122825777107585,1.0336510957307374,5.32434119306365
2019-08-01,4.0,0.19172915146048744,1.0352911731347016,5.308729476008234
2019-08-02,4.0,0.19122825777107585,1.0380737903123043,5.32434119306365
2019-08-05,4.0,0.19122825777107585,1.0400010659253474,5.346293695518406
2019-08-06,4.0,0.19122825777107585,1.0419852772472347,5.32947211926709
2019-08-07,4.0,0.19122825777107585,1.0472422869945115,5.32434119306365
2019-08-08,4.0,0.19122825777107585,1.0411674875210835,5.32434119306365
2019-08-09,4.0,0.19015580127950085,1.040115783363119,5.32947211926709
2019-08-12,4.0,0.18967369943219897,1.0414556898486729,5.345697000476683
2019-08-13,4.0,0.18967369943219897,1.0414556898486729,5.352714317568023
2019-08-14,4.0,0.18967369943219897,1.039692838142641,5.3779544321107835
2019-08-15,4.0,0.18967369943219897,1.0393944665619381,5.354683325483467
2019-08-16,4.0,0.1880197629605725,1.0392797491241668,5.3447459147798995
2019-08-19,4.0,0.1876684816766225,1.0392982920547298,5.352453278122646
2019-08-20,4.0,0.18631671682095138,1.0404039856907084,5.470119934337309
2019-08-21,4.0,0.1825990618705411,1.0363383098483037,5.543921649037579
2019-08-22,4.0,0.18675709614384084,1.0404039856907084,5.481457398304647
2019-08-23,4.0,0.18631671682095138,1.0409087339306589,5.481457398304647
2019-08-26,4.0,0.18579495342494665,1.0447157041120616,5.439862696540054
2019-08-27,4.0,0.18254956922832105,1.0450981936249795,5.480638753584353
2019-08-28,4.0,0.18639439858555815,1.0449920062346787,5.480638753584353
2019-08-29,4.0,0.18639439858555815,1.0466059743487146,5.480638753584353
2019-08-30,4.0,0.18370632825662378,1.0447157041120616,5.480638753584353
2019-09-03,4.0,0.18228902675471506,1.0447805377977628,5.543224831696442
2019-09-04,4.0,0.1801637800284911,1.0449920062346787,5.618250794095674
2019-09-05,4.0,0.18018514584324316,1.0468976731460125,5.618250794095674
2019-09-06,4.0,0.1801637800284911,1.049678310616136,5.641059332768471
2019-09-09,4.0,0.1801637800284911,1.0477343076720207,5.724788767883278
2019-09-10,4.0,0.1827890591782291,1.0477343076720207,5.675200813814892
2019-09-11,4.0,0.18264327384377882,1.0467345710045368,5.683036782630842
2019-09-12,4.0,0.17857752373902044,1.0432214431542952,5.683036782630842
2019-09-13,4.0,0.17755291305202858,1.0456160416575653,5.683036782630842
2019-09-16,4.0,0.1785834250171259,1.047846683520961,5.63995717315229
2019-09-17,4.0,0.17880601944675836,1.0456160416575653,5.665735547692493
2019-09-18,4.0,0.1777759168566674,1.0440559725438485,5.63995717315229
2019-09-19,4.0,0.17755584760767817,1.039284624991418,5.6812775584457205
2019-09-20,4.0,0.1777759168566674,1.0378019735339268,5.6812775584457205
2019-09-23,4.0,0.17755584760767817,1.0378019735339268,5.6812775584457205
2019-09-24,4.0,0.17881407542039465,1.0460157475690826,5.709806881726018
2019-09-25,4.0,0.17881407542039465,1.0385705159812533,5.683036782630842
2019-09-26,4.0,0.17706308116333438,1.0385761677560086,5.791147236437941
2019-09-27,4.0,0.17881407542039465,1.0378019735339268,5.683036782630842
2019-09-30,4.0,0.18156725269840832,1.0393923555294293,5.660199401424102
2019-10-01,4.0,0.17661173659094714,1.0480679225572362,5.641946342027423
2019-10-02,4.0,0.17546320566040152,1.0415970276442472,5.641946342027423
2019-10-03,4.0,0.18026190381134743,1.0415970276442472,5.642188899548809
2019-10-04,4.0,0.1803638946185767,1.0408082768467861,5.642188899548809
2019-10-07,4.0,0.1818563218326741,1.0423211539453512,5.662510639341058
2019-10-08,4.0,0.18046458558763764,1.0450033425490508,5.662510639341058
2019-10-09,4.0,0.18046458558763764,1.04164909769976,5.662510639341058
2019-10-10,4.0,0.1794144269672515,1.04164909769976,5.659782182049802
2019-10-11,4.0,0.17505336068110405,1.0454835612703741,5.549631717709789
2019-10-14,4.0,0.17505336068110405,1.0390041585352567,5.549631717709789
2019-10-15,4.0,0.17724024247080544,1.038062827439758,5.559664689468829
2019-10-16,4.0,0.17539364819483674,1.0386562479520167,5.695361520747384
2019-10-17,4.0,0.17724852184839787,1.0429468315834987,5.69389141348807
2019-10-18,4.0,0.1797824301775546,1.0382781889329924,5.661409705530774
2019-10-21,4.0,0.17833630810823484,1.0401096671654881,5.563438190896604
2019-10-22,4.0,0.17644632447381212,1.042845526983148,5.563438190896604
2019-10-23,4.0,0.17539364819483674,1.0432671893774081,5.563438190896604
2019-10-24,4.0,0.17404141564519834,1.0460128300080669,5.563438190896604
2019-10-25,4.0,0.17471155414792922,1.0403225819020632,5.559453542847212
2019-10-28,4.0,0.17471155414792922,1.0389140481797599,5.5730060182051
2019-10-29,4.0,0.17606949595293037,1.0452324403790922,5.650712468789433
2019-10-30,4.0,0.17388992839219755,1.0427096296605285,5.615752499792358
2019-10-31,4.0,0.1750420532713605,1.0407354117389809,5.652305421854015
2019-11-01,4.0,0.1750420532713605,1.0389140481797599,5.652305421854015
2019-11-04,4.0,0.1750420532713605,1.0347006389221414,5.5106750720173086
2019-11-05,4.0,0.1757471090033175,1.0376741700579886,5.5106750720173086
2019-11-06,4.0,0.1757471090033175,1.0425811997688919,5.511742595778913
2019-11-07,4.0,0.1757471090033175,1.0449404587417286,5.453834714421262
2019-11-08,4.0,0.1757471090033175,1.0472109316062725,5.453834714421262
2019-11-11,4.0,0.17505213968920638,1.0516940558789898,5.453834714421262
2019-11-12,4.0,0.1754677286106477,1.050299326822833,5.51206916821017
2019-11-13,4.0,0.17518435528879417,1.050299326822833,5.51206916821017
2019-11-14,4.0,0.1728647778311031,1.050299326822833,5.628789847950226
2019-11-15,4.0,0.17301245008692515,1.0452995743834075,5.628789847950226
2019-11-18,4.0,0.17569569047529998,1.0438338301066712,5.628789847950226
2019-11-19,4.0,0.17569569047529998,1.054121854362059,5.462672394199373
2019-11-20,4.0,0.17890942771024648,1.0525292334951053,5.481937246262061
2019-11-21,4.0,0.18008036115875828,1.0551649125369666,5.525056983648905
2019-11-22,4.0,0.17596203853646705,1.057852978744825,5.511634554108151
2019-11-25,4.0,0.17588533313864554,1.0545790945507747,5.629797316097369
2019-11-26,4.0,0.1730948399650556,1.052736809475091,5.629797316097369
2019-11-27,4.0,0.17204479660044167,1.056816622149726,5.702961670684763
2019-11-29,4.0,0.1729849752054415,1.0527400558441253,5.683005176352167
2019-12-02,4.0,0.17300909150070878,1.0527400558441253,5.702961670684763
2019-12-03,4.0,0.17485846498830446,1.0527400558441253,5.72968744458466
2019-12-04,4.0,0.1773214430003492,1.0472679758075374,5.72968744458466
2019-12-05,4.0,0.1792735703880371,1.0400196796881036,5.717297260446203
2019-12-06,4.0,0.17778636924506286,1.0417617288360153,5.717297260446203
2019-12-09,4.0,0.17778636924506286,1.0493348873997403,5.734706256544565
2019-12-10,4.0,0.17975713195941279,1.0469676048620484,5.734706256544565
2019-12-11,4.0,0.18151680661306577,1.0492673806405253,5.717297260446203
2019-12-12,4.0,0.17975713195941279,1.0518496383147515,5.697021657304454
2019-12-13,4.0,0.18026854127200523,1.0501448187803697,5.696950754780944
2019-12-16,4.0,0.17425481329913436,1.0501448187803697,5.703096630286441
2019-12-17,4.0,0.17425481329913436,1.0490368560715613,5.717480394742913
2019-12-18,4.0,0.17718322494332386,1.046478314653636,5.7003314318695315
2019-12-19,4.0,0.17989667850539506,1.0476721925270127,5.700642656525066
2019-12-20,4.0,0.18076989604950433,1.046658693326059,5.7296302389763225
2019-12-23,4.0,0.18148324559490842,1.0475500465781353,5.7296302389763225
2019-12-24,4.0,0.1814625904760892,1.0363696799434217,5.730204698909156
2019-12-26,4.0,0.1819830135383678,1.0378771300820684,5.7296302389763225
2019-12-27,4.0,0.18146326309696836,1.0413411477171108,5.730204698909156
2019-12-30,4.0,0.18146326309696836,1.0363696799434217,5.7296302389763225
2019-12-31,4.0,0.18146326309696836,1.0413411477171108,5.730204698909156
2020-01-02,4.0,0.18091767689478552,1.0432476672920208,5.724635965083587
2020-01-03,4.0,0.1819452696448743,1.0475802805412677,5.724635965083587
2020-01-06,4.0,0.17999030772772365,1.045954970386838,5.734739460208211
2020-01-07,4.0,0.1819452696448743,1.0466990378183687,5.758661594792408
2020-01-08,4.0,0.18194838556329015,1.0475314508067808,5.766633394987735
2020-01-09,4.0,0.17997574812788578,1.0499301748576655,5.8208378031893035
2020-01-10,4.0,0.17925164618973008,1.0499994727443505,5.766633394987735
2020-01-13,4.0,0.17761920634401068,1.0499994727443505,5.757275200075346
2020-01-14,4.0,0.17993473272997842,1.0513560814987977,5.760579467021896
2020-01-15,4.0,0.17993473272997842,1.051776312311795,5.757126367451137
2020-01-16,4.0,0.18011277206894055,1.058846517465001,5.813229779496978
2020-01-17,4.0,0.1821889771353583,1.0562278748179703,5.813229779496978
2020-01-21,4.0,0.18214468816941795,1.054642619879667,5.813229779496978
2020-01-22,4.0,0.18389850150237205,1.0578252073856171,5.8289133907241295
2020-01-23,4.0,0.1796557129363803,1.0535771104540919,5.829001308949448
2020-01-24,4.0,0.1796557129363803,1.0562893659955603,5.8277318425895315
2020-01-27,4.0,0.17820487197038898,1.0535771104540919,5.757237755637902
2020-01-28,4.0,0.17863004373421595,1.0467304093373402,5.911701220854733
2020-01-29,4.0,0.1826809720335074,1.0461417737904422,5.911701220854733
2020-01-30,4.0,0.18221423325372188,1.044022925151177,5.81859790477336
2020-01-31,4.0,0.17821541948993969,1.0462311626096241,5.8157299604784525
2020-02-03,4.0,0.17824097666938474,1.0435221317662213,5.809635189944307
2020-02-04,4.0,0.17824097666938474,1.0429111486415388,5.818573353661398
2020-02-05,4.0,0.17920614058385237,1.0413760530790666,5.90562001832323
2020-02-06,4.0,0.17824097666938474,1.0384428755486632,5.90562001832323
2020-02-07,4.0,0.17793126133382767,1.0397323593521608,5.940697304539623
2020-02-10,4.0,0.17711781834183582,1.0334095172384492,5.844685896235076
2020-02-11,4.0,0.17711366309560606,1.0365088139005438,5.8346558198205
2020-02-12,4.0,0.1771122063105685,1.0414466507724196,5.8159122778008765
2020-02-13,4.0,0.17822011915676958,1.050060444790475,5.818495171415108
2020-02-14,4.0,0.17822011915676958,1.050060444790475,5.812374594084861
2020-02-18,4.0,0.1771079323545138,1.0449835483101224,5.812374594084861
2020-02-19,4.0,0.17575980543884162,1.0472839821871194,5.812374594084861
2020-02-20,4.0,0.17575980543884162,1.0492122027299773,5.772223480991081
2020-02-21,4.0,0.17575980543884162,1.0508775761101212,5.812374594084861
2020-02-24,4.0,0.17575980543884162,1.051545573245212,5.772223480991081
2020-02-25,4.0,0.17575286972542264,1.0488232968127424,5.851838350228329
2020-02-26,4.0,0.1710596204744715,1.044667133347307,5.816346746599084
2020-02-27,4.0,0.17163604474210895,1.0461248095504878,5.861132700628358
2020-02-28,4.0,0.17163604474210895,1.0492897886013246,5.874244782536558
2020-03-02,4.0,0.17109936228117475,1.0488232968127424,5.874244782536558
2020-03-03,4.0,0.17281117955893294,1.0502374568665542,5.905898355553121
2020-03-04,4.0,0.17281117955893294,1.0488232968127424,5.885570358345862
2020-03-05,4.0,0.17281117955893294,1.0556423952386678,5.8976544327205
2020-03-06,4.0,0.17281117955893294,1.053258177956705,5.8976544327205
2020-03-09,4.0,0.17281117955893294,1.0500484784841353,5.904356753187447
2020-03-10,4.0,0.17281117955893294,1.0500484784841353,5.8976544327205
2020-03-11,4.0,0.17281117955893294,1.0582661371836393,5.911917906347215
2020-03-12,4.0,0.1707499669198941,1.0536983109260618,6.0089576691561
2020-03-13,4.0,0.17145521176278988,1.0545342354772869,6.008742839356916
2020-03-16,4.0,0.1707499669198941,1.05659256463514,5.950179983852446
2020-03-17,4.0,0.16940492794936712,1.054759647492229,5.950179983852446
2020-03-18,4.0,0.16856191988151503,1.0545342354772869,5.983386224084729
2020-03-19,4.0,0.16652060957246628,1.0545342354772869,5.946720407437562
2020-03-20,4.0,0.1647972098057414,1.056665792737215,5.946720407437562
2020-03-23,4.0,0.1647972098057414,1.0513497993050076,5.9204317899560355
2020-03-24,4.0,0.1647972098057414,1.0468576670431275,5.8987208297944305
2020-03-25,4.0,0.1647972098057414,1.047919340702776,5.8987208297944305
2020-03-26,4.0,0.1647972098057414,1.047919340702776,5.8987208297944305
2020-03-27,4.0,0.16638645528805499,1.0432957781076189,5.824190160986961
2020-03-30,4.0,0.16739752216725376,1.0422157603485762,5.824190160986961
2020-03-31,4.0,0.16638645528805499,1.0479214003512083,5.768338470759834
2020-04-01,4.0,0.1663786767247945,1.0413749258573408,5.8145425332976135
2020-04-02,4.0,0.16716038828001437,1.0407870900569343,5.822598138665406
2020-04-03,4.0,0.16716038828001437,1.0379952788413505,5.9495188604249964
2020-04-06,4.0,0.1686378506910485,1.0385867306543395,6.0934012114868015
2020-04-07,4.0,0.1686378506910485,1.0349571148884749,6.0934012114868015
2020-04-08,4.0,0.1686378506910485,1.0349571148884749,6.102293747181958
2020-04-09,4.0,0.17170788990253666,1.036491468725809,6.107180711688881
2020-04-13,4.0,0.17006324656624533,1.039752789717466,6.12935852984817
2020-04-14,4.0,0.17197841848443002,1.0333511384404628,6.12935852984817
2020-04-15,4.0,0.17201550322583664,1.0340642044351487,6.1472276468112055
2020-04-16,4.0,0.17358685713740288,1.0411929492269096,6.12935852984817
2020-04-17,4.0,0.17358685713740288,1.0392509203694429,6.1472276468112055
2020-04-20,4.0,0.17523487536054008,1.0364852797407742,6.1472276468112055
2020-04-21,4.0,0.17464438292570061,1.036388408141027,6.129178706248431
2020-04-22,4.0,0.17609955370486735,1.0329999419386229,6.10207662472836
2020-04-23,4.0,0.1766483784809794,1.03602880825248,6.10207662472836
2020-04-24,4.0,0.1764104442449933,1.035097005030995,6.10207662472836
2020-04-27,4.0,0.17659366980069913,1.0365653166652922,6.10207662472836
2020-04-28,4.0,0.17652394160924548,1.035097005030995,6.078607802089271
2020-04-29,4.0,0.1766483784809794,1.0366621882650393,6.0898470206565705
2020-04-30,4.0,0.17652394160924548,1.0412517664614458,6.0898470206565705
2020-05-01,4.0,0.17527073970594492,1.0385301392870285,6.0898470206565705
2020-05-04,4.0,0.1720212563578837,1.0418323374296814,6.129261000447177
2020-05-05,4.0,0.17047553098463158,1.0411841604955954,6.2296458510821555
2020-05-06,4.0,0.17008499998062837,1.0412677557578234,6.229199080549348
2020-05-07,4.0,0.1699300970043547,1.0427714436827944,6.224948026812324
2020-05-08,4.0,0.17047553098463158,1.044934500338741,6.138075594677689
2020-05-11,4.0,0.17008124433219945,1.0385373822364001,6.228950211303404
2020-05-12,4.0,0.1760987998875488,1.0364780773059565,6.228950211303404
2020-05-13,4.0,0.17617442325869728,1.0356563263603347,6.25565290166348
2020-05-14,4.0,0.17479275728185417,1.0336621430008899,6.25565290166348
2020-05-15,4.0,0.17479275728185417,1.0286716673242764,6.2820782468281715
2020-05-18,4.0,0.17479275728185417,1.0343178635369625,6.254119282433271
2020-05-19,4.0,0.17479275728185417,1.0357527255670678,6.254119282433271
2020-05-20,4.0,0.17358575728227738,1.0377859013773767,6.228950211303404
2020-05-21,4.0,0.17358575728227738,1.0388383303227253,6.044302946465684
2020-05-22,4.0,0.17358575728227738,1.0397493143620633,6.108478863770277
2020-05-26,4.0,0.1735894956857666,1.0409269025242436,6.149176993473739
2020-05-27,4.0,0.1730598114004323,1.0409269025242436,6.149176993473739
2020-05-28,4.0,0.1730598114004323,1.0409269025242436,6.157532065878978
2020-05-29,4.0,0.1730598114004323,1.0400077533571142,6.149176993473739
2020-06-01,4.0,0.1730980077535131,1.0435803510474668,6.149176993473739
2020-06-02,4.0,0.1730980077535131,1.0433320013130838,6.149176993473739
2020-06-03,4.0,0.1730980077535131,1.0430451049104736,6.149176993473739
2020-06-04,4.0,0.1730980077535131,1.0397493143620633,6.149176993473739
2020-06-05,4.0,0.17145278082266882,1.0371782918181625,6.149176993473739
2020-06-08,4.0,0.17141573908939664,1.037015206224388,6.135738854616922
2020-06-09,4.0,0.171371936225187,1.0364338034083518,6.135814610546693
2020-06-10,4.0,0.17144219646630024,1.0364338034083518,6.135814610546693
2020-06-11,4.0,0.17144219646630024,1.0380903653663824,6.0927119414645245
2020-06-12,4.0,0.17144219646630024,1.0380903653663824,6.0927119414645245
2020-06-15,4.0,0.17144219646630024,1.0376415341200964,6.088298911012408
2020-06-16,4.0,0.17058806041242358,1.0380903653663824,6.088298911012408
2020-06-17,4.0,0.17063169269059078,1.036574731608896,6.088298911012408
2020-06-18,4.0,0.16713247538271353,1.0370026717904943,6.088298911012408
2020-06-19,4.0,0.17047370431227443,1.036574731608896,6.093128431556884
2020-06-22,4.0,0.16691235526279263,1.0369774728052654,6.259167939040015
2020-06-23,4.0,0.16801139448164876,1.037927279772608,6.299668172707184
2020-06-24,4.0,0.16801139448164876,1.036574731608896,6.299668172707184
2020-06-25,4.0,0.17050166975516198,1.036574731608896,6.155729173792676
2020-06-26,4.0,0.17242731418013094,1.0337006139458844,6.132128792862549
2020-06-29,4.0,0.17242731418013094,1.0302011127885633,6.153595513034473
2020-06-30,4.0,0.17242731418013094,1.0309104089379826,6.296113886465592
2020-07-01,4.0,0.17242731418013094,1.0344273844687295,6.209156924023972
2020-07-02,4.0,0.17356242123440946,1.0356074720105473,6.296933596157217
2020-07-06,4.0,0.17544106540679505,1.027859187750367,6.332108063527109
2020-07-07,4.0,0.17242731418013094,1.0257535325341818,6.348873713243514
2020-07-08,4.0,0.17242731418013094,1.0256943474515263,6.388490683757492
2020-07-09,4.0,0.17298819145844738,1.0243153856579665,6.378791415311156
2020-07-10,4.0,0.1725672694524036,1.0323049794606078,6.3788325657175555
2020-07-13,4.0,0.1724679244884869,1.0260472872984763,6.348621791064445
2020-07-14,4.0,0.17214750397761555,1.023444801318457,6.3788325657175555
2020-07-15,4.0,0.1731654507767803,1.0251279287143502,6.26883963673399
2020-07-16,4.0,0.17479974141214547,1.0294676721153224,6.26883963673399
2020-07-17,4.0,0.17726521674481163,1.0274875584443355,6.266842097236869
2020-07-20,4.0,0.1786295150988647,1.0261208629181302,6.208406745033917
2020-07-21,4.0,0.1786295150988647,1.0363210459576546,6.208406745033917
2020-07-22,4.0,0.1786295150988647,1.0429440046161895,6.280168745839407
2020-07-23,4.0,0.17726521674481163,1.0439703908266973,6.402687809785885
2020-07-24,4.0,0.17481991145648607,1.0355081577602898,6.403653106089121
2020-07-27,4.0,0.17480106958411396,1.034961128094403,6.403653106089121
2020-07-28,4.0,0.17324230939357246,1.0355081577602898,6.403653106089121
2020-07-29,4.0,0.17529475238385994,1.0359863289245155,6.40297055335549
2020-07-30,4.0,0.17529475238385994,1.0355081577602898,6.40509302363002
2020-07-31,4.0,0.17529342421189145,1.0355081577602898,6.3196479588986385
2020-08-03,4.0,0.17491409912082567,1.036584823621719,6.370574011585364
2020-08-04,4.0,0.17491409912082567,1.0364622557495358,6.408905761903891
2020-08-05,4.0,0.17315168782036255,1.0367792619138283,6.408905761903891
2020-08-06,4.0,0.17315168782036255,1.0355081577602898,6.453462932268423
2020-08-07,4.0,0.1716349693991302,1.0322975792359985,6.445425477754241
2020-08-10,4.0,0.1716349693991302,1.0348949133245529,6.445425477754241
2020-08-11,4.0,0.17525460134545295,1.0317944922562305,6.445425477754241
2020-08-12,4.0,0.1727398121465069,1.0306518745728468,6.39915760298421
2020-08-13,4.0,0.1727398121465069,1.0296680186053544,6.444254753146194
2020-08-14,4.0,0.17273115264138114,1.0320100993867898,6.442089131774087
2020-08-17,4.0,0.17272016353037611,1.027876101517147,6.444254753146194
2020-08-18,4.0,0.17526503276920807,1.0251577881026146,6.321429900927699
2020-08-19,4.0,0.17272016353037611,1.0263793957638316,6.444731979409346
2020-08-20,4.0,0.1731252646962499,1.0234358176125242,6.466438751354134
2020-08-21,4.0,0.17521414122530932,1.0233816441553958,6.444731979409346
2020-08-24,4.0,0.17272016353037611,1.0228493743757243,6.444731979409346
2020-08-25,4.0,0.1714726352475855,1.022847159844567,6.467716881533464
2020-08-26,4.0,0.17107942581553404,1.022847159844567,6.467716881533464
2020-08-27,4.0,0.17107942581553404,1.026145747549974,6.522077321833963
2020-08-28,4.0,0.17058448643167606,1.0238282595179025,6.635820348598878
2020-08-31,4.0,0.1714726352475855,1.0266053217887308,6.467479540574608
2020-09-01,4.0,0.16974460628698473,1.031747375135987,6.49150898123661
2020-09-02,4.0,0.16911090863669354,1.030000354091972,6.546473354423908
2020-09-03,4.0,0.1730057216367308,1.027253503085698,6.546473354423908
2020-09-04,4.0,0.16911090863669354,1.029273873241376,6.546473354423908
2020-09-08,4.0,0.16911090863669354,1.0312261100259104,6.546473354423908
2020-09-09,4.0,0.1682804791635104,1.0311509230488811,6.536947124802585
2020-09-10,4.0,0.16806973536824632,1.0297073141750996,6.546473354423908
2020-09-11,4.0,0.16806973536824632,1.0256945998082276,6.546473354423908
2020-09-14,4.0,0.16832704116787098,1.0287807603750372,6.539472393698171
2020-09-15,4.0,0.16832704116787098,1.032650130400313,6.6285607918858105
2020-09-16,4.0,0.16832704116787098,1.031733415953891,6.537988234430179
2020-09-17,4.0,0.16777528189450755,1.0306272545076094,6.537988234430179
2020-09-18,4.0,0.16832480161418523,1.0312191610875305,6.5373138649474996
2020-09-21,4.0,0.17051641997562517,1.0272243937721748,6.501744420705192
2020-09-22,4.0,0.17197574827295453,1.0236567956817328,6.537988234430179
2020-09-23,4.0,0.17055724129504823,1.0276067283253536,6.582401320411628
2020-09-24,4.0,0.17021368419478877,1.02889141925105,6.582401320411628
2020-09-25,4.0,0.1712260284389994,1.0253971761008949,6.584321642892783
2020-09-28,4.0,0.1712260284389994,1.0289385274821017,6.561083666598188
2020-09-29,4.0,0.17055895634420654,1.0265798139190077,6.457076286574713
2020-09-30,4.0,0.17023909381004443,1.0204313491569548,6.457076286574713
2020-10-01,4.0,0.16951722281180776,1.0213108447742207,6.477626267904235
2020-10-02,4.0,0.16951722281180776,1.018467630088462,6.477626267904235
2020-10-05,4.0,0.16932870097908415,1.0246439979378699,6.520457375573155
2020-10-06,4.0,0.1671425431877241,1.0233257760371712,6.520457375573155
2020-10-07,4.0,0.1651410521152556,1.0235944892818367,6.53047216580035
2020-10-08,4.0,0.16334158818978864,1.0233257760371712,6.520457375573155
2020-10-09,4.0,0.16337403724398677,1.022020724706968,6.529406066003212
2020-10-12,4.0,0.161928124674026,1.0190252897285665,6.503256218732859
2020-10-13,4.0,0.161928124674026,1.0232530390897285,6.529406066003212
2020-10-14,4.0,0.16116719182272504,1.02177563522497,6.529406066003212
2020-10-15,4.0,0.16020239836657316,1.0232986325625582,6.529406066003212
2020-10-16,4.0,0.16020239836657316,1.0294393687819552,6.503256218732859
2020-10-19,4.0,0.15918952877041928,1.0257214566913175,6.503256218732859
2020-10-20,4.0,0.15918952877041928,1.0257214566913175,6.503256218732859
2020-10-21,4.0,0.16194398915736846,1.0257214566913175,6.503256218732859
2020-10-22,4.0,0.1611530956993707,1.0276305148300482,6.503097747417834
2020-10-23,4.0,0.1611530956993707,1.0276305148300482,6.530699934354292
2020-10-26,4.0,0.15916640249586275,1.0267078743461582,6.522962538921025
2020-10-27,4.0,0.15916640249586275,1.0161070299265007,6.522962538921025
2020-10-28,4.0,0.15950755140355893,1.0137213948339459,6.464047982217049
2020-10-29,4.0,0.1594943955155061,1.0137213948339459,6.464047982217049
2020-10-30,4.0,0.1594943955155061,1.0117887426376204,6.4057551035384614
2020-11-02,4.0,0.1611609777571128,1.0145667304318438,6.4057551035384614
2020-11-03,4.0,0.1611609777571128,1.0199026995427107,6.38919924595106
2020-11-04,4.0,0.16168965165742974,1.0207365595289355,6.38919924595106
2020-11-05,4.0,0.1613619670795751,1.0169758556272395,6.522962538921025
2020-11-06,4.0,0.1613619670795751,1.0199026995427107,6.444267837711927
2020-11-09,4.0,0.16117116507749085,1.0199026995427107,6.3876990224531
2020-11-10,4.0,0.16282927778031644,1.019002548360828,6.462854204846061
2020-11-11,4.0,0.15863013535095327,1.0225967198863506,6.466245352610668
2020-11-12,4.0,0.16282927778031644,1.0194076220137962,6.461691286088435
2020-11-13,4.0,0.16226023801864176,1.0173783680587545,6.461691286088435
2020-11-16,4.0,0.16290034114879204,1.019277551613126,6.461691286088435
2020-11-17,4.0,0.16283002650412248,1.0212280027329381,6.466602184613196
2020-11-18,4.0,0.15998954754034742,1.023422998378389,6.412358527284255
2020-11-19,4.0,0.15863013535095327,1.0329367496331412,6.412358527284255
2020-11-20,4.0,0.1568803656134986,1.0281782181009103,6.489044951360092
2020-11-23,4.0,0.1568803656134986,1.0273069577319132,6.412943858331576
2020-11-24,4.0,0.15546478479576833,1.0290010510266812,6.489044951360092
2020-11-25,4.0,0.15364611599360456,1.0273069577319132,6.489044951360092
2020-11-27,4.0,0.15364611599360456,1.0296158779648303,6.41881510619165
2020-11-30,4.0,0.15364611599360456,1.0291847508776564,6.508044849811598
2020-12-01,4.0,0.1542754174520378,1.0345988899539715,6.507768253080582
2020-12-02,4.0,0.15667413852235806,1.0303478912222144,6.41881510619165
2020-12-03,4.0,0.1542754174520378,1.028194661955363,6.39981076629686
2020-12-04,4.0,0.15423652519190037,1.0296158779648303,6.450680665764439
2020-12-07,4.0,0.15667413852235806,1.0296158779648303,6.411967389191902
2020-12-08,4.0,0.15667413852235806,1.0243398981066942,6.39981076629686
2020-12-09,4.0,0.15708667597106765,1.021862371957348,6.413135364612613
2020-12-10,4.0,0.15743389150795786,1.021862371957348,6.4218894664229795
2020-12-11,4.0,0.15708667597106765,1.021862371957348,6.4218894664229795
2020-12-14,4.0,0.156672429569716,1.0116426536244645,6.59323454835661
2020-12-15,4.0,0.156672429569716,1.0086672010107056,6.5353872151978205
2020-12-16,4.0,0.156672429569716,1.0130701439393004,6.614527227830879
2020-12-17,4.0,0.156672429569716,1.013225861151677,6.654413915308355
2020-12-18,4.0,0.156672429569716,1.0169439399661102,6.657747935490908
2020-12-21,4.0,0.1574312029143676,1.0172416893015894,6.62051437009207
2020-12-22,4.0,0.16121954873739378,1.0152560543626996,6.62051437009207
2020-12-23,4.0,0.16086217857505225,1.01212887876809,6.702518903774052
2020-12-24,4.0,0.161287207900099,1.0131582287961183,6.656420083966793
2020-12-28,4.0,0.1596271348907788,1.016565214287653,6.871623855928367
2020-12-29,4.0,0.15957047139093644,1.0150195294726156,6.688540446913948
2020-12-30,4.0,0.1567133103920501,1.0172416893015894,6.688540446913948
2020-12-31,4.0,0.15583580375007375,1.0148427842165848,6.711746035634134
2014-01-02,5.0,0.9499999999999991,1.0,1.085963725056638
2014-01-03,5.0,0.9377637483340069,1.0,1.1176140841198663
2014-01-06,5.0,0.9024999999999997,1.0,1.1638072823759564
2014-01-07,5.0,0.9024999999999967,1.0,1.178818529220307
2014-01-08,5.0,0.8997220292949091,1.0,1.1839409009775275
2014-01-09,5.0,0.8855457403134083,1.0,1.1860994371703029
2014-01-10,5.0,0.8776323506690388,1.0,1.203286782254969
2014-01-13,5.0,0.857375,1.0,1.214183561165135
2014-01-14,5.0,0.8573749999999991,1.0,1.2325300448925665
2014-01-15,5.0,0.8573749999999974,1.0,1.234849793141772
2014-01-16,5.0,0.8499591117287179,1.0,1.2478196245149307
2014-01-17,5.0,0.8358972604335101,1.0,1.2600834692485572
2014-01-21,5.0,0.8359583997420847,1.0,1.2757733264198665
2014-01-22,5.0,0.8234033348610365,1.0,1.291181971135087
2014-01-23,5.0,0.8176220266070954,1.0,1.2928882834979325
2014-01-24,5.0,0.8145062500000017,1.0,1.2930439995994163
2014-01-27,5.0,0.8145062499999999,1.0,1.3138105299866356
2014-01-28,5.0,0.8053867322481729,1.0,1.316735258016807
2014-01-29,5.0,0.8052331818962514,1.0,1.3253820561146428
2014-01-30,5.0,0.7906930689158712,0.998882353140486,1.335311289880312
2014-01-31,5.0,0.7875570248526079,0.9959598071353118,1.337364430273639
2014-02-03,5.0,0.7858372077937421,0.9937738986796586,1.338127673066582
2014-02-04,5.0,0.7801704121040026,0.9955955622086837,1.3647729370509072
2014-02-05,5.0,0.778228672823244,0.993933588269903,1.3699155686315034
2014-02-06,5.0,0.773780937500001,0.9946705195905765,1.3699155686315034
2014-02-07,5.0,0.7658011964825607,0.9954506095929642,1.370999532174795
2014-02-10,5.0,0.7584086713210381,0.9958765387794104,1.3694006164231736
2014-02-11,5.0,0.7544528473393813,0.995378986501356,1.3699155686315034
2014-02-12,5.0,0.7506571886632789,0.9994397369447943,1.3778918046809332
2014-02-13,5.0,0.750496984701881,0.9962173430053195,1.3861304936891856
2014-02-14,5.0,0.7487964450656482,0.9945092130315409,1.4088058715687901
2014-02-18,5.0,0.7482048924447933,0.9920403504938304,1.4196119636470212
2014-02-19,5.0,0.7535487464068578,0.990377872103712,1.4320890590529909
2014-02-20,5.0,0.7451223224854924,0.9886859936210728,1.4430702922913432
2014-02-21,5.0,0.7402735694911836,0.9882194840632177,1.4490289450696996
2014-02-24,5.0,0.7304724831824575,0.9873504084296065,1.4591240596663968
2014-02-25,5.0,0.7262156043335465,0.9878018002836286,1.4785046432663704
2014-02-26,5.0,0.7247954550769873,0.9896023532733864,1.4905788942414355
2014-02-27,5.0,0.7220493702389011,0.9902539449726333,1.4904717711449813
2014-02-28,5.0,0.7201076827348478,0.9896727491197977,1.4953741080117064
2014-03-03,5.0,0.7200697624852987,0.9899605351463456,1.4989996779815498
2014-03-04,5.0,0.7141633926310459,0.9922641750701289,1.510853025389727
2014-03-05,5.0,0.7142429412283574,0.9884342848244443,1.5129498236814178
2014-03-06,5.0,0.7037827109751319,0.9922313544813599,1.5130929175500036
2014-03-07,5.0,0.6983337286867721,0.992005167140502,1.526423164986071
2014-03-10,5.0,0.6898937536335765,0.9913601045574998,1.5204958014040497
2014-03-11,5.0,0.6905559354826764,0.9921362921177819,1.5306816661640434
2014-03-12,5.0,0.6841364952108971,0.9924819640971356,1.530643893114488
2014-03-13,5.0,0.6836557440157497,0.9932401870253882,1.5422013323500041
2014-03-14,5.0,0.6827518235740653,0.9931644523806376,1.5475361093107478
2014-03-17,5.0,0.6796507196233321,0.9948200828325608,1.553298957876735
2014-03-18,5.0,0.6815863652087782,0.9939430115918185,1.5528958500195613
2014-03-19,5.0,0.6786666256782532,0.9926005293331095,1.5931385866473775
2014-03-20,5.0,0.6747504573557869,0.9931644523806376,1.5822261473418218
2014-03-21,5.0,0.6709084677420117,0.992187065603555,1.581956935224734
2014-03-24,5.0,0.6651692685048478,0.9913095020672118,1.5822611153313815
2014-03-25,5.0,0.6645427800984491,0.9892181692211466,1.5858823706820973
2014-03-26,5.0,0.6596267789620143,0.9875797002889355,1.5878148556878475
2014-03-27,5.0,0.6547528180309827,0.9892565648808529,1.612134210804283
2014-03-28,5.0,0.6547528180309827,0.9905476184781858,1.6120991909416225
2014-03-31,5.0,0.6511220926637082,0.9912908102476573,1.6301277191183963
2014-04-01,5.0,0.6514053858153985,0.9926403802578533,1.6337753100503645
2014-04-02,5.0,0.6513924741704458,0.9910738107782431,1.6337753100503645
2014-04-03,5.0,0.6470893821601467,0.993931488776383,1.630792242684819
2014-04-04,5.0,0.6364706899898166,0.9919779315968091,1.6337800024432467
2014-04-07,5.0,0.6432709756997153,0.9938947974045722,1.605015147998121
2014-04-08,5.0,0.6432709756997153,0.9915873032637497,1.6169198626339518
2014-04-09,5.0,0.6370487402719153,0.9911533021537984,1.6337025537016945
2014-04-10,5.0,0.634508249950094,0.9907648619301683,1.649861498944674
2014-04-11,5.0,0.6319108050796057,0.9892150826890214,1.6340476901382355
2014-04-14,5.0,0.6303454372065793,0.9876360055434623,1.6340476901382355
2014-04-15,5.0,0.6318833821362133,0.9878430916076169,1.649861498944674
2014-04-16,5.0,0.6279064961737266,0.9898902796552962,1.6568801505274005
2014-04-17,5.0,0.6257365665483174,0.9898902796552962,1.6692778683372402
2014-04-21,5.0,0.6275030170908196,0.9888570621094762,1.6721499944549245
2014-04-22,5.0,0.6251213463855296,0.9904789725322607,1.696460744262017
2014-04-23,5.0,0.618838820481015,0.9904789725322607,1.6796365475028527
2014-04-24,5.0,0.6157073123560308,0.9879275693677215,1.6893679086974545
2014-04-25,5.0,0.6118797394442487,0.9894167947195873,1.6784148478630323
2014-04-28,5.0,0.6110137992267364,0.9923728465274915,1.6958059733273703
2014-04-29,5.0,0.6055931362983373,0.9939120989512447,1.70349905404241
2014-04-30,5.0,0.6041888562604908,0.9931701031323839,1.7102555259172765
2014-05-01,5.0,0.6041650279309481,0.9939120989512447,1.7101817665713834
2014-05-02,5.0,0.6026383383129299,0.9935380951630266,1.7049476725963346
2014-05-05,5.0,0.600313615711688,0.9925003661064631,1.7047955989986134
2014-05-06,5.0,0.5934090144324689,0.9891017770855184,1.713042830400794
2014-05-07,5.0,0.5922535619484705,0.9885471528656644,1.7175614658035518
2014-05-08,5.0,0.5875232504257539,0.9917267785437061,1.714607972480279
2014-05-09,5.0,0.5866847578857309,0.988526079074822,1.713608834378422
2014-05-12,5.0,0.5849484606289668,0.9864123744487456,1.7183878872360812
2014-05-13,5.0,0.5797573949084682,0.9897528412965224,1.7378684517153005
2014-05-14,5.0,0.5822783953917274,0.9923141537514882,1.7457716445148426
2014-05-15,5.0,0.5808633260459378,0.9908460422964483,1.7630634693845646
2014-05-16,5.0,0.5808378877454754,0.9953280275419979,1.7630634693845646
2014-05-19,5.0,0.5780848872390861,0.996438015433213,1.7630634693845646
2014-05-20,5.0,0.5755207634243665,0.9996867209340987,1.7630634693845646
2014-05-21,5.0,0.5755207634243665,0.9992556575543841,1.7545280915558497
2014-05-22,5.0,0.5751620301927687,0.9987490415684795,1.7630852987950112
2014-05-23,5.0,0.5751620301927687,0.995801217224227,1.7696961314740018
2014-05-27,5.0,0.5754904565746946,1.000454854847113,1.7645127733214014
2014-05-28,5.0,0.5732224051115572,0.9961514457382801,1.7641134124087747
2014-05-29,5.0,0.5719427084398366,0.9972216839348116,1.7645127733214014
2014-05-30,5.0,0.5691797546631084,0.9961514457382801,1.7645127733214014
2014-06-02,5.0,0.5684789246881281,0.9959125349131683,1.7720272949503537
2014-06-03,5.0,0.5653162560315,0.9926715864549183,1.7549081610718094
2014-06-04,5.0,0.5684965495534433,0.9954967976607345,1.764681189907199
2014-06-05,5.0,0.5685952793330099,0.9959125349131683,1.7701355991037615
2014-06-06,5.0,0.5692611975744135,0.9924103080172313,1.7884966064153998
2014-06-09,5.0,0.5673699355414408,0.9973044267180794,1.7885404366888282
2014-06-10,5.0,0.5653389502623685,0.9961485587896033,1.7937283318598294
2014-06-11,5.0,0.5596181479391349,0.9938214786961495,1.7989969143509317
2014-06-12,5.0,0.5579015118223909,0.9961485587896033,1.8074406603692363
2014-06-13,5.0,0.5577335365917684,0.9948141225790788,1.8074406603692363
2014-06-16,5.0,0.5624771276590675,0.9937887579046314,1.8043320179773343
2014-06-17,5.0,0.5584512992861006,0.9935615268374967,1.8258099100593794
2014-06-18,5.0,0.5563611185585223,0.9939202153757192,1.829429045014878
2014-06-19,5.0,0.5606778949778513,0.9939666042724637,1.8717210269566373
2014-06-20,5.0,0.5607062511863546,0.9962981045331876,1.885198321164715
2014-06-23,5.0,0.5620186124539991,0.996689120489962,1.883269697221435
2014-06-24,5.0,0.5558083177444118,0.9966896958439089,1.883269697221435
2014-06-25,5.0,0.5529889123744761,0.9990255184580842,1.8800185666409805
2014-06-26,5.0,0.5514876325944211,0.9986449743361077,1.883385737074693
2014-06-27,5.0,0.5529889123744761,0.9982398382193663,1.8866130986746878
2014-06-30,5.0,0.5413662805506283,0.9974912255708229,1.9064600894360573
2014-07-01,5.0,0.5304046174151915,0.9997109152568426,1.9063730846742035
2014-07-02,5.0,0.5322395754937495,0.9977038924088883,1.900465302982387
2014-07-03,5.0,0.5304046174151915,0.9972093532236175,1.9139829032710705
2014-07-07,5.0,0.5202274025981941,0.9974912255708229,1.9156855277905862
2014-07-08,5.0,0.5202274025981941,0.9992452558602296,1.9451142847082317
2014-07-09,5.0,0.5290108977355036,0.998172214623589,1.9451142847082317
2014-07-10,5.0,0.5290108977355036,0.9966915253691466,1.9421022968287875
2014-07-11,5.0,0.5290108977355036,0.9976223036541517,1.9421022968287875
2014-07-14,5.0,0.5259699267843505,0.9967660147058708,1.9421022968287875
2014-07-15,5.0,0.5254021306863007,0.9971227305719859,1.9297423063073926
2014-07-16,5.0,0.5279978259617844,0.9969190849219648,1.9451142847082317
2014-07-17,5.0,0.5202331075696258,0.9976189556848878,1.9395057868060959
2014-07-18,5.0,0.5258547566139018,0.9992148039032498,1.9386752988715243
2014-07-21,5.0,0.5194132206761135,1.0001320826237543,1.951697034626583
2014-07-22,5.0,0.5279978259617844,0.9987259993817457,1.9658311145513445
2014-07-23,5.0,0.5259079722927971,1.0001320826237543,1.9658311145513445
2014-07-24,5.0,0.5259252409541543,1.000227335308041,1.9520679263517
2014-07-25,5.0,0.5279978259617844,0.9987430696239026,1.9453339466556596
2014-07-28,5.0,0.5255284672956355,1.0001320826237543,1.969896127855989
2014-07-29,5.0,0.5122080471713212,1.0010666701340925,2.0016130665466942
2014-07-30,5.0,0.5090436195977528,0.9975654256559618,1.98225638531916
2014-07-31,5.0,0.5090148967518522,0.9967773567959651,2.003232827401148
2014-08-01,5.0,0.5134914154788255,0.9988393698893082,2.0053869960392317
2014-08-04,5.0,0.5135133178559194,0.9996020592957915,2.0078825217732046
2014-08-05,5.0,0.5136011871318289,0.9990777339809236,2.0053869960392317
2014-08-06,5.0,0.5177061735691719,1.0019110511165228,2.0053869960392317
2014-08-07,5.0,0.5176021568976512,1.0006604129645642,2.0212582698140467
2014-08-08,5.0,0.5136011871318289,1.0004895558512712,2.0229005156503086
2014-08-11,5.0,0.5136011871318289,0.9997974932085034,2.0052888074536064
2014-08-12,5.0,0.5099119187973318,1.0016740117179572,2.008154400669345
2014-08-13,5.0,0.5099119187973318,1.0014982176956544,2.0102105289327272
2014-08-14,5.0,0.5084866160929341,1.00174300080106,2.0137373742187745
2014-08-15,5.0,0.5099140175200669,0.9998114112482246,2.0546288401668615
2014-08-18,5.0,0.5176981504948177,1.0010189710866881,2.0347148413228084
2014-08-19,5.0,0.5099140175200669,0.9989638765433755,2.0391507693987405
2014-08-20,5.0,0.5082736986711952,0.9991156970671446,2.0684767993802398
2014-08-21,5.0,0.5065077918582974,0.9972365545569692,2.0727317058950785
2014-08-22,5.0,0.5042154219088869,0.9981686108828063,2.1046658615785594
2014-08-25,5.0,0.49449880591170914,1.0010189710866881,2.090931057974386
2014-08-26,5.0,0.49329634639048126,1.0005503030885436,2.087428622804123
2014-08-27,5.0,0.49262744544494785,0.9977449387619406,2.1101412815379397
2014-08-28,5.0,0.4937615901430704,0.9936810050560108,2.1184353583525772
2014-08-29,5.0,0.49262744544494785,0.992300450174444,2.1184353583525772
2014-09-02,5.0,0.4898147160832076,0.9912968106073754,2.11287461981508
2014-09-03,5.0,0.48982198069743854,0.9930605139635753,2.111195144319996
2014-09-04,5.0,0.48694231719479897,0.9959021394191889,2.1118011243092965
2014-09-05,5.0,0.48611253135339294,0.9935154694488191,2.111167618794207
2014-09-08,5.0,0.48694231719479897,0.9944095476649178,2.105649660557017
2014-09-09,5.0,0.48802520614491063,0.9966352215861225,2.1117722670812245
2014-09-10,5.0,0.488043314710297,0.9978492587257274,2.090732019658928
2014-09-11,5.0,0.4882382180635325,0.9951067064876786,2.097173893528599
2014-09-12,5.0,0.48697626654477294,0.9942852543032699,2.0967380705993977
2014-09-15,5.0,0.4859997114042915,0.9916974581464488,2.0925957618109265
2014-09-16,5.0,0.4863355747958286,0.9916834724561133,2.116783058943655
2014-09-17,5.0,0.4836916720217883,0.9942579756118508,2.116783058943655
2014-09-18,5.0,0.4823692612757379,0.9947053789440852,2.116783058943655
2014-09-19,5.0,0.4837022453624294,0.9898716049684835,2.124429873790103
2014-09-22,5.0,0.48064108338497175,0.9903994301786665,2.124429873790103
2014-09-23,5.0,0.47981596999160253,0.9944774934270819,2.14822155448146
2014-09-24,5.0,0.47826065043132415,0.9945934453375996,2.1795468839685816
2014-09-25,5.0,0.47822087842531374,0.9907145952818386,2.1794364100754193
2014-09-26,5.0,0.48064108338497175,0.9910352937382289,2.1795468839685816
2014-09-29,5.0,0.4825904917258753,0.9886043086457136,2.180777411278073
2014-09-30,5.0,0.48064108338497175,0.9914765586921894,2.180930193907223
2014-10-01,5.0,0.47829352567727257,0.9933896336734882,2.180930193907223
2014-10-02,5.0,0.4793109387539394,0.9924024350339612,2.180930193907223
2014-10-03,5.0,0.4793109387539394,0.9940117561652606,2.187370948864199
2014-10-06,5.0,0.4761248171655708,0.9924024350339612,2.181044392139045
2014-10-07,5.0,0.4706021001882023,0.9940117561652606,2.18107428507117
2014-10-08,5.0,0.47119984629212336,0.9947492636312738,2.18107428507117
2014-10-09,5.0,0.47119984629212336,0.9955204378495789,2.2027343587743675
2014-10-10,5.0,0.47001683507210035,0.9955204378495789,2.2027343587743675
2014-10-13,5.0,0.47119984629212336,0.9949133329632893,2.2052910837564994
2014-10-14,5.0,0.4720758055990808,0.9946736784004666,2.2052910837564994
2014-10-15,5.0,0.4708243399236574,0.9952143201759264,2.222786574468486
2014-10-16,5.0,0.4663690392107275,0.9940068848877228,2.2283104133483125
2014-10-17,5.0,0.4652359773107836,0.9933013050638277,2.2185464450827634
2014-10-20,5.0,0.45944754899493623,0.9969818286401444,2.235989146814354
2014-10-21,5.0,0.45570605315518203,0.9915356118899825,2.2424284007519693
2014-10-22,5.0,0.4556227460955848,0.9898082047634779,2.2424284007519693
2014-10-23,5.0,0.45538867249581133,0.9865369429075931,2.256509285882969
2014-10-24,5.0,0.45566535134822356,0.987243874403787,2.2567987372691682
2014-10-27,5.0,0.45542551566832806,0.9905647111211724,2.261902273998103
2014-10-28,5.0,0.4556271050746742,0.9889173865404464,2.261902273998103
2014-10-29,5.0,0.4601829090554922,0.9898363599010132,2.261905780672222
2014-10-30,5.0,0.4612055719228835,0.9866413607285875,2.261905780672222
2014-10-31,5.0,0.46113932510180966,0.9871107545258048,2.2567987372691682
2014-11-03,5.0,0.4594058957814432,0.9889173865404464,2.261905780672222
2014-11-04,5.0,0.4611001856274405,0.9942641136047339,2.262224368479563
2014-11-05,5.0,0.4611001856274405,0.990622674263066,2.261905780672222
2014-11-06,5.0,0.45944295491497966,0.9902903064189126,2.262224368479563
2014-11-07,5.0,0.45730168696186735,0.9902903064189126,2.261905780672222
2014-11-10,5.0,0.451352932500958,0.9889072554780727,2.2658944254009756
2014-11-11,5.0,0.45228085662725825,0.9889072554780727,2.2658944254009756
2014-11-12,5.0,0.45327058530459047,0.9883742329312819,2.2704385303596784
2014-11-13,5.0,0.4489884825850463,0.990835031706358,2.2704385303596784
2014-11-14,5.0,0.4476314307331709,0.9890375335236746,2.2692118877710645
2014-11-17,5.0,0.45140043819866793,0.990835031706358,2.339686314354997
2014-11-18,5.0,0.4467417148379704,0.9939041603982599,2.356579955346247
2014-11-19,5.0,0.4476314307331709,0.9998523335808029,2.349520645114803
2014-11-20,5.0,0.4476314307331709,0.9998523335808029,2.319737142719589
2014-11-21,5.0,0.4466593472232478,0.9936487493448396,2.298177282431056
2014-11-24,5.0,0.44754283223889396,0.9930380703658894,2.32482203647223
2014-11-25,5.0,0.44754283223889396,0.9919541596840427,2.349582312737171
2014-11-26,5.0,0.45052507765556327,0.9918389872068683,2.337236878954609
2014-11-28,5.0,0.4463527978461247,0.9919541596840427,2.349582312737171
2014-12-01,5.0,0.44104570845240376,0.9887602612386067,2.30600750392435
2014-12-02,5.0,0.4409244639975798,0.988432709841012,2.3494206345907247
2014-12-03,5.0,0.44272440044175787,0.9914122792539944,2.305847678727737
2014-12-04,5.0,0.44007352867145594,0.992314202456538,2.3423906543118167
2014-12-05,5.0,0.43445738674314843,0.9934114217300434,2.3733498934610635
2014-12-08,5.0,0.43624541374507714,0.9937271455529141,2.3843210713274967
2014-12-09,5.0,0.43445984779039226,0.9901774704887124,2.3845194267928482
2014-12-10,5.0,0.4320734622765212,0.9886364033273083,2.3645580332660963
2014-12-11,5.0,0.43363830001286274,0.9903129020889951,2.355184543389599
2014-12-12,5.0,0.43445984779039226,0.9896315757772238,2.3299669976331208
2014-12-15,5.0,0.43447940761992654,0.9933780067243316,2.329908002214944
2014-12-16,5.0,0.43445984779039226,0.9903226616677568,2.3384016927251716
2014-12-17,5.0,0.43445984779039226,0.99025689963288,2.3362869765015266
2014-12-18,5.0,0.4320546512966545,0.9886069208808772,2.3297474433985994
2014-12-19,5.0,0.43053968047761554,0.9900748039825704,2.3072108539242544
2014-12-22,5.0,0.43053968047761554,0.9893127622328246,2.3047453984869706
2014-12-23,5.0,0.4320546512966545,0.9896164587786611,2.3026493283070746
2014-12-24,5.0,0.4345240627031014,0.9925557196173671,2.3227168659335953
2014-12-26,5.0,0.43458228598005333,0.9893127622328246,2.3167351172140105
2014-12-29,5.0,0.4345240627031014,0.9906979812988761,2.337381795517614
2014-12-30,5.0,0.43199062709005653,0.9877935433734053,2.365516742383872
2014-12-31,5.0,0.42892777585786845,0.9837273276655338,2.371336300363747
2015-01-02,5.0,0.43199062709005653,0.9821580476091624,2.409805843368399
2015-01-05,5.0,0.43199062709005653,0.9831429882112308,2.409805843368399
2015-01-06,5.0,0.425247283032953,0.9830541611599213,2.4118479301817657
2015-01-07,5.0,0.4279142090399352,0.9877935433734053,2.3821264428916584
2015-01-08,5.0,0.425247283032953,0.9849696203850482,2.4118479301817657
2015-01-09,5.0,0.4248235971670914,0.983130886703703,2.4123397305277408
2015-01-12,5.0,0.41880085926981686,0.9874051549496838,2.427562501169924
2015-01-13,5.0,0.41752216269109765,0.9869034900097138,2.427562501169924
2015-01-14,5.0,0.4218337964569802,0.9889211192398245,2.4240496166322374
2015-01-15,5.0,0.4227874777294983,0.9886386349397027,2.4241017066824533
2015-01-16,5.0,0.4215115687550773,0.9859554690503651,2.437652494602783
2015-01-20,5.0,0.4241201203388995,0.979936509142774,2.4124131209173867
2015-01-21,5.0,0.4145831600859498,0.984460332081466,2.4124131209173867
2015-01-22,5.0,0.418129845952796,0.9804556886447364,2.4124131209173867
2015-01-23,5.0,0.42421178108128316,0.9785858688898268,2.4299797860250583
2015-01-26,5.0,0.4248686792147434,0.9875672681692083,2.434803241608418
2015-01-27,5.0,0.4248686792147434,0.9867194561335899,2.4299797860250583
2015-01-28,5.0,0.42115825705220145,0.9839520966769822,2.396397455745208
2015-01-29,5.0,0.4176330975945049,0.9854728225243526,2.3944685181205974
2015-01-30,5.0,0.42115825705220145,0.9867194561335899,2.3996186286834966
2015-02-02,5.0,0.41459619068971065,0.9833002238906396,2.4241017066824533
2015-02-03,5.0,0.4249263988238746,0.9817515506390366,2.4752643897987117
2015-02-04,5.0,0.4249263988238746,0.983326746966526,2.477395992568284
2015-02-05,5.0,0.41841196590302665,0.981780506911069,2.4752643897987117
2015-02-06,5.0,0.4104352523011282,0.9774267582519631,2.4878630938120456
2015-02-09,5.0,0.4129884695830947,0.9846744484388988,2.4870707062057384
2015-02-10,5.0,0.4104352523011282,0.9855858089803189,2.488410686254383
2015-02-11,5.0,0.41017377225694046,0.982848272516462,2.511777154373679
2015-02-12,5.0,0.4066198498993646,0.9848704307809844,2.5307405501247993
2015-02-13,5.0,0.40651502773426884,0.9851908702303083,2.5475153732702247
2015-02-17,5.0,0.40942225569368845,0.9846835911846479,2.5475153732702247
2015-02-18,5.0,0.40383027306499447,0.9835607760790951,2.538071507142538
2015-02-19,5.0,0.40656938286835004,0.9851183642931073,2.5305957296342494
2015-02-20,5.0,0.4054742701238644,0.9840514951708544,2.5586911777691563
2015-02-23,5.0,0.4045081097504118,0.9823506681487724,2.5694554537907517
2015-02-24,5.0,0.40224897436679335,0.9834520714992294,2.5694554537907517
2015-02-25,5.0,0.4022537356013968,0.9818395549397152,2.6022595046477606
2015-02-26,5.0,0.4022537356013968,0.9823733451124016,2.6320784545357223
2015-02-27,5.0,0.39943737705637705,0.9837302386914547,2.6641134821374965
2015-03-02,5.0,0.39901892287935914,0.9843285146744292,2.681894707196704
2015-03-03,5.0,0.3994412304642547,0.9850827471045027,2.6641134821374965
2015-03-04,5.0,0.39963245397862573,0.9857218873602562,2.6192493488307433
2015-03-05,5.0,0.397688488224908,0.987188065521782,2.619983107687611
2015-03-06,5.0,0.39696457302841603,0.9923331582625314,2.6641134821374965
2015-03-09,5.0,0.3937539023159177,0.9946799788002839,2.6626283812801828
2015-03-10,5.0,0.39376301843017153,0.9929498793037631,2.6814700775864724
2015-03-11,5.0,0.39173941816427144,0.9921339031583725,2.678831890370265
2015-03-12,5.0,0.39096416574210174,0.9902983526723177,2.678831890370265
2015-03-13,5.0,0.38927731111938163,0.9879230725879089,2.677072996633355
2015-03-16,5.0,0.3935612856320462,0.9879230725879089,2.6189992622710316
2015-03-17,5.0,0.39628650403738025,0.9906196819097987,2.6250412291828082
2015-03-18,5.0,0.392543729453559,0.9896934203661434,2.677270420171546
2015-03-19,5.0,0.392543729453559,0.9859108263457392,2.64804530023204
2015-03-20,5.0,0.392543729453559,0.9837061455407905,2.671979829525506
2015-03-23,5.0,0.39256349201867274,0.9853075012308409,2.671979829525506
2015-03-24,5.0,0.39126248264443864,0.9881343866462,2.682508475967268
2015-03-25,5.0,0.38935852898402573,0.9881343866462,2.6722317992177813
2015-03-26,5.0,0.39044708746912166,0.9904300168935054,2.695513577249794
2015-03-27,5.0,0.39075555573534354,0.990114239364414,2.695513577249794
2015-03-30,5.0,0.39075555573534354,0.9868307552402542,2.7274517296563863
2015-03-31,5.0,0.39075555573534354,0.9875612426824155,2.7274517296563863
2015-04-01,5.0,0.3903339598597801,0.9878357476467852,2.7274517296563863
2015-04-02,5.0,0.39075555573534354,0.9875612426824155,2.7330562477810614
2015-04-06,5.0,0.3912716649959307,0.9866248743158001,2.6960853624766665
2015-04-07,5.0,0.3912716649959307,0.9904854326188545,2.725494672534058
2015-04-08,5.0,0.39392384231259076,0.992667547109406,2.7177208822207892
2015-04-09,5.0,0.3908566187524324,0.9904247528065302,2.720611963436945
2015-04-10,5.0,0.3896922458412265,0.9882444247477213,2.7266750712968233
2015-04-13,5.0,0.39084985431319286,0.9835823159243003,2.722022933622465
2015-04-14,5.0,0.3895700569240516,0.983451012304545,2.666264983908318
2015-04-15,5.0,0.38806778938132974,0.981049398957301,2.695704363281973
2015-04-16,5.0,0.38391837733258816,0.9818649017903179,2.7231376814263193
2015-04-17,5.0,0.38391837733258816,0.9829451264293224,2.7189146872079943
2015-04-20,5.0,0.3833887369221295,0.9825576739239104,2.744107193775495
2015-04-21,5.0,0.38067174672725673,0.9825576739239104,2.759441792638911
2015-04-22,5.0,0.37841061336356097,0.9830926503727277,2.772995100226147
2015-04-23,5.0,0.3798514009587595,0.9798742535723821,2.759441792638911
2015-04-24,5.0,0.3798514009587595,0.9827545045888595,2.786076443884256
2015-04-27,5.0,0.3833020175699727,0.9849001154834135,2.7862727019024747
2015-04-28,5.0,0.3867459311737432,0.9842006992825588,2.7981816580474805
2015-04-29,5.0,0.38477670959739635,0.986063692586219,2.801815572431531
2015-04-30,5.0,0.38477670959739635,0.9873093123519089,2.8030342224850666
2015-05-01,5.0,0.38699726256475653,0.9879075568982778,2.8030342224850666
2015-05-04,5.0,0.3857946490136035,0.9874242069147572,2.7979556393751825
2015-05-05,5.0,0.3784166764862293,0.987793765829588,2.802456184450388
2015-05-06,5.0,0.3785430288321763,0.9933262485237486,2.7862727019024747
2015-05-07,5.0,0.37560662785396576,0.9954067993781146,2.7862727019024747
2015-05-08,5.0,0.36741935257607045,0.9957885198091136,2.7862727019024747
2015-05-11,5.0,0.36741935257607045,0.996467300827603,2.794715479815891
2015-05-12,5.0,0.36906037982318773,0.993446861718,2.786192010049465
2015-05-13,5.0,0.37350660408026876,0.9919570488611845,2.786192010049465
2015-05-14,5.0,0.373479792136709,0.9966848023773103,2.7946700684546406
2015-05-15,5.0,0.36804881763891123,0.9975352990318795,2.774111507525352
2015-05-18,5.0,0.374523804078516,0.9967122675711675,2.774111507525352
2015-05-19,5.0,0.37694261015407227,0.9987294838536533,2.786641044887283
2015-05-20,5.0,0.3769263809308475,0.9989882948937545,2.7862786666413735
2015-05-21,5.0,0.3769263809308475,0.997224576899896,2.7990081476244697
2015-05-22,5.0,0.3735529057532071,0.9964763863359831,2.7990081476244697
2015-05-26,5.0,0.3725411486181118,0.99601949629494,2.7972781501633976
2015-05-27,5.0,0.37049868207214304,0.9954919175027692,2.843171030575843
2015-05-28,5.0,0.36818313002441994,0.9965867277092041,2.867271891695202
2015-05-29,5.0,0.36245994071787946,0.9981821442804351,2.834596821222978
2015-06-01,5.0,0.360572632481647,0.9981821442804351,2.8802202764511735
2015-06-02,5.0,0.360572632481647,0.9960923153054477,2.8786025432602504
2015-06-03,5.0,0.36059661781808966,0.9986656754263881,2.8786025432602504
2015-06-04,5.0,0.360572632481647,1.0009664077882563,2.8804364896586137
2015-06-05,5.0,0.35878836064242176,0.9995011220164893,2.8786025432602504
2015-06-08,5.0,0.35655448691319513,1.002500375040019,2.880442766459742
2015-06-09,5.0,0.35655448691319513,1.002500375040019,2.880442766459742
2015-06-10,5.0,0.34888992465816115,1.0042514688050899,2.920388472080548
2015-06-11,5.0,0.3489492206044725,1.0014874385807335,2.9214492220226145
2015-06-12,5.0,0.3503622052852175,1.0045314502418865,2.9182026584354706
2015-06-15,5.0,0.3503622052852175,1.0055722846526605,2.9179849900640216
2015-06-16,5.0,0.3523251575416492,1.006102927890536,2.911579575445957
2015-06-17,5.0,0.35167989722601795,1.0045314502418865,2.973927476920246
2015-06-18,5.0,0.3478939563644945,1.0061092343154563,2.973927476920246
2015-06-19,5.0,0.3484697142112973,1.0065671680269852,2.9508809578852446
2015-06-22,5.0,0.3484697142112973,1.004483986866571,2.9797473663392178
2015-06-23,5.0,0.34992139327337146,1.00436996273392,2.9239761033378615
2015-06-24,5.0,0.3522929543643206,1.0077421847256272,2.91822119169513
2015-06-25,5.0,0.34993896275384956,1.0088609058193396,2.9245402659009123
2015-06-26,5.0,0.352682814737851,1.0076265082028468,2.9148634532236977
2015-06-29,5.0,0.34990870623339737,1.0080845267018859,2.916061266761882
2015-06-30,5.0,0.34797491965230837,1.0075508251427499,2.916061266761882
2015-07-01,5.0,0.34794946069739,1.007572332229369,2.9481494134937534
2015-07-02,5.0,0.3474721220209088,1.0069648510002254,2.9845189659583475
2015-07-06,5.0,0.3474721220209088,1.0060304490966783,3.0328857415464543
2015-07-07,5.0,0.34773978996126376,1.0043905224969405,3.041516802864242
2015-07-08,5.0,0.3478001632738801,1.0038691476491293,3.041516802864242
2015-07-09,5.0,0.3499043590471225,1.0042700682194903,3.04195864030437
2015-07-10,5.0,0.3478001632738801,1.0057965331482492,3.0415454007143556
2015-07-13,5.0,0.3478001632738801,1.0007281859251012,3.0714886953271554
2015-07-14,5.0,0.34940737616694706,1.0043572004183154,3.0666411450271975
2015-07-15,5.0,0.3499702488217614,1.001038285828379,3.0666411450271975
2015-07-16,5.0,0.3497432751801634,1.0008853332919638,3.065662490114648
2015-07-17,5.0,0.3497432751801634,1.0014669875097777,3.065662490114648
2015-07-20,5.0,0.349739154068504,1.0006812590462657,3.061736580054503
2015-07-21,5.0,0.34775721685734046,1.0000845655855715,3.0460861159354846
2015-07-22,5.0,0.34598610871715907,0.9975527236179682,3.0415454007143556
2015-07-23,5.0,0.34209156578055355,0.9973592015158628,3.0460861159354846
2015-07-24,5.0,0.34209156578055355,1.0003232779919924,3.04678694740163
2015-07-27,5.0,0.34599071087833133,0.9993107191982891,3.0415454007143556
2015-07-28,5.0,0.3469121420565737,1.0002137970555607,3.0200604481301827
2015-07-29,5.0,0.34749473917134693,1.0007310132657334,3.041856998578435
2015-07-30,5.0,0.34599071087833133,1.0002137970555607,3.055246050538135
2015-07-31,5.0,0.3471265138711643,0.9969950122326846,3.055246050538135
2015-08-03,5.0,0.34782959316687573,0.998327842349503,3.05923443464716
2015-08-04,5.0,0.34786693504512256,0.9993355795070851,3.05923443464716
2015-08-05,5.0,0.3462724322121394,0.993963568774781,3.0533257058199164
2015-08-06,5.0,0.34786693504512256,0.9955078723060395,3.0827879545405
2015-08-07,5.0,0.3424204397846507,0.9986123861162517,3.084255574937552
2015-08-10,5.0,0.3438238091143252,0.9992655519153603,3.0856090613461262
2015-08-11,5.0,0.3424204397846507,0.9994238924943086,3.0856090613461262
2015-08-12,5.0,0.34459246376840796,0.9991253039999156,3.1438829367239265
2015-08-13,5.0,0.34537969740080887,0.99554369023694,3.0786049944332436
2015-08-14,5.0,0.34538772167265347,0.9967665765471376,3.0856090613461262
2015-08-17,5.0,0.34342676379462367,0.9944148462835762,3.104726368270877
2015-08-18,5.0,0.34342676379462367,0.9922013689636132,3.1053004628911243
2015-08-19,5.0,0.34173811669534815,0.9920746658892696,3.07071775977625
2015-08-20,5.0,0.34173811669534815,0.9908067117810637,3.0553287958583493
2015-08-21,5.0,0.3417372227748193,0.9923631719674857,3.077740710347784
2015-08-24,5.0,0.3417372227748193,0.9916985250335465,3.0441588079682287
2015-08-25,5.0,0.34171258670824334,0.9874447306217211,3.0552172643191455
2015-08-26,5.0,0.34307727255447135,0.9859582943313094,3.0552172643191455
2015-08-27,5.0,0.3371248980265469,0.9866934248497939,3.05865955671367
2015-08-28,5.0,0.3371469088658673,0.9881009180869331,3.083652527583305
2015-08-31,5.0,0.3365929258991118,0.9882794802557688,3.0868896471631415
2015-09-01,5.0,0.3399857369262045,0.9882794802557688,3.0909583445895823
2015-09-02,5.0,0.34337283132495633,0.9948703789353885,3.1004835943710827
2015-09-03,5.0,0.33713507580948104,0.9940650330903715,3.0979167521263435
2015-09-04,5.0,0.33801974125491824,0.9897725429708235,3.0979167521263435
2015-09-08,5.0,0.33475622411198097,0.9894072372620027,3.110822866634038
2015-09-09,5.0,0.33326767940841756,0.9894897318313988,3.1004835943710827
2015-09-10,5.0,0.3333879531684715,0.9894665102194626,3.1275813229519462
2015-09-11,5.0,0.33798177044879624,0.9880353121461245,3.1472957875233694
2015-09-14,5.0,0.33326767940841756,0.9882337630061715,3.1666161560630486
2015-09-15,5.0,0.3368340695574347,0.9841625656482008,3.169511736645291
2015-09-16,5.0,0.33306033731799684,0.9823348896972263,3.1922589688205565
2015-09-17,5.0,0.3321188261793,0.984286826950473,3.214701734192786
2015-09-18,5.0,0.3307557775402088,0.9878165798572862,3.214701734192786
2015-09-21,5.0,0.3310045401561145,0.9882337630061715,3.2656771037108734
2015-09-22,5.0,0.326106604599093,0.9878165798572862,3.2744898726892218
2015-09-23,5.0,0.3267849470977751,0.9883046420840165,3.2744898726892218
2015-09-24,5.0,0.32624858025478526,0.987161929024072,3.3350513554266197
2015-09-25,5.0,0.32679685989460294,0.9917038440611636,3.3571617383238475
2015-09-28,5.0,0.33090243943968856,0.9926711136343125,3.4614535133588924
2015-09-29,5.0,0.33321650667119057,0.9887759948240937,3.3913505407264593
2015-09-30,5.0,0.33321650667119057,0.9863115033029974,3.389994181877882
2015-10-01,5.0,0.33174737819230576,0.989277139827663,3.3751781017017564
2015-10-02,5.0,0.3294989925216903,0.9862736496123904,3.35793770135486
2015-10-05,5.0,0.32438628168443845,0.9903730296636988,3.363782780554813
2015-10-06,5.0,0.3214366225270951,0.9935571662639906,3.37503233149941
2015-10-07,5.0,0.32141659439258374,0.9926711136343125,3.363782780554813
2015-10-08,5.0,0.32007677340978086,0.9919166481648529,3.363782780554813
2015-10-09,5.0,0.31993660950617187,0.9965934874423402,3.4090076727269
2015-10-12,5.0,0.32147091662170746,0.9965934874423402,3.409031054743718
2015-10-13,5.0,0.3214388036360033,0.9950561582209905,3.385811552760724
2015-10-14,5.0,0.33021657050379377,0.9960869330018736,3.4234712574282296
2015-10-15,5.0,0.33269567261571414,0.9965934874423402,3.422599717456177
2015-10-16,5.0,0.3302226121369416,0.9969279561140758,3.383838829344683
2015-10-19,5.0,0.33021657050379377,0.9976349824982915,3.452334671589841
2015-10-20,5.0,0.3241460605633581,0.9941643880227864,3.452334671589841
2015-10-21,5.0,0.32469725541017574,0.9953663109876765,3.4279478694146976
2015-10-22,5.0,0.3227301386234993,0.9971106317766774,3.426594132834367
2015-10-23,5.0,0.3234463614212277,0.9923465296704783,3.426594132834367
2015-10-26,5.0,0.3227301386234993,0.9900103135344596,3.4284905957251763
2015-10-27,5.0,0.3226422839906751,0.9907277525415141,3.4279478694146976
2015-10-28,5.0,0.32491833388388947,0.989831070817973,3.390167421866377
2015-10-29,5.0,0.3200117109907456,0.989831070817973,3.3814255611346735
2015-10-30,5.0,0.3178846003874828,0.989831070817973,3.3832564143648685
2015-11-02,5.0,0.3188604415501977,0.9913418534279153,3.3527823186589063
2015-11-03,5.0,0.31588261010906593,0.9929321207310283,3.3527823186589063
2015-11-04,5.0,0.3139549463035571,0.9969867752633499,3.3678199145716
2015-11-05,5.0,0.31332240158119473,0.9985616192445712,3.3896492958900772
2015-11-06,5.0,0.3121523841771378,0.9936218949559061,3.4057767983501823
2015-11-09,5.0,0.3119398303396052,0.9952805300136269,3.3572586732810206
2015-11-10,5.0,0.31193578700236846,0.9951935517346813,3.369010318754544
2015-11-11,5.0,0.3119398303396052,0.9941231329231273,3.395057102683594
2015-11-12,5.0,0.3110722682998948,0.9961548815234729,3.4317159390433503
2015-11-13,5.0,0.31191842570900435,0.9961548815234729,3.3898973492917657
2015-11-16,5.0,0.3110722682998948,0.9967589310795815,3.4522290049907998
2015-11-17,5.0,0.31191842570900435,0.9913266486364063,3.431846204022646
2015-11-18,5.0,0.31534751561685564,0.99489002688074,3.509362111301772
2015-11-19,5.0,0.31320859297754533,0.9922665494986171,3.4798130099289115
2015-11-20,5.0,0.3108085447966049,0.9955874973942415,3.5110859079914056
2015-11-23,5.0,0.30666517157893414,0.9963344636726741,3.5207715293777686
2015-11-24,5.0,0.30666517157893414,0.9955874973942415,3.5207715293777686
2015-11-25,5.0,0.30666517157893414,1.0005135992973897,3.5113941126726678
2015-11-27,5.0,0.30382648338889817,1.0005135992973897,3.446636534400981
2015-11-30,5.0,0.30333140099223527,1.0009834742221826,3.533053061137659
2015-12-01,5.0,0.30552219996339186,1.0009834742221826,3.5085053230627565
2015-12-02,5.0,0.30613714987703955,0.9984676978139191,3.4770987990497573
2015-12-03,5.0,0.30130004498148083,0.9953572214433988,3.4912746133484656
2015-12-04,5.0,0.3005982868334791,0.996856329645106,3.4775490150422597
2015-12-07,5.0,0.30130004498148083,0.996447127077219,3.5330351865217353
2015-12-08,5.0,0.3060306450056435,0.996934923285946,3.5472455415835658
2015-12-09,5.0,0.3067224223550914,0.9960986275955717,3.5824627832941447
2015-12-10,5.0,0.3056969618859655,0.9953572214433988,3.5906804105059895
2015-12-11,5.0,0.30130004498148083,0.993349579280046,3.5823840649524774
2015-12-14,5.0,0.3005982868334791,0.9958767735065144,3.57726590005201
2015-12-15,5.0,0.2994982899571187,0.9953720522003321,3.553722414083694
2015-12-16,5.0,0.3013169133816722,0.9987593657779668,3.5475373660735974
2015-12-17,5.0,0.30057444371265024,1.000233032418517,3.544531209727666
2015-12-18,5.0,0.30057444371265024,1.0045290796240796,3.553722414083694
2015-12-21,5.0,0.30065082811855526,1.0081403237209998,3.5553515629797676
2015-12-22,5.0,0.3005976055129208,1.0045290796240796,3.544531209727666
2015-12-23,5.0,0.29951727695036207,0.9995063681567861,3.547565723207043
2015-12-24,5.0,0.30057444371265024,0.9977805660520975,3.644214630539226
2015-12-28,5.0,0.30057444371265024,0.9950053036441349,3.644214630539226
2015-12-29,5.0,0.3003311364842105,0.9994901946700674,3.5556910250350553
2015-12-30,5.0,0.3001638277656261,0.9935619923860795,3.5556910250350553
2015-12-31,5.0,0.2993670684531951,0.996736167823371,3.5556910250350553
2016-01-04,5.0,0.3001638277656261,1.0002298489940766,3.5901365452586096
2016-01-05,5.0,0.29938140872432595,1.0007099320638566,3.621721649135271
2016-01-06,5.0,0.2977879401942621,0.9988308381247838,3.590969314345115
2016-01-07,5.0,0.2956329502004996,1.0019572030414516,3.644221205577336
2016-01-08,5.0,0.2951275654635163,0.9937463642382298,3.644221205577336
2016-01-11,5.0,0.2951275654635163,0.992001537942866,3.644221205577336
2016-01-12,5.0,0.2951275654635163,0.9914682218006295,3.6508844380482928
2016-01-13,5.0,0.2955076451508788,0.9901703564449125,3.644221205577336
2016-01-14,5.0,0.29549153995384553,0.9925842492312617,3.6446943827493663
2016-01-15,5.0,0.2944511256665095,0.995238359459738,3.623621246005329
2016-01-19,5.0,0.2944511256665095,0.9915183957908955,3.6234903871863953
2016-01-20,5.0,0.2944511256665095,0.9915183957908955,3.593655973094833
2016-01-21,5.0,0.2944511256665095,0.9904352854176908,3.593655973094833
2016-01-22,5.0,0.2944511256665095,0.9864725811417119,3.6305383988696645
2016-01-25,5.0,0.2943367136784331,0.9864725811417119,3.6234903871863953
2016-01-26,5.0,0.29442994210870654,0.9865614649055405,3.6112637577051427
2016-01-27,5.0,0.29245758668059785,0.9896304216807108,3.630325342352716
2016-01-28,5.0,0.28799785166865294,0.9915171003614169,3.630325342352716
2016-01-29,5.0,0.2925585196420153,0.9904784427658516,3.621288897653403
2016-02-01,5.0,0.29203587072446846,0.9899623140037753,3.630325342352716
2016-02-02,5.0,0.29095054675848425,0.9879482191176021,3.630325342352716
2016-02-03,5.0,0.28985058812684616,0.9895606681077502,3.646048622410448
2016-02-04,5.0,0.2898601221393813,0.9895606681077502,3.6374565008479007
2016-02-05,5.0,0.28192021023743935,0.9875289085969101,3.637476793253427
2016-02-08,5.0,0.2829707097686221,0.9882392125776471,3.6389163858876437
2016-02-09,5.0,0.2829508871375861,0.9846948044040608,3.607864316431057
2016-02-10,5.0,0.2829312843890456,0.9899623140037753,3.6841298886016576
2016-02-11,5.0,0.28026549690382563,0.9894844336256607,3.657309659563331
2016-02-12,5.0,0.28026549690382563,0.988869001641492,3.6656163849666332
2016-02-16,5.0,0.2803607458576066,0.9899971616783882,3.6811296271373295
2016-02-17,5.0,0.27961218915435476,0.9931429185102605,3.6393918876351257
2016-02-18,5.0,0.28268728393925396,0.9931429185102605,3.604858142855157
2016-02-19,5.0,0.28036263755459234,0.9952883871883245,3.5873182614661316
2016-02-22,5.0,0.2776495894697774,0.9905086247798112,3.601044823038903
2016-02-23,5.0,0.2803181627698695,0.9914679556876567,3.599841937869663
2016-02-24,5.0,0.28593859470034694,0.9964611204818485,3.566926512483962
2016-02-25,5.0,0.28895479178825045,0.9965531168165113,3.5756409912602836
2016-02-26,5.0,0.2891953062389749,0.9928649517505759,3.5755237601865733
2016-02-29,5.0,0.28895479178825045,0.9962922876465987,3.599938114513061
2016-03-01,5.0,0.2891953062389749,0.999366437808241,3.6077113060773094
2016-03-02,5.0,0.2891953062389749,1.0010994875107215,3.624331549194805
2016-03-03,5.0,0.28895479178825045,1.0025251771947414,3.6371256937646654
2016-03-04,5.0,0.28178040099462554,1.0025251771947414,3.6371256937646654
2016-03-07,5.0,0.28076208471105324,1.0033123420257413,3.6371256937646654
2016-03-08,5.0,0.28178040099462554,1.0010695625648613,3.6077113060773094
2016-03-09,5.0,0.2808229236687202,0.9994920201757602,3.6067530871891655
2016-03-10,5.0,0.2789524271262725,1.0014312896145026,3.6037438926707352
2016-03-11,5.0,0.2776531067204307,1.0010695625648613,3.5281987327891335
2016-03-14,5.0,0.2775953952805212,1.0026329050669944,3.540669372400728
2016-03-15,5.0,0.28079389434344026,1.00277767570427,3.5946922831226784
2016-03-16,5.0,0.28230975657941976,1.0017472052035077,3.5820551510868666
2016-03-17,5.0,0.27763888861306146,1.0020475373708166,3.5823270129413713
2016-03-18,5.0,0.27563920349275034,0.9967800136237837,3.6003041714697113
2016-03-21,5.0,0.2763330207050426,0.9959642415836489,3.653399147993102
2016-03-22,5.0,0.27198388601197787,0.9940940041025775,3.6655468734746854
2016-03-23,5.0,0.27107698669205227,0.9946599229064574,3.653399147993102
2016-03-24,5.0,0.269049064580545,0.99968145399203,3.6655468734746854
2016-03-28,5.0,0.2690454528669844,1.0029285813114148,3.6565547288594273
2016-03-29,5.0,0.26930604691157495,1.0022974430676166,3.653399147993102
2016-03-30,5.0,0.2710368738492348,0.9975480293217995,3.6340599716105833
2016-03-31,5.0,0.2693281361547965,1.0031877892788326,3.6831146073973065
2016-04-01,5.0,0.2693281361547965,0.9967308386045335,3.6896694518732476
2016-04-04,5.0,0.26930604691157495,0.9987141463475001,3.6896694518732476
2016-04-05,5.0,0.2693072145453438,0.9959544401879081,3.6996649297282427
2016-04-06,5.0,0.26930604691157495,0.9987141463475001,3.6959705198884807
2016-04-07,5.0,0.26930604691157495,0.9934605186357366,3.6796714681315223
2016-04-08,5.0,0.26899733366082235,0.9954810441202389,3.648530262755622
2016-04-11,5.0,0.2686311892160122,0.9952263971007165,3.691542056702771
2016-04-12,5.0,0.26908905889042667,0.9988051915783922,3.6923064108250228
2016-04-13,5.0,0.26856492427893314,0.9925643949946206,3.695616266756111
2016-04-14,5.0,0.26861527993305884,0.9912205069289217,3.708843819625693
2016-04-15,5.0,0.2684147389350986,0.9903948230473255,3.695616266756111
2016-04-18,5.0,0.2675603136324646,0.9937373132191624,3.691784025444243
2016-04-19,5.0,0.2675603136324646,0.9900412684619423,3.6265412001187594
2016-04-20,5.0,0.26741755443456977,0.9947359586617209,3.601807004381798
2016-04-21,5.0,0.2693024308336017,0.990818689003214,3.7094527918296434
2016-04-22,5.0,0.2692945906115118,0.9899166643993492,3.741445328774938
2016-04-25,5.0,0.27048163913922507,0.9872436781485513,3.7478600737860255
2016-04-26,5.0,0.27433999949294646,0.9837835386933522,3.7478600737860255
2016-04-27,5.0,0.2722714912784948,0.9843347291057267,3.7478600737860255
2016-04-28,5.0,0.2691593792322851,0.9795453103164058,3.7808811793146964
2016-04-29,5.0,0.2691661656953907,0.9810863310104068,3.7700412902345044
2016-05-02,5.0,0.2692465536307151,0.9794410366216865,3.7094527918296434
2016-05-03,5.0,0.2712830731622934,0.9811876754249584,3.6700649772204192
2016-05-04,5.0,0.27071550707769876,0.9788150156409077,3.7224605137149407
2016-05-05,5.0,0.27086955640421806,0.9786119149275666,3.7224605137149407
2016-05-06,5.0,0.2713173701039258,0.9809059918494322,3.747998962308302
2016-05-09,5.0,0.27065870623300675,0.9830669729648462,3.786297831683508
2016-05-10,5.0,0.27065870623300675,0.9787940194453448,3.7274055267405743
2016-05-11,5.0,0.2671752490739441,0.9809059918494322,3.6948236708869024
2016-05-12,5.0,0.2671752490739441,0.9830557458014444,3.7342387579376104
2016-05-13,5.0,0.2766748623361073,0.9830557458014444,3.7480629195656134
2016-05-16,5.0,0.27776695493849385,0.9801505818693996,3.7480594993058
2016-05-17,5.0,0.27869126468723543,0.9788150156409077,3.787348793660685
2016-05-18,5.0,0.27776695493849385,0.9733245095577009,3.793769248837858
2016-05-19,5.0,0.27309492154598924,0.976190030140623,3.788916419301637
2016-05-20,5.0,0.2731216617224528,0.9775380669592864,3.796314010482367
2016-05-23,5.0,0.2622180800948357,0.9786787349370658,3.8229921376482205
2016-05-24,5.0,0.2601817261151132,0.9759313708705356,3.8229921376482205
2016-05-25,5.0,0.2601817261151132,0.9761461118117145,3.8229921376482205
2016-05-26,5.0,0.26117157218000536,0.9813527859318791,3.8324220497754564
2016-05-27,5.0,0.26117157218000536,0.9824730003314464,3.8324220497754564
2016-05-31,5.0,0.2619926637415831,0.9829584814665355,3.83290147892787
2016-06-01,5.0,0.2619926637415831,0.9829584814665355,3.868094243084425
2016-06-02,5.0,0.26121419188555794,0.9810797634233748,3.923669082601851
2016-06-03,5.0,0.2575319269611311,0.9851064649007044,3.923669082601851
2016-06-06,5.0,0.2575319269611311,0.9837388612367686,3.9239428643089873
2016-06-07,5.0,0.2575319269611311,0.9749125445791015,3.9065898979901736
2016-06-08,5.0,0.2573451749733869,0.9758381935336515,3.9062106238436693
2016-06-09,5.0,0.2575319269611311,0.9795651899679827,3.9062106238436693
2016-06-10,5.0,0.2573451749733869,0.9782438001131877,3.907335706675414
2016-06-13,5.0,0.2573451749733869,0.9724602899957313,3.907335706675414
2016-06-14,5.0,0.2573451749733869,0.9715273019735805,3.9061963388378964
2016-06-15,5.0,0.25718088722071974,0.973123393717263,3.9061963388378964
2016-06-16,5.0,0.2550754426779039,0.9788927197486244,3.9080688442296383
2016-06-17,5.0,0.25421465675512306,0.9814872411887219,3.9080688442296383
2016-06-20,5.0,0.25499156170189136,0.9823093442734723,3.9080688442296383
2016-06-21,5.0,0.2540901065876499,0.9814872411887219,3.937463463557609
2016-06-22,5.0,0.25186921045186345,0.9795616918854056,3.937463463557609
2016-06-23,5.0,0.2549570960205805,0.9783025828092715,3.9373742242455343
2016-06-24,5.0,0.2559052763328784,0.9758434075363499,3.9373742242455343
2016-06-27,5.0,0.2559031255386217,0.9828302766094625,3.8960844375865986
2016-06-28,5.0,0.25288090814838937,0.9775698001744246,3.8867490997900287
2016-06-29,5.0,0.25288090814838937,0.9778327039516413,3.8864103221380817
2016-06-30,5.0,0.2518597705110177,0.9818032075955152,3.8867490997900287
2016-07-01,5.0,0.24954490375592484,0.9835222867137685,3.8835876569648833
2016-07-05,5.0,0.2518615008873129,0.9778327039516413,3.8821367841409
2016-07-06,5.0,0.2518615008873129,0.978638882973909,3.872991287199041
2016-07-07,5.0,0.24954490375592484,0.978638882973909,3.8748064534332807
2016-07-08,5.0,0.24903236580692795,0.9709984492009847,3.92947679856588
2016-07-11,5.0,0.24934972695358593,0.9771066751235592,3.93999530861507
2016-07-12,5.0,0.2533699976384811,0.9763920798292051,3.93999530861507
2016-07-13,5.0,0.2514315619951123,0.972054655111031,3.93999530861507
2016-07-14,5.0,0.25059424978547146,0.9734481232972934,3.9360386348164984
2016-07-15,5.0,0.25059424978547146,0.9727729239743621,3.936064798885714
2016-07-18,5.0,0.24944614398823653,0.9712407716229974,3.93999530861507
2016-07-19,5.0,0.24935902073595742,0.9715539676860487,4.027358911629837
2016-07-20,5.0,0.25226349996180614,0.9730028313489442,4.027358911629837
2016-07-21,5.0,0.2530098968093972,0.9715539676860487,4.027358911629837
2016-07-22,5.0,0.254556263523973,0.972409100432837,4.027358911629837
2016-07-25,5.0,0.2522807658780168,0.9737062799960886,4.027358911629837
2016-07-26,5.0,0.2528520606178378,0.9745568619874146,3.9711855078253198
2016-07-27,5.0,0.2522488672494632,0.9733802711405619,3.948899474989124
2016-07-28,5.0,0.25002357400409786,0.9700428308185918,3.948899474989124
2016-07-29,5.0,0.2522488672494632,0.9700428308185918,4.027358911629837
2016-08-01,5.0,0.2522775225147394,0.973146950048102,4.029120159015361
2016-08-02,5.0,0.2511551333222722,0.9725812623163124,4.030180473848109
2016-08-03,5.0,0.25002357400409786,0.9697922087532047,4.028394365632042
2016-08-04,5.0,0.24869471514739105,0.9697922087532047,4.051041168275881
2016-08-05,5.0,0.24936273016558105,0.973683674619435,4.02876789331152
2016-08-08,5.0,0.24935971592033215,0.9739124472363394,4.017074986553876
2016-08-09,5.0,0.24684722440718607,0.9720558740247831,4.005750555186327
2016-08-10,5.0,0.2449922000400129,0.974011872922921,4.017074986553876
2016-08-11,5.0,0.24498939710362047,0.9709719886894863,4.017074986553876
2016-08-12,5.0,0.24400526281862908,0.9739124472363394,4.100476413753751
2016-08-15,5.0,0.2415345549100969,0.976391397727188,4.1043071282732715
2016-08-16,5.0,0.2403727139935745,0.9799165710226294,4.0624318015727425
2016-08-17,5.0,0.24123621200717627,0.9771173241222391,4.104167075358587
2016-08-18,5.0,0.2403727139935745,0.9767470732152284,4.070022530338283
2016-08-19,5.0,0.24022162887740922,0.9772658575142621,4.096643513736331
2016-08-22,5.0,0.23737309665160006,0.976603769895561,4.06592277247684
2016-08-23,5.0,0.24015154723946083,0.9772658575142621,4.058974294098232
2016-08-24,5.0,0.2422318117020314,0.9734516736252622,4.062524531393459
2016-08-25,5.0,0.24223103362735532,0.9760655792050752,4.026358998174635
2016-08-26,5.0,0.24226206902722003,0.9760206072463439,4.032857113148052
2016-08-29,5.0,0.24502260159679803,0.9734516736252622,4.032857113148052
2016-08-30,5.0,0.24100840314797203,0.9717702787574782,4.025625624758332
2016-08-31,5.0,0.24100840314797203,0.9734831457647659,4.025512897293432
2016-09-01,5.0,0.2404423228611246,0.9750259260326581,4.025625624758332
2016-09-02,5.0,0.24100840314797203,0.9780822389268082,4.032348954233264
2016-09-06,5.0,0.24100840314797203,0.9765794613784082,4.005077163953668
2016-09-07,5.0,0.24110151686353887,0.9750259260326581,4.025850839259846
2016-09-08,5.0,0.24101336501765042,0.9744989882022727,3.9928997904813426
2016-09-09,5.0,0.2401603235919012,0.9767090945184531,4.026430987826942
2016-09-12,5.0,0.23737897791952295,0.9775120527158725,3.9959346916233
2016-09-13,5.0,0.23703834063019433,0.9761354939241748,4.006783048387484
2016-09-14,5.0,0.23703834063019433,0.9754557217937132,4.026524565154965
2016-09-15,5.0,0.23703834063019433,0.9727280944881342,4.07050814368689
2016-09-16,5.0,0.23613579863782166,0.9727280944881342,4.006783048387484
2016-09-19,5.0,0.22985039579821395,0.9732949990222493,3.9964135623422257
2016-09-20,5.0,0.23346504085437675,0.9716118119477755,3.9964135623422257
2016-09-21,5.0,0.23532789755546146,0.9667459205713893,4.030049055836086
2016-09-22,5.0,0.22703362383066797,0.9694230276183883,4.222814924742858
2016-09-23,5.0,0.22703362383066797,0.9710231351437847,4.222814924742858
2016-09-26,5.0,0.2251668859744446,0.9764457590279767,4.04453031453525
2016-09-27,5.0,0.2267765138266641,0.9764045728466046,4.042245234999428
2016-09-28,5.0,0.22703362383066797,0.9774783388262871,4.118747942123593
2016-09-29,5.0,0.2267765138266641,0.9803129181724057,4.139876905291664
2016-09-30,5.0,0.2238381962531533,0.9830989064661112,4.1675506709180015
2016-10-03,5.0,0.22296761340584215,0.9814244688118403,4.181419816897116
2016-10-04,5.0,0.22296761340584215,0.9864573405851391,4.2703633939728585
2016-10-05,5.0,0.22355712373958683,0.9836918264424683,4.281887946255764
2016-10-06,5.0,0.22161692287584778,0.9859542219008715,4.308770432213156
2016-10-07,5.0,0.22161692287584778,0.9851038716080655,4.303994969260526
2016-10-10,5.0,0.22116502608993213,0.984718950229819,4.303994969260526
2016-10-11,5.0,0.22116502608993213,0.9907238171367063,4.309774243735798
2016-10-12,5.0,0.22161232564468178,0.9869109761033723,4.283419046080431
2016-10-13,5.0,0.22253389011193206,0.9819899785249173,4.309774243735798
2016-10-14,5.0,0.22116502608993213,0.9817228303261628,4.332688427003605
2016-10-17,5.0,0.22132545989746968,0.9819899785249173,4.243554932360795
2016-10-18,5.0,0.22132072692145338,0.9734277155471585,4.259888197832903
2016-10-19,5.0,0.2209804400252955,0.9727105514790859,4.3288162991176
2016-10-20,5.0,0.2209804400252955,0.9711185390898787,4.356912951341959
2016-10-21,5.0,0.21947091028256505,0.969762730948736,4.357978069037908
2016-10-24,5.0,0.21823689158682064,0.9676960203896889,4.377544625565312
2016-10-25,5.0,0.21823411647493685,0.9721936829654901,4.377544625565312
2016-10-26,5.0,0.2192513254233753,0.9766435459775482,4.359820210806573
2016-10-27,5.0,0.2210234615532161,0.973643940004397,4.416702314646271
2016-10-28,5.0,0.21822962937142645,0.9727157800119488,4.434909672103005
2016-10-31,5.0,0.21923243327783776,0.9769066822829757,4.409592995751322
2016-11-01,5.0,0.2193329172502886,0.9737716721872294,4.43111380977273
2016-11-02,5.0,0.2193470876194466,0.9754722360660049,4.43111380977273
2016-11-03,5.0,0.2193470876194466,0.9760167954072997,4.3782344313455095
2016-11-04,5.0,0.21728467830559767,0.9723490711179323,4.3782344313455095
2016-11-07,5.0,0.21686179823879403,0.9718936708170847,4.431713423465488
2016-11-08,5.0,0.21393789682858272,0.9666719122360856,4.3782344313455095
2016-11-09,5.0,0.2167628524644814,0.9675345654678393,4.351312071140207
2016-11-10,5.0,0.21610689173157002,0.9703872003150245,4.35267286234518
2016-11-11,5.0,0.21206638397691402,0.9651114466460573,4.286503646066202
2016-11-14,5.0,0.21163825679285422,0.9669935253456525,4.269026791354211
2016-11-15,5.0,0.21157178227673623,0.9720703182788208,4.269211122371404
2016-11-16,5.0,0.2115951280093953,0.9728593447358136,4.293753950187
2016-11-17,5.0,0.21206777313726852,0.9837473952114941,4.293753950187
2016-11-18,5.0,0.21302789706619385,0.9848299385077489,4.244240886191876
2016-11-21,5.0,0.21302789706619385,0.9843944998507005,4.29231315722165
2016-11-22,5.0,0.21302789706619385,0.9831996828739401,4.295145373506822
2016-11-23,5.0,0.21068424026292576,0.9795024129752146,4.295145373506822
2016-11-25,5.0,0.20920843174009615,0.9801600211384749,4.400560691435193
2016-11-28,5.0,0.21068424026292576,0.978346750327698,4.295705103610793
2016-11-29,5.0,0.21060335976065445,0.9753869730572724,4.325705160306578
2016-11-30,5.0,0.2060869549829404,0.9779663978928896,4.293794159902713
2016-12-01,5.0,0.20804381200055028,0.9706001808900636,4.401086780076702
2016-12-02,5.0,0.21616073438896613,0.9806209481147914,4.401086780076702
2016-12-05,5.0,0.21616073438896613,0.9806209481147914,4.344856934190044
2016-12-06,5.0,0.21124356442369538,0.9806209481147914,4.356309747799217
2016-12-07,5.0,0.21124356442369538,0.9813045258164639,4.343730723494592
2016-12-08,5.0,0.21124356442369538,0.9838585826714827,4.355337426613635
2016-12-09,5.0,0.21124356442369538,0.9902259205660362,4.356309747799217
2016-12-12,5.0,0.21124356442369538,0.9890973539559373,4.382605572489864
2016-12-13,5.0,0.21111121978935599,0.9833107249751987,4.382605572489864
2016-12-14,5.0,0.20752685001172075,0.9845654579891422,4.383303655300092
2016-12-15,5.0,0.2072548958430815,0.9843730275178346,4.383303655300092
2016-12-16,5.0,0.2072548958430815,0.9826818212423767,4.3828506054989065
2016-12-19,5.0,0.2055688327302552,0.9773015916930999,4.4104863350850225
2016-12-20,5.0,0.20724000935235798,0.9778463248701978,4.379937599564957
2016-12-21,5.0,0.2072262163874742,0.9791431327649709,4.428854553083508
2016-12-22,5.0,0.2072262163874742,0.9773015916930999,4.45061175889164
2016-12-23,5.0,0.2072262163874742,0.973890585041252,4.4104863350850225
2016-12-27,5.0,0.2072006458352174,0.9774113362279355,4.391675842948515
2016-12-28,5.0,0.20455161913794653,0.9733362753183685,4.3921288927497
2016-12-29,5.0,0.20455161913794653,0.9716624084603165,4.353532805842401
2016-12-30,5.0,0.20418989900932727,0.9739177561009983,4.3921288927497
2017-01-03,5.0,0.20455161913794653,0.9716624084603165,4.3921288927497
2017-01-04,5.0,0.20455161913794653,0.9657587315642442,4.3921288927497
2017-01-05,5.0,0.20455161913794653,0.9691542075832829,4.428301531238399
2017-01-06,5.0,0.20256364801952234,0.9675517813707291,4.416484907777718
2017-01-09,5.0,0.2009751538017555,0.9685405553036124,4.428308197356452
2017-01-10,5.0,0.20033271256869076,0.9704937721779591,4.4421654969089674
2017-01-11,5.0,0.20215615339712834,0.9690393744210433,4.459635502777358
2017-01-12,5.0,0.20215615339712834,0.9643308072109787,4.456480315952454
2017-01-13,5.0,0.20118546270997056,0.9677884566159565,4.446296271492664
2017-01-17,5.0,0.20120492229217696,0.9736821576909569,4.453922517573284
2017-01-18,5.0,0.20215615339712834,0.9735618247170135,4.456450087766491
2017-01-19,5.0,0.20215615339712834,0.9631263744453185,4.416829515177204
2017-01-20,5.0,0.20118546270997056,0.9672717043274277,4.442294241663513
2017-01-23,5.0,0.20377666184954002,0.9631263744453185,4.416829515177204
2017-01-24,5.0,0.20377666184954002,0.966685312819385,4.442294241663513
2017-01-25,5.0,0.2023005546874955,0.9651168924259654,4.416829515177204
2017-01-26,5.0,0.20023107026804038,0.9668529834147142,4.443024575125418
2017-01-27,5.0,0.20023107026804038,0.9655266117083687,4.44240721181893
2017-01-30,5.0,0.19972167276776728,0.9693810691169216,4.485651369085574
2017-01-31,5.0,0.20294828119951275,0.9695331121304407,4.498232605713686
2017-02-01,5.0,0.20258199092111406,0.9695331121304407,4.498232605713686
2017-02-02,5.0,0.19962420842216758,0.9635314229837486,4.498232605713686
2017-02-03,5.0,0.19948799055850291,0.9642063473052722,4.51507043585968
2017-02-06,5.0,0.20113403003456037,0.963001914539612,4.6113232897076015
2017-02-07,5.0,0.19948799055850291,0.9617133755053318,4.616939022006662
2017-02-08,5.0,0.2010972892298186,0.9644248553522039,4.649967903654084
2017-02-09,5.0,0.20135155557671278,0.9697665168320944,4.621738678539604
2017-02-10,5.0,0.20135155557671278,0.9697665168320944,4.510790348041448
2017-02-13,5.0,0.2010972892298186,0.9738287852926847,4.525114607692853
2017-02-14,5.0,0.20135155557671278,0.9748381263725809,4.59740835398396
2017-02-15,5.0,0.2010972892298186,0.9758999116915469,4.597687612620234
2017-02-16,5.0,0.20135155557671278,0.9772139507884695,4.595082834195303
2017-02-17,5.0,0.20117082940543943,0.9745928287239529,4.691610862876224
2017-02-21,5.0,0.20135155557671278,0.9745928287239529,4.595330346116663
2017-02-22,5.0,0.19899083357356412,0.9724822475752823,4.609813902063233
2017-02-23,5.0,0.2011220338919011,0.9698860343755143,4.595330346116663
2017-02-24,5.0,0.2011597222358958,0.9665541350857473,4.689404522707519
2017-02-27,5.0,0.20045789526909089,0.9674785072212383,4.609277375726317
2017-02-28,5.0,0.19750815159685844,0.9664776913958678,4.595070454011434
2017-03-01,5.0,0.19750815159685844,0.9657163451775252,4.595070454011434
2017-03-02,5.0,0.20219115820425657,0.9644061694916553,4.585965596753378
2017-03-03,5.0,0.20110024000161775,0.9651810037581747,4.528402560384035
2017-03-06,5.0,0.20110024000161775,0.9581991440757276,4.529365485733106
2017-03-07,5.0,0.2010398541454443,0.9626813488148231,4.529365485733106
2017-03-08,5.0,0.20000721722161718,0.9600278231842674,4.529365485733106
2017-03-09,5.0,0.19486747325750778,0.9606735796373886,4.529060573200659
2017-03-10,5.0,0.19446198581523322,0.9597773027922216,4.566853054994227
2017-03-13,5.0,0.19443557444286885,0.9617517213407031,4.637506694292903
2017-03-14,5.0,0.19291355125597187,0.9640367811767047,4.685044828658074
2017-03-15,5.0,0.19291355125597187,0.9573583728675015,4.686547887670639
2017-03-16,5.0,0.19282900842046596,0.9622477464106794,4.633808053092123
2017-03-17,5.0,0.19282900842046596,0.9619471269724529,4.569509394205991
2017-03-20,5.0,0.19369785147586438,0.9564140715009379,4.657267702583751
2017-03-21,5.0,0.19369646609120156,0.9564140715009379,4.567642992853314
2017-03-22,5.0,0.19672155724938756,0.9555841911206382,4.564162788561821
2017-03-23,5.0,0.19555705356108835,0.9625199723773861,4.564162788561821
2017-03-24,5.0,0.19555705356108835,0.9652946405259737,4.612208559476057
2017-03-27,5.0,0.19369646609120156,0.9659505350978534,4.612208559476057
2017-03-28,5.0,0.19280452099588183,0.9668041755011454,4.611924757527258
2017-03-29,5.0,0.19280452099588183,0.9716563334958899,4.611924757527258
2017-03-30,5.0,0.19280452099588183,0.9674851348470613,4.611924757527258
2017-03-31,5.0,0.19254566779651666,0.9696571681166237,4.718846170400474
2017-04-03,5.0,0.1887241664824418,0.9696571681166237,4.718846170400474
2017-04-04,5.0,0.1887241664824418,0.9636539888291694,4.613053539324407
2017-04-05,5.0,0.1879967252219861,0.9654916688036626,4.613053539324407
2017-04-06,5.0,0.1887241664824418,0.9545131354235092,4.676401207405557
2017-04-07,5.0,0.1872275413039106,0.963793715851285,4.611965206939928
2017-04-10,5.0,0.1872000893014056,0.963793715851285,4.676169125411985
2017-04-11,5.0,0.1872000893014056,0.964145278396769,4.676169125411985
2017-04-12,5.0,0.18870429378238876,0.9649040255285519,4.711696777834028
2017-04-13,5.0,0.18683849322584214,0.9725325908976988,4.676401207405557
2017-04-17,5.0,0.18717917642796397,0.9686620329633024,4.676401207405557
2017-04-18,5.0,0.18717917642796397,0.9702765056594926,4.676222082314083
2017-04-19,5.0,0.18717917642796397,0.9711453123899842,4.676222082314083
2017-04-20,5.0,0.18717917642796397,0.9728017393983912,4.7360508546488855
2017-04-21,5.0,0.18717917642796397,0.9747091542705173,4.7360508546488855
2017-04-24,5.0,0.18977286077582323,0.9710330195358448,4.7360508546488855
2017-04-25,5.0,0.19052719402067023,0.9737538167910487,4.740759887814739
2017-04-26,5.0,0.1896923492576655,0.9734206994264678,4.824474346420568
2017-04-27,5.0,0.1896923492576655,0.9722194677283913,4.837178764862209
2017-04-28,5.0,0.1895003253128182,0.9583312625316839,4.824474346420568
2017-05-01,5.0,0.1895003253128182,0.9589976658037762,4.824474346420568
2017-05-02,5.0,0.18553396984645276,0.9636382470684192,4.91427562286617
2017-05-03,5.0,0.18969542966821726,0.9676958292661688,4.992865968936178
2017-05-04,5.0,0.18851011147142402,0.9644850024953917,4.992865968936178
2017-05-05,5.0,0.18896032863288767,0.9628339842986162,4.949722044084941
2017-05-08,5.0,0.18896032863288767,0.9624828087415526,4.948874908764817
2017-05-09,5.0,0.18782732944385858,0.9616664732778674,4.959725920038112
2017-05-10,5.0,0.18737082670070576,0.9615077728635943,4.959725920038112
2017-05-11,5.0,0.18737082670070576,0.9553596100573105,5.02442510666575
2017-05-12,5.0,0.18715862312158588,0.9547301916127633,5.0491936718978305
2017-05-15,5.0,0.18715862312158588,0.9551614609666403,4.96346026014545
2017-05-16,5.0,0.18712242411722269,0.9522712215793301,4.96346026014545
2017-05-17,5.0,0.18715706001323512,0.9519404352440202,4.962205107740721
2017-05-18,5.0,0.18715706001323512,0.9511555700470207,4.890102326690731
2017-05-19,5.0,0.18715706001323512,0.9511555700470207,4.951983258931453
2017-05-22,5.0,0.18542951264911603,0.9511555700470207,4.951820270311601
2017-05-23,5.0,0.1868183122348824,0.9518358583187413,5.01612496600947
2017-05-24,5.0,0.18542951264911603,0.9538442778859713,4.964745432924309
2017-05-25,5.0,0.18199733175784105,0.9531748396671619,4.964745432924309
2017-05-26,5.0,0.18199733175784105,0.9544357978527136,5.085225409259181
2017-05-30,5.0,0.1819434059210805,0.95627857695653,5.087551489862429
2017-05-31,5.0,0.18199733175784105,0.9600293503028804,5.0033541899393175
2017-06-01,5.0,0.18199733175784105,0.9584399794198513,4.998712476858275
2017-06-02,5.0,0.18722967431114676,0.9582368314101113,5.024607991655422
2017-06-05,5.0,0.18421452014259587,0.9587783649976813,4.9035955583604185
2017-06-06,5.0,0.1841749107457989,0.9613958614515451,4.9035955583604185
2017-06-07,5.0,0.18429312052819288,0.9644026683587226,4.9035955583604185
2017-06-08,5.0,0.18356163556324448,0.9627315269413882,4.9035955583604185
2017-06-09,5.0,0.18492717758156285,0.9565129727311159,4.941678117663934
2017-06-12,5.0,0.18179807954994964,0.9562597147380673,4.902167481971632
2017-06-13,5.0,0.18358417864429863,0.956620035796823,4.863409500407455
2017-06-14,5.0,0.18345131842572587,0.9580973498328895,4.863427689554377
2017-06-15,5.0,0.18341002492232394,0.9575355108773296,4.863427689554377
2017-06-16,5.0,0.1836255105769236,0.9588774228936455,4.843640900293949
2017-06-19,5.0,0.18428923307586156,0.9608597241546775,4.842874024349083
2017-06-20,5.0,0.18428923307586156,0.9598695603818634,4.848333994403371
2017-06-21,5.0,0.18428923307586156,0.9610495432000563,4.874803227822187
2017-06-22,5.0,0.1834169188529765,0.9587805073822264,4.875034697039589
2017-06-23,5.0,0.18184289899844622,0.9619569589771539,4.875034697039589
2017-06-26,5.0,0.18334642782269367,0.962451254287859,4.906110162956197
2017-06-27,5.0,0.18334642782269367,0.962451254287859,4.980547016071397
2017-06-28,5.0,0.1833298062231166,0.9727393633627754,4.8823633797010855
2017-06-29,5.0,0.1834716662788272,0.9746081016192671,4.872580950894313
2017-06-30,5.0,0.1834716662788272,0.9738094642571884,4.851028307221002
2017-07-03,5.0,0.1834716662788272,0.9757181929213201,4.866044309002293
2017-07-05,5.0,0.1833656216047435,0.9773071203211406,4.848333994403371
2017-07-06,5.0,0.18345273423460343,0.9821422725352076,4.875530985157359
2017-07-07,5.0,0.18345273423460343,0.975981337784219,4.875530985157359
2017-07-10,5.0,0.18345273423460343,0.9746177900632859,4.97743568164642
2017-07-11,5.0,0.18445796598494213,0.9756350014100725,5.000260248119139
2017-07-12,5.0,0.18261169685981618,0.9747174694120041,5.099203923645303
2017-07-13,5.0,0.18195129257663017,0.969033516047616,5.307107113234499
2017-07-14,5.0,0.18345273423460343,0.9642890575552722,5.282213495949831
2017-07-17,5.0,0.18410008523732851,0.9688396391876645,5.055007767504327
2017-07-18,5.0,0.18706602742428916,0.9683857419738175,5.0443381409952375
2017-07-19,5.0,0.18957379958956613,0.9692578520634754,5.0443381409952375
2017-07-20,5.0,0.18879647096368857,0.9711195713080425,5.043711293258066
2017-07-21,5.0,0.18879647096368857,0.971791749100601,5.043711293258066
2017-07-24,5.0,0.18827809936666753,0.9710101745505859,5.043711293258066
2017-07-25,5.0,0.183841437928788,0.961363295703465,5.043711293258066
2017-07-26,5.0,0.183841437928788,0.9648279685225205,5.091205845943601
2017-07-27,5.0,0.18318691339925128,0.9659395299533298,5.043711293258066
2017-07-28,5.0,0.18382631259416746,0.9688458750923326,5.10314655155363
2017-07-31,5.0,0.1825889949756232,0.9688458750923326,5.10314655155363
2017-08-01,5.0,0.1825889949756232,0.9644794623344449,5.116194854239901
2017-08-02,5.0,0.18261880572009748,0.9604735207093631,5.1651059840490054
2017-08-03,5.0,0.18111238056614679,0.9568880600183902,5.1651059840490054
2017-08-04,5.0,0.18037924064687388,0.9618881326040303,5.125670801571319
2017-08-07,5.0,0.1797937534336788,0.9601531496998741,5.125580172487176
2017-08-08,5.0,0.17980147837763452,0.9591825623707873,5.125580172487176
2017-08-09,5.0,0.1797937534336788,0.9609860368267886,5.125580172487176
2017-08-10,5.0,0.1797937534336788,0.9609860368267886,5.125580172487176
2017-08-11,5.0,0.18257093168551392,0.9574490399065112,5.106449814710245
2017-08-14,5.0,0.18257093168551392,0.9604735207093631,5.106449814710245
2017-08-15,5.0,0.18257093168551392,0.967874220865991,5.106449814710245
2017-08-16,5.0,0.18257093168551392,0.9702664080766998,5.0996864106956865
2017-08-17,5.0,0.18507979792639898,0.9663484200918186,5.070586147854421
2017-08-18,5.0,0.18763795363213634,0.957801149483241,5.116812704088341
2017-08-21,5.0,0.18389950165767593,0.9664303889566119,5.100015882700445
2017-08-22,5.0,0.1856241769636522,0.9615689105885133,5.070586147854421
2017-08-23,5.0,0.1869169323112305,0.9533398541629807,5.100015882700445
2017-08-24,5.0,0.1869169323112305,0.9524005348203606,5.11697927170248
2017-08-25,5.0,0.18698104894406137,0.9524005348203606,5.147082858328626
2017-08-28,5.0,0.18261896916549278,0.9527142275629197,5.099984188125232
2017-08-29,5.0,0.1869169323112305,0.9538539557437583,5.167349560907271
2017-08-30,5.0,0.1895566253188502,0.9583451145234759,5.115382262707347
2017-08-31,5.0,0.18709191487920732,0.9574692579919426,5.141771721333127
2017-09-01,5.0,0.1869169323112305,0.9601621744926201,5.141771721333127
2017-09-05,5.0,0.1867659827448416,0.959081286548191,5.11519634656069
2017-09-06,5.0,0.18258689186896285,0.9561306950891377,5.11519634656069
2017-09-07,5.0,0.1868774304579197,0.959981097588632,5.148066354549439
2017-09-08,5.0,0.1868774304579197,0.9546777152132053,5.167831073311669
2017-09-11,5.0,0.18693921471175212,0.956548767271709,5.168158952743014
2017-09-12,5.0,0.18829938789001713,0.9557749216947836,5.168158952743014
2017-09-13,5.0,0.1834554684313053,0.95325895588143,5.187852957771013
2017-09-14,5.0,0.18344829972456053,0.9556734293117853,5.167498818764097
2017-09-15,5.0,0.18340279478830698,0.953322171528054,5.167498818764097
2017-09-18,5.0,0.18344829972456053,0.9556734293117853,5.188594252042114
2017-09-19,5.0,0.18344829972456053,0.9546777152132053,5.167498818764097
2017-09-20,5.0,0.18342110918818338,0.9598265430754682,5.055843680474338
2017-09-21,5.0,0.18342110918818338,0.959673902883009,5.163596979964542
2017-09-22,5.0,0.17961753257496083,0.9554689975154564,5.188594252042114
2017-09-25,5.0,0.17961753257496083,0.9598265430754682,5.179233433856884
2017-09-26,5.0,0.17961753257496083,0.9597738007557819,5.082003914149267
2017-09-27,5.0,0.18188743281649766,0.9587760204428395,5.082880863264549
2017-09-28,5.0,0.18190065127641933,0.959968478465165,5.187022199501177
2017-09-29,5.0,0.18148462552456288,0.9556557417784437,5.187022199501177
2017-10-02,5.0,0.18017688938952534,0.9602899958040132,5.187022199501177
2017-10-03,5.0,0.17990596583201646,0.959968478465165,5.187022199501177
2017-10-04,5.0,0.18277341508687583,0.9582680653731412,5.214471425558071
2017-10-05,5.0,0.18280192470578557,0.9556557417784437,5.208586909241657
2017-10-06,5.0,0.18280192470578557,0.9538147519952976,5.208586909241657
2017-10-09,5.0,0.18129942864360815,0.9506780569605001,5.208586909241657
2017-10-10,5.0,0.18595530054619552,0.9507933144817519,5.458117986860348
2017-10-11,5.0,0.18595530054619552,0.9504241604576256,5.3370819838130155
2017-10-12,5.0,0.18592772677534772,0.9520378700672275,5.3694079732266236
2017-10-13,5.0,0.1848009772771875,0.9526795454925829,5.335076031544002
2017-10-16,5.0,0.18374403201705158,0.9498312407153917,5.313846638710766
2017-10-17,5.0,0.18311577720722505,0.9484201535873993,5.313846638710766
2017-10-18,5.0,0.1817976316717209,0.9495443393606329,5.431411560542768
2017-10-19,5.0,0.1812989551380632,0.950400317794567,5.3358481019429185
2017-10-20,5.0,0.1817976316717209,0.9499279062312498,5.313846638710766
2017-10-23,5.0,0.18129223194198904,0.9522519420747242,5.313846638710766
2017-10-24,5.0,0.1809683446469607,0.9508867400740759,5.313846638710766
2017-10-25,5.0,0.17961856680658808,0.9508867400740759,5.31357495639489
2017-10-26,5.0,0.1809683446469607,0.9563484330406797,5.3234059221690355
2017-10-27,5.0,0.18131557292354195,0.952200209932092,5.334827484682173
2017-10-30,5.0,0.1817976316717209,0.948434952004573,5.323419565275644
2017-10-31,5.0,0.18095424440038102,0.9488101864795715,5.335115172810367
2017-11-01,5.0,0.18131557292354195,0.9433259681774948,5.412166961875019
2017-11-02,5.0,0.1808854036268623,0.9496343733579509,5.358628666341219
2017-11-03,5.0,0.18116901782621594,0.950400317794567,5.432959501279772
2017-11-06,5.0,0.18190610603061386,0.942669203057602,5.412684458970173
2017-11-07,5.0,0.18213053733128928,0.941543653470641,5.336479940088439
2017-11-08,5.0,0.1823214740610489,0.9393873883959416,5.459945397392233
2017-11-09,5.0,0.1823214740610489,0.937004352185411,5.459945397392233
2017-11-10,5.0,0.18035670431106957,0.9364206879531832,5.459904263965661
2017-11-13,5.0,0.1823214740610489,0.9347515428271607,5.455349031978448
2017-11-14,5.0,0.1821002227025262,0.9347515428271607,5.420595120267051
2017-11-15,5.0,0.1821002227025262,0.9344146574590294,5.41205098111167
2017-11-16,5.0,0.18015850142879167,0.9387024953534966,5.41205098111167
2017-11-17,5.0,0.18050210181737383,0.9387024953534966,5.41205098111167
2017-11-20,5.0,0.18187829407349856,0.9490400311916649,5.41205098111167
2017-11-21,5.0,0.18010456681706002,0.9565089845759537,5.428089916814869
2017-11-22,5.0,0.1800317400936313,0.9541281013630929,5.359027053121829
2017-11-24,5.0,0.17871232073303728,0.9516314473006575,5.412303454134841
2017-11-27,5.0,0.17871232073303728,0.9484229717786454,5.43027713842127
2017-11-28,5.0,0.17388096343666604,0.9421210031101833,5.448936271746827
2017-11-29,5.0,0.17387992346636588,0.9421210031101833,5.448936271746827
2017-11-30,5.0,0.17455920750715387,0.9411144482781797,5.412771444429268
2017-12-01,5.0,0.17741029377443898,0.9389586008695993,5.408008978072442
2017-12-04,5.0,0.18013200453842465,0.9399316984279023,5.347643784748989
2017-12-05,5.0,0.1784634023531698,0.9375007416009129,5.3737339484357065
2017-12-06,5.0,0.1794967717223998,0.9419922132763294,5.397440568448696
2017-12-07,5.0,0.17530348901281137,0.9421157383003068,5.387113767988585
2017-12-08,5.0,0.17413203483310183,0.9460656594533601,5.387113767988585
2017-12-11,5.0,0.17416614299768976,0.949745467108299,5.397440568448696
2017-12-12,5.0,0.1740935267902399,0.9489038426724234,5.397440568448696
2017-12-13,5.0,0.16953256258591975,0.9516635754739454,5.397440568448696
2017-12-14,5.0,0.1684891950926834,0.9563194902783679,5.394319983771704
2017-12-15,5.0,0.16953256258591975,0.9563194902783679,5.447185459044909
2017-12-18,5.0,0.16953256258591975,0.9565714619653236,5.408875709749329
2017-12-19,5.0,0.171727669456383,0.9520391776348214,5.401236058133782
2017-12-20,5.0,0.16991585880788804,0.9549932354679961,5.446237895211513
2017-12-21,5.0,0.17126996561659563,0.9517018026754656,5.446237895211513
2017-12-22,5.0,0.1732114602673163,0.9473196924290901,5.3874622394978635
2017-12-26,5.0,0.16880801296258666,0.9465979807777596,5.3874622394978635
2017-12-27,5.0,0.17241213984602674,0.9396097989777447,5.408407723789541
2017-12-28,5.0,0.17319227087884398,0.9393997270537187,5.428265072469854
2017-12-29,5.0,0.17325167357703308,0.9390667431331254,5.524046351847833
2018-01-02,5.0,0.17325167357703308,0.9393997270537187,5.538069477465576
2018-01-03,5.0,0.1751297778957026,0.9437973646350375,5.53718782990695
2018-01-04,5.0,0.1751297778957026,0.9496394461026177,5.538459936938289
2018-01-05,5.0,0.1751297778957026,0.95458518909463,5.538459936938289
2018-01-08,5.0,0.17347918543432073,0.949789849885704,5.584525295621987
2018-01-09,5.0,0.17353039638766624,0.9514585094594864,5.584525295621987
2018-01-10,5.0,0.17353039638766624,0.952938524705521,5.569739098391311
2018-01-11,5.0,0.17127797311002493,0.9544717012382882,5.584525295621987
2018-01-12,5.0,0.1712285715634282,0.9496134258711872,5.584525295621987
2018-01-16,5.0,0.16921251514032987,0.9544717012382882,5.446961432676276
2018-01-17,5.0,0.16921251514032987,0.9535327464250275,5.4710123732929965
2018-01-18,5.0,0.168445948419868,0.9492241998583941,5.443763364436379
2018-01-19,5.0,0.16671130060548578,0.9491172694217811,5.586280646595727
2018-01-22,5.0,0.16574693793376377,0.9492241998583941,5.6463970441030265
2018-01-23,5.0,0.16075188938331378,0.9479895712945177,5.733522126735205
2018-01-24,5.0,0.16075188938331378,0.9479895712945177,5.7342886455976565
2018-01-25,5.0,0.1600353783088642,0.944531240596592,5.794974940425641
2018-01-26,5.0,0.15928703322433876,0.951159607171133,5.792089375849991
2018-01-29,5.0,0.15928703322433876,0.9475606220612702,5.792089375849991
2018-01-30,5.0,0.16007108800011105,0.9490606339500836,5.792089375849991
2018-01-31,5.0,0.16008032632578278,0.9494591206831291,5.662400208390497
2018-02-01,5.0,0.16074157322160754,0.9448604120338049,5.662400208390497
2018-02-02,5.0,0.15935577036669357,0.9468554633030408,5.512781469119324
2018-02-05,5.0,0.15935577036669357,0.9510722039977757,5.510448173903952
2018-02-06,5.0,0.15935577036669357,0.9506183868120939,5.508576380038739
2018-02-07,5.0,0.15935577036669357,0.9494854333802947,5.502569734276745
2018-02-08,5.0,0.15859460828745114,0.9464960974755012,5.508576380038739
2018-02-09,5.0,0.1574352453998472,0.9492575094791986,5.5208517914043975
2018-02-12,5.0,0.1574352453998472,0.9491063401531264,5.520796781141595
2018-02-13,5.0,0.1572894968384643,0.9492575094791986,5.510448173903952
2018-02-14,5.0,0.15745422341028573,0.9534010323948403,5.5208517914043975
2018-02-15,5.0,0.15712160249627075,0.9553312561754876,5.510448173903952
2018-02-16,5.0,0.1567884208442118,0.960962141541676,5.4740256869698385
2018-02-20,5.0,0.15684148073872578,0.9624516450470377,5.511619882247144
2018-02-21,5.0,0.15712160249627075,0.9622328186588684,5.515005290991723
2018-02-22,5.0,0.15680435590548353,0.9622721451603893,5.567453277118988
2018-02-23,5.0,0.15712160249627075,0.9629499503367442,5.511619882247144
2018-02-26,5.0,0.15712160249627075,0.9629499503367442,5.568876098030053
2018-02-27,5.0,0.1572831572642639,0.9625564348500801,5.568876098030053
2018-02-28,5.0,0.15678643264113754,0.9622721451603893,5.511619882247144
2018-03-01,5.0,0.15682922804176008,0.961739139479531,5.566948989883104
2018-03-02,5.0,0.15682922804176008,0.9597428251703225,5.566948989883104
2018-03-05,5.0,0.15682922804176008,0.9552129003961357,5.539475478258276
2018-03-06,5.0,0.1561407253033428,0.956768590450148,5.489969750698947
2018-03-07,5.0,0.1561407253033428,0.9540821668682006,5.539475478258276
2018-03-08,5.0,0.1561407253033428,0.9585420184763296,5.539475478258276
2018-03-09,5.0,0.1561407253033428,0.9609436983758739,5.5457477538922415
2018-03-12,5.0,0.1567453013053627,0.9622277795124254,5.5232972289491595
2018-03-13,5.0,0.1567453013053627,0.9622773711403458,5.54753702454826
2018-03-14,5.0,0.15674119679340287,0.9631879658384387,5.54753702454826
2018-03-15,5.0,0.15674119679340287,0.9622773711403458,5.886533271795564
2018-03-16,5.0,0.15674119679340287,0.9592738406459307,5.900452938126267
2018-03-19,5.0,0.15674119679340287,0.9581450101374598,5.889267519391726
2018-03-20,5.0,0.15674119679340287,0.9571117952120809,5.946302186474443
2018-03-21,5.0,0.1570180692991438,0.9604386170967403,5.946302186474443
2018-03-22,5.0,0.1571039620412107,0.9575195802640033,5.876907796285653
2018-03-23,5.0,0.1571039620412107,0.959632575018788,5.876907796285653
2018-03-26,5.0,0.1571039620412107,0.9609231045607738,5.933559363072714
2018-03-27,5.0,0.15338990053489399,0.9540633128011662,5.9103234990726286
2018-03-28,5.0,0.15338990053489399,0.9495810894839156,5.9103234990726286
2018-03-29,5.0,0.15269669468092267,0.9545346739478325,5.892242041977974
2018-04-02,5.0,0.15393594323485701,0.9599069841906465,5.933559363072714
2018-04-03,5.0,0.15269669468092267,0.954847071644991,5.933559363072714
2018-04-04,5.0,0.15393594323485701,0.9539431624233676,5.9824069185156485
2018-04-05,5.0,0.15393594323485701,0.9528836923794881,5.9093794191525
2018-04-06,5.0,0.15693757287830506,0.9536074129374279,5.860470187523395
2018-04-09,5.0,0.15728028290427565,0.9547205399875764,5.925926717313863
2018-04-10,5.0,0.1569445466714631,0.9543935217678015,6.0114126602989515
2018-04-11,5.0,0.15728028290427565,0.9576951740947909,6.0114126602989515
2018-04-12,5.0,0.15728028290427565,0.9554731772922329,6.0114126602989515
2018-04-13,5.0,0.15435443529094658,0.9543749908794887,6.006978288325813
2018-04-16,5.0,0.15371781037436708,0.96132181403445,5.98693672599833
2018-04-17,5.0,0.15420514459288268,0.9572541366479392,5.98693672599833
2018-04-18,5.0,0.15690319268446404,0.9571697690908499,5.98693672599833
2018-04-19,5.0,0.15694918648252668,0.9559991663782741,5.98693672599833
2018-04-20,5.0,0.1569610516127534,0.958448796261933,5.985884530480529
2018-04-23,5.0,0.15401758505692836,0.9558347698103762,5.910380797859754
2018-04-24,5.0,0.15857780957833256,0.9558347698103762,5.987130710504915
2018-04-25,5.0,0.15694918648252668,0.9611067461643323,6.0198996226857755
2018-04-26,5.0,0.15694918648252668,0.9647210014906304,5.953672032963946
2018-04-27,5.0,0.15696178900652064,0.9603790894983792,5.880026047295486
2018-04-30,5.0,0.15680045325316055,0.9572541366479392,5.7889011632387986
2018-05-01,5.0,0.15579213774870543,0.9603790894983792,5.777272068140614
2018-05-02,5.0,0.15441151048192897,0.960761433598013,5.805800990785765
2018-05-03,5.0,0.15441151048192897,0.9653135286231797,5.823951985069109
2018-05-04,5.0,0.15358910531529174,0.9653135286231797,5.823951985069109
2018-05-07,5.0,0.15358413297291615,0.9624926108317853,5.805800990785765
2018-05-08,5.0,0.15358413297291615,0.9572541366479392,5.824888946485204
2018-05-09,5.0,0.15325204234072082,0.9598922627713212,5.794035200019353
2018-05-10,5.0,0.15252912162636675,0.9598922627713212,5.794035200019353
2018-05-11,5.0,0.15248938348440588,0.9518112937366524,5.794035200019353
2018-05-14,5.0,0.15273128373402411,0.9604056505221094,5.794216486955306
2018-05-15,5.0,0.1475316446759719,0.9517630878708225,5.818656124606511
2018-05-16,5.0,0.1475316446759719,0.9505722882804806,5.8242802649942735
2018-05-17,5.0,0.14913520290335341,0.9505722882804806,5.8242802649942735
2018-05-18,5.0,0.1475316446759719,0.9517630878708225,5.84380850426163
2018-05-21,5.0,0.14913520290335341,0.9496398936848991,5.84380850426163
2018-05-22,5.0,0.14913520290335341,0.9526984786065837,5.84380850426163
2018-05-23,5.0,0.14912232879407444,0.9496802925738642,5.870855406364147
2018-05-24,5.0,0.1475156239884839,0.9477456897251306,5.8709759729364555
2018-05-25,5.0,0.14675874411372888,0.951470504957217,5.8709759729364555
2018-05-29,5.0,0.14675874411372888,0.9495359021084833,5.870419565067548
2018-05-30,5.0,0.14995251501275758,0.9495359021084833,5.870419565067548
2018-05-31,5.0,0.14993358710297067,0.9496552881558766,5.962277711898281
2018-06-01,5.0,0.14600647140514852,0.9451743514136126,5.962277711898281
2018-06-04,5.0,0.14712039704752594,0.9465451112142519,5.962277711898281
2018-06-05,5.0,0.1464207166550979,0.94003546614733,5.9864130738557755
2018-06-06,5.0,0.1463838475269552,0.9403204528436824,5.962277711898281
2018-06-07,5.0,0.14597650992072805,0.9400092154129562,6.021106316574359
2018-06-08,5.0,0.14388238022895883,0.9379187516364769,6.0307700867332175
2018-06-11,5.0,0.14320859670295932,0.9366242256966024,6.06011716906062
2018-06-12,5.0,0.14291519475345849,0.9314997262501247,6.067957936828667
2018-06-13,5.0,0.1431578605587316,0.9334133843524348,6.06011716906062
2018-06-14,5.0,0.14316731789391282,0.9344844234006734,6.066508521134674
2018-06-15,5.0,0.14320011029763602,0.9343208612950092,6.066508521134674
2018-06-18,5.0,0.14320973361618736,0.9375721442369043,6.066211585443428
2018-06-19,5.0,0.14311643790116657,0.9426508994385558,6.069603351958368
2018-06-20,5.0,0.14220720452313898,0.9419815968666199,6.066352503931324
2018-06-21,5.0,0.14220720452313898,0.9375721442369043,6.172925771065952
2018-06-22,5.0,0.14220720452313898,0.94629272878535,6.172925771065952
2018-06-25,5.0,0.14067050370649056,0.9402648264140838,6.230172344141931
2018-06-26,5.0,0.1411633035664927,0.9446311355977787,6.216258996019278
2018-06-27,5.0,0.14175754228834764,0.9425704893045518,6.296808235706383
2018-06-28,5.0,0.14165697891184764,0.9430029799690772,6.304706206052765
2018-06-29,5.0,0.13903146651660975,0.9414278298711585,6.304706206052765
2018-07-02,5.0,0.13850311592030864,0.9354400793043894,6.304706206052765
2018-07-03,5.0,0.14112593872088122,0.9378127583059128,6.312503044535159
2018-07-05,5.0,0.13903146651660975,0.9369286831719283,6.296016700536875
2018-07-06,5.0,0.13903146651660975,0.9369286831719283,6.295580144360592
2018-07-09,5.0,0.13903146651660975,0.9360171175023375,6.217804051161518
2018-07-10,5.0,0.13748844707673935,0.9382398020731147,6.295580144360592
2018-07-11,5.0,0.13749155438439428,0.940823473513767,6.296213012623697
2018-07-12,5.0,0.13731119851006404,0.9400694261021403,6.295580144360592
2018-07-13,5.0,0.13730971340217865,0.940823473513767,6.295580144360592
2018-07-16,5.0,0.1359235738484727,0.940823473513767,6.295580144360592
2018-07-17,5.0,0.13428557453046416,0.9382546054233284,6.313305841808136
2018-07-18,5.0,0.13408071573226724,0.9418569907832604,6.418036961796602
2018-07-19,5.0,0.13458133213642234,0.9444623722658672,6.464383800712214
2018-07-20,5.0,0.13560738259311186,0.9445346467104259,6.464383800712214
2018-07-23,5.0,0.13458133213642234,0.946933093001098,6.494053366546499
2018-07-24,5.0,0.13458133213642234,0.9460484260414935,6.689820481685232
2018-07-25,5.0,0.13560156888500466,0.946933093001098,6.689820481685232
2018-07-26,5.0,0.13433085493499627,0.94618276415338,6.689820481685232
2018-07-27,5.0,0.13560156888500466,0.946933093001098,6.644284599580574
2018-07-30,5.0,0.13564904260009986,0.9499763439642398,6.644284599580574
2018-07-31,5.0,0.1343018965476948,0.9489305278762892,6.6333006326654615
2018-08-01,5.0,0.13500424089360702,0.9508022896346856,6.46794965863604
2018-08-02,5.0,0.13500424089360702,0.9361574359601652,6.46794965863604
2018-08-03,5.0,0.13429825599099574,0.938474742666844,6.452569239819629
2018-08-06,5.0,0.13429825599099574,0.9383004402049729,6.450386374771117
2018-08-07,5.0,0.13870298007320575,0.9398942054961859,6.450386374771117
2018-08-08,5.0,0.13886503035159625,0.939305417295561,6.450386374771117
2018-08-09,5.0,0.135008323213707,0.9374787173675342,6.452825300840225
2018-08-10,5.0,0.135008323213707,0.9391264694472338,6.527245928966997
2018-08-13,5.0,0.13684887719506766,0.935982891577969,6.527245928966997
2018-08-14,5.0,0.1376937878845923,0.9335264207141174,6.527245928966997
2018-08-15,5.0,0.13893235592231695,0.9330740297727422,6.527245928966997
2018-08-16,5.0,0.13893235592231695,0.9319456117111876,6.604735245307729
2018-08-17,5.0,0.1389122225620804,0.9323599765970532,6.527131265177853
2018-08-20,5.0,0.1389932078385562,0.9317135434576354,6.491519077444329
2018-08-21,5.0,0.13715276959016665,0.933880412776452,6.491519077444329
2018-08-22,5.0,0.13715276959016665,0.9327354425463705,6.491519077444329
2018-08-23,5.0,0.1371432095481685,0.9344168127639166,6.491519077444329
2018-08-24,5.0,0.13651236520937593,0.9439104637652157,6.4745743747702145
2018-08-27,5.0,0.1359717674163084,0.9403868156232827,6.491519077444329
2018-08-28,5.0,0.1358789654677004,0.9458914746223664,6.491519077444329
2018-08-29,5.0,0.1371293896021036,0.9459177229194502,6.502548616577402
2018-08-30,5.0,0.1359717674163084,0.9461073569033831,6.4419170654682265
2018-08-31,5.0,0.1359717674163084,0.9462731942300608,6.390269100009169
2018-09-04,5.0,0.13483747286802256,0.94556954448035,6.390269100009169
2018-09-05,5.0,0.13588193566849951,0.945315643928883,6.368455433474682
2018-09-06,5.0,0.13588193566849951,0.9461073569033831,6.302086824984258
2018-09-07,5.0,0.13588193566849951,0.9467426683521115,6.198922643429161
2018-09-10,5.0,0.13588193566849951,0.9507009061141953,6.198922643429161
2018-09-11,5.0,0.13588193566849951,0.9481806571950859,6.317954935272956
2018-09-12,5.0,0.1359717674163084,0.9466279344705275,6.196769508382262
2018-09-13,5.0,0.13699147287330057,0.9454885638161415,6.196769508382262
2018-09-14,5.0,0.13699147287330057,0.9439423725207947,6.197641231252149
2018-09-17,5.0,0.13701450517491215,0.9454885638161415,6.31714856536217
2018-09-18,5.0,0.13701450517491215,0.9449683886963718,6.198922643429161
2018-09-19,5.0,0.13701450517491215,0.9444523307761463,6.198567840948345
2018-09-20,5.0,0.13701450517491215,0.9444389852687218,6.370266503285108
2018-09-21,5.0,0.13660004010517376,0.9419241468584743,6.49269880466641
2018-09-24,5.0,0.13688844011343332,0.942710922774094,6.520141452590502
2018-09-25,5.0,0.13483596858943553,0.9431662034193661,6.714680745031859
2018-09-26,5.0,0.13483596858943553,0.944564875556756,6.714680745031859
2018-09-27,5.0,0.13483596858943553,0.9410845113303895,6.684752129929767
2018-09-28,5.0,0.1353779120760056,0.9423665856044536,6.684752129929767
2018-10-01,5.0,0.13545998871922757,0.9415798096888339,6.659677350658192
2018-10-02,5.0,0.13526581605134036,0.9410482145986327,6.675859849998253
2018-10-03,5.0,0.13526581605134036,0.9432144485141447,6.675859849998253
2018-10-04,5.0,0.13526581605134036,0.9458278715707541,6.633226627081606
2018-10-05,5.0,0.13523632035062444,0.9458278715707541,6.493816161185579
2018-10-08,5.0,0.13816361659301613,0.9470597865431662,6.526879878817321
2018-10-09,5.0,0.13841576044125636,0.9438268273138609,6.6924393854209505
2018-10-10,5.0,0.1398254180961411,0.946330535929567,6.6924393854209505
2018-10-11,5.0,0.13886337083563405,0.9486480018228012,6.6448488512416946
2018-10-12,5.0,0.138067800920875,0.9493199945616668,6.6448488512416946
2018-10-15,5.0,0.138067800920875,0.953227950515166,6.6448488512416946
2018-10-16,5.0,0.13682973125070497,0.9482587415114946,6.540179431285916
2018-10-17,5.0,0.13683675082642222,0.9477822456025096,6.6448488512416946
2018-10-18,5.0,0.13605226217892982,0.9471522179735381,6.540179431285916
2018-10-19,5.0,0.13440352886354628,0.9453930768320968,6.626893813859544
2018-10-22,5.0,0.1333486192480021,0.9441981284069154,6.539749979303629
2018-10-23,5.0,0.1333471101156104,0.9439375876989446,6.313199875139286
2018-10-24,5.0,0.13442648122076173,0.9459246691319416,6.3110769990931574
2018-10-25,5.0,0.13481493430569375,0.94418648962878,6.3110769990931574
2018-10-26,5.0,0.1333471101156104,0.9434497869745053,6.223686066771889
2018-10-29,5.0,0.13294703175875364,0.9415801076308543,6.232669940678145
2018-10-30,5.0,0.1343499751437305,0.939737649980704,6.221718768814641
2018-10-31,5.0,0.13484064879359425,0.9411077102155339,6.158613316143631
2018-11-01,5.0,0.13484064879359425,0.9391555928284219,6.158613316143631
2018-11-02,5.0,0.1340492394268955,0.9389837170299821,6.158613316143631
2018-11-05,5.0,0.134023865597036,0.940196836253258,6.158613316143631
2018-11-06,5.0,0.13477961043652834,0.9427053559503549,6.158613316143631
2018-11-07,5.0,0.13537315422535348,0.9451105099287305,6.210920089885208
2018-11-08,5.0,0.13588179853773877,0.9433873029478919,6.158613316143631
2018-11-09,5.0,0.1353061352413414,0.9456519691219711,6.158613316143631
2018-11-12,5.0,0.13536145132978125,0.9412772925281085,6.211193333045971
2018-11-13,5.0,0.13313840046257966,0.9424559373213146,6.23252173754791
2018-11-14,5.0,0.1339587894411171,0.9403867595446692,6.345224515039626
2018-11-15,5.0,0.13392836387168697,0.9398947475792561,6.366484157782454
2018-11-16,5.0,0.13392836387168697,0.9409981395843613,6.366484157782454
2018-11-19,5.0,0.13392989347918022,0.9376211250259254,6.378919847894072
2018-11-20,5.0,0.13348757062842348,0.9360957154261753,6.379782730594188
2018-11-21,5.0,0.1330506507406,0.9360957154261753,6.366484157782454
2018-11-23,5.0,0.1330506507406,0.9354745284199717,6.455048831063318
2018-11-26,5.0,0.13398207101452142,0.9372101662049143,6.455048831063318
2018-11-27,5.0,0.134636438509659,0.9334672944436757,6.493281735844369
2018-11-28,5.0,0.13358166552390935,0.9423447153240894,6.493239798854233
2018-11-29,5.0,0.13377045673247384,0.9327583102692949,6.493239798854233
2018-11-30,5.0,0.13326467728015073,0.9283788338488641,6.35117757813066
2018-12-03,5.0,0.13303999102833655,0.9336347203000912,6.443262161793946
2018-12-04,5.0,0.13303999102833655,0.9322131208553752,6.443262161793946
2018-12-06,5.0,0.13364319418346388,0.9356238652171596,6.347937560831159
2018-12-07,5.0,0.1330793344934503,0.9356238652171596,6.347937560831159
2018-12-10,5.0,0.1330793344934503,0.9411017972162405,6.347937560831159
2018-12-11,5.0,0.13358035693585923,0.9440729496835091,6.347937560831159
2018-12-12,5.0,0.1305578224094641,0.9440729496835091,6.3483151500849715
2018-12-13,5.0,0.1305578224094641,0.9453729780481702,6.312893555557815
2018-12-14,5.0,0.13058436919237498,0.9440729496835091,6.443305854824257
2018-12-17,5.0,0.13058436919237498,0.9472773837051085,6.460427111178898
2018-12-18,5.0,0.13130518281349043,0.9457395329121844,6.45813784117579
2018-12-19,5.0,0.13130518281349043,0.9432312500680278,6.5007764261707655
2018-12-20,5.0,0.12777428839885085,0.9461204521355062,6.501494907033987
2018-12-21,5.0,0.12777428839885085,0.9444395045475232,6.419271884103434
2018-12-24,5.0,0.12775287094752646,0.935205590741176,6.443305854824257
2018-12-26,5.0,0.12867328791419982,0.9394911357969673,6.443305854824257
2018-12-27,5.0,0.12867328791419982,0.9453812762691292,6.34796184326587
2018-12-28,5.0,0.12867328791419982,0.9453812762691292,6.333548770689675
2018-12-31,5.0,0.12634384061252701,0.9458055564891004,6.333548770689675
2019-01-02,5.0,0.12634384061252701,0.9453812762691292,6.336695130908939
2019-01-03,5.0,0.12652749011216027,0.9458473396942959,6.335644307589518
2019-01-04,5.0,0.12729870905142596,0.9448775894103824,6.333273632112422
2019-01-07,5.0,0.12729870905142596,0.9475562494065997,6.430144458979663
2019-01-08,5.0,0.12988115307236703,0.9493697519703843,6.333273632112422
2019-01-09,5.0,0.12643721538526215,0.9525026491690476,6.3368913165569
2019-01-10,5.0,0.1258927050749628,0.9525026491690476,6.335644307589518
2019-01-11,5.0,0.12589961029170474,0.9533824243481526,6.321328285049184
2019-01-14,5.0,0.12643454010218647,0.9525026491690476,6.335644307589518
2019-01-15,5.0,0.12643454010218647,0.9475320258131735,6.5060459028418025
2019-01-16,5.0,0.12610814114139246,0.9394411278518164,6.3892097183560965
2019-01-17,5.0,0.12643931765802144,0.9429672359096374,6.27627445862881
2019-01-18,5.0,0.12873738117763808,0.9372818587830913,6.275424618331999
2019-01-22,5.0,0.12873738117763808,0.9386114093692,6.586886888803434
2019-01-23,5.0,0.13139750176305637,0.9430776426555736,6.435891387775725
2019-01-24,5.0,0.131336454923744,0.9533709173433792,6.590627379978139
2019-01-25,5.0,0.130286405867787,0.9454167670929045,6.590627379978139
2019-01-28,5.0,0.130286405867787,0.9475682514010559,6.751222905440464
2019-01-29,5.0,0.130286405867787,0.9463312498552194,6.744094521719137
2019-01-30,5.0,0.128528649530027,0.9475682514010559,6.744094521719137
2019-01-31,5.0,0.12655452031094758,0.9420492524798023,6.755795833345147
2019-02-01,5.0,0.1265192784212138,0.9437268013671591,6.755421890100477
2019-02-04,5.0,0.1265192784212138,0.9489585800958789,6.755421890100477
2019-02-05,5.0,0.1272839608282431,0.9495462001430575,6.7866973581664976
2019-02-06,5.0,0.128528649530027,0.9475682514010559,6.7866973581664976
2019-02-07,5.0,0.1264921779913273,0.948037431156874,6.827407126575474
2019-02-08,5.0,0.1299065159723644,0.9548944682920297,6.7937005672561135
2019-02-11,5.0,0.12652620089165378,0.9516281987353192,6.755421890100477
2019-02-12,5.0,0.12653093817609393,0.9480954552465972,6.755421890100477
2019-02-13,5.0,0.12653093817609393,0.9455198301571996,6.710075614629087
2019-02-14,5.0,0.12557267699749508,0.9424378736062353,6.690363984325998
2019-02-15,5.0,0.1265192784212138,0.9424378736062353,6.655300886676353
2019-02-19,5.0,0.1243152602168699,0.9456053805471519,6.690363984325998
2019-02-20,5.0,0.1243152602168699,0.9532993569588415,6.655300886676353
2019-02-21,5.0,0.12345315578491467,0.9459422206955774,6.608451491563291
2019-02-22,5.0,0.12109116620806827,0.944359523773793,6.584723747678416
2019-02-25,5.0,0.12233863679754338,0.9461061844176386,6.584723747678416
2019-02-26,5.0,0.1235177914286548,0.9464127501430109,6.584723747678416
2019-02-27,5.0,0.1235177914286548,0.9448608020674839,6.516878420690612
2019-02-28,5.0,0.12420806596172965,0.9462334272823166,6.584723747678416
2019-03-01,5.0,0.12433512559758551,0.9471088404660455,6.610957303204137
2019-03-04,5.0,0.12425577242287816,0.9471088404660455,6.651604433895839
2019-03-05,5.0,0.12426646084312439,0.948752772769714,6.651604433895839
2019-03-06,5.0,0.12426646084312439,0.9513739038374358,6.651604433895839
2019-03-07,5.0,0.12132546605973002,0.9504867023275424,6.651604433895839
2019-03-08,5.0,0.12426646084312439,0.9540535266424748,6.668653204383265
2019-03-11,5.0,0.12153621639261294,0.9497136937310824,6.827323583353101
2019-03-12,5.0,0.12135385824382919,0.9518678717493998,6.8534907861540635
2019-03-13,5.0,0.12153621639261294,0.9476014795810148,6.889395482143497
2019-03-14,5.0,0.12153621639261294,0.9486650819478935,6.853061344061594
2019-03-15,5.0,0.12152049989221705,0.9476014795810148,6.8906733217812155
2019-03-18,5.0,0.12439079931074272,0.9486650819478935,6.957283661681603
2019-03-19,5.0,0.126575031633725,0.9491749472558898,6.957283661681603
2019-03-20,5.0,0.126575031633725,0.9491749472558898,6.957283661681603
2019-03-21,5.0,0.126575031633725,0.9473420369205041,6.929808038755917
2019-03-22,5.0,0.12877731101739376,0.946124138540449,6.929808038755917
2019-03-25,5.0,0.12877731101739376,0.9455421450929149,6.929808038755917
2019-03-26,5.0,0.12715702353727107,0.9482067771104961,6.808310877498627
2019-03-27,5.0,0.12716203345018212,0.9456388222970333,6.927686038907033
2019-03-28,5.0,0.12715702353727107,0.9490900601818514,6.928847585826486
2019-03-29,5.0,0.12715702353727107,0.9478563505433744,6.928188932499729
2019-04-01,5.0,0.12715702353727107,0.9456616958422827,6.928188932499729
2019-04-02,5.0,0.12709385856729655,0.9417859930888695,6.928188932499729
2019-04-03,5.0,0.12476742645566899,0.9412406595911101,6.928655442732188
2019-04-04,5.0,0.12462087937206837,0.9422218269163056,6.815813492910575
2019-04-05,5.0,0.12085190277699558,0.9398028123776643,6.815813492910575
2019-04-08,5.0,0.12126236681595244,0.9362854497174204,6.815813492910575
2019-04-09,5.0,0.12021714056784279,0.9369897635009226,6.863350337295356
2019-04-10,5.0,0.12131250976522538,0.9370278470663036,6.813587228657482
2019-04-11,5.0,0.12131250976522538,0.9346655773063333,6.835214489326182
2019-04-12,5.0,0.12131250976522538,0.9410504548465084,6.813513058305628
2019-04-15,5.0,0.12125817597794403,0.9369004833941666,6.813513058305628
2019-04-16,5.0,0.12125817597794403,0.9321114282273999,6.8143776744337465
2019-04-17,5.0,0.1250628054409478,0.9332110837073571,6.872658522135582
2019-04-18,5.0,0.12492307894717582,0.9320037174054701,6.876631391718568
2019-04-22,5.0,0.12838243741686522,0.9252807084017358,6.869826832550124
2019-04-23,5.0,0.12866971177502393,0.9288329746741038,6.987925896646932
2019-04-24,5.0,0.12866971177502393,0.9353265142176935,6.987925896646932
2019-04-25,5.0,0.12861390437373504,0.9364253238987561,6.974692965177274
2019-04-26,5.0,0.12861390437373504,0.9404241898685501,6.974692965177274
2019-04-29,5.0,0.12620825479444295,0.939054819102467,6.886932134271758
2019-04-30,5.0,0.12620744673282208,0.9326962911019949,6.9344481651600285
2019-05-01,5.0,0.12510545281053648,0.939621586994017,6.927393703676804
2019-05-02,5.0,0.12510401153270415,0.9371828178994579,6.933120628439004
2019-05-03,5.0,0.12408309674916847,0.9397125429472932,6.935044176532892
2019-05-06,5.0,0.12367663934236524,0.9346655773063333,6.935044176532892
2019-05-07,5.0,0.12348995431911387,0.9288329746741038,6.980114857894525
2019-05-08,5.0,0.12062613236828983,0.9352754266357481,6.979549032009334
2019-05-09,5.0,0.12169770779500089,0.9386994687911099,6.931669053560122
2019-05-10,5.0,0.12348995431911387,0.9394131922525981,6.8806993768239435
2019-05-13,5.0,0.12231781883561427,0.9407766289143147,6.833103494734975
2019-05-14,5.0,0.12171441046009877,0.940138957686286,6.833103494734975
2019-05-15,5.0,0.12061636079667587,0.9426163231924853,6.795865822555445
2019-05-16,5.0,0.1195226176837008,0.9456509748522397,6.795221911230071
2019-05-17,5.0,0.11910385943183986,0.9477085158190326,6.796276018222544
2019-05-20,5.0,0.11912599548645014,0.9461187500615919,6.796783506789843
2019-05-21,5.0,0.11854928527054924,0.946919508360091,6.796548901840572
2019-05-22,5.0,0.11912599548645014,0.9490976585743522,6.865786761021714
2019-05-23,5.0,0.11854108675603145,0.9494743925490832,6.865786761021714
2019-05-24,5.0,0.11854232853647269,0.948082858115997,6.726334436147362
2019-05-28,5.0,0.11854108675603145,0.9432551074054234,6.859672222508028
2019-05-29,5.0,0.11854108675603145,0.9431937497693923,6.859672222508028
2019-05-30,5.0,0.11854108675603145,0.9442825883629481,6.859672222508028
2019-05-31,5.0,0.11735471977854296,0.946195244936247,6.8424247100149564
2019-06-03,5.0,0.11812438935831751,0.9470667028791799,6.86047573591209
2019-06-04,5.0,0.11681690889607271,0.9521165903549772,6.8424247100149564
2019-06-05,5.0,0.11733506055303004,0.9483539439637234,6.86047573591209
2019-06-06,5.0,0.11734707637293215,0.9483539439637234,6.856263334220068
2019-06-07,5.0,0.11734707637293215,0.9505255060775393,6.856263334220068
2019-06-10,5.0,0.11690753525594917,0.9555903852752514,6.86047573591209
2019-06-11,5.0,0.11688147561333798,0.9546227391134199,6.9172508229303205
2019-06-12,5.0,0.11688147561333798,0.9515485865955964,6.857686823236256
2019-06-13,5.0,0.11734707637293215,0.9494597206411837,6.857686823236256
2019-06-14,5.0,0.11744146504619214,0.939528906706216,6.843848199031146
2019-06-17,5.0,0.11809849790269397,0.9398210466799592,6.907619193073459
2019-06-18,5.0,0.11744146504619214,0.939528906706216,6.87930079240895
2019-06-19,5.0,0.11686602294856925,0.9393939708825984,6.907619193073459
2019-06-20,5.0,0.11809635876202333,0.9378381454713541,6.917757147768831
2019-06-21,5.0,0.11840096984539014,0.9423650560331323,6.993905588882445
2019-06-24,5.0,0.11840096984539014,0.9427326669885688,7.032267622158177
2019-06-25,5.0,0.11809635876202333,0.9393939708825984,7.107423408752968
2019-06-26,5.0,0.11433325890280294,0.9384961759975725,7.061095786953182
2019-06-27,5.0,0.11334378785490186,0.9384018556327687,7.061095786953182
2019-06-28,5.0,0.11336606986555418,0.9429574015755722,7.061095786953182
2019-07-01,5.0,0.11317249978459774,0.9457254273774889,7.019629301410511
2019-07-02,5.0,0.11334378785490186,0.9440683983680258,7.1082597820905855
2019-07-03,5.0,0.11334378785490186,0.9414097119626939,7.1179797331868695
2019-07-05,5.0,0.11334378785490186,0.9420477277362196,7.1082597820905855
2019-07-08,5.0,0.11334378785490186,0.938954967019564,7.224905998351645
2019-07-09,5.0,0.11334378785490186,0.9414097119626939,7.224905998351645
2019-07-10,5.0,0.1161023293840192,0.9414097119626939,7.279464172549893
2019-07-11,5.0,0.1136882717999088,0.9407700995270774,7.279464172549893
2019-07-12,5.0,0.1133353281065968,0.9437130132956281,7.279464172549893
2019-07-15,5.0,0.11333651818463447,0.9417079532399708,7.202286734285833
2019-07-16,5.0,0.11333651818463447,0.9362021462682821,7.224905998351645
2019-07-17,5.0,0.1136882717999088,0.9415821900419638,7.278840507769615
2019-07-18,5.0,0.11376490553421029,0.9348132700661442,7.308861173807217
2019-07-19,5.0,0.11680618978678628,0.9335849039353268,7.308861173807217
2019-07-22,5.0,0.11674160580227959,0.9343074989215117,7.282289858377523
2019-07-23,5.0,0.11789812843034003,0.9348833060669725,7.278840507769615
2019-07-24,5.0,0.11789812843034003,0.9425495307510525,7.224905998351645
2019-07-25,5.0,0.11789812843034003,0.9438637006139889,7.224287541714973
2019-07-26,5.0,0.11644724420310036,0.949638300182888,7.224287541714973
2019-07-29,5.0,0.11646251689869117,0.9438637006139889,7.108321614305594
2019-07-30,5.0,0.11285813133762872,0.9438637006139889,7.224287541714973
2019-07-31,5.0,0.11572272131104806,0.9427817247019425,7.264314761607899
2019-08-01,5.0,0.11673796805957919,0.9439944423193305,7.254278115114385
2019-08-02,5.0,0.1157228290381068,0.9482685906119406,7.224237155905838
2019-08-05,5.0,0.1157228290381068,0.9514364469194445,7.303937322820205
2019-08-06,5.0,0.1150390737296665,0.9522699847128835,7.264925495645399
2019-08-07,5.0,0.1157228290381068,0.9545083818984617,7.224237155905838
2019-08-08,5.0,0.11558719532132185,0.9535046233454503,7.224237155905838
2019-08-09,5.0,0.11499225824706164,0.9541678112007574,7.252313068558131
2019-08-12,5.0,0.11279407347828825,0.9545083818984617,7.264268251567827
2019-08-13,5.0,0.11279407347828825,0.9545083818984617,7.278304803794748
2019-08-14,5.0,0.11276642677366452,0.950298419277777,7.336043338845009
2019-08-15,5.0,0.11276642677366452,0.9521112364434021,7.336043338845009
2019-08-16,5.0,0.11276642677366452,0.950298419277777,7.264268251567827
2019-08-19,5.0,0.11274843900357644,0.9521112364434021,7.273098631662586
2019-08-20,5.0,0.11095163256037623,0.950298419277777,7.40429946966371
2019-08-21,5.0,0.10975828178470538,0.9476296809266866,7.54761804985265
2019-08-22,5.0,0.11233977885875247,0.950298419277777,7.550288664273846
2019-08-23,5.0,0.11095163256037623,0.9499751621372864,7.550288664273846
2019-08-26,5.0,0.11075943001717471,0.9521112364434021,7.40429946966371
2019-08-27,5.0,0.1092660609755729,0.9528460310290485,7.549794706893092
2019-08-28,5.0,0.11155526108924149,0.9539055565409653,7.549794706893092
2019-08-29,5.0,0.11096566406667369,0.9539055565409653,7.549794706893092
2019-08-30,5.0,0.10952639504394754,0.9526338436253359,7.549794706893092
2019-09-03,5.0,0.10843049315117315,0.9521250658838905,7.655518681144924
2019-09-04,5.0,0.10773330043573867,0.9513365839960204,7.676469805518526
2019-09-05,5.0,0.10842590281562361,0.9530109700604681,7.676469805518526
2019-09-06,5.0,0.10839454076071663,0.9577749908164448,7.74591542118299
2019-09-09,5.0,0.10839454076071663,0.9513365839960204,7.888981610463703
2019-09-10,5.0,0.10944350366073666,0.9519969584546646,7.812990588086058
2019-09-11,5.0,0.10721146900200448,0.9519969584546646,7.815852342949257
2019-09-12,5.0,0.10522067143763005,0.950199010014155,7.815852342949257
2019-09-13,5.0,0.1047249508513234,0.9521484282555082,7.815852342949257
2019-09-16,5.0,0.10473172389321624,0.9564461390574005,7.755950966145986
2019-09-17,5.0,0.10473172389321624,0.9537616556507399,7.755950966145986
2019-09-18,5.0,0.10473172389321624,0.9527294147290182,7.742560483582081
2019-09-19,5.0,0.10473172389321624,0.952588900355948,7.755950966145986
2019-09-20,5.0,0.10546198258814583,0.9527294147290182,7.755950966145986
2019-09-23,5.0,0.1047346425013639,0.95324733615751,7.755950966145986
2019-09-24,5.0,0.10629806817528846,0.9572431834802513,7.814924971963075
2019-09-25,5.0,0.10545393893668738,0.951911557573064,7.814956443730782
2019-09-26,5.0,0.10441802148633669,0.9533530647565456,7.9023629092230046
2019-09-27,5.0,0.10545393893668738,0.9494790166304055,7.814956443730782
2019-09-30,5.0,0.10829576860425905,0.9550145263990601,7.781081528077256
2019-10-01,5.0,0.10445990741949478,0.9586106292100693,7.706327900353278
2019-10-02,5.0,0.1043999467133222,0.9580753803243527,7.706327900353278
2019-10-03,5.0,0.10679139804644254,0.9512050058864441,7.75818590080838
2019-10-04,5.0,0.10756218163418141,0.9490620714747238,7.75818590080838
2019-10-07,5.0,0.10850487245970364,0.9505818353603653,7.783361032156584
2019-10-08,5.0,0.10761663802935184,0.9530753414044578,7.783361032156584
2019-10-09,5.0,0.1075681246752684,0.950373689005533,7.783361032156584
2019-10-10,5.0,0.10528293476930972,0.9492374140254635,7.75818590080838
2019-10-11,5.0,0.1039708064564688,0.9515155626999819,7.628613686568436
2019-10-14,5.0,0.10368171224593511,0.9446695972752539,7.628613686568436
2019-10-15,5.0,0.10446997874291145,0.9437462440799381,7.628613686568436
2019-10-16,5.0,0.10398829657606311,0.9446695972752539,7.89060263252984
2019-10-17,5.0,0.10446997874291145,0.9493039039307005,7.89060263252984
2019-10-18,5.0,0.10517777912505305,0.9455338590378901,7.783498637855726
2019-10-21,5.0,0.10516608037349524,0.9455338590378901,7.673779971297306
2019-10-22,5.0,0.10376638393517963,0.9506438282091791,7.673779971297306
2019-10-23,5.0,0.10375618140745219,0.9489445453895095,7.673779971297306
2019-10-24,5.0,0.10229388371456301,0.9506438282091791,7.673779971297306
2019-10-25,5.0,0.10244707516167012,0.9475502608194442,7.668728836431883
2019-10-28,5.0,0.10244707516167012,0.9441201223366922,7.668728836431883
2019-10-29,5.0,0.10392549932996917,0.9526180899798221,7.685195355110758
2019-10-30,5.0,0.10228364591870143,0.9468836154790775,7.65918824606565
2019-10-31,5.0,0.10278491815584784,0.9452562050098032,7.685195355110758
2019-11-01,5.0,0.10278491815584784,0.9434257856312316,7.685195355110758
2019-11-04,5.0,0.1027863763606782,0.9403455397986538,7.6386918877503245
2019-11-05,5.0,0.103712561029776,0.9434257856312316,7.6386918877503245
2019-11-06,5.0,0.103712561029776,0.950524548761515,7.6386918877503245
2019-11-07,5.0,0.103712561029776,0.9487063821048787,7.369394215887674
2019-11-08,5.0,0.103712561029776,0.9526933629327112,7.369394215887674
2019-11-11,5.0,0.10279436980683371,0.9563747781367773,7.369394215887674
2019-11-12,5.0,0.10299907865154877,0.9527956021124687,7.688452027353731
2019-11-13,5.0,0.10237394251798305,0.9610316287302672,7.688452027353731
2019-11-14,5.0,0.10228670937551461,0.9578266674776095,7.699539380137839
2019-11-15,5.0,0.10234399360716864,0.950971056812197,7.699539380137839
2019-11-18,5.0,0.1027863763606782,0.94859772025299,7.699539380137839
2019-11-19,5.0,0.1027863763606782,0.9622647273385777,7.500178028660309
2019-11-20,5.0,0.10590711974531125,0.9601725897227271,7.500178028660309
2019-11-21,5.0,0.10590711974531125,0.9603400658514097,7.512936980049133
2019-11-22,5.0,0.10397103825156098,0.9629048493479948,7.50947238313511
2019-11-25,5.0,0.10346828103947348,0.9602360949830218,7.699539380137839
2019-11-26,5.0,0.10206898637622185,0.9603400658514097,7.699539380137839
2019-11-27,5.0,0.10005528201853704,0.9640467484091828,7.710308635984878
2019-11-29,5.0,0.10159372333483269,0.954163620165801,7.710308635984878
2019-12-02,5.0,0.10197096547364315,0.9586022218970556,7.818688268347737
2019-12-03,5.0,0.10210265556405297,0.9559076850232968,7.850151730523985
2019-12-04,5.0,0.10372547754351044,0.9493497211395651,7.850918923227715
2019-12-05,5.0,0.10568760909175907,0.9468035181577342,7.851123154472797
2019-12-06,5.0,0.10411597104429646,0.94811963820057,7.851123154472797
2019-12-09,5.0,0.10411597104429646,0.9518607229807708,7.924088743710075
2019-12-10,5.0,0.1063705462867534,0.9514651704767267,7.924088743710075
2019-12-11,5.0,0.1071273925477577,0.9518607229807708,7.864873889407915
2019-12-12,5.0,0.1063705462867534,0.9533012128984593,7.7256379974398595
2019-12-13,5.0,0.10674970633817939,0.9504069692606494,7.732135944498331
2019-12-16,5.0,0.10154949342857762,0.9539361674310353,7.81863175551921
2019-12-17,5.0,0.10154949342857762,0.9552618321732327,7.863575003778348
2019-12-18,5.0,0.10376811780255926,0.952332559052705,7.829018635567967
2019-12-19,5.0,0.1063541680522831,0.9547600544972717,7.863575003778348
2019-12-20,5.0,0.10637494342149797,0.9552056357217145,7.863575003778348
2019-12-23,5.0,0.10837246282617775,0.9533149483145061,7.863575003778348
2019-12-24,5.0,0.10837246282617775,0.9441731781193723,7.8717981132719785
2019-12-26,5.0,0.10800356092930125,0.9426430413806648,7.863575003778348
2019-12-27,5.0,0.10670104234292822,0.9438315108983998,7.81863175551921
2019-12-30,5.0,0.10670104234292822,0.9418222645134419,7.864557613915141
2019-12-31,5.0,0.10670104234292822,0.9425281939256964,7.8717981132719785
2020-01-02,5.0,0.10670104234292822,0.9446209619773834,7.864727068612007
2020-01-03,5.0,0.10670104234292822,0.9498469952113624,7.864727068612007
2020-01-06,5.0,0.10670104234292822,0.9487737465375617,7.883352792153181
2020-01-07,5.0,0.10742200219725435,0.9481560076495752,7.89979277361998
2020-01-08,5.0,0.10670104234292822,0.9491395713879661,7.955487404309933
2020-01-09,5.0,0.10653532049774146,0.9502471891226136,8.014833938640242
2020-01-10,5.0,0.10536635825842443,0.9497143888462899,7.955487404309933
2020-01-13,5.0,0.10445318399660765,0.9516888798950627,7.917647531734452
2020-01-14,5.0,0.10597122792750419,0.9556067745278238,7.930205687383969
2020-01-15,5.0,0.10597122792750419,0.9561517757576858,7.866006808180082
2020-01-16,5.0,0.10661519439257632,0.9657731337198447,7.957666425791019
2020-01-17,5.0,0.10745787403530585,0.9634313431650371,7.957666425791019
2020-01-21,5.0,0.10741386378370474,0.9596729885354878,7.957666425791019
2020-01-22,5.0,0.1083997523151656,0.961732104270431,8.04214227258087
2020-01-23,5.0,0.10723990066533971,0.9566068879194387,8.04214227258087
2020-01-24,5.0,0.10723990066533971,0.961732104270431,8.041438493442318
2020-01-27,5.0,0.10473518521230507,0.9551559297119576,7.956132804964039
2020-01-28,5.0,0.10479010800335635,0.9514849566897834,8.103586111489482
2020-01-29,5.0,0.10781664307341651,0.9469321249682228,8.103586111489482
2020-01-30,5.0,0.10708756097405746,0.9462144733486707,8.133854007391268
2020-01-31,5.0,0.10504529513536928,0.9493678425937084,8.051667446408825
2020-02-03,5.0,0.10534834911291757,0.9441063008753281,8.051667446408825
2020-02-04,5.0,0.10504529513536928,0.9450431827815522,8.05252397316999
2020-02-05,5.0,0.10534880147010688,0.9419678575238317,8.059060563304648
2020-02-06,5.0,0.10459154940494113,0.9391845653951936,8.059060563304648
2020-02-07,5.0,0.1045309231544035,0.9390632804790695,8.16725944558383
2020-02-10,5.0,0.10450436875040085,0.9362626866660915,8.059061457811561
2020-02-11,5.0,0.1044664397296855,0.9372765508789733,8.051575326344768
2020-02-12,5.0,0.10450336238206764,0.9401800067218269,8.020558480025464
2020-02-13,5.0,0.10449040152082399,0.9495246862180724,8.055228672126253
2020-02-14,5.0,0.10449040152082399,0.9488158230660914,7.970978330832726
2020-02-18,5.0,0.10288187291547894,0.9451498365782808,7.899166786508994
2020-02-19,5.0,0.10226125210763232,0.9461872136927034,7.927815304754626
2020-02-20,5.0,0.10226125210763232,0.9482312714092546,7.875245118248051
2020-02-21,5.0,0.10226125210763232,0.9480402817785828,7.927887247247684
2020-02-24,5.0,0.10234924840420248,0.9491272852793475,7.876298338846161
2020-02-25,5.0,0.10234924840420248,0.9476049878124508,8.079974780463667
2020-02-26,5.0,0.09935181677139744,0.943139088768818,8.050335616688768
2020-02-27,5.0,0.10097505620575124,0.9433940848658866,8.090326152992802
2020-02-28,5.0,0.10097505620575124,0.9479374364063273,8.113649602723976
2020-03-02,5.0,0.09974924552901009,0.9479669407966409,8.113121145134311
2020-03-03,5.0,0.10016026746439417,0.9512300211244833,8.200613087583243
2020-03-04,5.0,0.10016026746439417,0.9518604283151477,8.11695208310298
2020-03-05,5.0,0.10044360867394826,0.957521339016072,8.11695208310298
2020-03-06,5.0,0.10016026746439417,0.9554070807078255,8.070348093173214
2020-03-09,5.0,0.10016026746439417,0.9543360825730598,8.120558210166045
2020-03-10,5.0,0.10016026746439417,0.9548811434130429,8.070348093173214
2020-03-11,5.0,0.10016026746439417,0.9673924056706851,8.175682133165264
2020-03-12,5.0,0.09908165417485941,0.956176326088447,8.302238882836287
2020-03-13,5.0,0.09907596779518897,0.9592724528147814,8.292064896947611
2020-03-16,5.0,0.09874241532957108,0.9616619527013589,8.25512117287
2020-03-17,5.0,0.09775997533118043,0.959419536970997,8.29196041826006
2020-03-18,5.0,0.09746123033744236,0.9553442189247182,8.293445006478613
2020-03-19,5.0,0.09429201218428043,0.9555352367360994,8.153753197413407
2020-03-20,5.0,0.09451547121537313,0.9645659811139358,8.153753197413407
2020-03-23,5.0,0.09451547121537313,0.9555202414627998,8.079125871163567
2020-03-24,5.0,0.09451547121537313,0.948478146233537,8.071192799238027
2020-03-25,5.0,0.09451547121537313,0.94641309241689,8.071192799238027
2020-03-26,5.0,0.09451547121537313,0.9496009300276192,8.071192799238027
2020-03-27,5.0,0.09552298755933557,0.941252633526924,7.989427692963213
2020-03-30,5.0,0.09586254258699319,0.9374786339193926,7.989427692963213
2020-03-31,5.0,0.0955351053151135,0.9471529699177758,7.937888649249276
2020-04-01,5.0,0.09503317132554669,0.9437612513449263,7.9610582126153275
2020-04-02,5.0,0.0955351053151135,0.9393490390734691,7.986449639142585
2020-04-03,5.0,0.09560349921730302,0.9357114432716929,8.1911699253658
2020-04-06,5.0,0.09763049140658506,0.9370197689490963,8.42668505049491
2020-04-07,5.0,0.09683662745182478,0.9304223815695603,8.42668505049491
2020-04-08,5.0,0.09683662745182478,0.9304223815695603,8.433892558876071
2020-04-09,5.0,0.09919053770686412,0.934122796475215,8.433892558876071
2020-04-13,5.0,0.09707166976419009,0.9405957651660016,8.433892558876071
2020-04-14,5.0,0.10101457833772283,0.9382212979124199,8.433892558876071
2020-04-15,5.0,0.10105050003595868,0.9374615368509038,8.543276473540768
2020-04-16,5.0,0.1013092654354669,0.9427035767344256,8.433892558876071
2020-04-17,5.0,0.1013092654354669,0.9399016685312808,8.542406726859387
2020-04-20,5.0,0.1016094621716236,0.933528273604892,8.542406726859387
2020-04-21,5.0,0.1016094621716236,0.9320160071286578,8.413768836944751
2020-04-22,5.0,0.10273932619607701,0.9254572295257371,8.398975878412793
2020-04-23,5.0,0.10345628216655633,0.9254572295257371,8.398975878412793
2020-04-24,5.0,0.10296660935416135,0.9282955891979952,8.398975878412793
2020-04-27,5.0,0.10296660935416135,0.9320160071286578,8.463863582697542
2020-04-28,5.0,0.10285747478903828,0.9270926968543495,8.414696624874907
2020-04-29,5.0,0.10310609481050802,0.933528273604892,8.463863582697542
2020-04-30,5.0,0.10285747478903828,0.9425272155572337,8.463863582697542
2020-05-01,5.0,0.10228857182284169,0.9409025779042113,8.472689873003123
2020-05-04,5.0,0.1010689929003062,0.9462553345481727,8.542368009408973
2020-05-05,5.0,0.09923815713031942,0.9425928735484579,8.590263663296911
2020-05-06,5.0,0.09865878080073139,0.9449931947890616,8.580612581202793
2020-05-07,5.0,0.09845151907336247,0.9414314500734018,8.580612581202793
2020-05-08,5.0,0.09923815713031942,0.9456838993965375,8.542368009408973
2020-05-11,5.0,0.09865698669960413,0.9360505261085645,8.589762849276585
2020-05-12,5.0,0.1028488685773094,0.9343244581865754,8.546083163203352
2020-05-13,5.0,0.10286858258337833,0.9336376552654568,8.626220102254212
2020-05-14,5.0,0.10165594613405918,0.9336376552654568,8.626220102254212
2020-05-15,5.0,0.10163635124285864,0.9310630088271592,8.69002687175827
2020-05-18,5.0,0.10163635124285864,0.9325245631097081,8.626220102254212
2020-05-19,5.0,0.10163635124285864,0.9310630088271592,8.626220102254212
2020-05-20,5.0,0.10017278464685546,0.9375170749384953,8.546083163203352
2020-05-21,5.0,0.10018290193948096,0.9375170749384953,8.350697151821699
2020-05-22,5.0,0.10018290193948096,0.9366756837578659,8.348466801287204
2020-05-26,5.0,0.1005462498432706,0.9396172104184861,8.490005295445
2020-05-27,5.0,0.10006424411024009,0.9388564116921096,8.490005295445
2020-05-28,5.0,0.10006424411024009,0.9388564116921096,8.510667103790498
2020-05-29,5.0,0.09959790407488542,0.9383686390308917,8.506093059915314
2020-06-01,5.0,0.10053162232952537,0.9439439509615484,8.506093059915314
2020-06-02,5.0,0.10053162232952537,0.9425168691569981,8.506093059915314
2020-06-03,5.0,0.10053736148822572,0.9403020547566805,8.506093059915314
2020-06-04,5.0,0.10158234322021814,0.9367227882473733,8.506093059915314
2020-06-05,5.0,0.09942180765693347,0.9311735396568672,8.504839872494534
2020-06-08,5.0,0.09942180765693347,0.9311735396568672,8.372480585344931
2020-06-09,5.0,0.09936414338913249,0.93035261401778,8.372480585344931
2020-06-10,5.0,0.09958211740107739,0.9302306331060232,8.372480585344931
2020-06-11,5.0,0.09958211740107739,0.9367227882473733,8.295269415849504
2020-06-12,5.0,0.09958211740107739,0.9367227882473733,8.295269415849504
2020-06-15,5.0,0.09958211740107739,0.9352355014238996,8.295269415849504
2020-06-16,5.0,0.09950144418163964,0.9385255103692711,8.30809208902173
2020-06-17,5.0,0.0994935223096698,0.9367255812688025,8.318822596768015
2020-06-18,5.0,0.09682122210262008,0.933837220414909,8.343725482351712
2020-06-19,5.0,0.09807534071008982,0.9318121307201257,8.384660244189769
2020-06-22,5.0,0.09585601402914602,0.9300701286222608,8.585012035110145
2020-06-23,5.0,0.09670546219289372,0.9367255812688025,8.70165767093933
2020-06-24,5.0,0.09670546219289372,0.9319339908475921,8.70165767093933
2020-06-25,5.0,0.0980964498299521,0.9354616640399279,8.585012035110145
2020-06-26,5.0,0.10079097599436898,0.9302901840132745,8.485985997618195
2020-06-29,5.0,0.10079097599436898,0.9275475097947958,8.485985997618195
2020-06-30,5.0,0.10079097599436898,0.9298494667088235,8.703184441581522
2020-07-01,5.0,0.10079097599436898,0.9328517980207023,8.607786342944387
2020-07-02,5.0,0.10099051786994753,0.9294105932330414,8.714715469845553
2020-07-06,5.0,0.10211907149947899,0.9227131518133098,8.75424516842842
2020-07-07,5.0,0.10079500941272343,0.9208970228215021,8.812512268453062
2020-07-08,5.0,0.10079654871612989,0.9180485665260796,8.84429798104629
2020-07-09,5.0,0.10085648474254251,0.9173066753178021,8.84429798104629
2020-07-10,5.0,0.10073478207440044,0.9242704957637624,8.84429798104629
2020-07-13,5.0,0.10073478207440044,0.9181936742187646,8.769794561449451
2020-07-14,5.0,0.10068641609890454,0.9175056229429124,8.84429798104629
2020-07-15,5.0,0.10119629230001594,0.9180485665260796,8.674160789218012
2020-07-16,5.0,0.10137774889945655,0.9206623822516926,8.674160789218012
2020-07-17,5.0,0.10329802002910972,0.9196620979464485,8.674160789218012
2020-07-20,5.0,0.10355744039309907,0.9180485665260796,8.637848835803393
2020-07-21,5.0,0.10355744039309907,0.9330588181002142,8.637848835803393
2020-07-22,5.0,0.10355744039309907,0.937782228082058,8.76664568709093
2020-07-23,5.0,0.10329802002910972,0.9371336248931362,8.844206582150052
2020-07-24,5.0,0.10137774889945655,0.9310394551666418,8.844206582150052
2020-07-27,5.0,0.10137774889945655,0.9303880140064289,8.844206582150052
2020-07-28,5.0,0.10136612379576823,0.9308000395934777,8.844206582150052
2020-07-29,5.0,0.101817193730076,0.9303624364426639,8.844206582150052
2020-07-30,5.0,0.101817193730076,0.9300649147589297,8.861043712425177
2020-07-31,5.0,0.10218825735258935,0.9300649147589297,8.851910330966634
2020-08-03,5.0,0.10218825735258935,0.9311840718151752,8.86042984938306
2020-08-04,5.0,0.10218825735258935,0.9311840718151752,8.867201853101399
2020-08-05,5.0,0.10131908750928827,0.9312945226978291,8.867201853101399
2020-08-06,5.0,0.10131908750928827,0.9311840718151752,8.931375510278222
2020-08-07,5.0,0.09885315136626033,0.9274704020651015,8.929499132043908
2020-08-10,5.0,0.09887426392455628,0.9311840718151752,8.929499132043908
2020-08-11,5.0,0.10090933408878072,0.9253545674199792,8.953767288647189
2020-08-12,5.0,0.10084664488134418,0.9224618330643791,8.846227608440875
2020-08-13,5.0,0.10084664488134418,0.9246520952747691,8.955481661774217
2020-08-14,5.0,0.10060655266995422,0.9273140075429269,8.953734903913258
2020-08-17,5.0,0.10084664488134418,0.9223826276659617,8.960536856335137
2020-08-18,5.0,0.10212564206193378,0.9162766482676892,8.819080120194172
2020-08-19,5.0,0.10084664488134418,0.9162766482676892,8.953734903913258
2020-08-20,5.0,0.10086471635396542,0.9152542633386935,8.960536856335137
2020-08-21,5.0,0.10157474232743384,0.9108792610062977,8.953734903913258
2020-08-24,5.0,0.10084664488134418,0.909733967992234,8.955481661774217
2020-08-25,5.0,0.0988572278723839,0.909733967992234,9.028891329425155
2020-08-26,5.0,0.09861029247432836,0.9078558481742273,9.028891329425155
2020-08-27,5.0,0.09861029247432836,0.914879810436608,9.185890819352611
2020-08-28,5.0,0.09825371850276476,0.9112298826008425,9.329315996805498
2020-08-31,5.0,0.0988572278723839,0.9142895082353163,8.967961971576464
2020-09-01,5.0,0.09883019519180199,0.9176047343811282,9.044316194620636
2020-09-02,5.0,0.09709715438677258,0.9192857041015889,9.258923609848503
2020-09-03,5.0,0.10022040521114141,0.9150864738598823,9.258923609848503
2020-09-04,5.0,0.09709457685490024,0.9192635138150742,9.308194801326104
2020-09-08,5.0,0.09708699911399572,0.9194111646586887,9.308194801326104
2020-09-09,5.0,0.09648502423470423,0.9209751348551425,9.199009763249556
2020-09-10,5.0,0.09608840459916669,0.9200599467752081,9.308194801326104
2020-09-11,5.0,0.09608840459916669,0.9144492647991127,9.308194801326104
2020-09-14,5.0,0.09707328558948541,0.915520469905496,9.199062744148634
2020-09-15,5.0,0.09707328558948541,0.9202531728427328,9.365268831555579
2020-09-16,5.0,0.09707328558948541,0.9186449464719726,9.158630301661185
2020-09-17,5.0,0.09599159896613493,0.9172692251458197,9.158630301661185
2020-09-18,5.0,0.09707691674941933,0.9187614003869105,9.158630301661185
2020-09-21,5.0,0.09860504627443806,0.9159165458729971,9.128728176073981
2020-09-22,5.0,0.09862206940250656,0.9128777737624978,9.158630301661185
2020-09-23,5.0,0.09860955146041796,0.9156493021240704,9.128728176073981
2020-09-24,5.0,0.09823231907286038,0.9159844290905106,9.128728176073981
2020-09-25,5.0,0.09879415983529473,0.914801511003309,9.130202078213895
2020-09-28,5.0,0.09879415983529473,0.9196307405725435,9.130202078213895
2020-09-29,5.0,0.09879415983529473,0.9145415765946672,8.96572347621239
2020-09-30,5.0,0.09861986662260067,0.9037903152227598,8.96572347621239
2020-10-01,5.0,0.09818161464286526,0.9119598331924885,8.98874019048531
2020-10-02,5.0,0.09818161464286526,0.9077643177060364,8.98874019048531
2020-10-05,5.0,0.09739301773075534,0.9128777737624978,8.990187502508752
2020-10-06,5.0,0.09521700375051856,0.9128777737624978,8.990187502508752
2020-10-07,5.0,0.09438539277043216,0.9134342564937272,9.038074650104868
2020-10-08,5.0,0.09328816576090043,0.9129318695923225,9.038074650104868
2020-10-09,5.0,0.09327272014311307,0.9120139290223133,9.062907648943307
2020-10-12,5.0,0.09096324428708559,0.9059647736824425,9.056123027659327
2020-10-13,5.0,0.09116764500555469,0.9112067227307274,9.056168961286128
2020-10-14,5.0,0.09095670356135246,0.909470605702489,9.019782998533634
2020-10-15,5.0,0.09094114194725686,0.911736670240455,9.019782998533634
2020-10-16,5.0,0.09094114194725686,0.9155697144188728,9.019782998533634
2020-10-19,5.0,0.08990015183848192,0.9113816745013312,9.019782998533634
2020-10-20,5.0,0.08967658307806005,0.9133732472034004,9.019782998533634
2020-10-21,5.0,0.09117863827295562,0.9127165137060789,9.019782998533634
2020-10-22,5.0,0.09092086294239708,0.9149308853942721,9.019782998533634
2020-10-23,5.0,0.09092382000358265,0.9153310300852994,9.170940072340356
2020-10-26,5.0,0.08920966676073776,0.910964790822516,9.058819588266326
2020-10-27,5.0,0.08909193228362966,0.9052238570325353,9.058819588266326
2020-10-28,5.0,0.09027109374434474,0.904909021235202,8.949336546319488
2020-10-29,5.0,0.0902686846534739,0.9057099758836782,8.949336546319488
2020-10-30,5.0,0.0902686846534739,0.9026236448438485,8.886860336912065
2020-11-02,5.0,0.0909510360800854,0.9074362904084532,8.886860336912065
2020-11-03,5.0,0.0909510360800854,0.9085145115008412,8.797243992267024
2020-11-04,5.0,0.09170708701309022,0.9095333021771081,8.797243992267024
2020-11-05,5.0,0.09158781373808376,0.9098119691419759,9.087714089914835
2020-11-06,5.0,0.09158781373808376,0.9103509509571757,9.039516052813772
2020-11-09,5.0,0.0909475009253112,0.9137643270679885,9.011722298752368
2020-11-10,5.0,0.09213828347545061,0.9096499822316005,9.056691125453973
2020-11-11,5.0,0.09011877186034271,0.9155269176846206,9.057634599936016
2020-11-12,5.0,0.09216857729586456,0.9097740613831284,9.057634599936016
2020-11-13,5.0,0.09217621984150645,0.9092026178602775,9.057634599936016
2020-11-16,5.0,0.09242128998394057,0.9104951868910176,8.927143377283357
2020-11-17,5.0,0.09357789439649458,0.9114522079316938,8.956859465383724
2020-11-18,5.0,0.09013391713340632,0.9146957155841279,8.956215775057656
2020-11-19,5.0,0.09011877186034271,0.9186845997909427,8.956215775057656
2020-11-20,5.0,0.08829647207133555,0.9167646101391054,9.030593207596176
2020-11-23,5.0,0.08829334138491257,0.9160927610020781,8.956215775057656
2020-11-24,5.0,0.08707495849689088,0.917059510092183,9.030593207596176
2020-11-25,5.0,0.08659088163123532,0.9147410290943105,9.030593207596176
2020-11-27,5.0,0.08704099545158764,0.9147410290943105,8.956215775057656
2020-11-30,5.0,0.08704099545158764,0.9125188867951811,9.033572423133522
2020-12-01,5.0,0.08729350358136019,0.9151445037672944,9.165027456059288
2020-12-02,5.0,0.08732405540249205,0.9216278047399478,9.033572423133522
2020-12-03,5.0,0.08729350358136019,0.9125606063549495,8.953915719559362
2020-12-04,5.0,0.08722757753648361,0.9157876153662532,8.953915719559362
2020-12-07,5.0,0.08735336639533889,0.9157876153662532,8.944678571319931
2020-12-08,5.0,0.08735336639533889,0.9083079938802916,8.944678571319931
2020-12-09,5.0,0.08801516858168308,0.9055116124811508,8.953915719559362
2020-12-10,5.0,0.08851462424277616,0.9070296646808622,8.953915719559362
2020-12-11,5.0,0.08849767380125251,0.9070296646808622,8.953915719559362
2020-12-14,5.0,0.08735271911241996,0.8965487676556887,9.171375863586626
2020-12-15,5.0,0.08735271911241996,0.896277502944925,9.097237198651138
2020-12-16,5.0,0.08735271911241996,0.8974097611956973,9.284328299829056
2020-12-17,5.0,0.08735271911241996,0.8958939583528055,9.306916709069613
2020-12-18,5.0,0.08735271911241996,0.9033289550378117,9.3121826826111
2020-12-21,5.0,0.0886837524617347,0.9039185861590617,9.295758319854041
2020-12-22,5.0,0.09071990848480592,0.8974629795910791,9.295758319854041
2020-12-23,5.0,0.09074180508570612,0.89358671696309,9.295758319854041
2020-12-24,5.0,0.09075925451359691,0.8961605698990385,9.273983506941597
2020-12-28,5.0,0.08939310031972951,0.8980106730204998,9.727400795009833
2020-12-29,5.0,0.08935396989236742,0.8979535966902975,9.414584553234967
2020-12-30,5.0,0.08744353669670864,0.9017260574264012,9.414584553234967
2020-12-31,5.0,0.08728661346260444,0.8979535966902975,9.477654030438504
