day,risk_pct,p2.5,p50,p97.5
2014-01-02,1.0,0.9899999999999999,1.0,1.0176454870425817
2014-01-03,1.0,0.9880538891302751,1.0,1.0241270473794852
2014-01-06,1.0,0.9801000000000002,1.0,1.0334388559239938
2014-01-07,1.0,0.9800999999999997,1.0,1.0359899989544532
2014-01-08,1.0,0.9800999999999986,1.0,1.0380428988768078
2014-01-09,1.0,0.9773847319874303,1.0,1.0383896851488972
2014-01-10,1.0,0.9761527321333656,1.0,1.0420847916353582
2014-01-13,1.0,0.9703956929112579,1.0,1.0443929462136783
2014-01-14,1.0,0.9702990000000002,1.0,1.0476687674453653
2014-01-15,1.0,0.9702990000000002,1.0,1.0488597174890866
2014-01-16,1.0,0.9702989999999987,1.0,1.0508878003497164
2014-01-17,1.0,0.9690356836502293,1.0,1.0534498307022764
2014-01-21,1.0,0.967345537998371,1.0,1.0551725051109018
2014-01-22,1.0,0.9651565308210742,1.0,1.0577934203544843
2014-01-23,1.0,0.9640294720950039,1.0,1.0598137061133037
2014-01-24,1.0,0.9624411367023046,1.0,1.0604640566003953
2014-01-27,1.0,0.9622212438380228,1.0,1.0618150692511257
2014-01-28,1.0,0.9609487015588452,1.0,1.0642824007524019
2014-01-29,1.0,0.96059601,1.0,1.0642824007524019
2014-01-30,1.0,0.9583328930290034,1.0,1.0657488260331238
2014-01-31,1.0,0.957937534956278,1.0,1.0667239268819284
2014-02-03,1.0,0.957781257467189,1.0,1.0683225587876561
2014-02-04,1.0,0.9557363561556551,1.0001413156465517,1.0723515445932836
2014-02-05,1.0,0.9540338672799817,1.0002313026819634,1.0734983793318724
2014-02-06,1.0,0.9522349520849783,1.0003471953914644,1.0738498415919548
2014-02-07,1.0,0.951304715493634,1.001675158794303,1.0751919166846398
2014-02-10,1.0,0.951304715493634,1.0019454810412007,1.0739271419419478
2014-02-11,1.0,0.949556546958742,1.001958583001275,1.0750594391389683
2014-02-12,1.0,0.9491013875474981,1.0027313760938994,1.0758618902465942
2014-02-13,1.0,0.9480964607511414,1.002765589192242,1.077440488030935
2014-02-14,1.0,0.9490877855472396,1.0026968253132673,1.0801351128068497
2014-02-18,1.0,0.9480964607511414,1.0026968253132673,1.0817185236488203
2014-02-19,1.0,0.949277086293968,1.0028854568369021,1.0852776896671754
2014-02-20,1.0,0.948411933662793,1.0029520495899713,1.0883022392577562
2014-02-21,1.0,0.9464351415104604,1.0029849631233274,1.0895480307881964
2014-02-24,1.0,0.9452870251790138,1.0032420657133687,1.0915835377775704
2014-02-25,1.0,0.9446297850756277,1.0035640636479393,1.093557327664011
2014-02-26,1.0,0.9440091757878237,1.0036864568705093,1.0965459521361651
2014-02-27,1.0,0.9428003058300788,1.0041276055443675,1.0965479909985225
2014-02-28,1.0,0.9422668507695294,1.0041995587475383,1.0965479909985225
2014-03-03,1.0,0.9421045169823945,1.0041085633899791,1.0977516815556965
2014-03-04,1.0,0.9415219921342913,1.0046752427764463,1.0979913311397373
2014-03-05,1.0,0.9415586592617973,1.0047841832423714,1.0996731915735365
2014-03-06,1.0,0.9404787321873735,1.0054166134364522,1.099404391379608
2014-03-07,1.0,0.9378854167254477,1.0055595145979157,1.102119649325424
2014-03-10,1.0,0.9361636729871231,1.0059854965206663,1.101468955232005
2014-03-11,1.0,0.93417505259386,1.006139656514438,1.1036186272296287
2014-03-12,1.0,0.933994628506237,1.0065111084168743,1.1036186272296287
2014-03-13,1.0,0.9328053422074908,1.0067201112229545,1.1075473071715032
2014-03-14,1.0,0.9325109048513296,1.0070963914057438,1.1089615901376642
2014-03-17,1.0,0.9318478580520149,1.0068451108709744,1.1099026651714345
2014-03-18,1.0,0.9319407321258131,1.0070340803710534,1.1099026651714345
2014-03-19,1.0,0.9318478580520149,1.0068628842099492,1.1136771091549642
2014-03-20,1.0,0.9306727906371064,1.0069084421454702,1.112205904701316
2014-03-21,1.0,0.9303901634388847,1.0068671823823985,1.112205904701316
2014-03-24,1.0,0.9303338312180139,1.006700074942547,1.1144698782686857
2014-03-25,1.0,0.9271938836912595,1.0064971982874473,1.1145084571096207
2014-03-26,1.0,0.928196909357268,1.0062492245191246,1.1145084571096207
2014-03-27,1.0,0.9251236641533337,1.0067684567300499,1.1155622155052736
2014-03-28,1.0,0.9267469812445768,1.0073237840864362,1.1155622155052736
2014-03-31,1.0,0.9235179984888114,1.007463541864194,1.1181402013978858
2014-04-01,1.0,0.9267029281368538,1.0078891941722312,1.1194760896646334
2014-04-02,1.0,0.9235179984888114,1.00820163978843,1.1194760896646334
2014-04-03,1.0,0.9235157404392158,1.008919892097793,1.1181527849019943
2014-04-04,1.0,0.9235159825541729,1.0085496729347572,1.1202102330906922
2014-04-07,1.0,0.9238188722730256,1.0090209057839048,1.1202102330906922
2014-04-08,1.0,0.9238188722730256,1.0091434599251874,1.1210793719512135
2014-04-09,1.0,0.9250383330169221,1.0091434599251874,1.1218382122617911
2014-04-10,1.0,0.9242034539804963,1.0101138402242404,1.124349657260774
2014-04-11,1.0,0.9220764629487931,1.0096941455112356,1.1219081393038726
2014-04-14,1.0,0.921506699185039,1.0094201292149045,1.125337292947583
2014-04-15,1.0,0.922085055029523,1.0095078991762474,1.125337292947583
2014-04-16,1.0,0.9200640567731173,1.0102781731702817,1.126324218451937
2014-04-17,1.0,0.9200399324983458,1.0101059191009445,1.128720381691588
2014-04-21,1.0,0.9192641146678755,1.0100932578600508,1.1302017250309766
2014-04-22,1.0,0.9186261897456018,1.0102023132952567,1.1318896347887344
2014-04-23,1.0,0.918526485096059,1.0102678631714856,1.1287734244827035
2014-04-24,1.0,0.9181951152420381,1.0103094223225764,1.1297507698589189
2014-04-25,1.0,0.9160295894294423,1.0103094223225764,1.1303800889134772
2014-04-28,1.0,0.9160295894294423,1.0108580169774197,1.13221055931187
2014-04-29,1.0,0.9148035265291788,1.0113036702134908,1.1346218075357721
2014-04-30,1.0,0.9142475224748,1.011460228359594,1.1346218075357721
2014-05-01,1.0,0.9134662787588383,1.0119047600870088,1.1346218075357721
2014-05-02,1.0,0.9143762333824846,1.0122983740155633,1.1342670229803402
2014-05-05,1.0,0.9142265551412666,1.0128184660341006,1.1352671325359538
2014-05-06,1.0,0.9118215914473121,1.0125865675123542,1.139181246676449
2014-05-07,1.0,0.9107024528192591,1.0122574133699285,1.1389019282810264
2014-05-08,1.0,0.9107024528192591,1.0128155230460192,1.1387808429737207
2014-05-09,1.0,0.9107024528192591,1.0131538535682705,1.1387808429737207
2014-05-12,1.0,0.9090903945339169,1.0128834016212196,1.1406553847186658
2014-05-13,1.0,0.9074508453938139,1.013111436457271,1.1438550074357465
2014-05-14,1.0,0.9074508453938139,1.013111436457271,1.145408053756454
2014-05-15,1.0,0.9067313015572838,1.013238158026582,1.1460391131390477
2014-05-16,1.0,0.9077228837809238,1.0141009444432822,1.1477839953862057
2014-05-19,1.0,0.90776989071165,1.014069410286894,1.1480317234109734
2014-05-20,1.0,0.9074508893077619,1.0147969574300153,1.144762339807223
2014-05-21,1.0,0.9071012576353775,1.014883900371412,1.145180917572673
2014-05-22,1.0,0.90776989071165,1.0149570372733947,1.145578932668143
2014-05-23,1.0,0.90776989071165,1.0147867711044283,1.1477929656623074
2014-05-27,1.0,0.90776989071165,1.015559376149965,1.1486112766555683
2014-05-28,1.0,0.9083476983229583,1.0155193585782403,1.1475933846371988
2014-05-29,1.0,0.9083918559334155,1.015559376149965,1.1475933846371988
2014-05-30,1.0,0.9085517631299379,1.0155418843282153,1.1475933846371988
2014-06-02,1.0,0.9074398605815828,1.0149560227214074,1.1490169000592945
2014-06-03,1.0,0.9056615329152808,1.0153950417740698,1.1478029391175424
2014-06-04,1.0,0.9061361733446419,1.0152300905353098,1.1478029391175424
2014-06-05,1.0,0.9056615329152808,1.015490436540174,1.1490379090731577
2014-06-06,1.0,0.9062638200844475,1.0156275135793627,1.1508757709000748
2014-06-09,1.0,0.905546892814892,1.0165117392143421,1.1523944349574704
2014-06-10,1.0,0.9046421844667236,1.0162963621932362,1.153328435365373
2014-06-11,1.0,0.9046973191613038,1.0161619301358331,1.153328435365373
2014-06-12,1.0,0.9046973191613038,1.0173578144828386,1.1552310783104915
2014-06-13,1.0,0.9046495599848323,1.0172631319374799,1.1551768667082503
2014-06-16,1.0,0.904667322071484,1.0170005475933035,1.1559823221661945
2014-06-17,1.0,0.9041982750015087,1.0165385822389594,1.1581601849409546
2014-06-18,1.0,0.9056090549951153,1.0170033294694238,1.1606546798842825
2014-06-19,1.0,0.9057459499753953,1.0174536430624666,1.1622770546874885
2014-06-20,1.0,0.9056090549951153,1.017931712082874,1.1634762112286774
2014-06-23,1.0,0.9057635665560706,1.018872551068898,1.1652583700293169
2014-06-24,1.0,0.9046973191613038,1.0187361667401884,1.1669271061888957
2014-06-25,1.0,0.9033553762064631,1.0190897212445909,1.1669271061888957
2014-06-26,1.0,0.9002198467100632,1.019590515654531,1.167210466798488
2014-06-27,1.0,0.9015695800487372,1.0199535419901358,1.1669271061888957
2014-06-30,1.0,0.8996349824252015,1.0203810445122152,1.1671995561654172
2014-07-01,1.0,0.8989370979324066,1.0207680278204467,1.1671995561654172
2014-07-02,1.0,0.8989373123404171,1.0198223113491913,1.1690421722733009
2014-07-03,1.0,0.8983838536962967,1.0201701040082556,1.169858878222432
2014-07-07,1.0,0.897731038545863,1.0201701040082556,1.1706889849870856
2014-07-08,1.0,0.8983266341283594,1.0214987465388032,1.1706889849870856
2014-07-09,1.0,0.898337119348071,1.0211694430509577,1.1802241166769338
2014-07-10,1.0,0.898337119348071,1.0208543947867454,1.1762623017903961
2014-07-11,1.0,0.8983347102996357,1.0210515830265767,1.1789420315533525
2014-07-14,1.0,0.8989413759600388,1.0212075938115832,1.1759370473104984
2014-07-15,1.0,0.8983347102996357,1.0219164781319607,1.1759382290917246
2014-07-16,1.0,0.8980520208522423,1.0218378197067421,1.176143185400605
2014-07-17,1.0,0.8978143901693443,1.0220313357790864,1.1759277960357943
2014-07-18,1.0,0.8978793378965662,1.0227662901701136,1.1786507242739288
2014-07-21,1.0,0.8979359670664427,1.0229190294287693,1.1781149509021687
2014-07-22,1.0,0.8989425744684294,1.0226940379907545,1.178104011474084
2014-07-23,1.0,0.8989425744684294,1.0227052412198474,1.1800543593425878
2014-07-24,1.0,0.8983321322848559,1.022862118282884,1.1786970678309392
2014-07-25,1.0,0.897961821557786,1.0228803209432975,1.1786970678309392
2014-07-28,1.0,0.8973386519996169,1.0233347007353055,1.1810942178697876
2014-07-29,1.0,0.8978649244687505,1.0234574529357752,1.183726787050677
2014-07-30,1.0,0.8954150526169257,1.022946332088722,1.1857685330404202
2014-07-31,1.0,0.897961821557786,1.0235504356508422,1.184815700357003
2014-08-01,1.0,0.898179341527816,1.0238214114577997,1.1850717198621015
2014-08-04,1.0,0.8956803800845708,1.023641137347927,1.1850607602358008
2014-08-05,1.0,0.8954292425385028,1.0237593650015984,1.1860945452533684
2014-08-06,1.0,0.8954336986051014,1.0239634173151515,1.1860945452533684
2014-08-07,1.0,0.8957938719690599,1.0239904480263204,1.1860945452533684
2014-08-08,1.0,0.8957938719690599,1.024554035143992,1.187213463998376
2014-08-11,1.0,0.8948989050710054,1.0256430698465462,1.1902383423971872
2014-08-12,1.0,0.8931078153435044,1.0261158798213539,1.1905603321666423
2014-08-13,1.0,0.8929454985256188,1.026309702023776,1.190577873403302
2014-08-14,1.0,0.8928087587970656,1.0263235268478401,1.1938239897093583
2014-08-15,1.0,0.8939413451713969,1.0261158798213539,1.1942516861246568
2014-08-18,1.0,0.8925614470220978,1.02636705211585,1.1956365950896037
2014-08-19,1.0,0.892089120967447,1.0266167505572028,1.1956365950896037
2014-08-20,1.0,0.8920608679315358,1.0268245059052545,1.1961470289757037
2014-08-21,1.0,0.891885605120387,1.0266167505572028,1.1964255300848232
2014-08-22,1.0,0.891885605120387,1.0268245059052545,1.1992067459696145
2014-08-25,1.0,0.8912183458443602,1.0275118624890767,1.2019325968969177
2014-08-26,1.0,0.8910332078232406,1.0266586300693912,1.2016931733688774
2014-08-27,1.0,0.8901578983362738,1.0269928287484054,1.2034574898651405
2014-08-28,1.0,0.8908712946759595,1.0267926555987308,1.2073029332217189
2014-08-29,1.0,0.8881619019888982,1.0266932402455298,1.2085746301558944
2014-09-02,1.0,0.8901081118768606,1.0267926555987308,1.207821270681758
2014-09-03,1.0,0.8881623829608959,1.0276925024762422,1.2075672587836566
2014-09-04,1.0,0.8881112009939021,1.0278725305810195,1.2046444661509332
2014-09-05,1.0,0.8880644244365057,1.0281970045639581,1.204645314108255
2014-09-08,1.0,0.8881623829608959,1.0279844039949304,1.204152194175904
2014-09-09,1.0,0.8887450177694135,1.029269983101704,1.204152194175904
2014-09-10,1.0,0.8880564733896671,1.0295017799709663,1.2025755681083492
2014-09-11,1.0,0.8881630536081934,1.0288573599139066,1.2072209627873998
2014-09-12,1.0,0.8887565889240605,1.0288972326848955,1.207188470595488
2014-09-15,1.0,0.8880935347895026,1.0293473419381756,1.2096644477414462
2014-09-16,1.0,0.8878834784373706,1.029779244548876,1.2114255237732
2014-09-17,1.0,0.8878858913774021,1.0298884817388294,1.211460233188587
2014-09-18,1.0,0.8878858913774021,1.0299102864582392,1.2124695464521997
2014-09-19,1.0,0.8880935347895026,1.029287806859259,1.21497531116818
2014-09-22,1.0,0.8878834784373706,1.0293617808121605,1.213597373820063
2014-09-23,1.0,0.8885391444387812,1.0290290993963773,1.21497531116818
2014-09-24,1.0,0.8897378631236903,1.0290188258807555,1.2151553179507688
2014-09-25,1.0,0.8897378631236903,1.0284846776002672,1.21586346495956
2014-09-26,1.0,0.8877092413819592,1.028568073237895,1.2172759074553667
2014-09-29,1.0,0.8877092413819592,1.0285061510814013,1.2180022170862197
2014-09-30,1.0,0.8877092413819592,1.0287038304417597,1.2188098707097452
2014-10-01,1.0,0.8877092413819592,1.0292922797449164,1.2199704010883126
2014-10-02,1.0,0.8876036455810694,1.029689692289828,1.2214691298953881
2014-10-03,1.0,0.88724807265656,1.029689692289828,1.2214427481063075
2014-10-06,1.0,0.88720237205407,1.0301637277525484,1.2181462129578313
2014-10-07,1.0,0.8866857440433582,1.0305477408698938,1.2181462129578313
2014-10-08,1.0,0.8866857440433582,1.0305787174331185,1.2185801449922369
2014-10-09,1.0,0.8859748490413257,1.0309514901156251,1.218667484195461
2014-10-10,1.0,0.8866857440433582,1.0323083000655933,1.2188415672037038
2014-10-13,1.0,0.8856811395901089,1.0320242490170943,1.2188415672037038
2014-10-14,1.0,0.8867773277647271,1.032451036221273,1.218604715223372
2014-10-15,1.0,0.8866955675966625,1.033421065917751,1.2208043201353362
2014-10-16,1.0,0.8865778501032124,1.033421065917751,1.2225350599594151
2014-10-17,1.0,0.8859748490413257,1.033067616002195,1.222160655611868
2014-10-20,1.0,0.8835694322444666,1.0336374474022623,1.2225143377889194
2014-10-21,1.0,0.8833556446482642,1.0338826355918047,1.2230326466518537
2014-10-22,1.0,0.8808863337862357,1.033953194326792,1.2252457054018093
2014-10-23,1.0,0.8833596227998699,1.033497591810972,1.2259066035140251
2014-10-24,1.0,0.8837417129271424,1.0336043406915718,1.2259066035140251
2014-10-27,1.0,0.8847699013300879,1.0340491407347,1.2296715491059045
2014-10-28,1.0,0.8833251054520018,1.0339447032567761,1.2268544215330617
2014-10-29,1.0,0.885405525332802,1.0336591596177058,1.2268605337046312
2014-10-30,1.0,0.8850230042988416,1.0335900943159173,1.2268605337046312
2014-10-31,1.0,0.8831799240230804,1.0344355513552488,1.2268605337046312
2014-11-03,1.0,0.8820564430741973,1.0350246588343313,1.2296772588393776
2014-11-04,1.0,0.8831799240230804,1.0352556064342084,1.2303359279165784
2014-11-05,1.0,0.8831799240230804,1.0358188106760626,1.2303359279165784
2014-11-06,1.0,0.8831799240230804,1.0357367269741418,1.2305587561249132
2014-11-07,1.0,0.8831799240230804,1.0351637438711903,1.2305579431898193
2014-11-10,1.0,0.8822101208321044,1.0355372867683212,1.2320361788675445
2014-11-11,1.0,0.8831720562751221,1.0364684558492008,1.2327791331273905
2014-11-12,1.0,0.8843381545024706,1.0362501175699534,1.2339418028971327
2014-11-13,1.0,0.8838038589459208,1.0368800627320196,1.2355118941101415
2014-11-14,1.0,0.8848180383329994,1.0367906911040548,1.237730894981956
2014-11-17,1.0,0.881899114279329,1.0373227062899422,1.2412713231503865
2014-11-18,1.0,0.8801926959245027,1.0376099825187046,1.241188842659574
2014-11-19,1.0,0.8808732030894816,1.038426440870481,1.2406521630126066
2014-11-20,1.0,0.8808732030894816,1.0389175426104211,1.2411986865233067
2014-11-21,1.0,0.8792091224301916,1.038718138502721,1.2400880994033854
2014-11-24,1.0,0.877974019799906,1.038718138502721,1.2391542894496927
2014-11-25,1.0,0.8794263737753293,1.038372422315234,1.2400880994033854
2014-11-26,1.0,0.8794500072299082,1.0383161233366616,1.2400880994033854
2014-11-28,1.0,0.8797114720373723,1.0379830518403574,1.2399053473227135
2014-12-01,1.0,0.8794500072299082,1.0383189936595736,1.2400807275233516
2014-12-02,1.0,0.879408746112538,1.0377412074558652,1.240470633941667
2014-12-03,1.0,0.8766598139315831,1.0381067010919292,1.2404869095605942
2014-12-04,1.0,0.876644927001639,1.0382217850314848,1.2416791520747945
2014-12-05,1.0,0.8766040242636464,1.0392505327123687,1.2429883554918821
2014-12-08,1.0,0.8763537972897956,1.0395335682793037,1.2442632558282298
2014-12-09,1.0,0.8763537972897956,1.03937327323939,1.2472750962728079
2014-12-10,1.0,0.8740334768190251,1.0400606428358354,1.2431516169250352
2014-12-11,1.0,0.8757135437849343,1.0396636088828686,1.2429775681476618
2014-12-12,1.0,0.8775051092029792,1.0400232642744218,1.2429775681476618
2014-12-15,1.0,0.8775051092029792,1.0400232642744218,1.2417969534084166
2014-12-16,1.0,0.874755656260425,1.0393482272702657,1.2429775681476618
2014-12-17,1.0,0.874755656260425,1.0392135314455602,1.2449760269099275
2014-12-18,1.0,0.874755656260425,1.0392135314455602,1.2449760269099275
2014-12-19,1.0,0.8777353137986109,1.0403581880870125,1.243207006219251
2014-12-22,1.0,0.8777353137986109,1.0406147669540546,1.2435210021649499
2014-12-23,1.0,0.8777353137986109,1.0404102107896862,1.2488518327152387
2014-12-24,1.0,0.8747649322911059,1.0405979251052275,1.2488598296296967
2014-12-26,1.0,0.8766990047663499,1.0401360917563034,1.2483360950019988
2014-12-29,1.0,0.8774491361174718,1.0402356435484053,1.2498475158586106
2014-12-30,1.0,0.8747533248334967,1.0401673530955433,1.2517386262070385
2014-12-31,1.0,0.8747533248334967,1.0403757086374483,1.2522717890496693
2015-01-02,1.0,0.8747162861728525,1.0403881056808817,1.2532171335331412
2015-01-05,1.0,0.8747162861728525,1.0402696639578128,1.2568382903561266
2015-01-06,1.0,0.8730850129398297,1.0403670935308929,1.256442593939015
2015-01-07,1.0,0.8747391750633142,1.0402094033692328,1.256442593939015
2015-01-08,1.0,0.8767299128899546,1.0402828582258075,1.2563315702781106
2015-01-09,1.0,0.8759890044460802,1.0404858029738664,1.256827950996912
2015-01-12,1.0,0.8729743164303091,1.0404092879471771,1.2583469589699472
2015-01-13,1.0,0.8729907625980705,1.0403623994272753,1.2578445884366276
2015-01-14,1.0,0.874728532397112,1.0404092879471771,1.2621087076835478
2015-01-15,1.0,0.874728532397112,1.0413674623228397,1.2583843324499915
2015-01-16,1.0,0.8730175375538135,1.0418482097787471,1.2628191715167707
2015-01-20,1.0,0.874728532397112,1.0418238542054135,1.2627950860606059
2015-01-21,1.0,0.8735741576935483,1.0425529805585603,1.2608205372633314
2015-01-22,1.0,0.8737974654816808,1.0424015339890302,1.2598590351332608
2015-01-23,1.0,0.8763445533749458,1.0425529805585603,1.2608229256933532
2015-01-26,1.0,0.8747543172210541,1.0425529805585603,1.2615854556856732
2015-01-27,1.0,0.8737974654816808,1.0427790198433846,1.2612052286922755
2015-01-28,1.0,0.8735733993507858,1.0425867523589827,1.261228939556384
2015-01-29,1.0,0.8747342132387362,1.0425867523589827,1.259836753757269
2015-01-30,1.0,0.8758701928121687,1.0426516979762137,1.26253354483173
2015-02-02,1.0,0.8747342132387362,1.0424184454013596,1.2630972687656
2015-02-03,1.0,0.8737702055952771,1.043286754276242,1.2650013085646445
2015-02-04,1.0,0.8723897799452806,1.0431418492121056,1.2675790094593422
2015-02-05,1.0,0.8731870135849588,1.043817215962442,1.2666490739698628
2015-02-06,1.0,0.8723893763690991,1.0433966296703943,1.269858505907761
2015-02-09,1.0,0.8740792270648563,1.0435432149939905,1.2723222346539687
2015-02-10,1.0,0.8723320108845072,1.0451070153174578,1.2744664081690544
2015-02-11,1.0,0.871526230516776,1.044904080239483,1.2761416344116943
2015-02-12,1.0,0.8706973775609994,1.0460557327706372,1.2764217000968132
2015-02-13,1.0,0.8692858410309754,1.04659731526348,1.2763589504203308
2015-02-17,1.0,0.8692887649276174,1.047696618721749,1.2819582816069635
2015-02-18,1.0,0.8692887649276174,1.0473915980885957,1.2761416344116943
2015-02-19,1.0,0.8709788259738312,1.0470992665720797,1.2760293309042436
2015-02-20,1.0,0.8700426588204104,1.047897553353336,1.2811802725173171
2015-02-23,1.0,0.868382283612117,1.0474781476781767,1.276115012794652
2015-02-24,1.0,0.8684797795281312,1.0478445602016495,1.2763557871740236
2015-02-25,1.0,0.8679606252328869,1.0476430430994863,1.2835377204905782
2015-02-26,1.0,0.8679606252328869,1.048309783347417,1.2835753828533412
2015-02-27,1.0,0.8676209342018915,1.048309783347417,1.2863944733629076
2015-03-02,1.0,0.8676168781769065,1.0479086665240247,1.2863944733629076
2015-03-03,1.0,0.8681723644464228,1.0483865950862958,1.2836346095486624
2015-03-04,1.0,0.8683558366532599,1.0489918673785945,1.2836346095486624
2015-03-05,1.0,0.8679606252328869,1.049255052773299,1.2864510198757553
2015-03-06,1.0,0.8679606252328869,1.050077562509434,1.2848356547078843
2015-03-09,1.0,0.8673995233473164,1.0502433295248301,1.2835968709029517
2015-03-10,1.0,0.8676168781769065,1.0493689927148715,1.286986569063459
2015-03-11,1.0,0.8671186867700509,1.0500437896397847,1.2924500942623842
2015-03-12,1.0,0.8662614143179539,1.0501752219268607,1.2888426829476904
2015-03-13,1.0,0.8662533130938764,1.0508673665228652,1.2888426829476904
2015-03-16,1.0,0.8662627841608801,1.0511324628052319,1.288269133456463
2015-03-17,1.0,0.8673934759575379,1.0514504434433944,1.2887924357131997
2015-03-18,1.0,0.8673972150911206,1.0519103489912294,1.2866191661356359
2015-03-19,1.0,0.8673934759575379,1.0513882668346008,1.2910891947345877
2015-03-20,1.0,0.8683558366532599,1.0508460396040054,1.2916098834365417
2015-03-23,1.0,0.8683421611299458,1.0500691372712754,1.291843795303169
2015-03-24,1.0,0.8683421611299458,1.0515901915846522,1.2948274119853822
2015-03-25,1.0,0.8688424224723686,1.0512778810019165,1.2948274119853822
2015-03-26,1.0,0.8700122975390981,1.0513882668346008,1.2949680247804634
2015-03-27,1.0,0.8700181453133562,1.0520100000828347,1.2949383017222482
2015-03-30,1.0,0.8711764783368552,1.0517940358555569,1.3003953246809998
2015-03-31,1.0,0.8688437668441922,1.0520355138284456,1.302664383705008
2015-04-01,1.0,0.8684044419602633,1.0516885520635373,1.3003953246809998
2015-04-02,1.0,0.8681050737352506,1.0517932158600982,1.298993153859542
2015-04-06,1.0,0.8696519725913434,1.0518988792700448,1.3003953246809998
2015-04-07,1.0,0.8704453291800237,1.0520245493451035,1.3020489390886558
2015-04-08,1.0,0.872590606502969,1.0523221775000062,1.3068054649519316
2015-04-09,1.0,0.8697222664705991,1.052722945147894,1.3068092435582312
2015-04-10,1.0,0.8686439603668888,1.0532316163219808,1.3063599749425385
2015-04-13,1.0,0.8697434181863141,1.0526218508130123,1.3068574222069271
2015-04-14,1.0,0.8686547690694447,1.0524560064254338,1.3003950963382271
2015-04-15,1.0,0.8676985045875293,1.0521685548170034,1.3009400798882373
2015-04-16,1.0,0.8665481421664056,1.052341947584265,1.3026454331572141
2015-04-17,1.0,0.8652724234522451,1.0526881377990798,1.3030551903165355
2015-04-20,1.0,0.865977529194405,1.0531779120948346,1.3039829824422078
2015-04-21,1.0,0.8628370982636168,1.05408632772319,1.3105010377466935
2015-04-22,1.0,0.8628370982636168,1.054805436660999,1.3122535191167863
2015-04-23,1.0,0.8628370982636168,1.0548029069573936,1.3135592251550132
2015-04-24,1.0,0.8622229762202961,1.0552164526477317,1.3163967307774194
2015-04-27,1.0,0.8628370982636168,1.0558623204769089,1.3156861402339892
2015-04-28,1.0,0.8622206370943125,1.0564733826769683,1.3168568460475103
2015-04-29,1.0,0.8619155260699592,1.0568720043429836,1.3163967307774194
2015-04-30,1.0,0.8622206370943125,1.0563063342917747,1.3216386080021154
2015-05-01,1.0,0.8656866423580202,1.0563063342917747,1.3229865902772155
2015-05-04,1.0,0.8635982201236775,1.0563588643356043,1.3212227056923187
2015-05-05,1.0,0.8656847132550538,1.056734442500768,1.3235322557949163
2015-05-06,1.0,0.8642920162234378,1.0576772706885151,1.3190695937654513
2015-05-07,1.0,0.8615943011212746,1.0577547597604378,1.319033896154919
2015-05-08,1.0,0.8617541248828323,1.0583343171708128,1.3168934983006328
2015-05-11,1.0,0.8608903083767774,1.0588667651032544,1.3184004816097368
2015-05-12,1.0,0.8606755236530913,1.0594087865912378,1.317075771470974
2015-05-13,1.0,0.8606755236530913,1.0591196958798088,1.3170574693184405
2015-05-14,1.0,0.8608602319477238,1.0604150236088228,1.3183282997508496
2015-05-15,1.0,0.8617408758882239,1.0612417987587237,1.319033896154919
2015-05-18,1.0,0.8617493574072647,1.0608287645129788,1.319033896154919
2015-05-19,1.0,0.8631055305005487,1.0608938014949634,1.3191552540601965
2015-05-20,1.0,0.863962441626514,1.061826809221999,1.3246620381405865
2015-05-21,1.0,0.8631055305005487,1.0631073992517646,1.3217558439077066
2015-05-22,1.0,0.8648706757897743,1.063372589576792,1.3246248579617217
2015-05-26,1.0,0.8623560314329548,1.0626207150419895,1.32546644329646
2015-05-27,1.0,0.8631095964495055,1.0623372621262175,1.3250607209418983
2015-05-28,1.0,0.8621829609938818,1.0633178697095171,1.3264322537499098
2015-05-29,1.0,0.8616039180425477,1.0633178697095171,1.3210964407123251
2015-06-01,1.0,0.8588598536992403,1.063372589576792,1.3275563723064019
2015-06-02,1.0,0.8588363933578996,1.06363393696487,1.3275563723064019
2015-06-03,1.0,0.8578910096115895,1.0642594096530607,1.329254833092624
2015-06-04,1.0,0.8568356870598655,1.063789479066455,1.329254833092624
2015-06-05,1.0,0.8578910096115895,1.0639949879624302,1.3309823124845777
2015-06-08,1.0,0.8579057441983279,1.0639949879624302,1.3309823124845777
2015-06-09,1.0,0.8573524455519,1.0643814470057698,1.3316503754694904
2015-06-10,1.0,0.8560356297360986,1.0652253652599977,1.3309802985493564
2015-06-11,1.0,0.8560356297360986,1.0654963831977384,1.3340816485825446
2015-06-12,1.0,0.8552637909067917,1.0656704919701325,1.3310614604271125
2015-06-15,1.0,0.855225521452097,1.0664608224642802,1.3301061747650496
2015-06-16,1.0,0.8577321777435394,1.0670618464097796,1.331082618096696
2015-06-17,1.0,0.8577376821549003,1.0673034051776609,1.3356005260599384
2015-06-18,1.0,0.8574548677899148,1.066886169768817,1.3371426290235806
2015-06-19,1.0,0.8576909639279662,1.0670903808902867,1.3382620360548556
2015-06-22,1.0,0.8557173808552944,1.0671310019596367,1.340662773960403
2015-06-23,1.0,0.8557173808552944,1.067779461503478,1.3359000844808369
2015-06-24,1.0,0.8576909639279662,1.0682135386568519,1.3356005260599384
2015-06-25,1.0,0.8557449905496675,1.0680722966388099,1.3359000844808369
2015-06-26,1.0,0.8557442548376902,1.0676618138061569,1.3357663618796969
2015-06-29,1.0,0.8553666805949212,1.0677325476376154,1.3356791734458409
2015-06-30,1.0,0.8553666805949212,1.0673860538653117,1.3359000844808369
2015-07-01,1.0,0.8540068077268528,1.0676061692787373,1.3448279168873085
2015-07-02,1.0,0.8537293586821404,1.0672818104393964,1.3451823710670627
2015-07-06,1.0,0.8550991249237279,1.067497172564923,1.3461523262584576
2015-07-07,1.0,0.8537224560958502,1.0677798015503321,1.3455322734605717
2015-07-08,1.0,0.8540068077268528,1.067964408873241,1.3458593376176655
2015-07-09,1.0,0.854484607896525,1.0687556641512823,1.3445852631363464
2015-07-10,1.0,0.854484607896525,1.0687556641512823,1.3468897388146905
2015-07-13,1.0,0.8562356029307521,1.0688590172814805,1.3491892861777908
2015-07-14,1.0,0.8557143637394775,1.069277576212233,1.346229942726082
2015-07-15,1.0,0.85630562805353,1.0685151558475754,1.3469058059299568
2015-07-16,1.0,0.8544782324804945,1.0689638773417167,1.3462283119167657
2015-07-17,1.0,0.8544252085127687,1.0685151558475754,1.346229942726082
2015-07-20,1.0,0.8541474495418787,1.0688963896242352,1.3468291366460483
2015-07-21,1.0,0.8499682652162079,1.0690669068246503,1.3461816201964818
2015-07-22,1.0,0.8499682652162079,1.0691900553954565,1.3463044127852237
2015-07-23,1.0,0.8503327779910986,1.0699914228482976,1.3445477192470523
2015-07-24,1.0,0.8503327779910986,1.070215133853296,1.348276696861105
2015-07-27,1.0,0.8505754672460166,1.0699368598683794,1.3470155793019742
2015-07-28,1.0,0.8503005899401045,1.0700943541825803,1.3470155793019742
2015-07-29,1.0,0.8503005899401045,1.0702346673909493,1.34721387738021
2015-07-30,1.0,0.8505754672460166,1.071271367390993,1.3522732544184735
2015-07-31,1.0,0.853287983641621,1.0704609562300647,1.354040266512769
2015-08-03,1.0,0.8531558659930434,1.0699776107818653,1.3522732544184735
2015-08-04,1.0,0.8548155532627851,1.0704521382293986,1.3507207493652196
2015-08-05,1.0,0.8543770658464865,1.0712097403848382,1.3485800403674897
2015-08-06,1.0,0.8548155532627851,1.0722557048287868,1.3528023247761192
2015-08-07,1.0,0.8548155532627851,1.0722598330643827,1.3525795087868733
2015-08-10,1.0,0.8543770658464865,1.0717971200339527,1.3540689089378848
2015-08-11,1.0,0.8531892113985686,1.072096573869017,1.3547675537273507
2015-08-12,1.0,0.8531892113985686,1.0717971200339527,1.354957154053065
2015-08-13,1.0,0.8531892113985686,1.071413010109782,1.3547675537273507
2015-08-14,1.0,0.8543925218016625,1.072221939600431,1.3571265582917282
2015-08-17,1.0,0.8536955656824572,1.0719477527449142,1.3571265582917282
2015-08-18,1.0,0.8533342745614901,1.0722495761180795,1.3571448535743786
2015-08-19,1.0,0.8533500894630134,1.0719679697178104,1.3576213192203803
2015-08-20,1.0,0.8536995202906632,1.0716157531858133,1.3586847405671183
2015-08-21,1.0,0.8530545451011448,1.071808073427718,1.3599620996364177
2015-08-24,1.0,0.8533237007995531,1.0719477527449142,1.3599222869216234
2015-08-25,1.0,0.8533415000001628,1.0718299490355454,1.359912631381298
2015-08-26,1.0,0.8533415000001628,1.0713560250904282,1.359912631381298
2015-08-27,1.0,0.8541019420364651,1.0712980026937797,1.3600947625305728
2015-08-28,1.0,0.8536855002932539,1.0712939187708588,1.3571926417640046
2015-08-31,1.0,0.854063494379723,1.0706715109747469,1.3614373506119655
2015-09-01,1.0,0.8519257859290303,1.0713560250904282,1.3634737752475377
2015-09-02,1.0,0.8495503289325183,1.0720892072136285,1.3634737752475377
2015-09-03,1.0,0.8487076580658152,1.0719477527449142,1.3621675241780977
2015-09-04,1.0,0.8512572508394226,1.0719477527449142,1.3578061348813644
2015-09-08,1.0,0.8505554342931598,1.072162693370085,1.36137117038993
2015-09-09,1.0,0.8508614512889494,1.0719477527449142,1.3600947625305728
2015-09-10,1.0,0.8531127730026249,1.0728307479072603,1.3617204514987602
2015-09-11,1.0,0.8533849817725438,1.0737602717633326,1.3626655802616228
2015-09-14,1.0,0.8533849817725438,1.0744652693942451,1.3637151383980906
2015-09-15,1.0,0.8533750844117325,1.0743541480357004,1.3667668110058293
2015-09-16,1.0,0.8514752677289076,1.0737268385004703,1.3697889225787572
2015-09-17,1.0,0.8514752677289076,1.073027839431056,1.3728924625255334
2015-09-18,1.0,0.8508055371182914,1.0731060573207536,1.3734334825387258
2015-09-21,1.0,0.851932864075603,1.0740875407700643,1.3766424339635661
2015-09-22,1.0,0.8511612340191791,1.073676876209888,1.378768597789971
2015-09-23,1.0,0.8527019795971931,1.0737602717633326,1.378768597789971
2015-09-24,1.0,0.851984298153968,1.074846109666006,1.380859122080777
2015-09-25,1.0,0.8533496604069966,1.076315795096586,1.3826114680789863
2015-09-28,1.0,0.8543915839965315,1.0771058914967455,1.3861872512411977
2015-09-29,1.0,0.8544178649257256,1.0766715512661202,1.3860046993925508
2015-09-30,1.0,0.8543817991173348,1.0766944065758186,1.385314852253068
2015-10-01,1.0,0.8542101056825221,1.0769083071442414,1.3853636829369735
2015-10-02,1.0,0.8542101056825221,1.0771058914967455,1.3835720054170655
2015-10-05,1.0,0.8533409303925084,1.07779543224758,1.3836448394786043
2015-10-06,1.0,0.8548593730707051,1.07779543224758,1.3911426402194385
2015-10-07,1.0,0.8533448247340691,1.078334091614793,1.3915075104077765
2015-10-08,1.0,0.8534309995606013,1.0789036575237771,1.3910603297040625
2015-10-09,1.0,0.8534309995606013,1.079649380687389,1.3915075104077765
2015-10-12,1.0,0.8543837005707152,1.0796284450153442,1.3918289316830699
2015-10-13,1.0,0.8533448247340691,1.0795368038511626,1.3915075104077765
2015-10-14,1.0,0.8543817991173348,1.0794872727585552,1.3918289316830699
2015-10-15,1.0,0.8548296075779754,1.079632583001346,1.4003463490529626
2015-10-16,1.0,0.8553878621810083,1.0796089870561003,1.3944174849058104
2015-10-19,1.0,0.8553878621810083,1.080581610620242,1.4001976821822637
2015-10-20,1.0,0.8530589633199315,1.0802685353694914,1.3976576540386139
2015-10-21,1.0,0.8530672446033157,1.081001195213974,1.3959085268771148
2015-10-22,1.0,0.8530502937441801,1.0820339851719756,1.3938220909905046
2015-10-23,1.0,0.8539471747628453,1.0814690327057868,1.393933063405642
2015-10-26,1.0,0.8541426553546065,1.0821738439698054,1.3934285545628424
2015-10-27,1.0,0.8530672446033157,1.0830131608070588,1.3934285545628424
2015-10-28,1.0,0.8530672446033157,1.0829387375120363,1.3934285545628424
2015-10-29,1.0,0.8548407121869637,1.0821732413870349,1.3891419524142354
2015-10-30,1.0,0.8560184690625579,1.0832081901359407,1.3894903879434037
2015-11-02,1.0,0.8560184690625579,1.0846105850497285,1.3933583721479292
2015-11-03,1.0,0.8560184690625579,1.084123851224244,1.3896159975860836
2015-11-04,1.0,0.8560184690625579,1.0843251479930944,1.3896586045116706
2015-11-05,1.0,0.8560184690625579,1.0843251479930944,1.398792000362381
2015-11-06,1.0,0.8554104567305043,1.0833447094357869,1.4004457118687124
2015-11-09,1.0,0.8561355510700887,1.0833447094357869,1.3973705326412043
2015-11-10,1.0,0.8549300260867855,1.0844884988466679,1.4004457118687124
2015-11-11,1.0,0.8537740258708232,1.0847090510948303,1.4019216450930274
2015-11-12,1.0,0.8535557327329486,1.084745948992774,1.4037530371645948
2015-11-13,1.0,0.8535557327329486,1.084745948992774,1.4037530371645948
2015-11-16,1.0,0.8544199743444554,1.0840716070529948,1.4042851296672259
2015-11-17,1.0,0.8535557327329486,1.0838378886800641,1.4052974895850527
2015-11-18,1.0,0.8535557327329486,1.085210815746569,1.408260538945912
2015-11-19,1.0,0.8532447181989306,1.0848932092102448,1.4059779046273062
2015-11-20,1.0,0.8535557327329486,1.0850048198028555,1.4068382852273427
2015-11-23,1.0,0.8535557327329486,1.0850048198028555,1.4107211474429988
2015-11-24,1.0,0.8532447181989306,1.0847827335768225,1.411247808021747
2015-11-25,1.0,0.8530555850766827,1.085076288370892,1.40973504165078
2015-11-27,1.0,0.8530555850766827,1.085076288370892,1.4132502342515254
2015-11-30,1.0,0.8535557327329486,1.0850122105035664,1.4112726086737077
2015-12-01,1.0,0.8524565639106598,1.0850122105035664,1.4112726086737077
2015-12-02,1.0,0.8512799668316294,1.0851660816429205,1.4109432201601977
2015-12-03,1.0,0.8507344227031522,1.084896732116365,1.4112726086737077
2015-12-04,1.0,0.8508005150720502,1.0856672679093988,1.4132502342515254
2015-12-07,1.0,0.8534945258334862,1.0860283196560503,1.4168425643248512
2015-12-08,1.0,0.8534945258334862,1.086295920456501,1.4174956303970694
2015-12-09,1.0,0.8534945258334862,1.0857616406576729,1.4174956303970694
2015-12-10,1.0,0.8526136871966664,1.086295920456501,1.4174956303970694
2015-12-11,1.0,0.8507865938145511,1.086338745899166,1.4174956303970694
2015-12-14,1.0,0.8501238249538088,1.086338745899166,1.4168425643248512
2015-12-15,1.0,0.8501238249538088,1.0853594635398496,1.4152180719680818
2015-12-16,1.0,0.8466270227013308,1.086564377134743,1.4152065206120985
2015-12-17,1.0,0.8466270227013308,1.0874464864857614,1.4152065206120985
2015-12-18,1.0,0.851063982202441,1.0877407972095763,1.4174956303970694
2015-12-21,1.0,0.8535331739621468,1.0877048453173073,1.4192368574003147
2015-12-22,1.0,0.8535331739621468,1.0871517410771272,1.4235325234958802
2015-12-23,1.0,0.8535331739621468,1.0870022897037819,1.4273068124211592
2015-12-24,1.0,0.8535331739621468,1.0877407972095763,1.4289671771799335
2015-12-28,1.0,0.8523428974927847,1.0891757618463263,1.431387593875706
2015-12-29,1.0,0.8521531807943151,1.0893929932398243,1.4289671771799335
2015-12-30,1.0,0.8521531807943151,1.0888421882021064,1.4259940092182883
2015-12-31,1.0,0.8512279842565629,1.089017077911235,1.427743054243009
2016-01-04,1.0,0.8521557642634874,1.0910801787347326,1.4309574173970354
2016-01-05,1.0,0.8514134734476562,1.0888421882021064,1.4263697942891582
2016-01-06,1.0,0.850890549734156,1.0893512725687478,1.4283294056277474
2016-01-07,1.0,0.850890549734156,1.0902937377061042,1.4302467447306841
2016-01-08,1.0,0.850890549734156,1.0909142360460604,1.4309574173970354
2016-01-11,1.0,0.8474016901633087,1.0904725858372584,1.4310198189780075
2016-01-12,1.0,0.8488491672352808,1.091616561725548,1.4310198189780075
2016-01-13,1.0,0.8488491672352808,1.0918392588154442,1.4313170009018816
2016-01-14,1.0,0.8488817521830975,1.0918392588154442,1.4310221364398554
2016-01-15,1.0,0.8488936942296798,1.0922756510100646,1.430086932246617
2016-01-19,1.0,0.8512461808937247,1.091830776286712,1.430099689357624
2016-01-20,1.0,0.850368818157917,1.0915100020051127,1.4287458503253754
2016-01-21,1.0,0.8481668084547053,1.0911163762319511,1.4259075483313546
2016-01-22,1.0,0.8465929730848826,1.0904392303752986,1.428414164655523
2016-01-25,1.0,0.844914626475481,1.091036123362476,1.4319954559085892
2016-01-26,1.0,0.8449901463560533,1.090014958299308,1.4285226601280583
2016-01-27,1.0,0.8444726887487477,1.0912143316884388,1.4289217914705283
2016-01-28,1.0,0.8449798411682552,1.0911984518325595,1.4277418890262015
2016-01-29,1.0,0.8444474754593618,1.0912016992745817,1.4277418890262015
2016-02-01,1.0,0.8410333669218926,1.0917911135780693,1.4283365246947617
2016-02-02,1.0,0.8410333669218926,1.0925764807072578,1.4325480085133873
2016-02-03,1.0,0.8418717526318302,1.093301510682914,1.4322918196414807
2016-02-04,1.0,0.844483530164482,1.093458434056233,1.4313973288737896
2016-02-05,1.0,0.8458507286164841,1.0929156452575097,1.4318632370447035
2016-02-08,1.0,0.8458507286164841,1.0936479472477112,1.4347547653525616
2016-02-09,1.0,0.8458625524196418,1.0949809002288156,1.4333356794091676
2016-02-10,1.0,0.8450228120222802,1.0953088432623042,1.437277755125034
2016-02-11,1.0,0.8444446046447245,1.0954043857462654,1.4368490703614398
2016-02-12,1.0,0.8458670020077825,1.0952604300698103,1.4373013469823113
2016-02-16,1.0,0.8451319054858144,1.0952604300698103,1.4387049461701455
2016-02-17,1.0,0.8451319054858144,1.0952108586163731,1.4373359417637583
2016-02-18,1.0,0.8453058569409658,1.095129610693529,1.437104975431981
2016-02-19,1.0,0.8438880409255365,1.094890607415803,1.4353413740114027
2016-02-22,1.0,0.8437253235371747,1.0945897575994934,1.437104975431981
2016-02-23,1.0,0.8438880409255365,1.094189145969953,1.4371078749149573
2016-02-24,1.0,0.8428495670908053,1.0948896340623047,1.4395448208356563
2016-02-25,1.0,0.8425547487562665,1.0958513139835864,1.4373223618467497
2016-02-26,1.0,0.8425588932766923,1.0969001992147822,1.4395448208356563
2016-02-29,1.0,0.8425588932766923,1.0970179356807899,1.4404494995249328
2016-03-01,1.0,0.8436555066426409,1.0973089699889853,1.4373223618467497
2016-03-02,1.0,0.8447947076533503,1.0988238136151507,1.4373223618467497
2016-03-03,1.0,0.8452150135053021,1.1001511108052213,1.437104975431981
2016-03-04,1.0,0.8436555066426409,1.1005555417465778,1.437104975431981
2016-03-07,1.0,0.8438926996550793,1.1002859887410683,1.4373223618467497
2016-03-08,1.0,0.8410731028559465,1.1009092486294874,1.4373223618467497
2016-03-09,1.0,0.8410731028559465,1.1013542838221237,1.434935432711868
2016-03-10,1.0,0.8410731028559465,1.1009079042548569,1.4349211276415534
2016-03-11,1.0,0.839995992672689,1.1017672162480043,1.436764464104478
2016-03-14,1.0,0.839580642122796,1.1025783999233267,1.4376382205171658
2016-03-15,1.0,0.8421852274403222,1.1009526566365055,1.4476030009380414
2016-03-16,1.0,0.8436810313612745,1.1017488269084765,1.4422721275874315
2016-03-17,1.0,0.8433228217906984,1.1017488269084765,1.4440225827132418
2016-03-18,1.0,0.8421922081701096,1.100793395036686,1.4440225827132418
2016-03-21,1.0,0.8420161749330607,1.0998629384921044,1.4439646605402303
2016-03-22,1.0,0.8420161749330607,1.1006916981687662,1.4440225827132418
2016-03-23,1.0,0.8420312493213673,1.1019983779907734,1.4455251372210673
2016-03-24,1.0,0.8418875073158183,1.1011977666190418,1.4455251372210673
2016-03-28,1.0,0.8421810175465057,1.10229315723935,1.444002547139488
2016-03-29,1.0,0.8402473312321379,1.103097363966328,1.442271613854771
2016-03-30,1.0,0.8402473312321379,1.102783331906446,1.442271613854771
2016-03-31,1.0,0.8413039578052717,1.1033804724948924,1.442271613854771
2016-04-01,1.0,0.8413039578052717,1.1022769820629623,1.445007375890913
2016-04-04,1.0,0.8402473312321379,1.101734678874934,1.4444626849736515
2016-04-05,1.0,0.8413039578052717,1.1010707168253435,1.4460157834664573
2016-04-06,1.0,0.840612529398723,1.10189358855075,1.4480639922117498
2016-04-07,1.0,0.8395864766948087,1.1024747380814373,1.4480639922117498
2016-04-08,1.0,0.8395864766948087,1.103020063032814,1.4457797345747205
2016-04-11,1.0,0.8395947309672147,1.1022769820629623,1.4484632951549776
2016-04-12,1.0,0.8395833117754568,1.1035063417697173,1.4481163275967222
2016-04-13,1.0,0.8401209010453958,1.1032396154542083,1.4480419812279905
2016-04-14,1.0,0.8395833117754568,1.1018840706224098,1.4460376658402863
2016-04-15,1.0,0.8378275627541659,1.1032330625311704,1.4455133770386366
2016-04-18,1.0,0.8378374325985675,1.1054023336628735,1.446079124655742
2016-04-19,1.0,0.8378339904357317,1.1049566560644948,1.442582433919218
2016-04-20,1.0,0.8379420478189256,1.1052944576581867,1.4445296670076506
2016-04-21,1.0,0.8395033921722651,1.104947484895667,1.4465212177730515
2016-04-22,1.0,0.8401873766757277,1.104150991780196,1.4482070727982088
2016-04-25,1.0,0.8401873766757277,1.105214188516074,1.4482070727982088
2016-04-26,1.0,0.8394870720980141,1.104554822279343,1.4520859085181541
2016-04-27,1.0,0.8361458353836226,1.1044050120816604,1.4520859085181541
2016-04-28,1.0,0.8385533805036657,1.1041076703999848,1.4523630223783779
2016-04-29,1.0,0.8397544340379404,1.1041076703999848,1.4520859085181541
2016-05-02,1.0,0.8409551833547383,1.104289775753552,1.4475460501061763
2016-05-03,1.0,0.8409304245446273,1.1041076703999848,1.444566001229302
2016-05-04,1.0,0.8426669740899508,1.1038754148735754,1.4445640895736103
2016-05-05,1.0,0.8426669740899508,1.1036934181064884,1.4523335760562492
2016-05-06,1.0,0.844829347630078,1.103671026800226,1.4524867843274074
2016-05-09,1.0,0.845311846939551,1.1029118794529433,1.4534033589886184
2016-05-10,1.0,0.8455646491352955,1.1026495341107636,1.4520859085181541
2016-05-11,1.0,0.8455987682062138,1.1037769242059603,1.4523335760562492
2016-05-12,1.0,0.8456574013262894,1.1049473832795091,1.4525089708114796
2016-05-13,1.0,0.8463394860409259,1.105183483441951,1.4542714527720235
2016-05-16,1.0,0.8452852158712479,1.105287749504865,1.4610093397876875
2016-05-17,1.0,0.8490455726966599,1.105942720107496,1.4608569489589853
2016-05-18,1.0,0.8490518550397657,1.105287749504865,1.4656003654583318
2016-05-19,1.0,0.8453184688966708,1.1052849612762001,1.460768043580301
2016-05-20,1.0,0.8453184688966708,1.1054341767182243,1.4634801582935475
2016-05-23,1.0,0.8451086325748423,1.105942720107496,1.4650416059464362
2016-05-24,1.0,0.8446108520326566,1.1052849612762001,1.4654369309947683
2016-05-25,1.0,0.8437693784159873,1.105458436770698,1.4649694435829157
2016-05-26,1.0,0.8429340558843265,1.1057303799622147,1.4654369309947683
2016-05-27,1.0,0.8437693784159873,1.1053497507739007,1.4651112731288702
2016-05-31,1.0,0.8428380307553878,1.1052849612762001,1.464052280017181
2016-06-01,1.0,0.8428380307553878,1.1061552112434176,1.4647411290868586
2016-06-02,1.0,0.8425546464865722,1.1070206837985026,1.460745373982024
2016-06-03,1.0,0.8427062919959795,1.106618679020284,1.4626757677590405
2016-06-06,1.0,0.8427062919959795,1.1065231662236505,1.4632940452734287
2016-06-07,1.0,0.8425546464865722,1.1061092825993337,1.4626757677590405
2016-06-08,1.0,0.8423757989619829,1.1060368163083538,1.4632811740743532
2016-06-09,1.0,0.8425546464865722,1.1061588460144072,1.4660528286797874
2016-06-10,1.0,0.8423542880783144,1.107177712219079,1.4690757166497548
2016-06-13,1.0,0.8392053410208724,1.1075958654566056,1.4693958589390244
2016-06-14,1.0,0.8383196394067691,1.1059811013570027,1.4700468142181926
2016-06-15,1.0,0.8394672549916042,1.1069942007493605,1.4827628351228517
2016-06-16,1.0,0.8382398430344669,1.1089058371479155,1.4827628351228517
2016-06-17,1.0,0.8383196394067691,1.1108717689256113,1.4833234651547562
2016-06-20,1.0,0.8394672549916042,1.1089058371479155,1.482141502626233
2016-06-21,1.0,0.8394672549916042,1.1089977552571155,1.475064344439525
2016-06-22,1.0,0.8394672549916042,1.108686687593241,1.4838124394624914
2016-06-23,1.0,0.8383213356022748,1.1087629423608605,1.482129464599686
2016-06-24,1.0,0.8391250076281195,1.109193297970151,1.4755567922024033
2016-06-27,1.0,0.8383186428083399,1.1105733429193871,1.4792985809983696
2016-06-28,1.0,0.8378646750251688,1.109453276535103,1.4792985809983696
2016-06-29,1.0,0.8360775241436603,1.1105077054584511,1.4838149243642014
2016-06-30,1.0,0.8379642413694907,1.1108065336765338,1.488588208114776
2016-07-01,1.0,0.8391354827408378,1.1105077054584511,1.4901688250070766
2016-07-05,1.0,0.838736284257695,1.1105842862765563,1.489732828396879
2016-07-06,1.0,0.8386479984012541,1.1106457421465104,1.4898694849412053
2016-07-07,1.0,0.8386479984012541,1.1107152323069236,1.4842069911602938
2016-07-08,1.0,0.8391354827408378,1.1105842862765563,1.4842069911602938
2016-07-11,1.0,0.8387188861427284,1.1107152323069236,1.4866474387740551
2016-07-12,1.0,0.8376398161815285,1.110829348505057,1.484082299140572
2016-07-13,1.0,0.8376398161815285,1.1106982748056429,1.4868082106716365
2016-07-14,1.0,0.8352220886529407,1.1108927958007726,1.5007010523338602
2016-07-15,1.0,0.8352220886529407,1.1116004446615135,1.4913544568253265
2016-07-18,1.0,0.8378385097864459,1.1112138116410741,1.4871481719592337
2016-07-19,1.0,0.8378385097864459,1.112128126945783,1.487647349239358
2016-07-20,1.0,0.8406308234371387,1.1117435582990924,1.491235717523721
2016-07-21,1.0,0.8379975415779993,1.1120392123617018,1.4968068347959766
2016-07-22,1.0,0.8380061886275679,1.1117435582990924,1.4968356481311071
2016-07-25,1.0,0.8379975415779993,1.1128312526112762,1.4914487825063043
2016-07-26,1.0,0.8379975415779993,1.1128312526112762,1.4914487825063043
2016-07-27,1.0,0.8379975415779993,1.1134369693640884,1.4914487825063043
2016-07-28,1.0,0.8379693288313759,1.1134369693640884,1.4914487825063043
2016-07-29,1.0,0.8414279195304736,1.1134369693640884,1.4914487825063043
2016-08-01,1.0,0.8384626006033776,1.1134079668679515,1.4914487825063043
2016-08-02,1.0,0.8383810254010222,1.1130193484072872,1.4914487825063043
2016-08-03,1.0,0.8383810254010222,1.1133734784873996,1.496689992387847
2016-08-04,1.0,0.8347772672375403,1.1150636166318098,1.4970102645692271
2016-08-05,1.0,0.8347772672375403,1.1151099095307235,1.496689992387847
2016-08-08,1.0,0.8383810254010222,1.1141619812643444,1.496689992387847
2016-08-09,1.0,0.8386803577373553,1.112375301081403,1.4994026375621952
2016-08-10,1.0,0.8387474447801309,1.1129348940321595,1.4967513352851023
2016-08-11,1.0,0.8387474447801309,1.1135686818845036,1.4967154769571203
2016-08-12,1.0,0.8387474447801309,1.1154977498458738,1.4990155470385513
2016-08-15,1.0,0.8387474447801309,1.1149109808245405,1.5026674925041006
2016-08-16,1.0,0.8387474447801309,1.115635938391219,1.5025130824807664
2016-08-17,1.0,0.8403837083788501,1.1149120279929106,1.4997990498661224
2016-08-18,1.0,0.8398968743162525,1.115519757247962,1.4990155470385513
2016-08-19,1.0,0.836947102415969,1.1157854562727474,1.4965000384896432
2016-08-22,1.0,0.8417117467265994,1.1157093681805286,1.4954575221771391
2016-08-23,1.0,0.8403463279370219,1.1172764500802723,1.4954575221771391
2016-08-24,1.0,0.8403605433371233,1.1189311650300966,1.4960172553942106
2016-08-25,1.0,0.8403463279370219,1.120516581525766,1.4953037750030136
2016-08-26,1.0,0.8369668054016863,1.1199105453752622,1.4953037750030136
2016-08-29,1.0,0.837022659545935,1.1201475047717946,1.4953037750030136
2016-08-30,1.0,0.837022659545935,1.119898542727247,1.4951284907354983
2016-08-31,1.0,0.8368868334532533,1.1216093359537185,1.4951284907354983
2016-09-01,1.0,0.8368868334532533,1.1216093359537185,1.4963276565423946
2016-09-02,1.0,0.833774921484832,1.1219910307345193,1.4961650756721545
2016-09-06,1.0,0.8368983161180408,1.1221772700952801,1.502465931453026
2016-09-07,1.0,0.8368983161180408,1.1217867693724013,1.5026886283850873
2016-09-08,1.0,0.8369648140959673,1.120761865897368,1.50591847952002
2016-09-09,1.0,0.83418987328296,1.1204094233384692,1.5039364868037242
2016-09-12,1.0,0.8365470924894599,1.122061764964338,1.5046313974846939
2016-09-13,1.0,0.8341898100641206,1.1223541898927794,1.5099003995884552
2016-09-14,1.0,0.8347816204648952,1.1225066521709492,1.5170464525637997
2016-09-15,1.0,0.8341898100641206,1.1220842373691449,1.5099681212533629
2016-09-16,1.0,0.8337828712144371,1.122866059398079,1.5100995440691403
2016-09-19,1.0,0.8341898100641206,1.1234515015445994,1.5122079203305157
2016-09-20,1.0,0.8341898100641206,1.1234515015445994,1.5121442006796308
2016-09-21,1.0,0.8337687799987429,1.1235561830426275,1.5121442006796308
2016-09-22,1.0,0.8325721820661839,1.1254409114718231,1.5175694309588064
2016-09-23,1.0,0.8316158794521037,1.1245241303451843,1.5121442006796308
2016-09-26,1.0,0.8330141016666114,1.1245338759934378,1.5121442006796308
2016-09-27,1.0,0.8299434885592214,1.1253558046167207,1.509844056324305
2016-09-28,1.0,0.8299434885592214,1.1250668882657364,1.512087283211178
2016-09-29,1.0,0.8292597687425681,1.1255529678940543,1.514969575531949
2016-09-30,1.0,0.8288962371093209,1.1264691613826459,1.5175637865037621
2016-10-03,1.0,0.8292597687425681,1.126092351184181,1.5152859300382548
2016-10-04,1.0,0.8300580763013218,1.1267627402293452,1.5198313588049568
2016-10-05,1.0,0.8300580763013218,1.1262613245467588,1.5199898292859246
2016-10-06,1.0,0.8292597687425681,1.1269286853739127,1.5199898292859246
2016-10-07,1.0,0.8268229795676795,1.1267627402293452,1.5206412672568856
2016-10-10,1.0,0.8265761383201965,1.1267627402293452,1.5212399526041274
2016-10-11,1.0,0.8268387483764277,1.12731406748442,1.5212399526041274
2016-10-12,1.0,0.8303254896504254,1.1272209579604096,1.5227488052381613
2016-10-13,1.0,0.831036412243586,1.1276705003783198,1.5261030305959555
2016-10-14,1.0,0.8286137751997983,1.127509680924575,1.5220868663987228
2016-10-17,1.0,0.8301989142372966,1.1284034732362072,1.5220868663987228
2016-10-18,1.0,0.8256333581298909,1.1276705003783198,1.5275365381740944
2016-10-19,1.0,0.8256333581298909,1.127987303931865,1.5240915770977674
2016-10-20,1.0,0.8279948486582847,1.1284681045846345,1.5275696527597198
2016-10-21,1.0,0.82482881611194,1.128175787216009,1.5291910710241567
2016-10-24,1.0,0.8251356592346045,1.1284034732362072,1.5295162628416394
2016-10-25,1.0,0.8248273110081671,1.1276842200632595,1.5295162628416394
2016-10-26,1.0,0.8251356592346045,1.1276842200632595,1.5295162628416394
2016-10-27,1.0,0.8242778576098282,1.1279579292194168,1.5295162628416394
2016-10-28,1.0,0.8242778576098282,1.1282616809389,1.5309082092453437
2016-10-31,1.0,0.8232763949169214,1.1297682376531801,1.5373792579188101
2016-11-01,1.0,0.8236587958631338,1.1301307237460843,1.5373792579188101
2016-11-02,1.0,0.8232763949169214,1.1303168858582193,1.5356346676742438
2016-11-03,1.0,0.8232763949169214,1.1311672519639884,1.5370818961883246
2016-11-04,1.0,0.8236587958631338,1.1325865137230606,1.537953079070736
2016-11-07,1.0,0.8242778576098282,1.1326966522971635,1.538399575469162
2016-11-08,1.0,0.8242778576098282,1.1319965119594946,1.5373385783115814
2016-11-09,1.0,0.8248273110081671,1.132697995079514,1.5373385783115814
2016-11-10,1.0,0.8248273110081671,1.1327461102791105,1.533609635179316
2016-11-11,1.0,0.8248273110081671,1.1328351313554736,1.533609635179316
2016-11-14,1.0,0.825882923685436,1.132697995079514,1.533609635179316
2016-11-15,1.0,0.8247051200919748,1.1329210343344587,1.5341013751941135
2016-11-16,1.0,0.8232417086560092,1.1343358640478418,1.5341013751941135
2016-11-17,1.0,0.8242778576098282,1.135062001631853,1.5341013751941135
2016-11-18,1.0,0.8242778576098282,1.135062001631853,1.538453633926182
2016-11-21,1.0,0.8242778576098282,1.1348104915053705,1.5341013751941135
2016-11-22,1.0,0.8242670170910067,1.133228308013388,1.543907547396861
2016-11-23,1.0,0.825362823032396,1.134011115766679,1.5438905590064878
2016-11-25,1.0,0.8259934785405403,1.1348606214650858,1.5438852512275465
2016-11-28,1.0,0.825362823032396,1.1356940652221352,1.543907547396861
2016-11-29,1.0,0.824408225324647,1.1341195452267152,1.5456611285827713
2016-11-30,1.0,0.8244091351538293,1.1345622323468436,1.5432301685266305
2016-12-01,1.0,0.8257699359080417,1.1349421258389296,1.5432350731501725
2016-12-02,1.0,0.8309265351710788,1.1351076281632333,1.5432350731501725
2016-12-05,1.0,0.828778848058257,1.1349433068835881,1.5410417308527926
2016-12-06,1.0,0.8267547983020105,1.135225048834809,1.5473789317400084
2016-12-07,1.0,0.8267547983020105,1.135404834753293,1.5457149007436688
2016-12-08,1.0,0.826618854416244,1.1351076281632333,1.5456795455688623
2016-12-09,1.0,0.826618854416244,1.1345174501153894,1.547492780058451
2016-12-12,1.0,0.8290332597447344,1.13411252288414,1.552880357851408
2016-12-13,1.0,0.8257173776335451,1.135225048834809,1.552880357851408
2016-12-14,1.0,0.8275100306672432,1.1350100533651237,1.5545540811277925
2016-12-15,1.0,0.8275826794379283,1.1345169742076808,1.5545540811277925
2016-12-16,1.0,0.8275826794379283,1.1338027517522056,1.552880357851408
2016-12-19,1.0,0.8286907061430867,1.1338027517522056,1.5539392528822702
2016-12-20,1.0,0.8286907061430867,1.1346111513039485,1.5539392528822702
2016-12-21,1.0,0.8286907061430867,1.1342555310151936,1.5539392528822702
2016-12-22,1.0,0.8290546850578828,1.1354546230229863,1.5539455143343188
2016-12-23,1.0,0.8275264796907035,1.135752992008591,1.5522031066354252
2016-12-27,1.0,0.8286907061430867,1.1361524057449457,1.5492557622052285
2016-12-28,1.0,0.8275141552536286,1.136719516098068,1.5528833416852057
2016-12-29,1.0,0.8259418795987711,1.1365733236465214,1.5528833416852057
2016-12-30,1.0,0.82592688176773,1.136719516098068,1.5536042750264374
2017-01-03,1.0,0.8302818876673356,1.1368177402435489,1.5526028412528374
2017-01-04,1.0,0.8309543678130848,1.136719516098068,1.5545304993955695
2017-01-05,1.0,0.8309543678130848,1.1371684753692153,1.551030281110129
2017-01-06,1.0,0.8312240283110023,1.1384311602008033,1.5570160335755672
2017-01-09,1.0,0.8302818876673356,1.139465470329247,1.551899387401479
2017-01-10,1.0,0.8287559370013837,1.1399628557178483,1.5486549897582702
2017-01-11,1.0,0.8302584715421675,1.14004507924518,1.5518716157164174
2017-01-12,1.0,0.8302584715421675,1.139747733793358,1.5518689645974122
2017-01-13,1.0,0.831222931758395,1.14004507924518,1.5557639117587223
2017-01-17,1.0,0.8325314255075456,1.1396136334932265,1.5514156800585068
2017-01-18,1.0,0.831222931758395,1.1400421163141345,1.5557639117587223
2017-01-19,1.0,0.8325232697584781,1.14004507924518,1.5557639117587223
2017-01-20,1.0,0.831222931758395,1.1399203656242705,1.5559707445936926
2017-01-23,1.0,0.8315035784652047,1.1397783175254492,1.555914125011698
2017-01-24,1.0,0.8297699536682028,1.139477089796443,1.5577754691619574
2017-01-25,1.0,0.8297699536682028,1.1399203656242705,1.5600303821829762
2017-01-26,1.0,0.8298580354748399,1.1390307524182646,1.5638820489690695
2017-01-27,1.0,0.8288563008687138,1.1398049993466497,1.5646122718991413
2017-01-30,1.0,0.8283880228826276,1.1398049993466497,1.5653609030091835
2017-01-31,1.0,0.8298243726363004,1.1395794845137304,1.5655805412002624
2017-02-01,1.0,0.8260820447800048,1.1399628557178483,1.5655805412002624
2017-02-02,1.0,0.8297657779007038,1.1399628557178483,1.5655805412002624
2017-02-03,1.0,0.8272197011512855,1.1399028965477365,1.5718093536945936
2017-02-06,1.0,0.8272197011512855,1.1387858092365264,1.5693334947948623
2017-02-07,1.0,0.8272197011512855,1.14004507924518,1.5693330423866316
2017-02-08,1.0,0.8281605808981002,1.1401457549322955,1.5718093536945936
2017-02-09,1.0,0.8281605808981002,1.1401284967690006,1.571762348234546
2017-02-10,1.0,0.8274474707076603,1.1409972422091805,1.5737055261785604
2017-02-13,1.0,0.8273073982320409,1.1407275854603816,1.5745204213310853
2017-02-14,1.0,0.8267793516880155,1.1404029830989115,1.5745204213310853
2017-02-15,1.0,0.826368078955279,1.1412840798939055,1.5769803342752722
2017-02-16,1.0,0.8269090955444647,1.141269589113425,1.5755205166333146
2017-02-17,1.0,0.8277749788424508,1.1418147495767803,1.5754735221534057
2017-02-21,1.0,0.8266271981160862,1.1424144821427276,1.573013378716194
2017-02-22,1.0,0.8264196403423415,1.1413420792670002,1.573013378716194
2017-02-23,1.0,0.8278097457156133,1.1401611674731271,1.574218283442514
2017-02-24,1.0,0.8278298393115003,1.1411029021247048,1.5723892572942277
2017-02-27,1.0,0.8278097457156133,1.1429629209040297,1.5782739253126328
2017-02-28,1.0,0.8277715508982636,1.1433963071728122,1.5723206150459117
2017-03-01,1.0,0.8266499530190734,1.1430554625203497,1.5705590927340434
2017-03-02,1.0,0.8277715508982636,1.1420266362149039,1.571021946426768
2017-03-03,1.0,0.8277715508982636,1.1418435758215257,1.5727140790729117
2017-03-06,1.0,0.8277715508982636,1.1418435758215257,1.5739825656963864
2017-03-07,1.0,0.8275469225963177,1.142121138539568,1.5701183645439787
2017-03-08,1.0,0.8265383421342536,1.1429377495780182,1.5701183645439787
2017-03-09,1.0,0.8265383421342536,1.1423457621003839,1.5687116303912363
2017-03-10,1.0,0.8265383421342536,1.1433544670794378,1.5712336385786063
2017-03-13,1.0,0.8265383421342536,1.143709204445038,1.577595095531508
2017-03-14,1.0,0.8263859711932809,1.144037656145903,1.577288635306107
2017-03-15,1.0,0.8265383421342536,1.1440399951410867,1.5735086279330013
2017-03-16,1.0,0.8265383421342536,1.1433544670794378,1.5775908545596378
2017-03-17,1.0,0.8265383421342536,1.1435442375748919,1.5785713795026521
2017-03-20,1.0,0.8265383421342536,1.1437370216151461,1.5814248533519928
2017-03-21,1.0,0.8265383421342536,1.1445352688511439,1.5845593171097083
2017-03-22,1.0,0.828343871386747,1.1455457702224305,1.5804136353785487
2017-03-23,1.0,0.82822876954915,1.14540417537133,1.584555029959488
2017-03-24,1.0,0.82822876954915,1.1450498473158683,1.5845593171097083
2017-03-27,1.0,0.8246694527344232,1.1449010355834726,1.5845593171097083
2017-03-28,1.0,0.8246694527344232,1.1455457702224305,1.5845593171097083
2017-03-29,1.0,0.824626976356611,1.145296717790352,1.5859343766274852
2017-03-30,1.0,0.8263395971722417,1.1450060109177935,1.5858148485454422
2017-03-31,1.0,0.8263395971722417,1.144559121838523,1.5850821754110216
2017-04-03,1.0,0.8255250811547316,1.1444913733613644,1.5850863415671048
2017-04-04,1.0,0.8236600947233522,1.1446763591017008,1.5861360539588694
2017-04-05,1.0,0.8236863902329242,1.1440446234774049,1.5922933394251535
2017-04-06,1.0,0.8185092596014235,1.1440145495507532,1.5970371578463303
2017-04-07,1.0,0.8192463479528741,1.1447366066123315,1.5984168356829846
2017-04-10,1.0,0.8235574175820082,1.1445361143583166,1.5986096366511213
2017-04-11,1.0,0.8235574175820082,1.1457111889383635,1.5970371578463303
2017-04-12,1.0,0.8244146503458979,1.1454068041656622,1.5995820254509194
2017-04-13,1.0,0.8282290876395288,1.1469459351242344,1.5995820254509194
2017-04-17,1.0,0.8283581834502535,1.1482766990701463,1.598633430186163
2017-04-18,1.0,0.8283581834502535,1.1484547441726416,1.5984168356829846
2017-04-19,1.0,0.8289974291784326,1.1490269305429113,1.5997656657421522
2017-04-20,1.0,0.8257439133756727,1.1496373715562016,1.5997656657421522
2017-04-21,1.0,0.8270445775128046,1.1489669656613104,1.599709199286783
2017-04-24,1.0,0.8272200974498707,1.149458561961916,1.599709199286783
2017-04-25,1.0,0.8271880997646657,1.147224876584236,1.5996875473441192
2017-04-26,1.0,0.8257790822805942,1.148908070994151,1.6036413938265006
2017-04-27,1.0,0.8286094849261221,1.148573591314444,1.6047995337259564
2017-04-28,1.0,0.8281925217616523,1.1479936550303886,1.602737845172817
2017-05-01,1.0,0.8281925217616523,1.14947866936276,1.6035270210175292
2017-05-02,1.0,0.8291143724904715,1.1495053487452873,1.6036789208789861
2017-05-03,1.0,0.828237139512039,1.1499610422112463,1.6062630887729001
2017-05-04,1.0,0.8281397261388086,1.1502839326025784,1.606762453992369
2017-05-05,1.0,0.8271416670604288,1.1499610422112463,1.606762453992369
2017-05-08,1.0,0.8268592031342494,1.1495883209084075,1.604894583988833
2017-05-09,1.0,0.8261751691973274,1.1503861870199483,1.607127935497912
2017-05-10,1.0,0.8258712471372401,1.1503788806958575,1.6087547205475268
2017-05-11,1.0,0.8222614024442779,1.1509821058641683,1.6120989026491375
2017-05-12,1.0,0.8209584517219918,1.150665100263942,1.6120989026491375
2017-05-15,1.0,0.8232009244185049,1.1503723419347887,1.6082706841056205
2017-05-16,1.0,0.8222614024442779,1.1502572881809447,1.6082706841056205
2017-05-17,1.0,0.8228735188463178,1.1497895184191147,1.61205069425568
2017-05-18,1.0,0.8222614024442779,1.1500494515434565,1.61205069425568
2017-05-19,1.0,0.8232157654107303,1.1503723419347887,1.6121123467299472
2017-05-22,1.0,0.8232157654107303,1.1513687970463322,1.6121210651187334
2017-05-23,1.0,0.8232157654107303,1.1517351586370488,1.6140237519757479
2017-05-24,1.0,0.8228789962825391,1.1521418380254391,1.6140237519757479
2017-05-25,1.0,0.8203927655920241,1.1523529041819804,1.6128091840694287
2017-05-26,1.0,0.8201045049496093,1.152842462156408,1.6140237519757479
2017-05-30,1.0,0.8203612869335687,1.1497474891180042,1.6226023569416568
2017-05-31,1.0,0.8203612869335687,1.149899016636756,1.6149913650459347
2017-06-01,1.0,0.8224841497248759,1.1519500376158711,1.6185414245503003
2017-06-02,1.0,0.8258399778354193,1.1521171438080915,1.6184906378931476
2017-06-05,1.0,0.8271181540742422,1.15092901491554,1.6182038940534158
2017-06-06,1.0,0.827123105434253,1.151985542995958,1.6182038940534158
2017-06-07,1.0,0.8280520866973297,1.1518964698073701,1.6168960207904561
2017-06-08,1.0,0.8260405849089091,1.15312206995382,1.6168960207904561
2017-06-09,1.0,0.830646014067499,1.1546013464072238,1.6175817426836872
2017-06-12,1.0,0.8280767415993637,1.1547300952752422,1.6175894933245711
2017-06-13,1.0,0.8274507692461406,1.1541810541715747,1.619103433762865
2017-06-14,1.0,0.827449369348069,1.156468984745076,1.619103433762865
2017-06-15,1.0,0.827449369348069,1.1539448845726494,1.619103433762865
2017-06-16,1.0,0.827449369348069,1.1514910195239696,1.619103433762865
2017-06-19,1.0,0.827449369348069,1.1544224500611042,1.6175894933245711
2017-06-20,1.0,0.827449369348069,1.1561321491677377,1.6175894933245711
2017-06-21,1.0,0.827449369348069,1.155620600571055,1.6164824855314297
2017-06-22,1.0,0.827449369348069,1.1552953516434052,1.6185662933663447
2017-06-23,1.0,0.827449369348069,1.1542888506189959,1.6185662933663447
2017-06-26,1.0,0.827449369348069,1.1535056882943655,1.619103433762865
2017-06-27,1.0,0.8264218183042157,1.1536583201055222,1.6182075404262573
2017-06-28,1.0,0.8244789311971256,1.1542888506189959,1.6227113265555877
2017-06-29,1.0,0.8244785601991931,1.154642858305281,1.6215992132884205
2017-06-30,1.0,0.8244785601991931,1.1559362645048843,1.624665729781482
2017-07-03,1.0,0.8309761594129854,1.156737892968876,1.6216476586729227
2017-07-05,1.0,0.8276118094929817,1.1584251967482366,1.624665729781482
2017-07-06,1.0,0.8295732222690899,1.1582938034306114,1.6284330364645994
2017-07-07,1.0,0.8330982024256024,1.1580285658490603,1.6300086768428677
2017-07-10,1.0,0.8293892523567983,1.1577691652329691,1.630583321072013
2017-07-11,1.0,0.8258995540672548,1.157773440074772,1.6332206451249833
2017-07-12,1.0,0.8291173222446362,1.1582460783893742,1.6342386191155154
2017-07-13,1.0,0.8305667382004097,1.1579655723250672,1.6335326553467937
2017-07-14,1.0,0.8290490033687394,1.1568419219921608,1.6335326553467937
2017-07-17,1.0,0.8290490033687394,1.1570253350274502,1.6335326553467937
2017-07-18,1.0,0.8299791872521144,1.1564991664565785,1.6335326553467937
2017-07-19,1.0,0.8299791872521144,1.156940823026643,1.6335326553467937
2017-07-20,1.0,0.8299791872521144,1.1590713380834108,1.633565104365378
2017-07-21,1.0,0.8295264824524912,1.1590966176320665,1.633565104365378
2017-07-24,1.0,0.8299975197927784,1.1590072442540016,1.633565104365378
2017-07-25,1.0,0.8303973110940852,1.1583223061498362,1.633565104365378
2017-07-26,1.0,0.830095812670155,1.1585377771021916,1.6343794293768454
2017-07-27,1.0,0.830095812670155,1.1586883201360885,1.6383504231902368
2017-07-28,1.0,0.829949470592915,1.1574057383223124,1.6390230134744155
2017-07-31,1.0,0.830095812670155,1.1572180350901604,1.6390230134744155
2017-08-01,1.0,0.8305892330712545,1.157383989379059,1.646210928677479
2017-08-02,1.0,0.8310841189454123,1.158460802764964,1.6465620718813443
2017-08-03,1.0,0.8310841189454123,1.158460802764964,1.6436904103736305
2017-08-04,1.0,0.8310841189454123,1.1590592284350252,1.6430914042898372
2017-08-07,1.0,0.8313524197070087,1.1598126133553244,1.6430914042898372
2017-08-08,1.0,0.8330464285874395,1.1601202504172885,1.6391976539760171
2017-08-09,1.0,0.8313524197070087,1.16047183561056,1.6425483009196005
2017-08-10,1.0,0.8326734574948088,1.1591032485917871,1.6425980359827157
2017-08-11,1.0,0.8310841189454123,1.160472787890967,1.641391381122841
2017-08-14,1.0,0.8305052995612308,1.1608166395674218,1.641391381122841
2017-08-15,1.0,0.8267364126343535,1.160537489413298,1.6411075925071292
2017-08-16,1.0,0.8267364126343535,1.1610045697831293,1.6411075925071292
2017-08-17,1.0,0.8267364126343535,1.160534795993027,1.6411075925071292
2017-08-18,1.0,0.8277364665540271,1.161061941322775,1.6413948256538424
2017-08-21,1.0,0.8234463592876576,1.1623688749478451,1.6413948256538424
2017-08-22,1.0,0.8234341164129352,1.1648529785943826,1.6413948256538424
2017-08-23,1.0,0.8262643858334369,1.1634652698005516,1.6426492433729523
2017-08-24,1.0,0.8260614941656107,1.1641706456365055,1.6413948256538424
2017-08-25,1.0,0.8233438116656567,1.1625939418031255,1.6413948256538424
2017-08-28,1.0,0.8243860525302903,1.162551473965919,1.6441660296142253
2017-08-29,1.0,0.8242971120556092,1.1627597468838586,1.6451671959138203
2017-08-30,1.0,0.8243105601641725,1.162731975018973,1.6451671959138203
2017-08-31,1.0,0.8243089704497271,1.1625149296271728,1.6475925776551075
2017-09-01,1.0,0.8232676696430664,1.16212850162947,1.6478906370501554
2017-09-05,1.0,0.8244086249362728,1.1633534755883606,1.6478906370501554
2017-09-06,1.0,0.8254532239855946,1.1626391314431612,1.6527612101958526
2017-09-07,1.0,0.8286773450051771,1.1617239249538431,1.652725634375995
2017-09-08,1.0,0.8286962582040858,1.1617111494166388,1.6512657006477556
2017-09-11,1.0,0.832582020456148,1.162225130648078,1.6558338390906888
2017-09-12,1.0,0.832582020456148,1.162225130648078,1.6527270335542568
2017-09-13,1.0,0.8310885742699556,1.1637890806212048,1.6527270335542568
2017-09-14,1.0,0.8310885742699556,1.1639565091687574,1.6527270335542568
2017-09-15,1.0,0.8313684780729272,1.161926693912628,1.6528907675325297
2017-09-18,1.0,0.8313684780729272,1.1619686799701539,1.6558636563683737
2017-09-19,1.0,0.8320716542555655,1.162406545308152,1.6546667052977242
2017-09-20,1.0,0.8363714735171054,1.162721662371001,1.6528907675325297
2017-09-21,1.0,0.836411969507672,1.1631656060212185,1.6560820007451071
2017-09-22,1.0,0.8362916235059706,1.1628465898440428,1.6631022718585093
2017-09-25,1.0,0.8362604044181671,1.1640203692169662,1.6664918796870898
2017-09-26,1.0,0.8362604044181671,1.1656459297613257,1.6560926381820984
2017-09-27,1.0,0.83137314093214,1.1647799299403825,1.6669511141532052
2017-09-28,1.0,0.8329799511500705,1.1660042949382416,1.6627488568266022
2017-09-29,1.0,0.8320716542555655,1.1666863425091396,1.6683807205952108
2017-10-02,1.0,0.8320716542555655,1.1662419649000304,1.6683807205952108
2017-10-03,1.0,0.8320706521756784,1.1669643627114854,1.6683807205952108
2017-10-04,1.0,0.8320706521756784,1.1675167762445082,1.6683848318442722
2017-10-05,1.0,0.831693206750385,1.1680082285866926,1.6683848318442722
2017-10-06,1.0,0.8312981871951034,1.1681711163025574,1.6694800267402043
2017-10-09,1.0,0.8320706521756784,1.1674790366913232,1.6694800267402043
2017-10-10,1.0,0.832070991481643,1.1667628311946419,1.6683963766520473
2017-10-11,1.0,0.8320706521756784,1.165882798793028,1.6695344650321242
2017-10-12,1.0,0.8328630772015042,1.165712419086204,1.6783899867290883
2017-10-13,1.0,0.8344071546872536,1.165825982634928,1.6670408609187086
2017-10-16,1.0,0.8343500083194725,1.1661875822774475,1.6696142100531113
2017-10-17,1.0,0.8320487881590246,1.166904018936252,1.6694033471265506
2017-10-18,1.0,0.8320487881590246,1.1662079248854238,1.6706829922259836
2017-10-19,1.0,0.8345896804267942,1.1682724167414853,1.6735481901157512
2017-10-20,1.0,0.8320891183509513,1.1684737412081336,1.6697352411813169
2017-10-23,1.0,0.834593517232264,1.1698961427504395,1.6816941575580953
2017-10-24,1.0,0.8359567338597104,1.1693003515546203,1.6816941575580953
2017-10-25,1.0,0.8346318380347888,1.1704675874803137,1.67901827541035
2017-10-26,1.0,0.8357019928227583,1.170530448199993,1.6698792063229688
2017-10-27,1.0,0.8359567338597104,1.170530448199993,1.678058170534516
2017-10-30,1.0,0.8357191808543767,1.1703958427277223,1.6790896108235884
2017-10-31,1.0,0.8359567338597104,1.1703319877762508,1.68444844867936
2017-11-01,1.0,0.8359567338597104,1.1706118470988491,1.6796226187912175
2017-11-02,1.0,0.8359567338597104,1.1706118470988491,1.678962466950442
2017-11-03,1.0,0.8359448269587142,1.1707664536394369,1.6875691956085475
2017-11-06,1.0,0.8369154831139792,1.1693137842436927,1.6794558461340126
2017-11-07,1.0,0.835921602521647,1.1697368433907789,1.678962466950442
2017-11-08,1.0,0.8384978368123532,1.1701138120436954,1.6801213150632262
2017-11-09,1.0,0.835903633197385,1.1705951734154039,1.6812213156023905
2017-11-10,1.0,0.8324520303364922,1.1701442253120518,1.6858480462793115
2017-11-13,1.0,0.8335931251257025,1.171330973588164,1.6858522355304753
2017-11-14,1.0,0.8335931251257025,1.171271046450619,1.6835374714267728
2017-11-15,1.0,0.8335931251257025,1.1716685476777071,1.6801293284153676
2017-11-16,1.0,0.8324369657443182,1.173446611422868,1.6811192380488191
2017-11-17,1.0,0.8326768319967319,1.1726820317466782,1.6830540918466153
2017-11-20,1.0,0.8335992755424311,1.1730933845350136,1.6858652470904756
2017-11-21,1.0,0.8356132600557501,1.1740053078309098,1.68659386778566
2017-11-22,1.0,0.83513298760822,1.1733826409582766,1.6858227696576404
2017-11-24,1.0,0.83513298760822,1.1743470721624276,1.6939363274596517
2017-11-27,1.0,0.8326512882556436,1.1740053078309098,1.6811773563987917
2017-11-28,1.0,0.8326377555453571,1.1735260337093099,1.6855329310194025
2017-11-29,1.0,0.8326446017876596,1.1742198562746031,1.690598955608143
2017-11-30,1.0,0.8352072167130218,1.1739413373663181,1.690604453329877
2017-12-01,1.0,0.8315521269436473,1.1736086482625707,1.684167882943695
2017-12-04,1.0,0.832999927724912,1.1734524746649706,1.680091951272464
2017-12-05,1.0,0.832999927724912,1.1736086482625707,1.6810589245082077
2017-12-06,1.0,0.8315521269436473,1.1755297270853144,1.6813155625819918
2017-12-07,1.0,0.8309096771128476,1.1750107462364001,1.6814563569322563
2017-12-08,1.0,0.8308568668491173,1.1751540389069626,1.6838418468672731
2017-12-11,1.0,0.8308568668491173,1.175891878189361,1.6838418468672731
2017-12-12,1.0,0.8268973736514457,1.1757882505531718,1.68639338251966
2017-12-13,1.0,0.8259437487633783,1.1756285925921512,1.6832821656598518
2017-12-14,1.0,0.8268973736514457,1.1755297270853144,1.6876834962737521
2017-12-15,1.0,0.8268973736514457,1.1762171112552071,1.6881326857002374
2017-12-18,1.0,0.8268563153520221,1.1772855325442715,1.6881326857002374
2017-12-19,1.0,0.8280306633830068,1.1766202088701176,1.6881326857002374
2017-12-20,1.0,0.8273224849848191,1.1760256781269227,1.6898404347286977
2017-12-21,1.0,0.8279813518798324,1.175769903891112,1.6881326857002374
2017-12-22,1.0,0.8280289989117043,1.1759533884428028,1.6833631028667837
2017-12-26,1.0,0.8268052654348702,1.1756962530243187,1.6876834962737521
2017-12-27,1.0,0.8280289989117043,1.1757284705939783,1.6876834962737521
2017-12-28,1.0,0.8280289989117043,1.1756962530243187,1.6900119486972898
2017-12-29,1.0,0.8290089343258757,1.176412095599177,1.6877312156045603
2018-01-02,1.0,0.8280433143224138,1.1761386264357145,1.6869623480999685
2018-01-03,1.0,0.8290089343258757,1.1759755210739407,1.6869623480999685
2018-01-04,1.0,0.8272732680303619,1.177077521177315,1.687051763394131
2018-01-05,1.0,0.8261349739602392,1.1771216094507584,1.687051763394131
2018-01-08,1.0,0.8268357255058543,1.180003152426771,1.687830044852406
2018-01-09,1.0,0.8272732680303619,1.1802475344289531,1.687830044852406
2018-01-10,1.0,0.8249164045931945,1.1814491496679782,1.687830044852406
2018-01-11,1.0,0.8237097716236685,1.1809756768281021,1.6940427755102212
2018-01-12,1.0,0.8267731280947314,1.1795881856820567,1.6940427755102212
2018-01-16,1.0,0.8236793188113557,1.1796464626827925,1.6908898928201421
2018-01-17,1.0,0.8217427568625572,1.1803314180713853,1.6976673358533168
2018-01-18,1.0,0.8219928772956003,1.1802508676959755,1.6993983010211187
2018-01-19,1.0,0.8207213847367018,1.1802508676959755,1.6969759772882536
2018-01-22,1.0,0.818519258821349,1.1811564949185818,1.6976673358533168
2018-01-23,1.0,0.8197487089225873,1.180953454098657,1.6976673358533168
2018-01-24,1.0,0.8185700549692518,1.180953454098657,1.6995132656216634
2018-01-25,1.0,0.8185210262448416,1.181677630911257,1.7060391542896112
2018-01-26,1.0,0.8187350159823419,1.1840719148790484,1.7136510000201848
2018-01-29,1.0,0.8187350159823419,1.182886567336869,1.713780056867067
2018-01-30,1.0,0.8187350159823419,1.185982837342072,1.710618991892492
2018-01-31,1.0,0.8187350159823419,1.185367158474459,1.7052413557172836
2018-02-01,1.0,0.8187350159823419,1.1848719739045985,1.6976980509361421
2018-02-02,1.0,0.8185706637327209,1.1854786962061468,1.6976980509361421
2018-02-05,1.0,0.8174218552663846,1.1851716251148754,1.6986736363701325
2018-02-06,1.0,0.8174218552663846,1.185256287933389,1.6988294557673103
2018-02-07,1.0,0.8174543440659207,1.1857142203089803,1.7006985444136058
2018-02-08,1.0,0.8179500636858051,1.184284155063505,1.705504364818529
2018-02-09,1.0,0.8179500636858051,1.1837311338799443,1.705503722082285
2018-02-12,1.0,0.8179737004731531,1.1848645307145578,1.7094143603863243
2018-02-13,1.0,0.8179684099627934,1.1867461395087435,1.7094143603863243
2018-02-14,1.0,0.8179684099627934,1.1869636426583217,1.7120781731771768
2018-02-15,1.0,0.8179684099627934,1.1872107448700202,1.7094143603863243
2018-02-16,1.0,0.8179684099627934,1.1883019901532006,1.7121068493571006
2018-02-20,1.0,0.8179718276830223,1.1886004582355043,1.7133845656000508
2018-02-21,1.0,0.8189023871278807,1.1883019901532006,1.7103638930549085
2018-02-22,1.0,0.8206819944948788,1.1876145102339404,1.7111429330973498
2018-02-23,1.0,0.8222040923503262,1.1881253212964196,1.713334760909531
2018-02-26,1.0,0.8222040923503262,1.1890290702159239,1.713334760909531
2018-02-27,1.0,0.8215600230838549,1.1901024784954182,1.710746929078753
2018-02-28,1.0,0.8215600230838549,1.189929092487259,1.710746929078753
2018-03-01,1.0,0.8180042948224779,1.1910687660053951,1.713334760909531
2018-03-02,1.0,0.8215287189384289,1.1915435768578133,1.713334760909531
2018-03-05,1.0,0.8182368006554522,1.1906804164221967,1.7174951158977685
2018-03-06,1.0,0.8182234098546625,1.1890334980624875,1.7174951158977685
2018-03-07,1.0,0.8221448998685155,1.1879872178383384,1.7174951158977685
2018-03-08,1.0,0.8222040923503262,1.189508976864092,1.7211442429002888
2018-03-09,1.0,0.8227015581488696,1.191249314582016,1.7226525460510271
2018-03-12,1.0,0.8227015581488696,1.1902561737582498,1.7174951158977685
2018-03-13,1.0,0.8222040923503262,1.1900663318769888,1.7211442429002888
2018-03-14,1.0,0.8222040923503262,1.1919258214811737,1.7211357692654967
2018-03-15,1.0,0.8222040923503262,1.1898487615386193,1.7211838946463625
2018-03-16,1.0,0.8222040923503262,1.189567659133533,1.7242776344435122
2018-03-19,1.0,0.8215659847718798,1.1906771314821722,1.727418222098085
2018-03-20,1.0,0.8215659847718798,1.1904434291150283,1.7302848618406148
2018-03-21,1.0,0.8215659847718798,1.1899336678462424,1.7302848618406148
2018-03-22,1.0,0.8215659847718798,1.1896876794446651,1.7302848618406148
2018-03-23,1.0,0.819940772441538,1.191969095836257,1.7302848618406148
2018-03-26,1.0,0.8212074652470448,1.191969095836257,1.7353156880174623
2018-03-27,1.0,0.8182411093393042,1.1935078390267455,1.7352611574520926
2018-03-28,1.0,0.8221196841892242,1.1918830235356768,1.7323163641154538
2018-03-29,1.0,0.8209895983694985,1.1935581541955635,1.7322271435341856
2018-04-02,1.0,0.8182485305520836,1.1953142303875595,1.7380209904668569
2018-04-03,1.0,0.8172452078033372,1.1953142303875595,1.7380209904668569
2018-04-04,1.0,0.8169142133215445,1.194867158359548,1.7359787156464448
2018-04-05,1.0,0.8172452078033372,1.195510586588064,1.731994082856861
2018-04-06,1.0,0.8172452078033372,1.1967757369275607,1.7359670916043324
2018-04-09,1.0,0.8216925679147574,1.195493731290893,1.7359314944645579
2018-04-10,1.0,0.8217021848333816,1.1956393627758581,1.7359670916043324
2018-04-11,1.0,0.8211016329960514,1.194846393957834,1.7375676528244743
2018-04-12,1.0,0.8196493649779057,1.1943187454734006,1.7375676528244743
2018-04-13,1.0,0.8176119186239434,1.1945427463395866,1.7375676528244743
2018-04-16,1.0,0.8196493649779057,1.196427799677394,1.7359670916043324
2018-04-17,1.0,0.8196493649779057,1.1960542800915,1.7359670916043324
2018-04-18,1.0,0.8217537760953514,1.1945427463395866,1.7375676528244743
2018-04-19,1.0,0.8196493649779057,1.1953537308884008,1.738115216693883
2018-04-20,1.0,0.8196417915074654,1.1956634136912085,1.741304486828063
2018-04-23,1.0,0.8173165532767728,1.1950743810714421,1.7384458474051192
2018-04-24,1.0,0.8180309843577753,1.1956450285398745,1.7427089611066438
2018-04-25,1.0,0.8172700978787869,1.196084576138923,1.7531546834665344
2018-04-26,1.0,0.8180309843577753,1.196084576138923,1.7415825926568707
2018-04-27,1.0,0.8215987724857574,1.1955787463721759,1.7415825926568707
2018-04-30,1.0,0.8180309843577753,1.1957322787322462,1.7438530647679695
2018-05-01,1.0,0.8184260305378993,1.1964711714382377,1.738115216693883
2018-05-02,1.0,0.817278102339722,1.1981130226325833,1.7486753115580356
2018-05-03,1.0,0.8180309843577753,1.1996946814675034,1.7498913748764169
2018-05-04,1.0,0.8161281967295683,1.1987703020170728,1.7498913748764169
2018-05-07,1.0,0.8153399959345721,1.1979794993316517,1.7498806043465496
2018-05-08,1.0,0.817307184362442,1.1988515707863179,1.7506411870228937
2018-05-09,1.0,0.8180309843577753,1.1995699359137482,1.7502648744035214
2018-05-10,1.0,0.817307184362442,1.1995243227081367,1.750259947317909
2018-05-11,1.0,0.817307184362442,1.1995243227081367,1.750259947317909
2018-05-14,1.0,0.8217490582424382,1.2001915197940267,1.7534038977574413
2018-05-15,1.0,0.8185367104186054,1.2007129243626955,1.755937838630392
2018-05-16,1.0,0.8205412537261758,1.2007129243626955,1.7542596513229514
2018-05-17,1.0,0.821668130337583,1.1990632934331673,1.7559753323232736
2018-05-18,1.0,0.8218402505811262,1.1986411288044139,1.7559310771043004
2018-05-21,1.0,0.8225088985175554,1.1984596142443853,1.7559310771043004
2018-05-22,1.0,0.8225205241703613,1.1998646310814882,1.7574703051325655
2018-05-23,1.0,0.8225205241703613,1.1993041002562617,1.7593206760059343
2018-05-24,1.0,0.8225205241703613,1.1993041002562617,1.7533317192277829
2018-05-25,1.0,0.8225205241703613,1.1998646310814882,1.7532267219013526
2018-05-29,1.0,0.8227519901371773,1.1996209456337663,1.7554675554087606
2018-05-30,1.0,0.8231106392830708,1.2007911534403681,1.7554675554087606
2018-05-31,1.0,0.8222896100500073,1.2008539977787,1.7767488805918714
2018-06-01,1.0,0.822415287495963,1.2007911534403681,1.7767488805918714
2018-06-04,1.0,0.8255958349419733,1.2001853989542446,1.7756748606672987
2018-06-05,1.0,0.826516997191032,1.1997153965833733,1.7767488805918714
2018-06-06,1.0,0.8256298196584415,1.1974780395934106,1.770625878330183
2018-06-07,1.0,0.8255958349419733,1.1977695842810698,1.7702541278435235
2018-06-08,1.0,0.8255958349419733,1.1974780395934106,1.7702541278435235
2018-06-11,1.0,0.82620731366021,1.197450952820112,1.7685987598196433
2018-06-12,1.0,0.8248208293072908,1.198091935412463,1.7685987598196433
2018-06-13,1.0,0.82620731366021,1.1974265945267955,1.7686409060462167
2018-06-14,1.0,0.8255958349419733,1.1977383949213154,1.7646578094769163
2018-06-15,1.0,0.8211319174102906,1.1979017985609013,1.7683696410085152
2018-06-18,1.0,0.8255680548360739,1.1979206934137,1.7646679554862068
2018-06-19,1.0,0.8215622513687391,1.1978682558096518,1.7631742574533986
2018-06-20,1.0,0.8174129285923117,1.1986907404446012,1.7631742574533986
2018-06-21,1.0,0.8254631987138186,1.2003583427411568,1.7646679554862068
2018-06-22,1.0,0.8254631987138186,1.201853380067953,1.7622722830408264
2018-06-25,1.0,0.8186660541978122,1.202642312436647,1.771337815783883
2018-06-26,1.0,0.8174434243031099,1.2026659892627214,1.7685952067166768
2018-06-27,1.0,0.8174434243031099,1.202898458804697,1.778410594644789
2018-06-28,1.0,0.8174434243031099,1.204019258414159,1.778410594644789
2018-06-29,1.0,0.8174434243031099,1.204019258414159,1.778218114971222
2018-07-02,1.0,0.8170881835652574,1.2046623742307545,1.7748269021297811
2018-07-03,1.0,0.8170881835652574,1.204870236188343,1.7813838253550356
2018-07-05,1.0,0.8167898483891873,1.204870236188343,1.7818403169731534
2018-07-06,1.0,0.816776805492417,1.2063380732032964,1.7815230413941723
2018-07-09,1.0,0.813191668775874,1.2058930647042867,1.7758713230822576
2018-07-10,1.0,0.8157996351282869,1.2062511385363974,1.7921020032403996
2018-07-11,1.0,0.8145970593196289,1.2062511385363974,1.7921020032403996
2018-07-12,1.0,0.8172101253229977,1.205634605195029,1.7888600361986058
2018-07-13,1.0,0.8165227705185633,1.2066462688673907,1.7883303968805844
2018-07-16,1.0,0.8165227705185633,1.2059687100552856,1.7948401486809424
2018-07-17,1.0,0.8104409058514935,1.2059983451920786,1.797333254095625
2018-07-18,1.0,0.8110431043710801,1.2062085049866358,1.797327732738331
2018-07-19,1.0,0.8164870651887192,1.206484370852358,1.7984046480187639
2018-07-20,1.0,0.8128658832855736,1.2068365624839803,1.7962957181584638
2018-07-23,1.0,0.8128658832855736,1.2062694365851614,1.7917756959676714
2018-07-24,1.0,0.8164870651887192,1.2054892880170014,1.7917756959676714
2018-07-25,1.0,0.8128953973245504,1.2062694365851614,1.7952001292828494
2018-07-26,1.0,0.8128953973245504,1.2067280942525673,1.7988055609406433
2018-07-27,1.0,0.8135581821005767,1.2067280942525673,1.798895237341386
2018-07-30,1.0,0.8135581821005767,1.207898288632319,1.798895237341386
2018-07-31,1.0,0.8135581821005767,1.2071306358576457,1.7988049167927278
2018-08-01,1.0,0.8188689901116977,1.206704412886819,1.7988049167927278
2018-08-02,1.0,0.818557051849367,1.205266091299769,1.7988049167927278
2018-08-03,1.0,0.8188689901116977,1.2061246369909102,1.792933402614693
2018-08-06,1.0,0.8188689901116977,1.2070205622599883,1.7909237957176507
2018-08-07,1.0,0.8204801747242007,1.2078738642933797,1.7909227067577345
2018-08-08,1.0,0.8201869703850871,1.207244073647756,1.7992001571104987
2018-08-09,1.0,0.8201869703850871,1.2084535575691728,1.8029979549371233
2018-08-10,1.0,0.8190231789370334,1.2093600519199743,1.8041196550148146
2018-08-13,1.0,0.8190231789370334,1.2093600519199743,1.8101184259439387
2018-08-14,1.0,0.8186543511797298,1.2090592298368834,1.8124380606168338
2018-08-15,1.0,0.8190237070183907,1.2098720353780648,1.8139884576361442
2018-08-16,1.0,0.8167635557388716,1.2092004386178843,1.8139884576361442
2018-08-17,1.0,0.8157977084594854,1.2093600519199743,1.813969835950089
2018-08-20,1.0,0.8186209873540008,1.2093485571300948,1.8139649059527125
2018-08-21,1.0,0.8158396325025206,1.209875949822635,1.7986830565445129
2018-08-22,1.0,0.815174294836707,1.2095450174997098,1.8044531272252635
2018-08-23,1.0,0.8148539470977881,1.2103006619503194,1.8044531272252635
2018-08-24,1.0,0.8158396325025206,1.211402346995943,1.804527261078069
2018-08-27,1.0,0.8154082903002612,1.2112301733067068,1.804435242697439
2018-08-28,1.0,0.8158396325025206,1.2114380238915765,1.8029849640768656
2018-08-29,1.0,0.8158396325025206,1.2118062483678897,1.7990775123355438
2018-08-30,1.0,0.8158396325025206,1.2132402345148179,1.8029849640768656
2018-08-31,1.0,0.8154082903002612,1.2142919046800331,1.7991091066736424
2018-09-04,1.0,0.8154082903002612,1.215298989359133,1.8042171432627145
2018-09-05,1.0,0.8137702037303468,1.2155749864677414,1.804435242697439
2018-09-06,1.0,0.8137702037303468,1.2162797805190926,1.8053982596572515
2018-09-07,1.0,0.8154082903002612,1.2162797805190926,1.805454816864015
2018-09-10,1.0,0.8154082903002612,1.2169541893248184,1.8077218934497326
2018-09-11,1.0,0.8154082903002612,1.2169541893248184,1.8077218934497326
2018-09-12,1.0,0.8154082903002612,1.2152818327442785,1.7947604221442746
2018-09-13,1.0,0.8190225942747289,1.214278141133867,1.7946091646728877
2018-09-14,1.0,0.813637760266023,1.2140537061146381,1.7940621164890782
2018-09-17,1.0,0.8169496303901775,1.2137442200890554,1.795058245766531
2018-09-18,1.0,0.8192097616164372,1.2141658619067242,1.795058245766531
2018-09-19,1.0,0.8182997201716309,1.2164025547062223,1.7965177982179386
2018-09-20,1.0,0.8192097616164372,1.216691480311225,1.795058245766531
2018-09-21,1.0,0.8153150896291098,1.216356295055136,1.7919331831109435
2018-09-24,1.0,0.8153150896291098,1.2154407925418014,1.7919331831109435
2018-09-25,1.0,0.8153150896291098,1.2165494372832406,1.795033894029031
2018-09-26,1.0,0.8136475880712992,1.2170732974510907,1.8018871303451487
2018-09-27,1.0,0.8136475880712992,1.218174904947648,1.793651239327634
2018-09-28,1.0,0.8136475880712992,1.2176886450770925,1.7946436494893405
2018-10-01,1.0,0.8153113807402975,1.2170732974510907,1.8023632133278193
2018-10-02,1.0,0.8173917755247511,1.217729902457776,1.7966188550366378
2018-10-03,1.0,0.815311437340299,1.219209333379392,1.8023632133278193
2018-10-04,1.0,0.8174855593233444,1.219240594263809,1.8017786590423173
2018-10-05,1.0,0.8135554212988912,1.2192777331978677,1.7964829684544217
2018-10-08,1.0,0.8153127249272532,1.2185614900853525,1.8070473288285784
2018-10-09,1.0,0.8174410576313106,1.2185614900853525,1.8134040149736403
2018-10-10,1.0,0.8173960315789668,1.2185614900853525,1.8119365091240944
2018-10-11,1.0,0.8198366039466748,1.218472398979623,1.8119365091240944
2018-10-12,1.0,0.8199957930130236,1.2170732974510907,1.8135139880334152
2018-10-15,1.0,0.8199957930130236,1.218507355812597,1.8162533463597101
2018-10-16,1.0,0.8220154976168175,1.2186838096810606,1.8113055496943555
2018-10-17,1.0,0.8211130252944102,1.2185799798687702,1.8113055496943555
2018-10-18,1.0,0.8199957930130236,1.2202808082811192,1.8092487740689314
2018-10-19,1.0,0.8199957930130236,1.2202808082811192,1.8114088543867515
2018-10-22,1.0,0.8173960315789668,1.219593537092115,1.8161389368819434
2018-10-23,1.0,0.8177079532226333,1.2203819682010413,1.8203731879477116
2018-10-24,1.0,0.8194253635063262,1.2206129581961673,1.8203365268502574
2018-10-25,1.0,0.8200012667943581,1.2206871338957048,1.824057752482115
2018-10-26,1.0,0.818257662985161,1.2206871338957048,1.8202881324774314
2018-10-29,1.0,0.818257662985161,1.220645831334772,1.8206616155346467
2018-10-30,1.0,0.8180262335212012,1.220645831334772,1.8206616155346467
2018-10-31,1.0,0.8180262335212012,1.220645831334772,1.8155044254275605
2018-11-01,1.0,0.8180262335212012,1.2206871338957048,1.813255968560189
2018-11-02,1.0,0.8176828590275489,1.220645831334772,1.8118158709296943
2018-11-05,1.0,0.8176828590275489,1.22056212272632,1.8116809193079182
2018-11-06,1.0,0.8176828590275489,1.2209327413169428,1.8090347660197277
2018-11-07,1.0,0.8176828590275489,1.2204434461961535,1.8119958481091458
2018-11-08,1.0,0.8181249817198019,1.2191740292152686,1.8119958481091458
2018-11-09,1.0,0.8181249817198019,1.2206690430096367,1.8146335377357374
2018-11-12,1.0,0.818105586753682,1.2206690430096367,1.8145152255116659
2018-11-13,1.0,0.8164905147978089,1.2211324634251102,1.8146335377357374
2018-11-14,1.0,0.8172198273597248,1.222704902325082,1.8195166599406376
2018-11-15,1.0,0.8179831466949449,1.2232883854029262,1.8198849781852549
2018-11-16,1.0,0.8176090576519583,1.2232883854029262,1.819499085116202
2018-11-19,1.0,0.8178615686697058,1.222550348132737,1.818738854575691
2018-11-20,1.0,0.8181208206848626,1.2204263697731657,1.8233356572295867
2018-11-21,1.0,0.8178615686697058,1.2197837904157975,1.8195908369836762
2018-11-23,1.0,0.8181208206848626,1.2221169130145768,1.8236049763438933
2018-11-26,1.0,0.8201576742663351,1.2223628584624875,1.8236049763438933
2018-11-27,1.0,0.8201511868847633,1.2233604312174138,1.8262603397371058
2018-11-28,1.0,0.8202128667132625,1.2242377357507421,1.8315497501721067
2018-11-29,1.0,0.8201511868847633,1.2239301781511818,1.8315497501721067
2018-11-30,1.0,0.8201511868847633,1.223683164895926,1.8272644894350605
2018-12-03,1.0,0.8201511868847633,1.2244936209394586,1.8272644894350605
2018-12-04,1.0,0.8215171912942361,1.2244936209394586,1.8263702072048833
2018-12-06,1.0,0.8239156136619534,1.22505276156765,1.8263702072048833
2018-12-07,1.0,0.8212784423231227,1.2247842741080612,1.8257546359335006
2018-12-10,1.0,0.8210996126505213,1.2249216195284114,1.8257546359335006
2018-12-11,1.0,0.8211039953894722,1.224445471721104,1.8263702072048833
2018-12-12,1.0,0.8211039953894722,1.2247842741080612,1.8316642209009872
2018-12-13,1.0,0.818076461680107,1.225035712986576,1.8316642209009872
2018-12-14,1.0,0.818076461680107,1.2252778058667142,1.8316642209009872
2018-12-17,1.0,0.818076461680107,1.225190844861667,1.8316642209009872
2018-12-18,1.0,0.818076461680107,1.224445471721104,1.8316665147203997
2018-12-19,1.0,0.8178382189759001,1.2258996659632242,1.8316665147203997
2018-12-20,1.0,0.8178382189759001,1.227086914644094,1.83324758208542
2018-12-21,1.0,0.8178382189759001,1.2274276962015782,1.817570278939146
2018-12-24,1.0,0.8178382189759001,1.2286414542235597,1.8223855592891767
2018-12-26,1.0,0.8143760377127285,1.2287458621542018,1.8317373511736637
2018-12-27,1.0,0.8143760377127285,1.2296215978529506,1.824561301246924
2018-12-28,1.0,0.8138474921994658,1.2295981841665171,1.8202867950527337
2018-12-31,1.0,0.8133962752854821,1.230106216606784,1.8127064900764107
2019-01-02,1.0,0.8143646903195269,1.2321636384989934,1.813419977661927
2019-01-03,1.0,0.816261982421471,1.2312460084687848,1.8204633191776494
2019-01-04,1.0,0.8194396991100754,1.228289757452333,1.8204633191776494
2019-01-07,1.0,0.8194396991100754,1.229932912989577,1.8268117054122543
2019-01-08,1.0,0.8209960439569286,1.2307333143290173,1.8267022927333558
2019-01-09,1.0,0.8184341427655158,1.2309899059755502,1.8203550328434241
2019-01-10,1.0,0.818582582735693,1.228634380371123,1.8203550328434241
2019-01-11,1.0,0.818582582735693,1.2285579355948406,1.833712761875643
2019-01-14,1.0,0.8178798338378357,1.2280188550335245,1.833712761875643
2019-01-15,1.0,0.8178798338378357,1.228054108886944,1.833699649119441
2019-01-16,1.0,0.8178798338378357,1.2273452384780703,1.833712761875643
2019-01-17,1.0,0.8178798338378357,1.228054108886944,1.833712761875643
2019-01-18,1.0,0.8184758484076515,1.229053835161165,1.832743725755094
2019-01-22,1.0,0.8209942389009217,1.2304005077624391,1.832743725755094
2019-01-23,1.0,0.8227952360820839,1.230313752662374,1.8336557885405775
2019-01-24,1.0,0.8227161314293315,1.2309822832185597,1.8336557885405775
2019-01-25,1.0,0.8200164172475604,1.231723533833639,1.8455438939658877
2019-01-28,1.0,0.8200164172475604,1.232844991955628,1.8455438939658877
2019-01-29,1.0,0.8200164172475604,1.2331358178524077,1.8457225677582705
2019-01-30,1.0,0.8200164172475604,1.2326039563673223,1.8463624540750037
2019-01-31,1.0,0.8203990657200017,1.2321232236594257,1.837624394244174
2019-02-01,1.0,0.8203990657200017,1.2315809683891898,1.839262888281472
2019-02-04,1.0,0.8178648564428879,1.2316127667397407,1.837555317269746
2019-02-05,1.0,0.8200676033615782,1.2315198799428007,1.837555317269746
2019-02-06,1.0,0.8232396074657149,1.2309150420121737,1.839258128200425
2019-02-07,1.0,0.8221731988251012,1.2315198799428007,1.844367312864987
2019-02-08,1.0,0.8232396074657149,1.2313440518332954,1.8398532201642943
2019-02-11,1.0,0.820689016019628,1.2315809683891898,1.83004376113082
2019-02-12,1.0,0.820689016019628,1.2313731666271068,1.8290735493080719
2019-02-13,1.0,0.8221731988251012,1.2307743956091004,1.8281167667531975
2019-02-14,1.0,0.8217438933138285,1.231117938158293,1.8298046409176412
2019-02-15,1.0,0.8217438933138285,1.2306490839462398,1.834326347375335
2019-02-19,1.0,0.8217438933138285,1.231013499005151,1.834326347375335
2019-02-20,1.0,0.8217438933138285,1.231117938158293,1.8349650366642096
2019-02-21,1.0,0.8217438933138285,1.2310728408037104,1.8349719866681
2019-02-22,1.0,0.8216949459149016,1.230249536953933,1.8349719866681
2019-02-25,1.0,0.821769279981633,1.2316713140336968,1.8349719866681
2019-02-26,1.0,0.821769279981633,1.2319723012446222,1.8365103501378488
2019-02-27,1.0,0.821769279981633,1.232478679331837,1.8365103501378488
2019-02-28,1.0,0.821769279981633,1.2301279923361501,1.8365103501378488
2019-03-01,1.0,0.821769279981633,1.230249536953933,1.8365103501378488
2019-03-04,1.0,0.821769279981633,1.2306311147015696,1.8365719578543056
2019-03-05,1.0,0.8221985854929057,1.2321776921209113,1.8365719578543056
2019-03-06,1.0,0.8225207700127946,1.2316226233225303,1.8454338710195435
2019-03-07,1.0,0.8221985854929057,1.2339345939287196,1.8529651313685107
2019-03-08,1.0,0.8216670710961778,1.233246758200525,1.8534110323496789
2019-03-11,1.0,0.8222018349722863,1.234064442227873,1.8484831515048883
2019-03-12,1.0,0.8222018349722863,1.2361219035202307,1.8524775173093717
2019-03-13,1.0,0.8221985854929057,1.2346342033459496,1.8755912349821076
2019-03-14,1.0,0.8221985854929057,1.2346590256182264,1.8599683138751613
2019-03-15,1.0,0.8221985854929057,1.2340971919040007,1.866049569736389
2019-03-18,1.0,0.8221985854929057,1.2338923075348913,1.8653497230694354
2019-03-19,1.0,0.8225792709709469,1.2358391358844467,1.867204047505361
2019-03-20,1.0,0.8232388694446966,1.236018381805845,1.8653497230694354
2019-03-21,1.0,0.8232388694446966,1.2352967260478531,1.8672522455745608
2019-03-22,1.0,0.8221549478117904,1.235872701062159,1.864990496630962
2019-03-25,1.0,0.822487206272375,1.2354628593700696,1.864990496630962
2019-03-26,1.0,0.8221092105449412,1.2373948038489078,1.864990496630962
2019-03-27,1.0,0.8220559688631758,1.238435060449162,1.864990496630962
2019-03-28,1.0,0.819127650640106,1.2390986732638014,1.864990496630962
2019-03-29,1.0,0.8217082119822231,1.2377217897314687,1.864990496630962
2019-04-01,1.0,0.8228832089706157,1.2381889728384072,1.8597139122425215
2019-04-02,1.0,0.8228832089706157,1.2377217897314687,1.8597139122425215
2019-04-03,1.0,0.8190744121950435,1.2371697938003923,1.8597139122425215
2019-04-04,1.0,0.8188616598532631,1.2373815751916446,1.8641369439154063
2019-04-05,1.0,0.821790149330044,1.2375792305940374,1.8641369439154063
2019-04-08,1.0,0.8250752325771479,1.2358395545798657,1.8675109543966697
2019-04-09,1.0,0.8231742670480985,1.2373663798079146,1.8783933677590035
2019-04-10,1.0,0.821807684670202,1.2375272143342249,1.8783933677590035
2019-04-11,1.0,0.8207646724673412,1.237156179645023,1.8783933677590035
2019-04-12,1.0,0.8199983595450775,1.2385779500579055,1.8826358090038287
2019-04-15,1.0,0.821807684670202,1.2400602683958049,1.873982335001261
2019-04-16,1.0,0.821807684670202,1.2420114386827539,1.88343904246449
2019-04-17,1.0,0.8231742670480985,1.242185589739927,1.88343904246449
2019-04-18,1.0,0.8232243590535918,1.2413930100477075,1.88343904246449
2019-04-22,1.0,0.8249148976895387,1.242530210860501,1.88343904246449
2019-04-23,1.0,0.8249148976895387,1.2431333750496916,1.88343904246449
2019-04-24,1.0,0.8217761029210865,1.244427127175757,1.88343904246449
2019-04-25,1.0,0.8220037932176466,1.2431333750496916,1.88343904246449
2019-04-26,1.0,0.8260971816212687,1.2424540146046608,1.8784123504592198
2019-04-29,1.0,0.8213606338419693,1.2419231814907743,1.88343904246449
2019-04-30,1.0,0.8220082072237526,1.2411639565821866,1.88343904246449
2019-05-01,1.0,0.8249165442322676,1.2415718113083711,1.8787429715567932
2019-05-02,1.0,0.82419530679778,1.242120894450823,1.878294082995237
2019-05-03,1.0,0.82419530679778,1.2450971276596947,1.8784123504592198
2019-05-06,1.0,0.8220051550577806,1.244915206112488,1.8748105012545218
2019-05-07,1.0,0.8226933905933279,1.244267079114546,1.8784123504592198
2019-05-08,1.0,0.8226902435914559,1.2447850843118626,1.8783598592824429
2019-05-09,1.0,0.8244572172248547,1.2452940441596856,1.8783598592824429
2019-05-10,1.0,0.8202931621617333,1.2453857637312171,1.8783598592824429
2019-05-13,1.0,0.8203788209381344,1.2452372054142795,1.881313198303456
2019-05-14,1.0,0.8203788209381344,1.2455599315676396,1.883632152743824
2019-05-15,1.0,0.8218436439758454,1.2452940441596856,1.881313198303456
2019-05-16,1.0,0.8218436439758454,1.2457187607555569,1.881313198303456
2019-05-17,1.0,0.8202456428513217,1.2456633895911733,1.8837801481479124
2019-05-20,1.0,0.8202482531310942,1.2437861696887422,1.8820366163069129
2019-05-21,1.0,0.8172822638869995,1.2436071221963791,1.881258763513738
2019-05-22,1.0,0.8218436439758454,1.2453975021832195,1.883976455565715
2019-05-23,1.0,0.8221658285887766,1.2431633950595868,1.8837107366452281
2019-05-24,1.0,0.820255250621464,1.2436071221963791,1.9012671186573873
2019-05-28,1.0,0.8211582853144681,1.244283428018076,1.9070187141465016
2019-05-29,1.0,0.8211582853144681,1.245679986222679,1.9070316571219785
2019-05-30,1.0,0.8213177234521455,1.2452801737268184,1.9080090508280272
2019-05-31,1.0,0.8202482531310942,1.2464122263830513,1.9015798345241752
2019-06-03,1.0,0.8202482531310942,1.2466505714291207,1.8943764698212116
2019-06-04,1.0,0.8169764396931032,1.2466505714291207,1.8965523549215582
2019-06-05,1.0,0.8169764396931032,1.2469625880150663,1.8953252477443363
2019-06-06,1.0,0.8202482531310942,1.2470493951771358,1.891581773699756
2019-06-07,1.0,0.8156530132464521,1.2466505714291207,1.8908207623917916
2019-06-10,1.0,0.8136659441059815,1.2489938350884313,1.8908207623917916
2019-06-11,1.0,0.812570041391058,1.2490529003291093,1.890493715907242
2019-06-12,1.0,0.8119901848501297,1.246905411841421,1.8903686855156465
2019-06-13,1.0,0.8126071800811214,1.247576526358046,1.8905777690196552
2019-06-14,1.0,0.8152518648630558,1.2466724623733945,1.8884404532287733
2019-06-17,1.0,0.813537876068352,1.2469633592616465,1.887598014049451
2019-06-18,1.0,0.8125922079143745,1.2466724623733945,1.8884404532287733
2019-06-19,1.0,0.8134982246043208,1.247576526358046,1.8928329507097923
2019-06-20,1.0,0.8111408608448925,1.2492745513084307,1.8952457311306443
2019-06-21,1.0,0.8136537644778529,1.249319608254805,1.9003549714441572
2019-06-24,1.0,0.8136537644778529,1.2492745513084307,1.8960650844409002
2019-06-25,1.0,0.8102418775236403,1.2501436327717634,1.9046432030845888
2019-06-26,1.0,0.8070544262245335,1.2500200107197799,1.9046432030845888
2019-06-27,1.0,0.8070732816110243,1.2503508629440194,1.9046432030845888
2019-06-28,1.0,0.8063303915840603,1.2526549678494894,1.8989333495722636
2019-07-01,1.0,0.8115473565155973,1.2536815505170436,1.8986288003356229
2019-07-02,1.0,0.8130586757067059,1.2531282927579546,1.9104845781167372
2019-07-03,1.0,0.8147182618816332,1.2531187809930788,1.9105395823082758
2019-07-05,1.0,0.8130586757067059,1.2535851990928613,1.9124828277695156
2019-07-08,1.0,0.8130586757067059,1.2528568952605479,1.9048323099108726
2019-07-09,1.0,0.8130586757067059,1.2531652997440834,1.8969804599887803
2019-07-10,1.0,0.8152349113658078,1.254572231451708,1.8969804599887803
2019-07-11,1.0,0.8152349113658078,1.2572333124491313,1.8969804599887803
2019-07-12,1.0,0.8152349113658078,1.2576356241667384,1.903187686549724
2019-07-15,1.0,0.8152407947664319,1.2545742086261997,1.903187686549724
2019-07-16,1.0,0.8151877981557124,1.2545742086261997,1.9055399935069675
2019-07-17,1.0,0.8152971394107814,1.2545742086261997,1.9052326206901902
2019-07-18,1.0,0.8152971394107814,1.2542382258232916,1.9086400599160842
2019-07-19,1.0,0.8156341663912227,1.254952164265813,1.9086311992451506
2019-07-22,1.0,0.815581196237524,1.2555552602019318,1.9202820336040516
2019-07-23,1.0,0.8155687326554364,1.2558475880925388,1.9086400599160842
2019-07-24,1.0,0.8156235405288728,1.2579216278520888,1.9085931696557863
2019-07-25,1.0,0.816969074921716,1.2585614034831556,1.9145613765258596
2019-07-26,1.0,0.8179840982526315,1.2593483195525232,1.9206323855522385
2019-07-29,1.0,0.8169881189941206,1.2603364345317178,1.9206323855522385
2019-07-30,1.0,0.8161727010960568,1.2606868287896622,1.9207482452223268
2019-07-31,1.0,0.8169370892752585,1.2601238358180114,1.9207482452223268
2019-08-01,1.0,0.8179983870334705,1.2600838212014414,1.9117410153897072
2019-08-02,1.0,0.8179983870334705,1.2596818195276105,1.9116747667874503
2019-08-05,1.0,0.8179971389860443,1.2601522368234586,1.9116747667874503
2019-08-06,1.0,0.8179971389860443,1.2612821872331166,1.9117410153897072
2019-08-07,1.0,0.8179971389860443,1.2624781929647124,1.9191767963618074
2019-08-08,1.0,0.816940430544321,1.2620125854513469,1.9191767963618074
2019-08-09,1.0,0.8180863704812055,1.2605814981194663,1.9207993322728378
2019-08-12,1.0,0.816940430544321,1.2600838212014414,1.922887433166747
2019-08-13,1.0,0.8181687235368852,1.2615201559587135,1.922887433166747
2019-08-14,1.0,0.8181856232696157,1.2620125854513469,1.9227709723363993
2019-08-15,1.0,0.8183283909555296,1.2621802213777946,1.9229549274818483
2019-08-16,1.0,0.8181687235368852,1.261194914318938,1.9276439260578067
2019-08-19,1.0,0.8169303002152004,1.2633600631798865,1.9229549274818483
2019-08-20,1.0,0.8169303002152004,1.2636641307529264,1.9276439260578067
2019-08-21,1.0,0.8159084031363539,1.2614971821551413,1.93639501567912
2019-08-22,1.0,0.8146448856028495,1.26118290514872,1.93639501567912
2019-08-23,1.0,0.8139158944568,1.2611644716105352,1.9364876344970499
2019-08-26,1.0,0.8139158944568,1.260858698420098,1.93639501567912
2019-08-27,1.0,0.8139158944568,1.260858698420098,1.9368177534730213
2019-08-28,1.0,0.815227219522604,1.260653625620491,1.9368177534730213
2019-08-29,1.0,0.8139158944568,1.2620511725347514,1.9403440972913173
2019-08-30,1.0,0.8139158944568,1.2640273019724,1.9425826361124332
2019-09-03,1.0,0.8139158944568,1.2651636647026387,1.9405727139228455
2019-09-04,1.0,0.8159585600598445,1.265943050607271,1.952351723289237
2019-09-05,1.0,0.814246132926162,1.2658120596304536,1.952351723289237
2019-09-06,1.0,0.8132157401207564,1.2659294467539586,1.952351723289237
2019-09-09,1.0,0.8117629153591237,1.2654668871257084,1.965879595780752
2019-09-10,1.0,0.813157800113995,1.2650150462044019,1.9684150869792667
2019-09-11,1.0,0.813157800113995,1.2653236441698572,1.9684150869792667
2019-09-12,1.0,0.8117629153591237,1.2638710918538199,1.9709167829846623
2019-09-13,1.0,0.8114446750518469,1.2659294467539586,1.9698086875545566
2019-09-16,1.0,0.8114508496221251,1.2657868010695985,1.9596798584532618
2019-09-17,1.0,0.8107240672302841,1.2659294467539586,1.95966755085878
2019-09-18,1.0,0.813157800113995,1.2662895348262602,1.95966755085878
2019-09-19,1.0,0.8117629153591237,1.266057624159719,1.9611576875844734
2019-09-20,1.0,0.8114535894042922,1.2655263803636543,1.9611576875844734
2019-09-23,1.0,0.8114535894042922,1.2660178701534603,1.9611576875844734
2019-09-24,1.0,0.8117698015037906,1.265943050607271,1.95966755085878
2019-09-25,1.0,0.8117698015037906,1.2678045381336167,1.955707302967078
2019-09-26,1.0,0.8117221490463011,1.2690793197759294,1.95966755085878
2019-09-27,1.0,0.8108400088238881,1.2687565109674945,1.959013540407336
2019-09-30,1.0,0.8102962905193591,1.269860237285231,1.9591893033848387
2019-10-01,1.0,0.8102962905193591,1.2684702350687123,1.9591893033848387
2019-10-02,1.0,0.8102962905193591,1.2683989732763195,1.9591282040219233
2019-10-03,1.0,0.8110100073365277,1.2700436362625833,1.964247407472219
2019-10-04,1.0,0.8110100073365277,1.2704720971407648,1.9554358089394144
2019-10-07,1.0,0.813611350118661,1.2708420472775144,1.9556588054129036
2019-10-08,1.0,0.8141179551565932,1.2704720971407648,1.9578461557532756
2019-10-09,1.0,0.8136076875208285,1.2699386942297861,1.9667503351230973
2019-10-10,1.0,0.8108467172818647,1.268895678150883,1.9625681891204219
2019-10-11,1.0,0.8107653346022332,1.270046994314888,1.9556365071449848
2019-10-14,1.0,0.8108650792856826,1.270281950396582,1.9556365071449848
2019-10-15,1.0,0.8107434602047265,1.2699565914489652,1.9579138475871576
2019-10-16,1.0,0.8111642100240103,1.269460712604926,1.966680402118349
2019-10-17,1.0,0.8111642100240103,1.2705352274768993,1.9649795945164408
2019-10-18,1.0,0.813990213371306,1.269460712604926,1.964271506403402
2019-10-21,1.0,0.8107801458290336,1.2677782983972068,1.9621943263068915
2019-10-22,1.0,0.8107801458290336,1.268151382979321,1.9659899363930866
2019-10-23,1.0,0.8111664734683611,1.2686211908345144,1.9659899363930866
2019-10-24,1.0,0.8113559229660938,1.2708341110484467,1.9667176758882683
2019-10-25,1.0,0.8129965666630784,1.2713119777991615,1.9659899363930866
2019-10-28,1.0,0.8135035629568232,1.2702981833231686,1.9639946819089695
2019-10-29,1.0,0.8107801458290336,1.2702981833231686,1.9558151647886295
2019-10-30,1.0,0.8138147309643224,1.2712961951569837,1.9640662817380614
2019-10-31,1.0,0.8107801458290336,1.2712686891869667,1.9688395997934698
2019-11-01,1.0,0.8107801458290336,1.2715900564910116,1.9640662817380614
2019-11-04,1.0,0.8128898596914406,1.2716895058250643,1.9640662817380614
2019-11-05,1.0,0.8128898596914406,1.2712686891869667,1.9599161267057164
2019-11-06,1.0,0.8107801458290336,1.2720663807783419,1.9658039693063332
2019-11-07,1.0,0.8107801458290336,1.271970969095506,1.964900773309219
2019-11-08,1.0,0.8133748446207946,1.2727054486188178,1.964900773309219
2019-11-11,1.0,0.8133888987904794,1.274755725869751,1.964900773309219
2019-11-12,1.0,0.812975331442497,1.2743771350819462,1.964900773309219
2019-11-13,1.0,0.8106393209367535,1.274755725869751,1.9596519500429064
2019-11-14,1.0,0.8106393209367535,1.2757942076615347,1.9596519500429064
2019-11-15,1.0,0.8106393209367535,1.2761722718076929,1.964900773309219
2019-11-18,1.0,0.8084090218976994,1.2759724813924511,1.9596519500429064
2019-11-19,1.0,0.813371293843777,1.276978527702561,1.957805084678712
2019-11-20,1.0,0.8087038068816146,1.276978527702561,1.9561561111717334
2019-11-21,1.0,0.8081662090227826,1.2779721221473808,1.9561561111717334
2019-11-22,1.0,0.8087038068816146,1.2774846808445965,1.9804449118977083
2019-11-25,1.0,0.8091816148711638,1.2771846092326915,1.982051056486702
2019-11-26,1.0,0.8091816148711638,1.277907940096306,1.9804449118977083
2019-11-27,1.0,0.8074925343532453,1.278223467196678,1.9824785338056483
2019-11-29,1.0,0.8074482407700057,1.2777317259781817,1.9824785338056483
2019-12-02,1.0,0.8074482407700057,1.2750840623077346,1.982051056486702
2019-12-03,1.0,0.8091512390701328,1.2743926141134483,1.9721319483750521
2019-12-04,1.0,0.8104700504851883,1.2765822223436376,1.9724849624421799
2019-12-05,1.0,0.8102352196121788,1.2770519180383069,1.972370501602109
2019-12-06,1.0,0.8090245829068102,1.2776266608894813,1.971126193361181
2019-12-09,1.0,0.8090245829068102,1.2781702731115927,1.971126193361181
2019-12-10,1.0,0.8104405114823614,1.277867415283987,1.9649557032933722
2019-12-11,1.0,0.8115153602221581,1.280238069825958,1.9649557032933722
2019-12-12,1.0,0.809204307140282,1.2791237274074823,1.9698641710509766
2019-12-13,1.0,0.8091933917035481,1.2796193569512184,1.9710298187751252
2019-12-16,1.0,0.8075808397863443,1.278934267375695,1.9745932536520696
2019-12-17,1.0,0.8075808397863443,1.2794005828398187,1.9902891269931027
2019-12-18,1.0,0.806416666186751,1.27937344304174,1.9902891269931027
2019-12-19,1.0,0.8086146453769509,1.2795626293647464,1.9828920977801912
2019-12-20,1.0,0.8092052351392819,1.2811853597359972,1.9828920977801912
2019-12-23,1.0,0.809102298895091,1.2811853597359972,1.9828920977801912
2019-12-24,1.0,0.8085854612428436,1.2816068493839399,1.9828920977801912
2019-12-26,1.0,0.8092958275937817,1.2810756630628728,1.9828920977801912
2019-12-27,1.0,0.8091931311861217,1.2805763281809308,1.9829479184857506
2019-12-30,1.0,0.8065152719380688,1.2798994599388294,1.9924885585396443
2019-12-31,1.0,0.8091403099265027,1.281459401489212,1.991981176146065
2020-01-02,1.0,0.8065152719380688,1.2808152431548567,1.991981176146065
2020-01-03,1.0,0.807701867778194,1.2792815720331747,1.9939906266288634
2020-01-06,1.0,0.807701867778194,1.2794428583880983,1.9970398052193494
2020-01-07,1.0,0.807701867778194,1.282264612584758,1.9939906266288634
2020-01-08,1.0,0.8105983166472089,1.282321269571761,1.9939906266288634
2020-01-09,1.0,0.807701867778194,1.2820347849402025,1.9939906266288634
2020-01-10,1.0,0.8105983166472089,1.2826307200504705,1.993371697121128
2020-01-13,1.0,0.8105983166472089,1.283322965678936,1.9890125729721546
2020-01-14,1.0,0.8105983166472089,1.282222587326083,1.993371697121128
2020-01-15,1.0,0.8105983166472089,1.2849473610555453,1.9890125729721546
2020-01-16,1.0,0.8148721457848259,1.2875291541736957,1.9890125729721546
2020-01-17,1.0,0.8148721457848259,1.287319672301177,1.9823229527385442
2020-01-21,1.0,0.8149007562071001,1.2871203953505876,1.985432331157484
2020-01-22,1.0,0.8149007562071001,1.2866619889823983,1.9822314542911394
2020-01-23,1.0,0.8148721457848259,1.28585190832647,1.9852148662807982
2020-01-24,1.0,0.8148721457848259,1.2851893600364812,1.9771755047896282
2020-01-27,1.0,0.8149824798835774,1.2854807903650607,1.9771755047896282
2020-01-28,1.0,0.8110145481660397,1.28585190832647,1.9771755047896282
2020-01-29,1.0,0.8109505147425937,1.283138189173084,1.9771755047896282
2020-01-30,1.0,0.8134349284026624,1.283306796455742,1.9791910210245949
2020-01-31,1.0,0.8149824798835774,1.283138189173084,1.9791910210245949
2020-02-03,1.0,0.8149918564931332,1.2841963579993538,1.988157529386971
2020-02-04,1.0,0.8175257170437861,1.285767367021484,1.9938577727830813
2020-02-05,1.0,0.8174723505071484,1.28585190832647,1.9938577727830813
2020-02-06,1.0,0.8174723505071484,1.28585190832647,1.9938577727830813
2020-02-07,1.0,0.8149647039971931,1.284528279105926,1.9936817533836444
2020-02-10,1.0,0.8149205236953341,1.2859433549308137,1.9936817533836444
2020-02-11,1.0,0.814947887565434,1.2847026304859614,1.9936817533836444
2020-02-12,1.0,0.812085827995071,1.284528279105926,1.9937349919158984
2020-02-13,1.0,0.814947887565434,1.2855662563637285,1.9794837541566384
2020-02-14,1.0,0.812085827995071,1.2865402678385545,1.9854711665234905
2020-02-18,1.0,0.812085827995071,1.2870476587298212,1.9939412099861085
2020-02-19,1.0,0.812085827995071,1.2867590855415587,1.9939412099861085
2020-02-20,1.0,0.8109771677460123,1.2859817289979911,2.0031139915352707
2020-02-21,1.0,0.8109771677460123,1.2867590855415587,1.993651281885914
2020-02-24,1.0,0.8093332114512792,1.2881885717594384,1.9940007105596895
2020-02-25,1.0,0.8093332114512792,1.2877284197854721,1.9940007105596895
2020-02-26,1.0,0.8093182939703539,1.2867562609233856,2.001874407415491
2020-02-27,1.0,0.8181085517846,1.2870476587298212,2.0013074333871304
2020-02-28,1.0,0.8131332441221983,1.2881885717594384,2.004196540657549
2020-03-02,1.0,0.8131332441221983,1.2879857219974977,2.004196540657549
2020-03-03,1.0,0.8131332441221983,1.2884363604306412,2.004070643103085
2020-03-04,1.0,0.8130916736378546,1.288344114846279,2.004070643103085
2020-03-05,1.0,0.8130916736378546,1.2884986522880857,2.006438511758532
2020-03-06,1.0,0.8130916736378546,1.2874223765586517,2.004070643103085
2020-03-09,1.0,0.8130916736378546,1.2867616723222324,2.004088080513917
2020-03-10,1.0,0.8100882357485238,1.2866216265080626,2.004610491750955
2020-03-11,1.0,0.8078523857298882,1.2877881022905844,2.0006713072708213
2020-03-12,1.0,0.8072601255890414,1.2877881022905844,2.0015772634350943
2020-03-13,1.0,0.8132148194261625,1.2884901594963334,2.001525303696299
2020-03-16,1.0,0.8126059075606987,1.2909274624913933,2.002519752219222
2020-03-17,1.0,0.8084865541488847,1.292293482288069,1.9994373110691976
2020-03-18,1.0,0.8071732922094277,1.2922932942888758,1.9994373110691976
2020-03-19,1.0,0.8071019728823504,1.2924600431817437,2.002519752219222
2020-03-20,1.0,0.8037324691812862,1.29037590504971,1.9994892708079925
2020-03-23,1.0,0.8037324691812862,1.289584953371694,2.006737421913785
2020-03-24,1.0,0.8071816621503969,1.2900301422871299,2.009593117025754
2020-03-25,1.0,0.8078134597689273,1.2893426422952192,2.0067975546194288
2020-03-26,1.0,0.8038130942375158,1.2892036657257235,2.0067975546194288
2020-03-27,1.0,0.8088446289845451,1.2893027314188974,2.0095264686919765
2020-03-30,1.0,0.8093093002948807,1.2886717604299964,2.0098724019067022
2020-03-31,1.0,0.8093093002948807,1.2886032524353088,2.0098724019067022
2020-04-01,1.0,0.8117635970398532,1.2890784503722732,2.009692642500048
2020-04-02,1.0,0.8093093002948807,1.2886032524353088,2.009921705717137
2020-04-03,1.0,0.8108062976697509,1.2891775160654473,2.021627092805277
2020-04-06,1.0,0.8098647854576037,1.2896357384224022,2.0267013299509746
2020-04-07,1.0,0.8093141038411082,1.289699752532233,2.021515941715834
2020-04-08,1.0,0.8091504024709926,1.2882348837065538,2.0214430756184107
2020-04-09,1.0,0.8091504024709926,1.289010032174053,2.0314954378343297
2020-04-13,1.0,0.8091504024709926,1.2909899263892681,2.044342353321751
2020-04-14,1.0,0.8091504024709926,1.292040592396409,2.044342353321751
2020-04-15,1.0,0.8106834370220025,1.2921395387205974,2.0265320005003917
2020-04-16,1.0,0.8106834370220025,1.2936346403946914,2.0260806904632194
2020-04-17,1.0,0.8102301964130529,1.2944050253694557,2.0260806904632194
2020-04-20,1.0,0.810796504438724,1.2948116532614888,2.020690684624432
2020-04-21,1.0,0.8111312950681552,1.2948675993469383,2.020690684624432
2020-04-22,1.0,0.8111312950681552,1.2958089886342163,2.02631258344963
2020-04-23,1.0,0.8130405269102055,1.2961963461364445,2.02631258344963
2020-04-24,1.0,0.8130405269102055,1.2956190687305909,2.0296039723848387
2020-04-27,1.0,0.8111312950681552,1.2953653212288985,2.036339123972985
2020-04-28,1.0,0.8147470303565857,1.2968207892045613,2.0473239591251127
2020-04-29,1.0,0.8130729167801491,1.2968207892045613,2.0306946839609417
2020-04-30,1.0,0.8130729167801491,1.2984112685924871,2.0298264279038185
2020-05-01,1.0,0.8149400482757347,1.2987333429208388,2.0349940999834053
2020-05-04,1.0,0.810974514893089,1.3012945119037431,2.027616552521583
2020-05-05,1.0,0.810974514893089,1.2994102294538763,2.027616552521583
2020-05-06,1.0,0.8101911386806957,1.2978078357522134,2.027616552521583
2020-05-07,1.0,0.810974514893089,1.299669927770771,2.0270964610701774
2020-05-08,1.0,0.8109831972465039,1.2988898804599662,2.0305311555694434
2020-05-11,1.0,0.810974514893089,1.2978520939751381,2.0305311555694434
2020-05-12,1.0,0.814291193595958,1.2969169806438319,2.0305311555694434
2020-05-13,1.0,0.814291193595958,1.2982597159114555,2.029825134023662
2020-05-14,1.0,0.814291193595958,1.2984564643676761,2.030754920966316
2020-05-15,1.0,0.814291193595958,1.2967069620074196,2.0416866228709836
2020-05-18,1.0,0.8219715158853969,1.2967069620074196,2.0388471082353266
2020-05-19,1.0,0.824670453196991,1.2967069620074196,2.042276881981945
2020-05-20,1.0,0.8223355932809505,1.295467444225603,2.045143965358819
2020-05-21,1.0,0.8219481069658828,1.2987935309495948,2.0389191384497587
2020-05-22,1.0,0.8219481069658828,1.3014984506167402,2.045143965358819
2020-05-26,1.0,0.8197438915812154,1.3012993790966783,2.045143965358819
2020-05-27,1.0,0.8177273158288603,1.3024635720444417,2.0391230830513907
2020-05-28,1.0,0.815930410587018,1.3028145168743757,2.045143965358819
2020-05-29,1.0,0.815930410587018,1.3036752476591413,2.045143965358819
2020-06-01,1.0,0.8172318114117817,1.3033159584680065,2.0458318559709503
2020-06-02,1.0,0.8172318114117817,1.3031297835754465,2.0475127348130515
2020-06-03,1.0,0.8171704902215723,1.3031297835754465,2.051846029506026
2020-06-04,1.0,0.8206822899636584,1.3033159584680065,2.0530103963530313
2020-06-05,1.0,0.8206822899636584,1.3042865746499688,2.054133236316619
2020-06-08,1.0,0.8206822899636584,1.3040063125493164,2.0465217093515355
2020-06-09,1.0,0.8206822899636584,1.3056592329489698,2.0465217093515355
2020-06-10,1.0,0.816273579851296,1.3051183958329597,2.049414613723412
2020-06-11,1.0,0.8185777312482203,1.3056417155979372,2.050963112311514
2020-06-12,1.0,0.820658778710651,1.3060854577118928,2.050963112311514
2020-06-15,1.0,0.8233050312252775,1.3060854577118928,2.049167562890679
2020-06-16,1.0,0.8232549393201799,1.3057056905159223,2.049167562890679
2020-06-17,1.0,0.8201405576769661,1.3060854577118928,2.0508177971756236
2020-06-18,1.0,0.814291193595958,1.306383117761019,2.0465217093515355
2020-06-19,1.0,0.817407958303987,1.306681924365574,2.049167562890679
2020-06-22,1.0,0.817407958303987,1.3065819085302814,2.050963112311514
2020-06-23,1.0,0.8174239146607324,1.3065176163282985,2.050963112311514
2020-06-24,1.0,0.8174620284438944,1.305692095876247,2.050966655281661
2020-06-25,1.0,0.8189183480545129,1.306172525473386,2.058667387529126
2020-06-26,1.0,0.8234072252520777,1.305692095876247,2.058887811069386
2020-06-29,1.0,0.8205815470166672,1.305692095876247,2.0655022406716994
2020-06-30,1.0,0.8203750231521384,1.3071447408619536,2.0746705337136624
2020-07-01,1.0,0.8189297396978067,1.3070866094904163,2.0664322911667727
2020-07-02,1.0,0.8203750231521384,1.306399075652914,2.060092470112781
2020-07-06,1.0,0.8189183480545129,1.306947833524748,2.0698341854548787
2020-07-07,1.0,0.8189183480545129,1.3064959562716338,2.059983862036347
2020-07-08,1.0,0.8203961639250631,1.3070866094904163,2.078039343851434
2020-07-09,1.0,0.8225631851137187,1.3072114623405064,2.078039343851434
2020-07-10,1.0,0.8225631851137187,1.3071447408619536,2.0848618118798634
2020-07-13,1.0,0.8215045479950945,1.3067304706742058,2.0788388921927003
2020-07-14,1.0,0.8203383254285888,1.3067785847650304,2.078038421157883
2020-07-15,1.0,0.8209230660013894,1.304724667919977,2.0772422804704997
2020-07-16,1.0,0.8143843799328805,1.3042897196627186,2.0664555256425894
2020-07-17,1.0,0.8168998470853192,1.3053936317034438,2.0664555256425894
2020-07-20,1.0,0.8230915250828507,1.306040432362205,2.0641020822502054
2020-07-21,1.0,0.8234763632358743,1.3071199570559315,2.0641020822502054
2020-07-22,1.0,0.8234795986586995,1.3071866785344843,2.0641020822502054
2020-07-23,1.0,0.8197285404727545,1.3078952525267378,2.077870140813852
2020-07-24,1.0,0.8218262690520375,1.3099825351601737,2.0687195828059193
2020-07-27,1.0,0.8169299878235796,1.3098164343705343,2.069823567059044
2020-07-28,1.0,0.8169299878235796,1.3110247441169633,2.0801941041700616
2020-07-29,1.0,0.8169554447766726,1.3092783321208614,2.0779193307365227
2020-07-30,1.0,0.8169561617435743,1.3086786671856323,2.0779193307365227
2020-07-31,1.0,0.8176713516939301,1.3092653979770588,2.080099181795782
2020-08-03,1.0,0.8190213056278866,1.3094165464636434,2.0779193307365227
2020-08-04,1.0,0.8216073006621191,1.3090447015310325,2.0779193307365227
2020-08-05,1.0,0.8216073006621191,1.3092489833477114,2.076987917375235
2020-08-06,1.0,0.8216073006621191,1.3089887323655365,2.076987917375235
2020-08-07,1.0,0.8223180608924705,1.3082337436556732,2.0745338086702345
2020-08-10,1.0,0.8248858030604175,1.3082337436556732,2.0714004396530763
2020-08-11,1.0,0.8226438745060132,1.307914222680222,2.0745338086702345
2020-08-12,1.0,0.8232837721247589,1.3076918888521534,2.074378573775687
2020-08-13,1.0,0.8226528395759911,1.307914222680222,2.0748235702631446
2020-08-14,1.0,0.8219408033821285,1.3074225124191332,2.07705343542416
2020-08-17,1.0,0.8219408033821285,1.3074784168313687,2.0804901551239654
2020-08-18,1.0,0.8243565562468387,1.3074784168313687,2.0808301025276252
2020-08-19,1.0,0.820884624483859,1.3070060506851906,2.0804901551239654
2020-08-20,1.0,0.8260010646323706,1.306536831288519,2.080628853709209
2020-08-21,1.0,0.8263630415061081,1.3059719273580574,2.0863230694221713
2020-08-24,1.0,0.8259552433381747,1.3070060506851906,2.0863230694221713
2020-08-25,1.0,0.8259552433381747,1.3076918888521534,2.082496124789151
2020-08-26,1.0,0.8259552433381747,1.3087034156358008,2.082496124789151
2020-08-27,1.0,0.822773929714643,1.3096594102274226,2.0844565625646307
2020-08-28,1.0,0.8259812734278924,1.308452928542153,2.0887310278387967
2020-08-31,1.0,0.8259552433381747,1.3095985123732543,2.0902051441643175
2020-09-01,1.0,0.8279859057389173,1.3103780511527185,2.0911656414621316
2020-09-02,1.0,0.8280038941099583,1.3100525210234042,2.0979246796232283
2020-09-03,1.0,0.8280299191935749,1.3100188403047364,2.0828617300625973
2020-09-04,1.0,0.8271567619462089,1.3100519222409401,2.0882030064811907
2020-09-08,1.0,0.8260846693050933,1.3108918131235825,2.0882030064811907
2020-09-09,1.0,0.8258163153727065,1.3116652466659318,2.0882030064811907
2020-09-10,1.0,0.825454805256822,1.3122721939062618,2.0887146692022607
2020-09-11,1.0,0.8243222866875515,1.3114488170528944,2.08822386058309
2020-09-14,1.0,0.8261108429846747,1.312532980725286,2.089552572472434
2020-09-15,1.0,0.8261108429846747,1.3139078326633098,2.089552572472434
2020-09-16,1.0,0.8252469164338903,1.314406482561266,2.0907036796570218
2020-09-17,1.0,0.8254794562474622,1.3136385948109552,2.0897445411088444
2020-09-18,1.0,0.8254794562474622,1.3140759576849133,2.0897445411088444
2020-09-21,1.0,0.8276487829782352,1.3137678884605823,2.08822386058309
2020-09-22,1.0,0.8275459537457384,1.314823999156928,2.0897445411088444
2020-09-23,1.0,0.8258980799738477,1.3144955518860897,2.098294601076493
2020-09-24,1.0,0.8258980799738477,1.314823999156928,2.09359835537138
2020-09-25,1.0,0.8253343520272203,1.314175985602939,2.098294601076493
2020-09-28,1.0,0.82466128311005,1.3131618205095084,2.098294601076493
2020-09-29,1.0,0.82466128311005,1.3145043405090224,2.093590531554687
2020-09-30,1.0,0.8234696533841771,1.3145695897624297,2.093648412176785
2020-10-01,1.0,0.82466128311005,1.3148035723337494,2.0905965290385264
2020-10-02,1.0,0.8196542309609068,1.3165333439505833,2.0905965290385264
2020-10-05,1.0,0.821485283681962,1.3184063304480245,2.0905965290385264
2020-10-06,1.0,0.8178607575660926,1.3182683217984341,2.0965108575827327
2020-10-07,1.0,0.8178482270927763,1.3183648498954526,2.0965108575827327
2020-10-08,1.0,0.8190661466007618,1.3179070457258288,2.1024205216034866
2020-10-09,1.0,0.8190661466007618,1.3182184777567527,2.102431438970786
2020-10-12,1.0,0.8190832324023849,1.3201885306820162,2.105536566825447
2020-10-13,1.0,0.8190832324023849,1.3200957739985464,2.107234990878449
2020-10-14,1.0,0.8190832324023849,1.3186442053475953,2.107432490319527
2020-10-15,1.0,0.8185166986313784,1.3214568526446526,2.112332564278777
2020-10-16,1.0,0.8185166986313784,1.3228101676238768,2.1195290085543563
2020-10-19,1.0,0.8185166986313784,1.3211117939284378,2.1170036108625987
2020-10-20,1.0,0.8177116385549897,1.3188493013950708,2.123535153209455
2020-10-21,1.0,0.8186770685513803,1.3179056314243223,2.1229304321633693
2020-10-22,1.0,0.8190873444516158,1.3190993083753795,2.115440476998917
2020-10-23,1.0,0.8217301669826721,1.3185274326868994,2.121703510704792
2020-10-26,1.0,0.8203640096118328,1.319651282377813,2.121703510704792
2020-10-27,1.0,0.8190873444516158,1.319651282377813,2.110997162259631
2020-10-28,1.0,0.8190751304515699,1.3195836086855066,2.110997162259631
2020-10-29,1.0,0.8162083291221652,1.3199981161412615,2.110997162259631
2020-10-30,1.0,0.8162083291221652,1.3201857199831242,2.110997162259631
2020-11-02,1.0,0.8149134403735278,1.3207750594625196,2.110997162259631
2020-11-03,1.0,0.8149134403735278,1.3205562822041692,2.110997162259631
2020-11-04,1.0,0.8156328191726664,1.31985475795124,2.109827447202489
2020-11-05,1.0,0.8160039933081638,1.319609024058893,2.109827447202489
2020-11-06,1.0,0.8160039933081638,1.3194790812315387,2.11288364848843
2020-11-09,1.0,0.8160039933081638,1.3194790812315387,2.110997162259631
2020-11-10,1.0,0.8160039933081638,1.3185689788130948,2.1129374874837463
2020-11-11,1.0,0.817391971897135,1.3210228794225696,2.116148665927119
2020-11-12,1.0,0.825763195036536,1.321980525331493,2.116148665927119
2020-11-13,1.0,0.825763195036536,1.3210228794225696,2.116148665927119
2020-11-16,1.0,0.825763195036536,1.3219523428397968,2.114396403036591
2020-11-17,1.0,0.825763195036536,1.3193235517461224,2.112941630802988
2020-11-18,1.0,0.8237523373039284,1.3190218364908688,2.110128916787319
2020-11-19,1.0,0.8223941110107479,1.3189836617964512,2.109449120256229
2020-11-20,1.0,0.8254760629945077,1.3211678001831628,2.110128916787319
2020-11-23,1.0,0.822425869932411,1.3206676295331496,2.110128916787319
2020-11-24,1.0,0.8222797706093369,1.3205476239939773,2.112940312087094
2020-11-25,1.0,0.8223941110107479,1.3191284437261053,2.1129534514758563
2020-11-27,1.0,0.8223941110107479,1.3206208747797659,2.1141635314735123
2020-11-30,1.0,0.8223440205326069,1.3206208747797659,2.122211918845983
2020-12-01,1.0,0.8190318420880514,1.3208601759378684,2.1287066655243674
2020-12-02,1.0,0.8223440205326069,1.3206926376144308,2.129792332485581
2020-12-03,1.0,0.8223440205326069,1.3208273223826539,2.1243032927210477
2020-12-04,1.0,0.8254902745012126,1.3209408727777316,2.1267032344369743
2020-12-07,1.0,0.8254902745012126,1.3224069929140367,2.1274871724542592
2020-12-08,1.0,0.825302892426619,1.323181615774154,2.1234995519601565
2020-12-09,1.0,0.8254902745012126,1.3230851407102178,2.1277066706671808
2020-12-10,1.0,0.8255198416624296,1.323181615774154,2.1277066706671808
2020-12-11,1.0,0.8255198416624296,1.324475515112451,2.123825299721485
2020-12-14,1.0,0.8235819210250382,1.3259917056655464,2.127540130716415
2020-12-15,1.0,0.8248417092830275,1.325849961657601,2.127540130716415
2020-12-16,1.0,0.8234914283692834,1.3251421732429556,2.1401040669040894
2020-12-17,1.0,0.8255198416624296,1.325234359727086,2.127278732403358
2020-12-18,1.0,0.8255198416624296,1.3247862974065214,2.127278732403358
2020-12-21,1.0,0.8235170261852086,1.3258355709113205,2.1243725734068857
2020-12-22,1.0,0.8246255504660785,1.3251760875063314,2.1289645555727064
2020-12-23,1.0,0.823530496158073,1.3261869716424295,2.1289645555727064
2020-12-24,1.0,0.8262243994521318,1.3258355709113205,2.135347003962164
2020-12-28,1.0,0.8235757667709966,1.3274863563556139,2.135347003962164
2020-12-29,1.0,0.8251135090193574,1.3263982214555967,2.136319560359263
2020-12-30,1.0,0.8221355216728093,1.3258167942390626,2.1249804153273177
2020-12-31,1.0,0.8221355216728093,1.3257136019512772,2.1262018673768313
2014-01-02,2.0,0.9799999999999999,1.0,1.0352909740851637
2014-01-03,2.0,0.976147429420455,1.0,1.0484731264705018
2014-01-06,2.0,0.9604000000000003,1.0,1.0674145223926599
2014-01-07,2.0,0.9603999999999996,1.0,1.0723984115357494
2014-01-08,2.0,0.9603999999999973,1.0,1.076123496135206
2014-01-09,2.0,0.9550752428902565,1.0,1.0767793702977941
2014-01-10,2.0,0.9525510744963609,1.0,1.0844019118008288
2014-01-13,2.0,0.9413764680126452,1.0,1.0892545651008392
2014-01-14,2.0,0.9411920000000004,1.0,1.0960374054951314
2014-01-15,2.0,0.9411920000000004,1.0,1.0977194349781731
2014-01-16,2.0,0.9411919999999973,1.0,1.1030675794801215
2014-01-17,2.0,0.9385790292244567,1.0,1.1079975501962231
2014-01-21,2.0,0.9352271342315431,1.0,1.1125608258071409
2014-01-22,2.0,0.9309753778677051,1.0,1.1164152492923234
2014-01-23,2.0,0.9288268316404433,1.0,1.1206008844420428
2014-01-24,2.0,0.9259104305285467,1.0,1.1219412612739035
2014-01-27,2.0,0.9254895568534576,1.0,1.125374407447329
2014-01-28,2.0,0.922856998424598,1.0,1.130143917420051
2014-01-29,2.0,0.9223681599999999,1.0,1.1306156180558564
2014-01-30,2.0,0.9180343647462665,1.0,1.1336115064206906
2014-01-31,2.0,0.9172628240638931,1.0,1.135335478653387
2014-02-03,2.0,0.9169600272675328,1.0,1.1382289650064028
2014-02-04,2.0,0.9130106982373045,1.0,1.1473640715466928
2014-02-05,2.0,0.9097666316064819,1.0000736324982578,1.1497931969271085
2014-02-06,2.0,0.9060808532765292,1.0003775870629017,1.1500458035385597
2014-02-07,2.0,0.9043766832646281,1.0027828036591147,1.1528701010524336
2014-02-10,2.0,0.904376683264628,1.00340287390327,1.1498997723344402
2014-02-11,2.0,0.9010664438185396,1.0033485600104364,1.152517242834787
2014-02-12,2.0,0.9002143309213232,1.0048217680069045,1.1546204049850468
2014-02-13,2.0,0.8982827037252347,1.0048570739892466,1.1585304930819487
2014-02-14,2.0,0.9001457790147193,1.0047758959646267,1.163743321889054
2014-02-18,2.0,0.8982827037252347,1.0045988387784248,1.1685410170474337
2014-02-19,2.0,0.9003804200482595,1.0050266583411451,1.1750896564823285
2014-02-20,2.0,0.898664913830107,1.0050266583411451,1.179934500910976
2014-02-21,2.0,0.8950746700222194,1.0050890935799703,1.1835254615794797
2014-02-24,2.0,0.8927130020710036,1.005404674886261,1.187008899213475
2014-02-25,2.0,0.8915911190588222,1.006376738842829,1.1921127794053399
2014-02-26,2.0,0.8905689507169481,1.0069028895878471,1.1990891746738175
2014-02-27,2.0,0.8880975254503883,1.0076014907712487,1.1990891746738175
2014-02-28,2.0,0.8871549498822062,1.0077072958270599,1.1990891746738175
2014-03-03,2.0,0.8869660808177864,1.0077072958270599,1.2001261236542133
2014-03-04,2.0,0.8853418041518517,1.008464577730563,1.2014121676475453
2014-03-05,2.0,0.8854203088185026,1.008464577730563,1.20571974154915
2014-03-06,2.0,0.8835199091912317,1.0096362887437578,1.20571974154915
2014-03-07,2.0,0.8786372172460696,1.009924048085952,1.2093507970246955
2014-03-10,2.0,0.8752862415193514,1.0107735934980515,1.2087306066896157
2014-03-11,2.0,0.8717937824627973,1.0109666366630576,1.2126880022457622
2014-03-12,2.0,0.8711435560183255,1.0115276334492542,1.2129234334839682
2014-03-13,2.0,0.8688956492823756,1.0118952571263233,1.2223081549199084
2014-03-14,2.0,0.8688595875212516,1.012529516571074,1.2245460466229587
2014-03-17,2.0,0.8673508010673767,1.012529516571074,1.22702453666227
2014-03-18,2.0,0.8673508010673767,1.0126909254391736,1.2265683950034976
2014-03-19,2.0,0.8670972413973471,1.012476031382819,1.2358199485996153
2014-03-20,2.0,0.865127775972761,1.012476031382819,1.2323508178310398
2014-03-21,2.0,0.8647089724097581,1.0122146608254279,1.2323508178310398
2014-03-24,2.0,0.8646417752096885,1.0118846762053295,1.237182537061399
2014-03-25,2.0,0.8581614201194993,1.0115738156529377,1.2372140953707742
2014-03-26,2.0,0.8603781110549645,1.0114875472665608,1.2372140953707742
2014-03-27,2.0,0.8544834992817955,1.0118884858966688,1.2401680036744742
2014-03-28,2.0,0.8581259039685881,1.0125119624956653,1.2401680036744742
2014-03-31,2.0,0.8520133933851737,1.0132737869126913,1.2450782807269756
2014-04-01,2.0,0.8576095726559105,1.013860462054387,1.2480734283950372
2014-04-02,2.0,0.852023613866871,1.01436960265404,1.2480734283950372
2014-04-03,2.0,0.8516959391925725,1.0162435937523961,1.2460420168359334
2014-04-04,2.0,0.8519712533257098,1.0150407650615767,1.250089177592461
2014-04-07,2.0,0.8525594823664161,1.0164147336031712,1.2501051898175235
2014-04-08,2.0,0.8525594823664161,1.0164976596663982,1.2515419584606697
2014-04-09,2.0,0.8533439239917348,1.0164621713066335,1.2535686808174389
2014-04-10,2.0,0.8533213668127253,1.0183634435755644,1.2587332726807594
2014-04-11,2.0,0.8487691273513225,1.0170614209131656,1.253214709325143
2014-04-14,2.0,0.8476536053923943,1.016795940535727,1.2607745129020733
2014-04-15,2.0,0.8489836755580024,1.0171014909827076,1.2607745129020733
2014-04-16,2.0,0.8454631117361563,1.0183303998222826,1.262256774618957
2014-04-17,2.0,0.8452980731255573,1.0182108326618027,1.2666469067184754
2014-04-21,2.0,0.8438564317654601,1.0174038014712088,1.2725902670455842
2014-04-22,2.0,0.8424486826160719,1.0183293087332381,1.2756152021677556
2014-04-23,2.0,0.842445522856007,1.0185542597597852,1.2687447178436588
2014-04-24,2.0,0.8412886341651882,1.0184768793760126,1.2699332703228627
2014-04-25,2.0,0.838187239754886,1.0186944702241583,1.2708622873685638
2014-04-28,2.0,0.838187239754886,1.019602551975216,1.2767646079604085
2014-04-29,2.0,0.8352640253967556,1.0204842072124658,1.2823148711854933
2014-04-30,2.0,0.8344457511872834,1.0208540372737454,1.2823148711854933
2014-05-01,2.0,0.8327697105570805,1.021677407166099,1.2823410575016811
2014-05-02,2.0,0.8344905711035829,1.0222795009654906,1.2802837397066777
2014-05-05,2.0,0.8341098545945399,1.0234357893260784,1.2835010595532867
2014-05-06,2.0,0.82962349438128,1.0227697923812564,1.291529144355976
2014-05-07,2.0,0.8278782427713314,1.022193799119135,1.2906797069667963
2014-05-08,2.0,0.8278710073937446,1.0234357893260784,1.2906546832871018
2014-05-09,2.0,0.8278710073937446,1.0239579259746234,1.2906546832871018
2014-05-12,2.0,0.8252187692442114,1.0237291573589915,1.296054201408318
2014-05-13,2.0,0.8224543430734668,1.0239574055407838,1.3008278765606738
2014-05-14,2.0,0.8224543430734668,1.024185027317375,1.3030868633706454
2014-05-15,2.0,0.8209051278984347,1.0245870749914148,1.3045205361960044
2014-05-16,2.0,0.8224796748932883,1.0257869106158717,1.3110991051026797
2014-05-19,2.0,0.8227911286743599,1.0259552803550667,1.312060168568365
2014-05-20,2.0,0.821679819579536,1.0265876240945089,1.3015720946097162
2014-05-21,2.0,0.8211067789086642,1.0269169065445647,1.3042815729125314
2014-05-22,2.0,0.8224796748932883,1.027559104551456,1.30554291163717
2014-05-23,2.0,0.8224796748932883,1.0268296545828561,1.3087534617137682
2014-05-27,2.0,0.8227847149751265,1.0285060176516256,1.3126747828026446
2014-05-28,2.0,0.8229339760431716,1.0283681626860774,1.3082375066921466
2014-05-29,2.0,0.8231810281041018,1.028530581931734,1.3082375066921466
2014-05-30,2.0,0.8239929061032676,1.028141266895625,1.3087175813111174
2014-06-02,2.0,0.8218247065290236,1.0271020979555625,1.3134626778896041
2014-06-03,2.0,0.8190855291448341,1.0274475763603153,1.310109087736381
2014-06-04,2.0,0.8190896221245881,1.0270647705147704,1.3112737298087342
2014-06-05,2.0,0.8188348861185544,1.0278350659894213,1.313548328989208
2014-06-06,2.0,0.8198627940513261,1.0282271927176398,1.3176348828484503
2014-06-09,2.0,0.8182633019531281,1.0306062883773217,1.3203003605720158
2014-06-10,2.0,0.8167117600144461,1.030543448231095,1.3232547104728258
2014-06-11,2.0,0.8167733617523033,1.0286797186017735,1.3232547104728258
2014-06-12,2.0,0.8170540590008634,1.0315936628719458,1.3260952353752264
2014-06-13,2.0,0.816758033106512,1.031524921453053,1.3250087433575526
2014-06-16,2.0,0.816764700067784,1.0310939716764116,1.3280726316698683
2014-06-17,2.0,0.8159695770807274,1.0301255170372023,1.3327474315153114
2014-06-18,2.0,0.8186924551933887,1.0305066648875216,1.3369370440787847
2014-06-19,2.0,0.8190854241951584,1.0314766854570214,1.3426361575624994
2014-06-20,2.0,0.8190410958796834,1.0334465345162798,1.344681448617909
2014-06-23,2.0,0.8184830105068884,1.034597531664824,1.3511384545277487
2014-06-24,2.0,0.8167663665403663,1.0341908189536695,1.3534432739432154
2014-06-25,2.0,0.8142292784896751,1.0348725860488526,1.3534432739432154
2014-06-26,2.0,0.8088511697746689,1.0359952471980107,1.3543783237624396
2014-06-27,2.0,0.8113491115068391,1.0362456465470982,1.3534432739432154
2014-06-30,2.0,0.8070905278309091,1.0377034314989912,1.3543588177439596
2014-07-01,2.0,0.8059720525041745,1.037928527087519,1.353470224328578
2014-07-02,2.0,0.8060355288268579,1.03665181537749,1.3554293887915947
2014-07-03,2.0,0.805947246873043,1.0374622100366033,1.3606638397212591
2014-07-07,2.0,0.8034104862340656,1.0374622100366033,1.362692970120863
2014-07-08,2.0,0.8034281759701345,1.0392227005835595,1.362692970120863
2014-07-09,2.0,0.8049338215276569,1.0387467981084022,1.3816995261797782
2014-07-10,2.0,0.8049338215276569,1.037928527087519,1.3745515810069993
2014-07-11,2.0,0.8049154516219679,1.0386192188940793,1.3790727639224525
2014-07-14,2.0,0.8056281738499698,1.0388213186611803,1.373748217535615
2014-07-15,2.0,0.8044237601051498,1.0395933756618954,1.3717120097550175
2014-07-16,2.0,0.8042154762440441,1.0403740268202148,1.3729558361306138
2014-07-17,2.0,0.8027944745719718,1.0407506358130196,1.3725648723974126
2014-07-18,2.0,0.8027944745719718,1.04215624149602,1.37659027047557
2014-07-21,2.0,0.8027944745719718,1.0423593965356286,1.3749643656154296
2014-07-22,2.0,0.8056132724171554,1.042091391470644,1.374995956513924
2014-07-23,2.0,0.8056132724171554,1.0419986691359082,1.3814494829382091
2014-07-24,2.0,0.8043186243591246,1.0422525851776683,1.3785967745393786
2014-07-25,2.0,0.8038606076514125,1.042091391470644,1.3785967745393786
2014-07-28,2.0,0.802499833120439,1.0430981637449273,1.3855274953101457
2014-07-29,2.0,0.8024671777773889,1.0433067544016499,1.391391252954924
2014-07-30,2.0,0.7990968483397035,1.0423848713451807,1.3957466514828485
2014-07-31,2.0,0.8038606076514125,1.04318326594053,1.391369910660617
2014-08-01,2.0,0.8040001224417838,1.0436084634651943,1.3948458423898407
2014-08-04,2.0,0.7993333650616685,1.043359271138542,1.3936758820871433
2014-08-05,2.0,0.7991205553038117,1.0435155086235062,1.3984740937363334
2014-08-06,2.0,0.7991205553038117,1.0436214710994653,1.3984740937363334
2014-08-07,2.0,0.799344555780798,1.043758767259164,1.3984740937363334
2014-08-08,2.0,0.799344555780798,1.0448700188481368,1.4007456652592418
2014-08-11,2.0,0.7977130541414058,1.0470488979819534,1.403813362757452
2014-08-12,2.0,0.7946684954575911,1.0484546904815137,1.4059752987674972
2014-08-13,2.0,0.7943058781039672,1.0485774546889135,1.406971857722783
2014-08-14,2.0,0.794309661293273,1.0488054300716987,1.414224117511784
2014-08-15,2.0,0.7956281016873034,1.047673888063788,1.4153005908635459
2014-08-18,2.0,0.7948108609631839,1.0490769596698413,1.4165931625643207
2014-08-19,2.0,0.7930468715946318,1.0492641110217362,1.4165931625643207
2014-08-20,2.0,0.792141621781711,1.0493711511628159,1.4200815210024542
2014-08-21,2.0,0.7918410559627793,1.0494412573915395,1.4200815210024542
2014-08-22,2.0,0.7918410559627793,1.0493711511628159,1.4258367101934328
2014-08-25,2.0,0.7915510075056971,1.0509753802806425,1.434499879357559
2014-08-26,2.0,0.7902849544443306,1.0491739778230347,1.4344321986394721
2014-08-27,2.0,0.789707996915929,1.0499732905945942,1.4382076581219143
2014-08-28,2.0,0.7902073140285598,1.0494040569429492,1.4449422773368545
2014-08-29,2.0,0.7859824297792702,1.0492862389542283,1.4492833991433443
2014-09-02,2.0,0.789640170940952,1.0493434135851838,1.4459561741303144
2014-09-03,2.0,0.7863028442324277,1.0508601582597201,1.4418376899844192
2014-09-04,2.0,0.7859947336490902,1.051419169136731,1.4418376899844192
2014-09-05,2.0,0.7854717783264333,1.0518824070265258,1.4418376899844192
2014-09-08,2.0,0.7863028442324277,1.051548509587307,1.4359225112686302
2014-09-09,2.0,0.786603001782542,1.0536323456750618,1.4359225112686302
2014-09-10,2.0,0.7859358381472411,1.0539306486305973,1.4341940004816964
2014-09-11,2.0,0.7861907575839672,1.0535429419168043,1.4444999581628384
2014-09-12,2.0,0.7863028442324277,1.0539306486305973,1.4444352311108266
2014-09-15,2.0,0.7854810645228906,1.054127639305079,1.4503611427635001
2014-09-16,2.0,0.7851503930068984,1.0550938978191615,1.4578241154671232
2014-09-17,2.0,0.7851503930068984,1.0550938978191615,1.4564881012610658
2014-09-18,2.0,0.7851503930068984,1.0551676923274984,1.4586889309740207
2014-09-19,2.0,0.7850075574639961,1.0540775849762034,1.463523250685981
2014-09-22,2.0,0.7848932290967634,1.0548208498537381,1.46345752304258
2014-09-23,2.0,0.7859358381472411,1.0536152175759574,1.463523250685981
2014-09-24,2.0,0.7876227607198879,1.0528617758376817,1.4661380988681398
2014-09-25,2.0,0.7876227607198879,1.052223536967871,1.4665616552090486
2014-09-26,2.0,0.7853945951747437,1.052223536967871,1.468603804533696
2014-09-29,2.0,0.7846818002812357,1.0517537332148292,1.4694573935008577
2014-09-30,2.0,0.7846818002812357,1.0525665406353308,1.47014678290684
2014-10-01,2.0,0.7846818002812357,1.0537842359284242,1.4712281962454796
2014-10-02,2.0,0.7839017970113342,1.0542419657680009,1.475766574526377
2014-10-03,2.0,0.7837370845901858,1.0541303159949416,1.4757754902276041
2014-10-06,2.0,0.7837370845901858,1.055228866906546,1.469470391604349
2014-10-07,2.0,0.7822512883288479,1.0557140073559665,1.469470391604349
2014-10-08,2.0,0.7816332804474081,1.056183892580041,1.47014678290684
2014-10-09,2.0,0.7809953386396201,1.0572446703950473,1.47014678290684
2014-10-10,2.0,0.7816448403214195,1.0594515397118354,1.47113219407317
2014-10-13,2.0,0.7805392745351676,1.0585575010639265,1.47113219407317
2014-10-14,2.0,0.7822792056851102,1.059498482866125,1.4699559817264816
2014-10-15,2.0,0.7816448403214195,1.0613884103775673,1.4759121534164301
2014-10-16,2.0,0.7816448403214195,1.0612664728427732,1.4791592421210504
2014-10-17,2.0,0.7804131721965287,1.0612664728427732,1.4791592421210504
2014-10-20,2.0,0.7780166597708392,1.0617613655118616,1.4792433122876325
2014-10-21,2.0,0.7753603914651611,1.0622941637401384,1.4792800404101174
2014-10-22,2.0,0.7736755434019732,1.0626189227559026,1.4830014027998752
2014-10-23,2.0,0.7752609157878341,1.0619458431880044,1.4866314924340598
2014-10-24,2.0,0.7780617123094349,1.0619458431880044,1.4866314924340598
2014-10-27,2.0,0.7780676558497772,1.0627877145529911,1.4966354175472238
2014-10-28,2.0,0.7753631681670154,1.0626578623994951,1.4913199944384405
2014-10-29,2.0,0.780256154112166,1.0619786052854847,1.4913416422971788
2014-10-30,2.0,0.7793497349039898,1.0618019883475638,1.4913416422971788
2014-10-31,2.0,0.7774211617617228,1.063420917293167,1.4913416422971788
2014-11-03,2.0,0.7740090998702599,1.0646039248781916,1.4952250439927453
2014-11-04,2.0,0.7774211617617228,1.0652156537175903,1.499379067321039
2014-11-05,2.0,0.7774211617617228,1.0660897502785627,1.4985191263262283
2014-11-06,2.0,0.7774211617617228,1.0660897502785627,1.499707938751313
2014-11-07,2.0,0.7774211617617228,1.0642932418790263,1.499707938751313
2014-11-10,2.0,0.7740090998702599,1.0648456573613598,1.5019222079069847
2014-11-11,2.0,0.777386728444166,1.067802975085761,1.5039021722321972
2014-11-12,2.0,0.7791078480503267,1.067006475746297,1.5085949430568226
2014-11-13,2.0,0.777503472990344,1.0688979513117807,1.511303051959102
2014-11-14,2.0,0.7786107100077749,1.0686020357579333,1.517562595901191
2014-11-17,2.0,0.7726652237447211,1.070585848608434,1.5230495981108652
2014-11-18,2.0,0.770517329849079,1.0706801439591318,1.520876328689331
2014-11-19,2.0,0.7711103327706845,1.0716153030398043,1.520876328689331
2014-11-20,2.0,0.7711103327706845,1.072475443963449,1.523285255638988
2014-11-21,2.0,0.7684977897013049,1.0720658078295533,1.5204011219423241
2014-11-24,2.0,0.7667245542222584,1.0716952142280087,1.5160992701411515
2014-11-25,2.0,0.769357932977267,1.0706049231499155,1.5204011219423241
2014-11-26,2.0,0.7693808921138571,1.0702474903198658,1.5202752748966744
2014-11-28,2.0,0.7695761349041896,1.069956929738642,1.5208282270898332
2014-12-01,2.0,0.7693808921138571,1.0701577908678108,1.5208282270898332
2014-12-02,2.0,0.7693244300063525,1.0694342768220744,1.5213742922354514
2014-12-03,2.0,0.7661549149533636,1.0701770359508935,1.5226264443287165
2014-12-04,2.0,0.7661219173188436,1.07022133235935,1.5256014543599934
2014-12-05,2.0,0.7647729423571528,1.0720228269105254,1.5310419930196366
2014-12-08,2.0,0.7629281700188958,1.0725201269600912,1.5319127858988093
2014-12-09,2.0,0.7629281700188958,1.0721838364915488,1.5382438949134691
2014-12-10,2.0,0.760574831390025,1.0745853477885277,1.5312832034369563
2014-12-11,2.0,0.762081017303328,1.0734930894696735,1.5263214879431366
2014-12-12,2.0,0.7647729423571528,1.0740699220502494,1.5263214879431366
2014-12-15,2.0,0.7647729423571528,1.0738839716299846,1.5256086450147741
2014-12-16,2.0,0.7611741220108166,1.0727176821131457,1.5257355364698424
2014-12-17,2.0,0.7611741220108166,1.0725693970558416,1.5362399311516182
2014-12-18,2.0,0.7602910280042817,1.0727618747462255,1.5362670509668612
2014-12-19,2.0,0.7674553199060179,1.0747600210494752,1.5297720854158139
2014-12-22,2.0,0.7674553199060179,1.074876102568115,1.5309629915324434
2014-12-23,2.0,0.7674553199060179,1.0748123227420987,1.540463172957009
2014-12-24,2.0,0.7620707541156317,1.0749271358358101,1.540463172957009
2014-12-26,2.0,0.7648656217658202,1.0740445440293378,1.5396308394167075
2014-12-29,2.0,0.7649338023399127,1.0747854960402612,1.5424000699603724
2014-12-30,2.0,0.7616919387383527,1.0745284721815893,1.5484243463382128
2014-12-31,2.0,0.7616919387383527,1.0746076101483597,1.5512522888634956
2015-01-02,2.0,0.7616538698902747,1.0744459645148152,1.5538794522999237
2015-01-05,2.0,0.7616538698902747,1.0741514322345513,1.5648262716918697
2015-01-06,2.0,0.7580536465108422,1.0742792278175275,1.5617888911164874
2015-01-07,2.0,0.7618048643947997,1.074505027314689,1.5617888911164874
2015-01-08,2.0,0.7645303174919855,1.074410708848089,1.560702292082368
2015-01-09,2.0,0.7621096876698,1.0751240710949657,1.5648262716918697
2015-01-12,2.0,0.7567633674341703,1.0749731090747474,1.5656989857753356
2015-01-13,2.0,0.7571223076897426,1.0746810397006368,1.5656989857753356
2015-01-14,2.0,0.7618039153735252,1.0746810397006368,1.5734448226008673
2015-01-15,2.0,0.7618039153735252,1.075892370292433,1.5670915006345656
2015-01-16,2.0,0.7580402843760637,1.0770567107835889,1.575001101085537
2015-01-20,2.0,0.7618039153735252,1.0763810789032857,1.573469502499982
2015-01-21,2.0,0.7580631100381607,1.0787318981438554,1.572046608403285
2015-01-22,2.0,0.7581679775590285,1.077942486450891,1.5674640651335956
2015-01-23,2.0,0.763183862157391,1.078039140766892,1.5694886173907845
2015-01-26,2.0,0.7611968881287442,1.077798060122153,1.5722780067785547
2015-01-27,2.0,0.7598641439110002,1.0789977385607896,1.569482013571285
2015-01-28,2.0,0.7580181412129502,1.078549712266851,1.5717890594428048
2015-01-29,2.0,0.7609533579412843,1.0781240551911497,1.5674998577931398
2015-01-30,2.0,0.7621989736459871,1.077964495524277,1.572282621003826
2015-02-02,2.0,0.7620144004808423,1.0775888612435764,1.5741723179051488
2015-02-03,2.0,0.7580181412129502,1.07896099993541,1.5785871638318945
2015-02-04,2.0,0.7571057917454638,1.0786318699652846,1.5850041062245275
2015-02-05,2.0,0.7576208083913801,1.080453487683378,1.5830608297989666
2015-02-06,2.0,0.7562058140207034,1.0796844155790364,1.5956738538198283
2015-02-09,2.0,0.7590640527308837,1.0800304962568608,1.5992842603356177
2015-02-10,2.0,0.7561200671875006,1.0834585565116726,1.6003658247125043
2015-02-11,2.0,0.7532380815865553,1.0829617420996855,1.6069011781171614
2015-02-12,2.0,0.7532060508168174,1.0850226332192954,1.6069011781171614
2015-02-13,2.0,0.7513257787561888,1.0855154705734917,1.6069011781171614
2015-02-17,2.0,0.7513280466157322,1.0875938716392168,1.6196701014907469
2015-02-18,2.0,0.7513280466157322,1.0873137509817035,1.6069011781171614
2015-02-19,2.0,0.7542173411526851,1.0865890161453196,1.6040263861780757
2015-02-20,2.0,0.7513580615155724,1.0880431243125779,1.6246191785133495
2015-02-23,2.0,0.7498885145205212,1.0877221049201253,1.6061067712041783
2015-02-24,2.0,0.7498885145205212,1.0888186054116336,1.6099684263669494
2015-02-25,2.0,0.7478973941704352,1.0881461770433423,1.6280873609611415
2015-02-26,2.0,0.7478973941704352,1.0883951731247894,1.6281257660973252
2015-02-27,2.0,0.7478973941704352,1.0885806333814485,1.632026408509126
2015-03-02,2.0,0.7474799887328023,1.0874741751240942,1.632026408509126
2015-03-03,2.0,0.7495086539477609,1.088951284656786,1.6213712649106626
2015-03-04,2.0,0.7497527490307363,1.0896495080498838,1.6213712649106626
2015-03-05,2.0,0.7478973941704352,1.0900698769370138,1.6351484812194548
2015-03-06,2.0,0.7477203209120755,1.0923509654903576,1.6282813195290526
2015-03-09,2.0,0.7465631272354241,1.0927911342651373,1.6213828962813914
2015-03-10,2.0,0.7472552066964201,1.0906272995894897,1.6350751504526895
2015-03-11,2.0,0.7462799009052917,1.0918767335538888,1.6442377012273046
2015-03-12,2.0,0.746138991061437,1.0925451026059638,1.6438924350555932
2015-03-13,2.0,0.7462239993943586,1.0939363788302174,1.6438924350555932
2015-03-16,2.0,0.7462747346396,1.094753962993762,1.640704010040429
2015-03-17,2.0,0.7465631272354241,1.096330818304582,1.6412699695588733
2015-03-18,2.0,0.7462747346396,1.097106653116263,1.6354049715772867
2015-03-19,2.0,0.7462547621827356,1.0952821647117141,1.6432657007572244
2015-03-20,2.0,0.7493517047513598,1.09378866893733,1.644160337898351
2015-03-23,2.0,0.7496975812126622,1.0925451026059638,1.644294155703102
2015-03-24,2.0,0.7497063522223408,1.09601965940614,1.649600748215847
2015-03-25,2.0,0.7497996952521522,1.0940437333177417,1.649600748215847
2015-03-26,2.0,0.752160802946433,1.0952731302691812,1.6539222022749211
2015-03-27,2.0,0.7521985053085286,1.0961252966043409,1.6537862654755322
2015-03-30,2.0,0.7526694109818407,1.0958112742306942,1.6685936478927332
2015-03-31,2.0,0.7497198719426582,1.0963689560793748,1.671116845147391
2015-04-01,2.0,0.7471514190759796,1.0953281628694391,1.6685936478927332
2015-04-02,2.0,0.7474641296611461,1.095851675070051,1.6649259862827943
2015-04-06,2.0,0.7502763161834523,1.0963689560793748,1.6685936478927332
2015-04-07,2.0,0.7512912565360261,1.096172623921432,1.6753870124475791
2015-04-08,2.0,0.755289365611872,1.097525434056862,1.6834530782004151
2015-04-09,2.0,0.7512063385117164,1.0979339319011179,1.6830328639481031
2015-04-10,2.0,0.7490683070144247,1.098690179394139,1.6834362089464847
2015-04-13,2.0,0.7512517516532486,1.0979310413865369,1.6834530782004151
2015-04-14,2.0,0.7491017209722345,1.0977831575248524,1.6685856232563043
2015-04-15,2.0,0.7450248562810149,1.0972750775605706,1.6696587742558893
2015-04-16,2.0,0.7448763289236148,1.097407139288765,1.6712649858296804
2015-04-17,2.0,0.742714548185867,1.098465397452277,1.6769339738843094
2015-04-20,2.0,0.743387128022121,1.0981640796953749,1.678974547786334
2015-04-21,2.0,0.7391112803159585,1.0991437562702593,1.6910088554559939
2015-04-22,2.0,0.7391112803159585,1.102681240054698,1.698146561753184
2015-04-23,2.0,0.7391112803159585,1.1021960425198989,1.7018026434415348
2015-04-24,2.0,0.7373981139208751,1.103167514062514,1.7054571437596981
2015-04-27,2.0,0.739086458212356,1.103895166717803,1.7054078365720857
2015-04-28,2.0,0.7387019486905649,1.1048212738118761,1.70652003447026
2015-04-29,2.0,0.7363560565955617,1.104979549800479,1.7054571437596981
2015-04-30,2.0,0.7377783958501866,1.103895166717803,1.722613044915326
2015-05-01,2.0,0.743290125348651,1.1043195441945381,1.7239209013080712
2015-05-04,2.0,0.7389941482456831,1.1036765094819514,1.7228274438078828
2015-05-05,2.0,0.74326045720865,1.1045684035645844,1.7242242054157333
2015-05-06,2.0,0.7411256505296441,1.1058639589066743,1.713943385642758
2015-05-07,2.0,0.7362608978599825,1.1067194759946255,1.7138000224310785
2015-05-08,2.0,0.7376971079505111,1.108490059178298,1.7093905416697397
2015-05-11,2.0,0.7338435816766786,1.1095026247957511,1.7137870834098492
2015-05-12,2.0,0.734227799520267,1.110119323940172,1.7107265493633153
2015-05-13,2.0,0.734227799520267,1.1095026247957511,1.7107640829284252
2015-05-14,2.0,0.7349701404128347,1.1126334225422663,1.7137913121181483
2015-05-15,2.0,0.7376909948415271,1.1163111034885786,1.7139694063955622
2015-05-18,2.0,0.7376909948415271,1.1132607277963515,1.7137913121181483
2015-05-19,2.0,0.7384556912583196,1.1133063712368738,1.714160408354349
2015-05-20,2.0,0.7407527976981986,1.116391334875016,1.7288015978030722
2015-05-21,2.0,0.7406059590091244,1.1177167248584898,1.7247619227968485
2015-05-22,2.0,0.7410830523939705,1.1183810755162984,1.7288015978030722
2015-05-26,2.0,0.7377130396417345,1.1172717270325838,1.7316618740845942
2015-05-27,2.0,0.7379034079963236,1.117138955572898,1.7276643661546083
2015-05-28,2.0,0.7374638608945192,1.1174265746108603,1.7317266133143432
2015-05-29,2.0,0.7368039275380177,1.117429769127932,1.7188570637523892
2015-06-01,2.0,0.7323465889725442,1.1182182287679654,1.736238203340753
2015-06-02,2.0,0.7309367976598686,1.1187041684490087,1.73696912159926
2015-06-03,2.0,0.730934235834597,1.1210104038341986,1.741845527985984
2015-06-04,2.0,0.7290318938522955,1.1202908658930584,1.7417179236729305
2015-06-05,2.0,0.7291210258334293,1.120949129186342,1.7444395833801545
2015-06-08,2.0,0.7305646256924043,1.1203058357478248,1.7444395833801545
2015-06-09,2.0,0.7286349210272369,1.1213503608033024,1.749840543176545
2015-06-10,2.0,0.7271110450060218,1.1213765641848343,1.7443884256358826
2015-06-11,2.0,0.7271110450060218,1.1220669124303009,1.752146603892487
2015-06-12,2.0,0.7253011302167987,1.1224596724614901,1.745761886912962
2015-06-15,2.0,0.7236802630810906,1.123854325473226,1.7417187443061175
2015-06-16,2.0,0.7298205816213832,1.1253202757429688,1.7458271627642832
2015-06-17,2.0,0.7298205816213832,1.1271130497787918,1.7560922835917534
2015-06-18,2.0,0.7274865118615214,1.1259325757563885,1.7598206998594554
2015-06-19,2.0,0.7276817003894732,1.1271130497787918,1.7617778113056348
2015-06-22,2.0,0.7268787987975127,1.1275109818171256,1.7720912443760817
2015-06-23,2.0,0.7268787987975127,1.1288542667439874,1.7620018723529545
2015-06-24,2.0,0.7276710051479981,1.1288138311271112,1.7548731177367876
2015-06-25,2.0,0.7276710051479981,1.128683546826526,1.7619787669278766
2015-06-26,2.0,0.7282755107650857,1.1282043521580443,1.758213186949009
2015-06-29,2.0,0.7246087127175651,1.1282043521580443,1.7550682477164161
2015-06-30,2.0,0.7246087127175651,1.1272527113200637,1.7619787669278766
2015-07-01,2.0,0.7245171491637842,1.1273317581062576,1.7775878572573174
2015-07-02,2.0,0.7230548304524019,1.127207992724442,1.7790889481338872
2015-07-06,2.0,0.7246300817851737,1.127207992724442,1.7872438454647017
2015-07-07,2.0,0.721181001334679,1.127300657207888,1.7812296811212918
2015-07-08,2.0,0.7230388065320374,1.1276604410552662,1.7808377898144043
2015-07-09,2.0,0.7236684499667815,1.1285708231557448,1.7744186044911505
2015-07-10,2.0,0.7236684499667815,1.1283289693037195,1.7874498621259907
2015-07-13,2.0,0.7276100809511135,1.1283289693037195,1.7893959057211315
2015-07-14,2.0,0.7242244026534359,1.1287384500827766,1.781474065797746
2015-07-15,2.0,0.7242099963774963,1.1283289693037195,1.7874566278826847
2015-07-16,2.0,0.7217386534517191,1.1285708231557448,1.7811904955799984
2015-07-17,2.0,0.7216562449075077,1.1285708231557448,1.781521617988392
2015-07-20,2.0,0.7217280315077511,1.1288817872908057,1.787350141412477
2015-07-21,2.0,0.7143215161870244,1.1287958057280059,1.7811904955799984
2015-07-22,2.0,0.7143215161870244,1.1294212526656389,1.781508643394015
2015-07-23,2.0,0.7156162665009201,1.130691047696362,1.7759975859424442
2015-07-24,2.0,0.7156162665009201,1.1319476339204044,1.7843089968754808
2015-07-27,2.0,0.7157518969688439,1.1307029727411675,1.7827548548131629
2015-07-28,2.0,0.7141077617393787,1.1312663738230317,1.7827548548131629
2015-07-29,2.0,0.7141077617393787,1.1322911334385763,1.7827443719417952
2015-07-30,2.0,0.7157485063675986,1.1333124967577195,1.7972513659674567
2015-07-31,2.0,0.720840774423918,1.1322694703021026,1.804100326424251
2015-08-03,2.0,0.7200012246917363,1.1318495672172801,1.7972675766589328
2015-08-04,2.0,0.7228660593129572,1.13250841939945,1.7972675766589328
2015-08-05,2.0,0.7222772790295137,1.133351967864376,1.7898854123584595
2015-08-06,2.0,0.7226086786896738,1.1371346890621603,1.7992512480016614
2015-08-07,2.0,0.7226086786896738,1.1372283931104623,1.798433363160936
2015-08-10,2.0,0.7222772790295137,1.135050613331602,1.8057843837075231
2015-08-11,2.0,0.7204046657006313,1.1354498798305643,1.8051358052738313
2015-08-12,2.0,0.7204046657006313,1.134882849748662,1.806917044060463
2015-08-13,2.0,0.7204046657006313,1.1334133350873314,1.8051358052738313
2015-08-14,2.0,0.7223260339141153,1.1353811235898639,1.807219674612492
2015-08-17,2.0,0.720024068047312,1.1346237331420133,1.807219674612492
2015-08-18,2.0,0.7195283079084244,1.1358626522221833,1.808614088182099
2015-08-19,2.0,0.7200120965598423,1.1346237331420133,1.808614088182099
2015-08-20,2.0,0.7201940574378323,1.1330115048394214,1.8087089329415655
2015-08-21,2.0,0.7195283079084244,1.133191384532835,1.817541370926809
2015-08-24,2.0,0.7195283079084244,1.134098622710967,1.8102468417072834
2015-08-25,2.0,0.7204846268533535,1.1336079410691418,1.8117270925443103
2015-08-26,2.0,0.7204846268533535,1.132424780923408,1.817537368006746
2015-08-27,2.0,0.7205422282915884,1.1325454763945517,1.8193110221097823
2015-08-28,2.0,0.7195851426567851,1.1325454763945517,1.8088460061734952
2015-08-31,2.0,0.7214393979421558,1.131926498287337,1.8231907277307824
2015-09-01,2.0,0.7180549048554776,1.1329446358712094,1.8274451025685996
2015-09-02,2.0,0.7148250724044501,1.1346237331420133,1.8274451025685996
2015-09-03,2.0,0.7140268075537165,1.1346237331420133,1.8231907277307824
2015-09-04,2.0,0.7169671154408562,1.133668343885317,1.8167388942582765
2015-09-08,2.0,0.716638673249384,1.1339589590214516,1.8192858796780043
2015-09-09,2.0,0.716638673249384,1.1339589590214516,1.8183450642509986
2015-09-10,2.0,0.7206273119759902,1.136170110531694,1.8184417559703343
2015-09-11,2.0,0.7213750900716024,1.140194314715242,1.8244891553979938
2015-09-14,2.0,0.7213750900716024,1.1407571257528981,1.8282126237944856
2015-09-15,2.0,0.7181443555724992,1.1406428813026328,1.8358981790443205
2015-09-16,2.0,0.7170125361806124,1.1376435378781495,1.8431690288269396
2015-09-17,2.0,0.7170125361806124,1.136170110531694,1.8492226564417247
2015-09-18,2.0,0.7146605852003766,1.136014015981396,1.8541203948842857
2015-09-21,2.0,0.7173033514496948,1.1392649323709723,1.865338868259086
2015-09-22,2.0,0.7146839681354685,1.1372227253768368,1.8664890622093726
2015-09-23,2.0,0.7178837382950318,1.1390588693496222,1.8664890622093726
2015-09-24,2.0,0.71784714146241,1.1407423681227264,1.8745438277332502
2015-09-25,2.0,0.7210477093011041,1.143898555369487,1.8773024190200471
2015-09-28,2.0,0.721137625998364,1.145644600097604,1.8903323057077817
2015-09-29,2.0,0.72174147958099,1.1444220450532634,1.8862144271912733
2015-09-30,2.0,0.72174147958099,1.1444220450532634,1.8857243218997033
2015-10-01,2.0,0.72174147958099,1.1451802252375622,1.8857243218997033
2015-10-02,2.0,0.7210717827414793,1.1448221775176348,1.8838707754012243
2015-10-05,2.0,0.7208114881012181,1.1458894047655408,1.8843243466863702
2015-10-06,2.0,0.7222991427801112,1.1458894047655408,1.8929833681587933
2015-10-07,2.0,0.721087990598136,1.1471810688319914,1.8956975517751726
2015-10-08,2.0,0.721087990598136,1.149114683341978,1.8956975517751726
2015-10-09,2.0,0.7203270281890007,1.1496893706260165,1.8956975517751726
2015-10-12,2.0,0.7213737103230888,1.1487054239164758,1.9030686009415432
2015-10-13,2.0,0.7203247909080788,1.1496893706260165,1.9014531743677243
2015-10-14,2.0,0.7217406875957564,1.1494606465936639,1.9030686009415432
2015-10-15,2.0,0.7241837150473738,1.1498094894315882,1.9223485514509644
2015-10-16,2.0,0.7244574357234219,1.1500910313796875,1.906855838963383
2015-10-19,2.0,0.7234301677348329,1.1518813555089569,1.921350306471727
2015-10-20,2.0,0.7198011639332283,1.1510767031268783,1.9197443250705615
2015-10-21,2.0,0.7198011639332283,1.152242581935461,1.917615441206265
2015-10-22,2.0,0.7184245768195785,1.1553567749305378,1.9065705717363801
2015-10-23,2.0,0.7198657465176447,1.1537478015329343,1.9100209655982079
2015-10-26,2.0,0.7217082905623798,1.1555277763337224,1.9052765486433998
2015-10-27,2.0,0.7195453352848701,1.1568114021303129,1.9052765486433998
2015-10-28,2.0,0.7195453352848701,1.1562109104993934,1.9047479918889398
2015-10-29,2.0,0.7215809633048895,1.1555281547206,1.8937786729052046
2015-10-30,2.0,0.7230314032322412,1.1568167348188523,1.8943668944513257
2015-11-02,2.0,0.7230314032322412,1.1603429128809828,1.9005615509535698
2015-11-03,2.0,0.7230314032322412,1.1581766009772472,1.8959819209142101
2015-11-04,2.0,0.7230314032322412,1.160224292105895,1.8960548233132906
2015-11-05,2.0,0.7230314032322412,1.1598967187987532,1.9200262035779738
2015-11-06,2.0,0.7221707111315436,1.159003274808673,1.9245265340185886
2015-11-09,2.0,0.724262793076042,1.1594635549592716,1.9171096555789298
2015-11-10,2.0,0.7221707111315436,1.1598967187987532,1.9268869601484293
2015-11-11,2.0,0.7211230013555816,1.160224292105895,1.928808284411113
2015-11-12,2.0,0.7208312198414651,1.1602790059805477,1.930372105772009
2015-11-13,2.0,0.7186694608752272,1.1599815310465698,1.930372105772009
2015-11-16,2.0,0.7218325836683377,1.159023492540483,1.936213350216512
2015-11-17,2.0,0.7208139533111436,1.158013137826357,1.9440138757038978
2015-11-18,2.0,0.7210679517555976,1.1608751018091894,1.9462407410446931
2015-11-19,2.0,0.7186685026204679,1.1596308250466445,1.9433649365998273
2015-11-20,2.0,0.7198417180452048,1.1597234873522115,1.9440138757038978
2015-11-23,2.0,0.7198417180452048,1.1595865635301679,1.9495977441034287
2015-11-24,2.0,0.7186674826918026,1.1596878152649366,1.9542097898373736
2015-11-25,2.0,0.7181860393509919,1.160376382654924,1.9479357639910178
2015-11-27,2.0,0.7181860393509919,1.1604776276732611,1.9586855728812997
2015-11-30,2.0,0.7210679517555976,1.1597999900097533,1.9500628968505551
2015-12-01,2.0,0.7188960993591402,1.1603790915622607,1.9535595038098938
2015-12-02,2.0,0.7181661206746163,1.1606467452164442,1.9533878322934173
2015-12-03,2.0,0.7114004967139574,1.1597073277041865,1.9535595038098938
2015-12-04,2.0,0.7180264486345505,1.1615818157141962,1.957433089602109
2015-12-07,2.0,0.7204248643112859,1.1622843760332828,1.9659388006553944
2015-12-08,2.0,0.7210559255485145,1.1622843760332828,1.9698555623440888
2015-12-09,2.0,0.7210559255485145,1.1618682687986475,1.9698555623440888
2015-12-10,2.0,0.7181779534764046,1.1622289922659417,1.9698555623440888
2015-12-11,2.0,0.7143606327025013,1.1627268642564164,1.969839608122606
2015-12-14,2.0,0.7137065823508385,1.1627716307473834,1.9660815229581976
2015-12-15,2.0,0.7137065823508385,1.1613793481555037,1.9621946018609142
2015-12-16,2.0,0.7098257970384505,1.1627268642564164,1.962132979811886
2015-12-17,2.0,0.7098257970384505,1.1649018807767353,1.962132979811886
2015-12-18,2.0,0.7152590015543085,1.1649018807767353,1.9698555623440888
2015-12-21,2.0,0.717700190324341,1.1652115363178592,1.9770098624051022
2015-12-22,2.0,0.7194453210469467,1.1647085861538995,1.984104552309314
2015-12-23,2.0,0.7194453210469467,1.1637491046677648,2.0016810627460204
2015-12-24,2.0,0.7194453210469467,1.1657005224236354,2.003809962298959
2015-12-28,2.0,0.7177297768515414,1.168033613153617,2.010655389759132
2015-12-29,2.0,0.7177297768515414,1.1696857901737807,2.001790687853254
2015-12-30,2.0,0.7177297768515414,1.167778036565038,1.997537137412343
2015-12-31,2.0,0.7164128761151246,1.168033613153617,2.001708402443826
2016-01-04,2.0,0.7176392463530257,1.1723472882635892,2.004876210513386
2016-01-05,2.0,0.7135652060898583,1.1676387343388388,1.9997930797565044
2016-01-06,2.0,0.7115241296809222,1.1690787902626387,2.001661978459384
2016-01-07,2.0,0.7115241296809222,1.1720197721606092,2.0029508885031504
2016-01-08,2.0,0.7115241296809222,1.1724302689614294,2.0029508885031504
2016-01-11,2.0,0.707775010603659,1.1717130265865023,2.0029508885031504
2016-01-12,2.0,0.7106965357770008,1.172798473621771,2.0029508885031504
2016-01-13,2.0,0.7106965357770008,1.1725417395772733,2.004922552242158
2016-01-14,2.0,0.7115241296809222,1.1734017447111036,2.003526378008896
2016-01-15,2.0,0.7129160637694751,1.1746811897784408,2.002165369790407
2016-01-19,2.0,0.7142805553741962,1.1724513106732806,2.002165369790407
2016-01-20,2.0,0.7129160637694751,1.1725417395772733,2.000247997659898
2016-01-21,2.0,0.7077725730282801,1.1712408083607917,1.9910295677401935
2016-01-22,2.0,0.7067271333188296,1.1710144985351914,1.9991460812637094
2016-01-25,2.0,0.7044010802546308,1.1715996698881588,2.000302541869112
2016-01-26,2.0,0.7053168719885908,1.1706235917513772,1.9998605314357445
2016-01-27,2.0,0.7043319950801975,1.172256571116913,2.0045188439591644
2016-01-28,2.0,0.7053168719885908,1.1715996698881588,1.9998605314357445
2016-01-29,2.0,0.7043319950801975,1.1725738633776581,1.9998605314357445
2016-02-01,2.0,0.6991122673496374,1.1751676635644395,2.0043345381989925
2016-02-02,2.0,0.6991122673496374,1.1761991338619278,2.0158484037224107
2016-02-03,2.0,0.6994081441476555,1.1764797870243173,2.0128442539684253
2016-02-04,2.0,0.7043727624698014,1.178360198790319,2.007142808435213
2016-02-05,2.0,0.7052478797583046,1.1777424042684852,2.009538053530017
2016-02-08,2.0,0.7052595097883109,1.1788194084435717,2.0148427940881453
2016-02-09,2.0,0.7059829687817233,1.1801232877192587,2.0128923386848263
2016-02-10,2.0,0.7052595097883109,1.1813499032933006,2.0234047931999606
2016-02-11,2.0,0.7048790848883221,1.1813499032933006,2.022779193951645
2016-02-12,2.0,0.7055840284371062,1.182191651119466,2.0263426682673344
2016-02-16,2.0,0.7048790848883221,1.1823591212006939,2.02677910821977
2016-02-17,2.0,0.7055754073263996,1.1807281302206296,2.02677910821977
2016-02-18,2.0,0.7055754073263996,1.1804350637135244,2.0263426682673344
2016-02-19,2.0,0.7048790848883221,1.180627335417547,2.018587212914659
2016-02-22,2.0,0.7034626431102174,1.18062671232622,2.0263426682673344
2016-02-23,2.0,0.7048583525485325,1.1788194084435717,2.0263426682673344
2016-02-24,2.0,0.7022468097730878,1.1807116773332265,2.0272513739972418
2016-02-25,2.0,0.6991490327149196,1.180796275647432,2.02677910821977
2016-02-26,2.0,0.6991490327149196,1.1830896992989488,2.0272513739972418
2016-02-29,2.0,0.6994745348809603,1.1830595791295397,2.027625266766011
2016-03-01,2.0,0.7031928779958775,1.1838588424606131,2.02677910821977
2016-03-02,2.0,0.7048734444637592,1.18671923490998,2.02677910821977
2016-03-03,2.0,0.7049919635462683,1.1886745950277833,2.0263426682673344
2016-03-04,2.0,0.7031949163478874,1.189410332289422,2.0263426682673344
2016-03-07,2.0,0.7032054172197424,1.1888394001599174,2.026361174698849
2016-03-08,2.0,0.6978783326424487,1.1915842941259358,2.026361174698849
2016-03-09,2.0,0.695621073872088,1.1930483081477459,2.0192514696573536
2016-03-10,2.0,0.695621073872088,1.1917741594239386,2.019187975630749
2016-03-11,2.0,0.6956124094472292,1.1943017466600612,2.01952856504476
2016-03-14,2.0,0.6950587237205444,1.1956033694921693,2.0215327937320957
2016-03-15,2.0,0.699817537375288,1.1921110928665293,2.047179707935378
2016-03-16,2.0,0.7032114347772479,1.1935840477844195,2.0357403620687764
2016-03-17,2.0,0.7004173882224216,1.1933661982572654,2.0364233428134706
2016-03-18,2.0,0.6997563868586502,1.1914152755602887,2.037369921871851
2016-03-21,2.0,0.6992475200905572,1.189746682428165,2.0369534831760494
2016-03-22,2.0,0.6992185233718942,1.19001823502384,2.037013474964041
2016-03-23,2.0,0.6985543738723482,1.1922629694674827,2.039832100020876
2016-03-24,2.0,0.6985543738723482,1.1923083914256845,2.039832100020876
2016-03-28,2.0,0.6985543738723482,1.1950715942105852,2.037013474964041
2016-03-29,2.0,0.6956096248937207,1.1952401179221068,2.036996150053749
2016-03-30,2.0,0.6956096248937207,1.1945551130007015,2.036996150053749
2016-03-31,2.0,0.6961037387846323,1.1953777103658358,2.036996150053749
2016-04-01,2.0,0.6961037387846323,1.194502283348199,2.039786266950853
2016-04-04,2.0,0.6956096248937207,1.191297328973819,2.0399137139902455
2016-04-05,2.0,0.6967103594519768,1.1905264748205155,2.0481966085061662
2016-04-06,2.0,0.6973249260012024,1.1915247695618678,2.050621845872396
2016-04-07,2.0,0.6949335646252449,1.1934136715498056,2.050621845872396
2016-04-08,2.0,0.6949335646252449,1.1941948416081023,2.0422673789669346
2016-04-11,2.0,0.6950004498219401,1.1934136715498056,2.049929720110726
2016-04-12,2.0,0.6949039240834068,1.1979525766337737,2.04982915554072
2016-04-13,2.0,0.6956141620725533,1.1976289269145117,2.04792297263665
2016-04-14,2.0,0.6949039240834068,1.1945447791146069,2.0397633822380863
2016-04-15,2.0,0.6902463956230065,1.1963046018425363,2.0397633822380863
2016-04-18,2.0,0.6913346612741774,1.2002015215590496,2.0420111587379473
2016-04-19,2.0,0.6911128844306065,1.1989893689045201,2.041871262948984
2016-04-20,2.0,0.6948326986002638,1.1999009233756783,2.0423166641927173
2016-04-21,2.0,0.6969197475020489,1.1994392045369626,2.0467758145727184
2016-04-22,2.0,0.6969451351986169,1.197001702927424,2.050202919854337
2016-04-25,2.0,0.6969451351986169,1.200570768609496,2.050202919854337
2016-04-26,2.0,0.6958031487746428,1.198196780342974,2.0635904471625657
2016-04-27,2.0,0.6886532775656313,1.1966913025389871,2.0635904471625657
2016-04-28,2.0,0.6936203794568634,1.1964914605756694,2.0635904471625657
2016-04-29,2.0,0.6949188179200566,1.1962014306951674,2.058893666177873
2016-05-02,2.0,0.6984608657815329,1.19608571941029,2.050982947821096
2016-05-03,2.0,0.6984305579920478,1.19608571941029,2.0467647484605345
2016-05-04,2.0,0.6985501060608015,1.19608571941029,2.0467593313772485
2016-05-05,2.0,0.6985501060608015,1.1957174453842712,2.0587997817893346
2016-05-06,2.0,0.7001320628286245,1.1955620946385022,2.06357950551062
2016-05-09,2.0,0.7038818086545209,1.1945984088353816,2.0644217118010166
2016-05-10,2.0,0.7039483376493848,1.1943552979783152,2.060230405084169
2016-05-11,2.0,0.7027819252227747,1.1957174453842712,2.060230405084169
2016-05-12,2.0,0.7054634543653611,1.1964357493791833,2.0643544033659227
2016-05-13,2.0,0.7070367075132379,1.1970102688367785,2.0678322242083134
2016-05-16,2.0,0.7022151301748302,1.1995989589558307,2.0859163752119914
2016-05-17,2.0,0.708002668926292,1.200356554121438,2.081338047251716
2016-05-18,2.0,0.7081944831953774,1.1973096517439146,2.0963851036652863
2016-05-19,2.0,0.7032048406810436,1.1988830050448112,2.085019251619829
2016-05-20,2.0,0.7032048406810436,1.1993368434611769,2.0869436532939116
2016-05-23,2.0,0.7001420651216606,1.2007956394089927,2.0954855605609084
2016-05-24,2.0,0.7000695780181534,1.197887964406526,2.0954855605609084
2016-05-25,2.0,0.7000795679752088,1.1990764656143134,2.0910620064794117
2016-05-26,2.0,0.7000690969149049,1.1994361422112678,2.095362232566751
2016-05-27,2.0,0.7000795679752088,1.199154536345213,2.0963158933468615
2016-05-31,2.0,0.6996702332423151,1.1984263294839916,2.091018130325798
2016-06-01,2.0,0.6996702332423151,1.2008750659400222,2.0936510625758173
2016-06-02,2.0,0.6996743076243976,1.2002409259118922,2.089779947780186
2016-06-03,2.0,0.7000741894322984,1.2003455187893652,2.089779947780186
2016-06-06,2.0,0.7001420527856798,1.1998550390764573,2.0919411886859707
2016-06-07,2.0,0.7001420527856798,1.1995989589558307,2.089779947780186
2016-06-08,2.0,0.6995680027082252,1.1995989589558307,2.091883441057701
2016-06-09,2.0,0.7000690969149049,1.1994361422112678,2.0969126013581922
2016-06-10,2.0,0.6995116948477538,1.2019531774545933,2.1011483909557485
2016-06-13,2.0,0.6929554879025253,1.2060596595048925,2.105148273619888
2016-06-14,2.0,0.6924590523642888,1.2010371891823088,2.1175205138118645
2016-06-15,2.0,0.6929554879025253,1.2019580570091857,2.141319350784199
2016-06-16,2.0,0.6909139223765168,1.2071150693630701,2.141319350784199
2016-06-17,2.0,0.6924590523642888,1.2092742238487215,2.1434504136350667
2016-06-20,2.0,0.6929554879025253,1.2082180080663099,2.1300408782436966
2016-06-21,2.0,0.6929554879025253,1.2077863462104843,2.128840159586589
2016-06-22,2.0,0.6929554879025253,1.2048135422722734,2.1434504136350667
2016-06-23,2.0,0.6929368416552154,1.205304979856264,2.1300954486618493
2016-06-24,2.0,0.6932188154033143,1.2077863462104843,2.1300792990677944
2016-06-27,2.0,0.6925088531223533,1.210406639685023,2.1416816508848
2016-06-28,2.0,0.6916685179279174,1.2087201199862057,2.1416816508848
2016-06-29,2.0,0.6889996077733979,1.2102807081831415,2.1435942016724567
2016-06-30,2.0,0.6926039243340341,1.210406639685023,2.1666286095807807
2016-07-01,2.0,0.6934498329807586,1.2102807081831415,2.172486524929926
2016-07-05,2.0,0.6931579678658776,1.209782147843653,2.1699609327934364
2016-07-06,2.0,0.6930583117559098,1.209782147843653,2.170359034185998
2016-07-07,2.0,0.6930583117559098,1.209058074456907,2.1482785154636943
2016-07-08,2.0,0.6934498329807586,1.2089221196100248,2.1482785154636943
2016-07-11,2.0,0.6931860174062211,1.209058074456907,2.1482785154636943
2016-07-12,2.0,0.6894161703216364,1.209224150710811,2.1415297646703992
2016-07-13,2.0,0.6894161703216364,1.2089221196100248,2.1482785154636943
2016-07-14,2.0,0.6865358408168223,1.209058074456907,2.1920387693812886
2016-07-15,2.0,0.6865358408168223,1.2113182556802449,2.1694133651385927
2016-07-18,2.0,0.691725885996054,1.209632358939416,2.15160022956302
2016-07-19,2.0,0.6913174869122682,1.2124160223605474,2.1634398100855576
2016-07-20,2.0,0.694067167755909,1.212115337520948,2.1716890290474775
2016-07-21,2.0,0.691725885996054,1.211578041721412,2.180243441596944
2016-07-22,2.0,0.6906007447947806,1.2109678373143151,2.180243441596944
2016-07-25,2.0,0.691725885996054,1.2147118592187125,2.1636483058641374
2016-07-26,2.0,0.6941391899945852,1.213730626822858,2.1636483058641374
2016-07-27,2.0,0.6941391899945852,1.2147118592187125,2.1636483058641374
2016-07-28,2.0,0.6940633229878694,1.2152063593038813,2.1636483058641374
2016-07-29,2.0,0.6956596678155615,1.215449133779122,2.179822558074955
2016-08-01,2.0,0.69416121557913,1.2151703812645267,2.179822558074955
2016-08-02,2.0,0.6905569876678185,1.2138597569701013,2.179822558074955
2016-08-03,2.0,0.6905569876678185,1.2145357049590104,2.1800306136207777
2016-08-04,2.0,0.687827212846784,1.2153431269490462,2.1884431607343946
2016-08-05,2.0,0.687827212846784,1.218327348418733,2.1800306136207777
2016-08-08,2.0,0.6905569876678185,1.2152698002932125,2.1864456887229085
2016-08-09,2.0,0.6911200310144704,1.214155593305525,2.1947977428504406
2016-08-10,2.0,0.6911200310144704,1.214293651681277,2.1813646893212275
2016-08-11,2.0,0.6911200310144704,1.216717493376637,2.1812156192418675
2016-08-12,2.0,0.6911200310144704,1.220203577670285,2.188984009755373
2016-08-15,2.0,0.6911200310144704,1.2199421103812216,2.200626475741048
2016-08-16,2.0,0.6911200310144704,1.2212864497764118,2.1996580495691256
2016-08-17,2.0,0.6950823812241087,1.219512264436653,2.197098695578208
2016-08-18,2.0,0.6950544659949897,1.2207967907126653,2.183557485297186
2016-08-19,2.0,0.689490384149145,1.2214561224203098,2.1800606148153343
2016-08-22,2.0,0.6963777786868882,1.221910184083828,2.1798230230187428
2016-08-23,2.0,0.696074184719599,1.2246304165962865,2.1798230230187428
2016-08-24,2.0,0.696074184719599,1.2277294520152173,2.1875492296547683
2016-08-25,2.0,0.6919469206050222,1.2300181087753148,2.1797841460370977
2016-08-26,2.0,0.691353834161311,1.2294348204013228,2.179990364418711
2016-08-29,2.0,0.6894908976889205,1.2298168456631888,2.179990364418711
2016-08-30,2.0,0.6894908976889205,1.229424025045048,2.194011923044305
2016-08-31,2.0,0.689368932849666,1.2319768028703013,2.194011923044305
2016-09-01,2.0,0.689368932849666,1.2318281483718723,2.193984174879295
2016-09-02,2.0,0.6827272038214077,1.2320629944721495,2.194011923044305
2016-09-06,2.0,0.6889760596684643,1.2332268708727412,2.199833349744935
2016-09-07,2.0,0.689368932849666,1.2315507710638947,2.216343346058126
2016-09-08,2.0,0.6895021318760731,1.2283688956521397,2.203830262118643
2016-09-09,2.0,0.6831206731717487,1.2309572969971094,2.2004713259962156
2016-09-12,2.0,0.6873422321776651,1.2313946634298127,2.2042558610352536
2016-09-13,2.0,0.682757458986493,1.2339402441066825,2.233424958922166
2016-09-14,2.0,0.6830084694784598,1.2337301167943715,2.247501717787258
2016-09-15,2.0,0.6824719358641009,1.232246066333838,2.2341035389101362
2016-09-16,2.0,0.6824719358641009,1.233713468371231,2.2341035389101362
2016-09-19,2.0,0.6824719358641009,1.2354858478343034,2.2341035389101362
2016-09-20,2.0,0.6824719358641009,1.2355939670954585,2.2341035389101362
2016-09-21,2.0,0.6823690248859297,1.235768327254459,2.2341035389101362
2016-09-22,2.0,0.6806499727971818,1.2401055965213996,2.24755645086816
2016-09-23,2.0,0.6803805787003575,1.2376732276316558,2.2341035389101362
2016-09-26,2.0,0.6803805787003575,1.2360301459214327,2.2340200857079444
2016-09-27,2.0,0.6777394055927528,1.2374360034542402,2.2336949974409075
2016-09-28,2.0,0.6777394055927528,1.2373829763298008,2.232327155646887
2016-09-29,2.0,0.675529252007821,1.2412506460159265,2.2336949974409075
2016-09-30,2.0,0.675529252007821,1.241852240765833,2.2470984280319337
2016-10-03,2.0,0.675529252007821,1.2417303432663225,2.234090331676239
2016-10-04,2.0,0.675553208656169,1.2409458604148864,2.2511651423439405
2016-10-05,2.0,0.675553208656169,1.2408176029511537,2.251234238423549
2016-10-06,2.0,0.675529252007821,1.2424391501270553,2.251234238423549
2016-10-07,2.0,0.6731738310010581,1.2424671922211001,2.251234238423549
2016-10-10,2.0,0.6723627967000616,1.2422119406943286,2.251328449229074
2016-10-11,2.0,0.6731789703678417,1.2443998309529771,2.251328449229074
2016-10-12,2.0,0.6790839228058457,1.2432093806005673,2.2588380952401446
2016-10-13,2.0,0.6791896327665934,1.2443998309529771,2.2675154368179182
2016-10-14,2.0,0.6756494926677652,1.2432093806005673,2.25873922002679
2016-10-17,2.0,0.6789821577996156,1.2455218937570531,2.25873922002679
2016-10-18,2.0,0.6694902900653712,1.243547615645107,2.2675154368179182
2016-10-19,2.0,0.6694902900653712,1.2437409230501328,2.2594744815381347
2016-10-20,2.0,0.6753957959256339,1.2459134805288747,2.268124419758108
2016-10-21,2.0,0.669447992583241,1.2457022255294516,2.284211314720668
2016-10-24,2.0,0.6674038378864683,1.246306335189863,2.281082348067942
2016-10-25,2.0,0.6665680442288261,1.2452419114537774,2.281082348067942
2016-10-26,2.0,0.6684435490959351,1.2456677143399348,2.2845470250052835
2016-10-27,2.0,0.66564550648133,1.2457022255294516,2.2845470250052835
2016-10-28,2.0,0.66564550648133,1.245559245719337,2.286274537128223
2016-10-31,2.0,0.6654444430504917,1.2485772276299123,2.2969566809863777
2016-11-01,2.0,0.6654444430504917,1.2482083120667458,2.2969566809863777
2016-11-02,2.0,0.6647564472223262,1.2488544233705983,2.296632235628889
2016-11-03,2.0,0.6647564472223262,1.2512413749927034,2.2938613921472792
2016-11-04,2.0,0.6654444430504917,1.254046867094298,2.299742235706925
2016-11-07,2.0,0.66564550648133,1.2537394784229492,2.3088543495957743
2016-11-08,2.0,0.6656280106400033,1.2521947480974873,2.2968153161043054
2016-11-09,2.0,0.6658756034884425,1.2540196364864484,2.2968153161043054
2016-11-10,2.0,0.6658756034884425,1.2547639102673174,2.2869053326002837
2016-11-11,2.0,0.6666797695715961,1.2545329471885953,2.2869053326002837
2016-11-14,2.0,0.6667298151299909,1.2542760808985376,2.2869053326002837
2016-11-15,2.0,0.666503210653644,1.2554831653776357,2.2869053326002837
2016-11-16,2.0,0.6655399014839157,1.2576345505526763,2.2967389887224616
2016-11-17,2.0,0.666503210653644,1.2606245834988092,2.2967389887224616
2016-11-18,2.0,0.6667039770658095,1.2606245834988092,2.3106912471099643
2016-11-21,2.0,0.6667039770658095,1.2585647705317284,2.2967389887224616
2016-11-22,2.0,0.6666914477484593,1.2570679679278376,2.3230186246974185
2016-11-23,2.0,0.6674842438938375,1.2575615957723367,2.3228927555898955
2016-11-25,2.0,0.6701537278909487,1.2584247775439903,2.314933535550507
2016-11-28,2.0,0.6674941425283373,1.2612728274357088,2.3230186246974185
2016-11-29,2.0,0.6671170433939434,1.2575615957723367,2.328618859674845
2016-11-30,2.0,0.6674842438938375,1.2567580084139833,2.3123564429798837
2016-12-01,2.0,0.6712536141639043,1.2589641159192289,2.3159024412006275
2016-12-02,2.0,0.6748149668751966,1.2592900478515452,2.316030031207853
2016-12-05,2.0,0.6734684883743158,1.257524327922404,2.31448165001647
2016-12-06,2.0,0.6731844032373012,1.258850664679406,2.328438274679196
2016-12-07,2.0,0.6731844032373012,1.258832415942944,2.3277219762093764
2016-12-08,2.0,0.6712536141639043,1.25846720545775,2.321911172114718
2016-12-09,2.0,0.6712692240692107,1.2576354848205133,2.3318520300448022
2016-12-12,2.0,0.6742837653087396,1.2560431625118864,2.3401265635329525
2016-12-13,2.0,0.6711955266101797,1.2566047577888797,2.3401265635329525
2016-12-14,2.0,0.6735204424923712,1.256486561084965,2.3525329185295285
2016-12-15,2.0,0.6735441735106256,1.256486561084965,2.352652212676165
2016-12-16,2.0,0.6723123148404069,1.2557612094990198,2.3401265635329525
2016-12-19,2.0,0.6742837653087396,1.256486561084965,2.3482640146017073
2016-12-20,2.0,0.6735911290585597,1.2580947020139661,2.3482640146017073
2016-12-21,2.0,0.6735204424923712,1.2590701181436668,2.3482640146017073
2016-12-22,2.0,0.6735911290585597,1.258391200935797,2.3482180628087623
2016-12-23,2.0,0.6735204424923712,1.258995065776439,2.3283689303800035
2016-12-27,2.0,0.6735911290585597,1.260749679597256,2.326462845800909
2016-12-28,2.0,0.6735204424923712,1.2613654644835646,2.3416542447806687
2016-12-29,2.0,0.6714172113740243,1.261266623784307,2.341803536070027
2016-12-30,2.0,0.6700748943089029,1.2622390885508605,2.344018314940913
2017-01-03,2.0,0.6744845878619792,1.263526336869473,2.340984434019562
2017-01-04,2.0,0.6759100415643206,1.262738221068527,2.340984434019562
2017-01-05,2.0,0.6759100415643206,1.264034555993141,2.3465732092364284
2017-01-06,2.0,0.6779226256834583,1.2647331936653818,2.352807061304988
2017-01-09,2.0,0.6759053578647063,1.2653510189229453,2.3441518398545202
2017-01-10,2.0,0.6704565862275674,1.2673752834076921,2.3291047401801728
2017-01-11,2.0,0.6742060334080142,1.2675510169364,2.3441009021972268
2017-01-12,2.0,0.6742060334080142,1.2653510189229453,2.3441009021972268
2017-01-13,2.0,0.6778116720801567,1.267000712744716,2.35185079997842
2017-01-17,2.0,0.6780623482343922,1.2655375673725109,2.345899062585663
2017-01-18,2.0,0.6769900677807591,1.2686956513365368,2.3506662778258414
2017-01-19,2.0,0.6778803945379487,1.2677057303708454,2.3506662778258414
2017-01-20,2.0,0.6778196404300008,1.2673101321927442,2.3523745216895167
2017-01-23,2.0,0.6780623482343922,1.2671685299169393,2.3523745216895167
2017-01-24,2.0,0.6741220577988809,1.2667516731620427,2.356769282138851
2017-01-25,2.0,0.6726302238937564,1.266302449987835,2.358445642112715
2017-01-26,2.0,0.6751065270634548,1.2649673345354413,2.36934369258161
2017-01-27,2.0,0.675003792863431,1.2670033841539632,2.3760653750463208
2017-01-30,2.0,0.6756811832579658,1.265988233471014,2.3814005704270222
2017-01-31,2.0,0.6763967383548967,1.265988233471014,2.379098395211586
2017-02-01,2.0,0.6693426047479755,1.2692642208686964,2.386286021736279
2017-02-02,2.0,0.6762347483902682,1.2665294058439804,2.386286021736279
2017-02-03,2.0,0.6682093684533246,1.2670547927121314,2.3965764158256757
2017-02-06,2.0,0.6682461116658865,1.2654978976128275,2.3903783633240465
2017-02-07,2.0,0.6682461116658865,1.268120187842051,2.3886513360835315
2017-02-08,2.0,0.6698027157759241,1.2686590336009709,2.3964749679473325
2017-02-09,2.0,0.6698027157759241,1.2690087048587215,2.3964749679473325
2017-02-10,2.0,0.6697547832821864,1.271084042967213,2.4064950273279564
2017-02-13,2.0,0.6694602734017951,1.26992022932507,2.4072826213833056
2017-02-14,2.0,0.6691897660843116,1.2690087048587215,2.407191042658923
2017-02-15,2.0,0.6684766063086546,1.2716545906516825,2.4197819332274877
2017-02-16,2.0,0.6694602734017951,1.2718914632573042,2.419259660892586
2017-02-17,2.0,0.6694602734017951,1.273119584495791,2.421217053684767
2017-02-21,2.0,0.6673203783885534,1.273006648954786,2.4070861196202835
2017-02-22,2.0,0.666873674909046,1.2713079155993199,2.4091718191674967
2017-02-23,2.0,0.6697957853416461,1.2701253850181256,2.399081880933982
2017-02-24,2.0,0.6700404618463235,1.271233410659873,2.405235883480356
2017-02-27,2.0,0.6704764150691241,1.2733383977908619,2.4161929996955416
2017-02-28,2.0,0.6679383517009984,1.2755116959101698,2.4050039092819695
2017-03-01,2.0,0.666873674909046,1.2733499320702224,2.3957762633564883
2017-03-02,2.0,0.6703029101227693,1.2719356931606236,2.3972920519431113
2017-03-03,2.0,0.6685075076185223,1.2709866474434066,2.403712272655991
2017-03-06,2.0,0.6704903093261315,1.2715611435539746,2.408502528590908
2017-03-07,2.0,0.6685075076185223,1.2727258063638005,2.3957762633564883
2017-03-08,2.0,0.6686393589531634,1.2742223443004428,2.39561451370443
2017-03-09,2.0,0.6686393589531634,1.2755405319486515,2.39190295343115
2017-03-10,2.0,0.6686393589531634,1.2755405319486515,2.399002052689029
2017-03-13,2.0,0.6686393589531634,1.2757557807477404,2.40541456922519
2017-03-14,2.0,0.6685075076185223,1.2764807354188399,2.4054075368870502
2017-03-15,2.0,0.6686393589531634,1.2763642209389259,2.3991717949102256
2017-03-16,2.0,0.6703481541151503,1.2755211696618667,2.412411696787862
2017-03-17,2.0,0.6703481541151503,1.2760736963293482,2.4240366964651643
2017-03-20,2.0,0.6715927787578952,1.2771058671226547,2.4289211793377143
2017-03-21,2.0,0.6715927787578952,1.2773809067391666,2.429078602734794
2017-03-22,2.0,0.6729861465354496,1.28095183002978,2.423001189484038
2017-03-23,2.0,0.6729861465354496,1.2786646551450551,2.4320326937911902
2017-03-24,2.0,0.6726113108327958,1.277430210919305,2.4346646470554343
2017-03-27,2.0,0.6666177984507353,1.2770910125017285,2.434848874550342
2017-03-28,2.0,0.6666177984507353,1.281293694129867,2.434655831126102
2017-03-29,2.0,0.6665491263042309,1.2801989823260036,2.443437402662898
2017-03-30,2.0,0.6684607793620279,1.2796643260712313,2.4438101228220943
2017-03-31,2.0,0.6684607793620279,1.277430210919305,2.4407204594892686
2017-04-03,2.0,0.6658465644506061,1.2769113251229465,2.4438312372101505
2017-04-04,2.0,0.6618729901681283,1.2777140003294913,2.443939461233243
2017-04-05,2.0,0.6618729901681283,1.2775477373365072,2.4514614415962064
2017-04-06,2.0,0.6569957022510294,1.277105194067265,2.467321252805382
2017-04-07,2.0,0.6595024150709964,1.2777140003294913,2.4720395005574898
2017-04-10,2.0,0.6617864876517534,1.277688646667367,2.478757288145828
2017-04-11,2.0,0.6617864876517534,1.28006543068217,2.4787597267869614
2017-04-12,2.0,0.6647959501359033,1.2788560711374362,2.488668005311038
2017-04-13,2.0,0.6721413219696671,1.282033088724392,2.488668005311038
2017-04-17,2.0,0.6721413219696671,1.2845438417762072,2.4813031481323367
2017-04-18,2.0,0.6721413219696671,1.2839482362108656,2.480984135768821
2017-04-19,2.0,0.6732061071148827,1.2833714321476446,2.4813031481323367
2017-04-20,2.0,0.6653446109969211,1.285488584679359,2.4813031481323367
2017-04-21,2.0,0.6677725108542518,1.28323662589945,2.4813031481323367
2017-04-24,2.0,0.6691715406378694,1.2873589142197488,2.4813031481323367
2017-04-25,2.0,0.6683349442925608,1.2830183868329168,2.4813031481323367
2017-04-26,2.0,0.6690733939728566,1.287311230592221,2.4888392867069404
2017-04-27,2.0,0.6706480288092628,1.2852429822839033,2.497332131749514
2017-04-28,2.0,0.6698501805283175,1.284352968951064,2.4888392867069404
2017-05-01,2.0,0.6698501805283175,1.2885443960640204,2.492891487712671
2017-05-02,2.0,0.6735366420600174,1.2892295806285525,2.4957571145390935
2017-05-03,2.0,0.6699887153692347,1.2910032063418837,2.4973168757077624
2017-05-04,2.0,0.6697823002344991,1.2910032063418837,2.498555179284115
2017-05-05,2.0,0.6689763654768295,1.2904782181842078,2.5001686233296008
2017-05-08,2.0,0.6676464847751811,1.2890530909245235,2.4888392867069404
2017-05-09,2.0,0.6684744796915364,1.2914031679516227,2.496146341972741
2017-05-10,2.0,0.6674598096669758,1.2914031679516227,2.503263098323991
2017-05-11,2.0,0.6615606695035228,1.2914031679516227,2.5129048488055625
2017-05-12,2.0,0.6600680057978238,1.2902548323813263,2.5129048488055625
2017-05-15,2.0,0.665945114164225,1.2902548323813263,2.5114952693793064
2017-05-16,2.0,0.6600680057978238,1.2883199466763813,2.5114952693793064
2017-05-17,2.0,0.6610153862829966,1.2852046240992898,2.5129048488055625
2017-05-18,2.0,0.6600680057978238,1.2869285660229217,2.5129048488055625
2017-05-19,2.0,0.6659311325431858,1.2882507366165183,2.5151516847627025
2017-05-22,2.0,0.6651329633028902,1.2891990805207434,2.516678894756098
2017-05-23,2.0,0.663752319310242,1.2916662329451558,2.524535576701985
2017-05-24,2.0,0.6620125645973807,1.29276736999208,2.5247623023710273
2017-05-25,2.0,0.6582758098167422,1.2921895072201774,2.5247623023710273
2017-05-26,2.0,0.6575377890478739,1.29276736999208,2.5247623023710273
2017-05-30,2.0,0.6575377890478739,1.2886158777932684,2.545942170643268
2017-05-31,2.0,0.6585618676295725,1.2905339694010634,2.5305551852123593
2017-06-01,2.0,0.6619518447403069,1.2914244186318642,2.536321869469009
2017-06-02,2.0,0.6652201765229593,1.2944635277422247,2.535905611331397
2017-06-05,2.0,0.667059459858485,1.2932023627447138,2.5350304338417375
2017-06-06,2.0,0.6683710361947958,1.2952721479755327,2.5350304338417375
2017-06-07,2.0,0.6728151336537113,1.292811752044274,2.5350304338417375
2017-06-08,2.0,0.6682912243051934,1.2946984679762479,2.5350304338417375
2017-06-09,2.0,0.6740415858355345,1.2983015187914893,2.5388493414104736
2017-06-12,2.0,0.6737196019388544,1.2983015187914893,2.5385783746430417
2017-06-13,2.0,0.6700587606701379,1.2983015187914893,2.538773089022058
2017-06-14,2.0,0.6700584729059057,1.3003482980342365,2.538773089022058
2017-06-15,2.0,0.6700584729059057,1.297468703046213,2.538773089022058
2017-06-16,2.0,0.6700584729059057,1.2943511216414367,2.538773089022058
2017-06-19,2.0,0.6700584729059057,1.2991385909356676,2.5344107732985104
2017-06-20,2.0,0.6700584729059057,1.3011371313012567,2.5344107732985104
2017-06-21,2.0,0.6700335324554944,1.300112695015387,2.5234773703564777
2017-06-22,2.0,0.6700335324554944,1.2993737525320586,2.536506387110525
2017-06-23,2.0,0.6700335324554944,1.298332966372666,2.536506387110525
2017-06-26,2.0,0.6700335324554944,1.2966662733234628,2.538773089022058
2017-06-27,2.0,0.6695278069074146,1.2969099356419087,2.5388283259421134
2017-06-28,2.0,0.6667645186460452,1.298332966372666,2.5556984412753536
2017-06-29,2.0,0.6667894625594948,1.2994441552584854,2.5537185937607787
2017-06-30,2.0,0.6667894625594948,1.303092033906454,2.5537185937607787
2017-07-03,2.0,0.6742738418156118,1.3041775620642015,2.552568545382303
2017-07-05,2.0,0.6711140902376487,1.3050268129423306,2.5537185937607787
2017-07-06,2.0,0.6733361504567218,1.3045512403385184,2.562089519030731
2017-07-07,2.0,0.6760986719464628,1.3047445590391296,2.5633232914494695
2017-07-10,2.0,0.6732716939277044,1.3041116722315063,2.5783423522938462
2017-07-11,2.0,0.6628520532360094,1.303917034528089,2.5753138957827497
2017-07-12,2.0,0.6692084031948863,1.305258494563009,2.5961294494041165
2017-07-13,2.0,0.673965647437251,1.3043059846020166,2.581968220740051
2017-07-14,2.0,0.6699542338237303,1.303444359345514,2.570778426635252
2017-07-17,2.0,0.6716708783743511,1.3034865128814035,2.570778426635252
2017-07-18,2.0,0.6718935035941562,1.3025223933843288,2.585014923487255
2017-07-19,2.0,0.6718935035941562,1.3025223933843288,2.584882995611216
2017-07-20,2.0,0.6715651156942563,1.3062140528662534,2.589974095197243
2017-07-21,2.0,0.6701671787656406,1.3059578141338823,2.585014923487255
2017-07-24,2.0,0.6721258596792282,1.3057745781075267,2.585014923487255
2017-07-25,2.0,0.6721258596792282,1.305258494563009,2.585014923487255
2017-07-26,2.0,0.6721258596792282,1.3058893878605595,2.585035165091528
2017-07-27,2.0,0.6712954751916898,1.3058893878605595,2.5959360893323975
2017-07-28,2.0,0.6701207509902861,1.3036546404318845,2.5959360893323975
2017-07-31,2.0,0.6740145009046142,1.3041697696869299,2.5959360893323975
2017-08-01,2.0,0.674397366494361,1.3030759762345752,2.617371347668969
2017-08-02,2.0,0.674397366494361,1.3059455037697982,2.6272087261146737
2017-08-03,2.0,0.674397366494361,1.3059895780923987,2.6246558067310244
2017-08-04,2.0,0.674397366494361,1.306072246891445,2.6083445397694893
2017-08-07,2.0,0.674397366494361,1.308285295184921,2.6086719939666256
2017-08-08,2.0,0.6779268922371058,1.3105485748872254,2.5963827423173846
2017-08-09,2.0,0.674397366494361,1.309667380900247,2.5965095812394705
2017-08-10,2.0,0.6765406404745731,1.3066807154571647,2.607191011413755
2017-08-11,2.0,0.6739818885594289,1.3105655550449395,2.6020388940142656
2017-08-14,2.0,0.6699708366826007,1.3112483697469557,2.6020388940142656
2017-08-15,2.0,0.6680477411151833,1.310878519613838,2.601839396251374
2017-08-16,2.0,0.6680477411151833,1.31170323755238,2.601839396251374
2017-08-17,2.0,0.6680477411151833,1.3106371939461035,2.601839396251374
2017-08-18,2.0,0.6699708366826007,1.312721017481311,2.607191011413755
2017-08-21,2.0,0.6636569400211458,1.314975448224618,2.607191011413755
2017-08-22,2.0,0.6636569400211458,1.3189026783049767,2.607191011413755
2017-08-23,2.0,0.6664355332513258,1.317733278596617,2.608661437723222
2017-08-24,2.0,0.6644060925410427,1.3193030705067033,2.607191011413755
2017-08-25,2.0,0.6622925356165776,1.315023804546422,2.607191011413755
2017-08-28,2.0,0.6623773577722861,1.315023804546422,2.610775528907762
2017-08-29,2.0,0.6603612861202113,1.31514502800287,2.61314125838841
2017-08-30,2.0,0.6617915371070096,1.3150610712323658,2.61314125838841
2017-08-31,2.0,0.6617915371070096,1.3128725654068745,2.617028173816559
2017-09-01,2.0,0.6603677650551186,1.3124416331071742,2.620240419423436
2017-09-05,2.0,0.664076476568271,1.3158358491421214,2.6263296166965153
2017-09-06,2.0,0.6665464318988591,1.3152425583820508,2.63585249067992
2017-09-07,2.0,0.6712434307104118,1.3141391632085284,2.635714712085374
2017-09-08,2.0,0.6712772038753745,1.3150527775401257,2.635714712085374
2017-09-11,2.0,0.6748035452551289,1.315224790999994,2.649372723451823
2017-09-12,2.0,0.6748035452551289,1.314847385965358,2.635773048730432
2017-09-13,2.0,0.6727182543435242,1.31563460678813,2.635921288920685
2017-09-14,2.0,0.6727182543435242,1.3161312616408345,2.6360059575928014
2017-09-15,2.0,0.6751306280293696,1.313125526509852,2.6461259728346183
2017-09-18,2.0,0.6751306280293696,1.3125991828980557,2.6532092463466226
2017-09-19,2.0,0.6759066542760772,1.3148381999719883,2.6515625276248023
2017-09-20,2.0,0.6814363739737516,1.3151469970178011,2.6384277964187
2017-09-21,2.0,0.6823011914605346,1.315472238090395,2.6584707793864832
2017-09-22,2.0,0.6810806138103932,1.315472238090395,2.667938990818915
2017-09-25,2.0,0.6810702760098652,1.3167601967641485,2.678720509511627
2017-09-26,2.0,0.6810702760098652,1.3207288896224352,2.6584707793864832
2017-09-27,2.0,0.6731375749047926,1.3189821568038753,2.6835935997610387
2017-09-28,2.0,0.6767379816064951,1.3203522793813787,2.658652423681063
2017-09-29,2.0,0.6759165562923178,1.3232704760561917,2.685968521319072
2017-10-02,2.0,0.6759165562923178,1.3232704760561917,2.685968521319072
2017-10-03,2.0,0.6731375749047926,1.3245941737091418,2.685968521319072
2017-10-04,2.0,0.6731375749047926,1.325428845312502,2.69011606324812
2017-10-05,2.0,0.6731375749047926,1.325428845312502,2.69011606324812
2017-10-06,2.0,0.6727222896664106,1.3256330894352106,2.691588264464858
2017-10-09,2.0,0.6731375749047926,1.3251332493253702,2.691588264464858
2017-10-10,2.0,0.6745165940452528,1.3236598553406718,2.69011606324812
2017-10-11,2.0,0.6731375749047926,1.320754636256269,2.6915399333882943
2017-10-12,2.0,0.6744894267120265,1.3190802847775336,2.7090386772776225
2017-10-13,2.0,0.6800443613008217,1.3179473066208853,2.6859917199660384
2017-10-16,2.0,0.674479524695786,1.3199424153127062,2.6909666639475947
2017-10-17,2.0,0.6748953558654601,1.3220748103006201,2.682832532652281
2017-10-18,2.0,0.6748953558654601,1.3203054932021345,2.693925859279245
2017-10-19,2.0,0.6795368792328201,1.3242755474858525,2.7030527880829567
2017-10-20,2.0,0.6767693398951459,1.3245614217261352,2.687250011855159
2017-10-23,2.0,0.6789429568085497,1.325525143741555,2.7203632735102974
2017-10-24,2.0,0.68103278719139,1.3247852161439806,2.7213305435146387
2017-10-25,2.0,0.6790117738096554,1.3259044782862457,2.719860025118936
2017-10-26,2.0,0.680728835429237,1.3274166524888886,2.6889680867175505
2017-10-27,2.0,0.681251303333308,1.3305010858562012,2.7126531111778722
2017-10-30,2.0,0.6801565689073482,1.3264130408785981,2.7212305680154683
2017-10-31,2.0,0.681251303333308,1.326769235195549,2.741579671800528
2017-11-01,2.0,0.6801612742876371,1.3289471843965583,2.721528422816128
2017-11-02,2.0,0.681251303333308,1.3278572366831414,2.7181341117376494
2017-11-03,2.0,0.6815914080013714,1.3283893102112327,2.748937592887276
2017-11-06,2.0,0.6840058262520019,1.324811283704053,2.7181341117376494
2017-11-07,2.0,0.6801565689073482,1.3262009696685615,2.715393652866673
2017-11-08,2.0,0.6840668778574024,1.3291108215598477,2.720944220607945
2017-11-09,2.0,0.6801565689073482,1.3282123432438948,2.727384663277419
2017-11-10,2.0,0.6777037066945578,1.3280418908079379,2.7393841774190526
2017-11-13,2.0,0.6789405928905389,1.3291108215598477,2.7393841774190526
2017-11-14,2.0,0.6789405928905389,1.3286717166009496,2.731702637621024
2017-11-15,2.0,0.6761413196101121,1.3291108215598477,2.7255358774974607
2017-11-16,2.0,0.6757921444262165,1.3353900762582496,2.7268853910795436
2017-11-17,2.0,0.6757499524809902,1.332974914914593,2.7317022763622156
2017-11-20,2.0,0.676140736956788,1.334339111801004,2.7396527188697037
2017-11-21,2.0,0.6814600408652431,1.3357667076143556,2.7484047181342848
2017-11-22,2.0,0.6797143425928609,1.3353115065515546,2.7459523874844507
2017-11-24,2.0,0.6797143425928609,1.3357287935706847,2.7687424326849888
2017-11-27,2.0,0.6749730146146028,1.3357287935706847,2.731983272238898
2017-11-28,2.0,0.6757578466327114,1.335616648334181,2.7403031368244255
2017-11-29,2.0,0.6757341907653956,1.335616648334181,2.759117139051083
2017-11-30,2.0,0.6791763357185828,1.3357287935706847,2.754245088062356
2017-12-01,2.0,0.6730000363862881,1.3346772464932228,2.723822688784355
2017-12-04,2.0,0.6774266276626874,1.3333789665983895,2.723093225872192
2017-12-05,2.0,0.6774266276626874,1.3333267061586929,2.723093225872192
2017-12-06,2.0,0.6730150443198691,1.3376759056247929,2.7268431285664745
2017-12-07,2.0,0.6719767360559139,1.3364059629808642,2.729448257364269
2017-12-08,2.0,0.6702414410597186,1.333842642688725,2.739190957051444
2017-12-11,2.0,0.6702414410597186,1.341593264177484,2.739327908108967
2017-12-12,2.0,0.6656000542142082,1.3384063732636802,2.745939393892458
2017-12-13,2.0,0.6624887927237513,1.3374029858045409,2.7260845988316262
2017-12-14,2.0,0.6656000542142082,1.337274062858759,2.7502594271957936
2017-12-15,2.0,0.6656000542142082,1.3400935383863073,2.7529476191682756
2017-12-18,2.0,0.6655778444601727,1.3433423546737004,2.7529476191682756
2017-12-19,2.0,0.6669823308210245,1.3428591854100094,2.7529476191682756
2017-12-20,2.0,0.6662549976812862,1.3419648281621988,2.7529476191682756
2017-12-21,2.0,0.6668196892440587,1.3415979652314465,2.7501966142642393
2017-12-22,2.0,0.6670127007446197,1.3416440274983852,2.7265031800246637
2017-12-26,2.0,0.6641144502251854,1.3404340162388044,2.7418485432281887
2017-12-27,2.0,0.6669447314139616,1.339343415744508,2.7462909981300303
2017-12-28,2.0,0.6661673707114121,1.339197537417189,2.749906973308888
2017-12-29,2.0,0.6669958541911136,1.3417392642668218,2.7486235220466257
2018-01-02,2.0,0.6669972797365428,1.340488359082059,2.7418485432281887
2018-01-03,2.0,0.6683333404275668,1.3388098286106018,2.7418485432281887
2018-01-04,2.0,0.6661673707114121,1.3447060537019313,2.74625242981674
2018-01-05,2.0,0.6639491303999607,1.3447060537019313,2.741908351533742
2018-01-08,2.0,0.6641690209494938,1.3514236105098156,2.7506153517375806
2018-01-09,2.0,0.6661673707114121,1.351815528303353,2.7504931531519774
2018-01-10,2.0,0.6622770089731992,1.3535295303542834,2.7504931531519774
2018-01-11,2.0,0.6622770089731992,1.352989016708117,2.764868560331915
2018-01-12,2.0,0.6636364747132506,1.350836044324892,2.764868560331915
2018-01-16,2.0,0.660882912649338,1.350836044324892,2.7504931531519774
2018-01-17,2.0,0.6577182388724406,1.3511697429528544,2.765042310041004
2018-01-18,2.0,0.6587491658166819,1.3517033205556797,2.7689936117093006
2018-01-19,2.0,0.6560836353297806,1.3520289585251666,2.7647735133404465
2018-01-22,2.0,0.6508147044290267,1.3535295303542834,2.766101222212275
2018-01-23,2.0,0.6536424364143631,1.3540942709562178,2.766101222212275
2018-01-24,2.0,0.6523174962729819,1.3545044133655944,2.777584333860979
2018-01-25,2.0,0.650825052627261,1.3558806995153072,2.8167096063365435
2018-01-26,2.0,0.653268160046622,1.357270821897755,2.8342324738987466
2018-01-29,2.0,0.653268160046622,1.3566778926931935,2.8343051046943453
2018-01-30,2.0,0.653268160046622,1.3592710972555424,2.8340287682319905
2018-01-31,2.0,0.6534087629104428,1.3571239967628932,2.802036340497933
2018-02-01,2.0,0.6534087629104428,1.3564472844050242,2.7747587631552193
2018-02-02,2.0,0.653268160046622,1.3568476604005872,2.7747587631552193
2018-02-05,2.0,0.6502883976589717,1.357624440718432,2.7747587631552193
2018-02-06,2.0,0.6502883976589717,1.3587323886429181,2.7775259550879405
2018-02-07,2.0,0.6503377007736965,1.3587323886429181,2.788634028891158
2018-02-08,2.0,0.6503377007736965,1.3578208836260093,2.8031583094866543
2018-02-09,2.0,0.6503076405535261,1.3586347548949669,2.802937883231607
2018-02-12,2.0,0.6515787364667449,1.360675750359262,2.8128991947282085
2018-02-13,2.0,0.6515787364667449,1.3643973429649254,2.8128991947282085
2018-02-14,2.0,0.652815049370053,1.3643973429649254,2.814221234270435
2018-02-15,2.0,0.652815049370053,1.3651098448933876,2.8128991947282085
2018-02-16,2.0,0.652815049370053,1.3667946148773296,2.815248244507141
2018-02-20,2.0,0.6528422306658458,1.3672445317625153,2.8365595833861756
2018-02-21,2.0,0.6533998749011669,1.3665229528837224,2.815248244507141
2018-02-22,2.0,0.653784090918183,1.3661136825765343,2.812986395467578
2018-02-23,2.0,0.6593391233542747,1.3665229528837224,2.8176126783116695
2018-02-26,2.0,0.6589138259192742,1.3703480665423382,2.8176126783116695
2018-02-27,2.0,0.6580852767820626,1.3709501754757936,2.8094723748318984
2018-02-28,2.0,0.6580852767820626,1.3702970879883964,2.8094723748318984
2018-03-01,2.0,0.6532254579080778,1.3702970879883964,2.8176126783116695
2018-03-02,2.0,0.6578999300555709,1.3720885221483432,2.8176126783116695
2018-03-05,2.0,0.6536889194933095,1.3720885221483432,2.8363862269334037
2018-03-06,2.0,0.6536889194933095,1.3684368805775198,2.8363862269334037
2018-03-07,2.0,0.6581938189066426,1.3661478683650654,2.8363862269334037
2018-03-08,2.0,0.6589869085813252,1.367499225083308,2.843030768265701
2018-03-09,2.0,0.6593391233542747,1.3731394203662772,2.8489209229136088
2018-03-12,2.0,0.6593391233542747,1.3731394203662772,2.8363862269334037
2018-03-13,2.0,0.6589869085813252,1.3733931743344048,2.843030768265701
2018-03-14,2.0,0.6589869085813252,1.3744907799483792,2.837071924895282
2018-03-15,2.0,0.6589869085813252,1.3726014056500893,2.8434941948388452
2018-03-16,2.0,0.6589869085813252,1.3697021322591745,2.867180788808707
2018-03-19,2.0,0.6580971604124531,1.3731394203662772,2.874561329189911
2018-03-20,2.0,0.6580971604124531,1.372967160438777,2.8793826163477987
2018-03-21,2.0,0.6580971604124531,1.3719506665360899,2.8793826163477987
2018-03-22,2.0,0.6542026227270419,1.3710849436728785,2.8793826163477987
2018-03-23,2.0,0.65380072859805,1.3746565154511012,2.8793826163477987
2018-03-26,2.0,0.6539643646219054,1.374864101602018,2.9038367724185905
2018-03-27,2.0,0.65380072859805,1.3760616836419248,2.902830359448397
2018-03-28,2.0,0.6571915968035372,1.3747566306471657,2.8983687664119953
2018-03-29,2.0,0.6571915968035372,1.3760616836419248,2.898070209156332
2018-04-02,2.0,0.65380072859805,1.3831424852094563,2.908159327741169
2018-04-03,2.0,0.6504442315445703,1.3818372692148437,2.908159327741169
2018-04-04,2.0,0.6493493168420391,1.38110611847322,2.902951838013415
2018-04-05,2.0,0.6504442315445703,1.3822632933659913,2.888917275461356
2018-04-06,2.0,0.6504442315445703,1.384866265157791,2.891537500045642
2018-04-09,2.0,0.654497696769067,1.3832330429314796,2.8888632243662857
2018-04-10,2.0,0.654497696769067,1.382327403116069,2.8880413436435686
2018-04-11,2.0,0.654497696769067,1.3824254168415075,2.902559498559096
2018-04-12,2.0,0.653724313083904,1.3798328897841454,2.902559498559096
2018-04-13,2.0,0.650601189832456,1.3798328897841454,2.902559498559096
2018-04-16,2.0,0.6536898183896375,1.38632647170673,2.902559498559096
2018-04-17,2.0,0.6536898183896375,1.3845853337080305,2.902559498559096
2018-04-18,2.0,0.6546068696438738,1.380865668925872,2.9026625498552483
2018-04-19,2.0,0.6526833977364989,1.3802420794390204,2.9027728425207058
2018-04-20,2.0,0.6526833977364989,1.3823120479116775,2.911508178706296
2018-04-23,2.0,0.6492301944042943,1.3804999022323805,2.911508178706296
2018-04-24,2.0,0.6511504928503141,1.382854460276604,2.927809102231741
2018-04-25,2.0,0.6491658916420053,1.3830577008968388,2.9394612264641844
2018-04-26,2.0,0.6511504928503141,1.3829732287575887,2.923015632614648
2018-04-27,2.0,0.6540339355342215,1.3809122073501747,2.923015632614648
2018-04-30,2.0,0.6511504928503141,1.3811332774025624,2.9264492591169935
2018-05-01,2.0,0.6511504928503141,1.384723666140134,2.9116228955321035
2018-05-02,2.0,0.6492532371527027,1.3896727965703701,2.925947059417948
2018-05-03,2.0,0.6511504928503141,1.3915697276085952,2.93931308664525
2018-05-04,2.0,0.6470815063334379,1.3919394972688646,2.943139183806842
2018-05-07,2.0,0.6458026167279786,1.3908115459694426,2.938891250552436
2018-05-08,2.0,0.6492532371527027,1.390157189209659,2.9390858786810306
2018-05-09,2.0,0.6511504928503141,1.3918594802266249,2.9372271622766535
2018-05-10,2.0,0.6492501098674837,1.3914041786798639,2.9372271622766535
2018-05-11,2.0,0.6492501098674837,1.390157189209659,2.9372271622766535
2018-05-14,2.0,0.6549686851796506,1.391969973549009,2.9390858786810306
2018-05-15,2.0,0.6511710283706441,1.3922957576631807,2.9510792611028895
2018-05-16,2.0,0.6542554532887461,1.3924870786167372,2.9585800148399017
2018-05-17,2.0,0.6548383672786117,1.3897979787074466,2.973619271522481
2018-05-18,2.0,0.655060024936032,1.3897979787074466,2.9710312205717995
2018-05-21,2.0,0.6558633617332655,1.3903222750754411,2.9710312205717995
2018-05-22,2.0,0.6558652673138671,1.392861470330612,2.97357792933899
2018-05-23,2.0,0.6558652673138671,1.3921823236409243,2.973619271522481
2018-05-24,2.0,0.6558652673138671,1.390912000283323,2.9521673010471985
2018-05-25,2.0,0.6558652673138671,1.3928570601368115,2.9511011594064898
2018-05-29,2.0,0.6581972248238602,1.3906672112135168,2.9521673010471985
2018-05-30,2.0,0.6581972248238602,1.3944311711649264,2.9521673010471985
2018-05-31,2.0,0.6549205349740029,1.3951694482018309,3.0309128120319895
2018-06-01,2.0,0.6549205349740029,1.3933174663582788,3.0309128120319895
2018-06-04,2.0,0.6632021339813234,1.3916081868828267,3.0308896700174515
2018-06-05,2.0,0.6635548399086606,1.3902304749107097,3.038839297198867
2018-06-06,2.0,0.6632021339813234,1.3862030835861587,3.0204542143173643
2018-06-07,2.0,0.6632021339813234,1.388231647371379,3.0022730748503967
2018-06-08,2.0,0.6611181803102814,1.388231647371379,3.0022730748503967
2018-06-11,2.0,0.663275509301529,1.3878176579942738,3.001955988391224
2018-06-12,2.0,0.6582465745409232,1.3882872710174818,3.001955988391224
2018-06-13,2.0,0.663275509301529,1.3872696042918229,3.0077096926584286
2018-06-14,2.0,0.6611181803102814,1.3879509902893044,2.9836788037685458
2018-06-15,2.0,0.6549387094024609,1.3880123431160956,2.994233628823407
2018-06-18,2.0,0.6598194491971983,1.3884915746029098,2.994233628823407
2018-06-19,2.0,0.6556252051222293,1.3879509902893044,2.982008114539287
2018-06-20,2.0,0.6466851288676557,1.3904315106956995,2.982466783996073
2018-06-21,2.0,0.6623345384426098,1.3941549755377616,2.994233628823407
2018-06-22,2.0,0.6623533726365352,1.394269451322875,2.982008114539287
2018-06-25,2.0,0.6494296681805066,1.3952954279138203,3.0145556438366268
2018-06-26,2.0,0.6469523923321835,1.3952954279138203,3.009940527441314
2018-06-27,2.0,0.648339971573899,1.3949697280734799,3.049751524636858
2018-06-28,2.0,0.648339971573899,1.4007374055667845,3.049751524636858
2018-06-29,2.0,0.648339971573899,1.4007374055667845,3.035720380512061
2018-07-02,2.0,0.6469523923321835,1.4020485905182378,3.020692295304115
2018-07-03,2.0,0.6469523923321835,1.4021279403444087,3.0278074555053385
2018-07-05,2.0,0.648339971573899,1.402590638269852,3.0566240916004257
2018-07-06,2.0,0.6469537421295469,1.4062975861653353,3.048766091790422
2018-07-09,2.0,0.641785877318295,1.4029847892060032,3.0104139173545175
2018-07-10,2.0,0.6433132032545875,1.4033005341857843,3.0786940507510168
2018-07-11,2.0,0.6420949133397277,1.4030725098084846,3.0786940507510168
2018-07-12,2.0,0.6477345691794952,1.402428914322072,3.059535623493762
2018-07-13,2.0,0.6449787502224607,1.4034535751394681,3.057810247001379
2018-07-16,2.0,0.644973719039184,1.4026278805824806,3.0885838414627926
2018-07-17,2.0,0.6392393589053063,1.402770816300058,3.0886940837882872
2018-07-18,2.0,0.6408473884450546,1.402770816300058,3.0886940837882872
2018-07-19,2.0,0.6449734179801875,1.4034535751394681,3.1050544866979712
2018-07-20,2.0,0.6408254980381562,1.4057266252926377,3.0958857506280166
2018-07-23,2.0,0.6408254980381562,1.4052464688535564,3.0839302403342064
2018-07-24,2.0,0.6449438140428568,1.4053961326153712,3.0839302403342064
2018-07-25,2.0,0.6412536315324708,1.4062825280587037,3.1006898901104227
2018-07-26,2.0,0.6402043993742197,1.4062825280587037,3.1053007347017374
2018-07-27,2.0,0.6412989070265941,1.4057537342063484,3.1055678978675703
2018-07-30,2.0,0.6412989070265941,1.4063401875895865,3.1055678978675703
2018-07-31,2.0,0.6412989070265941,1.4059266637149008,3.105398379130465
2018-08-01,2.0,0.6512106772577201,1.4057982281551689,3.105398379130465
2018-08-02,2.0,0.6511440256310495,1.4025908343926692,3.105398379130465
2018-08-03,2.0,0.6515412093449885,1.4044306875459278,3.067683076040402
2018-08-06,2.0,0.6515412093449885,1.4061540924989715,3.0652946743134195
2018-08-07,2.0,0.6533166880343644,1.4079559982651615,3.0671396330410925
2018-08-08,2.0,0.6528672338107261,1.4061540924989715,3.097166748338696
2018-08-09,2.0,0.6515412093449885,1.4102257876513584,3.126186516536523
2018-08-10,2.0,0.6507692014200426,1.4114813685118435,3.127145286209648
2018-08-13,2.0,0.6507692014200426,1.412641763790388,3.149836870975431
2018-08-14,2.0,0.6482018157357075,1.4094969749508648,3.149836870975431
2018-08-15,2.0,0.6507692014200426,1.4137812641953633,3.1509654905815125
2018-08-16,2.0,0.6472760728885792,1.4130643719546727,3.1509654905815125
2018-08-17,2.0,0.6472279706080714,1.4137812641953633,3.150165724167845
2018-08-20,2.0,0.6477888232529393,1.4130643719546727,3.1498366895364796
2018-08-21,2.0,0.6472279706080714,1.4143142193133982,3.103290907130508
2018-08-22,2.0,0.6426999291860732,1.4133551077047741,3.110868992089302
2018-08-23,2.0,0.6423331762779493,1.4145270583269693,3.110868992089302
2018-08-24,2.0,0.6472279706080714,1.4160209414583638,3.1109048447424126
2018-08-27,2.0,0.6426999291860732,1.4157167897983354,3.1185631227627755
2018-08-28,2.0,0.6460564346752952,1.4163584970216694,3.095346914612893
2018-08-29,2.0,0.6460564346752952,1.4194651345392606,3.095009177637882
2018-08-30,2.0,0.6460564346752952,1.4220641709975974,3.1182350478968273
2018-08-31,2.0,0.6426999291860732,1.4231546689892316,3.106557884318742
2018-09-04,2.0,0.6426999291860732,1.4205624684899703,3.118249936386721
2018-09-05,2.0,0.6422753739754875,1.4214515557482337,3.1185631227627755
2018-09-06,2.0,0.6422753739754875,1.4241040661082498,3.1284578804591474
2018-09-07,2.0,0.6426999291860732,1.4233591608446101,3.128521342899412
2018-09-10,2.0,0.6426999291860732,1.4236647024853224,3.1319803130186323
2018-09-11,2.0,0.6426999291860732,1.4236647024853224,3.1239998238277407
2018-09-12,2.0,0.6426999291860732,1.4237863013250853,3.0923148830851184
2018-09-13,2.0,0.6486983262803091,1.421925706025161,3.091464299330423
2018-09-14,2.0,0.6415350591916333,1.421925706025161,3.077209692597914
2018-09-17,2.0,0.6476090455085785,1.4232568720382166,3.0795638380940207
2018-09-18,2.0,0.6486983262803091,1.4222374510198277,3.0795638380940207
2018-09-19,2.0,0.6486983262803091,1.4276792840416195,3.0873056558305954
2018-09-20,2.0,0.6486983262803091,1.4297961809760134,3.0795638380940207
2018-09-21,2.0,0.6439936954033674,1.4272697287198752,3.0767936385717527
2018-09-24,2.0,0.6439936954033674,1.4222374510198277,3.076986421827289
2018-09-25,2.0,0.6439936954033674,1.4278461553088597,3.0873056558305954
2018-09-26,2.0,0.6420074495628265,1.429346834053539,3.110779734209364
2018-09-27,2.0,0.6420074495628265,1.4303151580677556,3.0873384128442862
2018-09-28,2.0,0.642023117642619,1.4298372299786068,3.087426299449371
2018-10-01,2.0,0.6439936954033674,1.4286992052744552,3.118658029417783
2018-10-02,2.0,0.6449326665156829,1.429346834053539,3.10127441662425
2018-10-03,2.0,0.6439322089630225,1.431447382733383,3.118658029417783
2018-10-04,2.0,0.6478854245506014,1.430555405397285,3.1093109593108452
2018-10-05,2.0,0.6424275498238292,1.433187288055773,3.096794680454879
2018-10-08,2.0,0.6440040654592959,1.4303614506582667,3.1345280627654963
2018-10-09,2.0,0.6491641638362916,1.4325236589582047,3.1625322171852597
2018-10-10,2.0,0.6491990790600607,1.4325236589582047,3.143348670215841
2018-10-11,2.0,0.6505445348635106,1.4325236589582047,3.143348670215841
2018-10-12,2.0,0.6505445348635106,1.42775074723411,3.164575994180003
2018-10-15,2.0,0.6505445348635106,1.4322382897958734,3.1582442644663944
2018-10-16,2.0,0.6538993331291555,1.4331698649050555,3.1333697884581
2018-10-17,2.0,0.6512525062963499,1.4329149105941281,3.1333697884581
2018-10-18,2.0,0.6512212939666179,1.4349852656028077,3.1334313227087573
2018-10-19,2.0,0.6512212939666179,1.433987070451052,3.1340255645016355
2018-10-22,2.0,0.6491255828327225,1.4330619711902737,3.1691058834359387
2018-10-23,2.0,0.6491932629125308,1.4335807115996975,3.177050356174392
2018-10-24,2.0,0.6498914749605021,1.4359011390924659,3.1721032191163085
2018-10-25,2.0,0.6512204997363834,1.4365293107509574,3.1857784409448358
2018-10-26,2.0,0.6511872363663563,1.4364166177449105,3.1698565556003717
2018-10-29,2.0,0.6503392464828683,1.4362792999189704,3.1699912513084927
2018-10-30,2.0,0.6471165228417366,1.4356097330771345,3.1699912513084927
2018-10-31,2.0,0.6467532171919289,1.4356097330771345,3.1607856105839525
2018-11-01,2.0,0.6467466854475649,1.4370996972889372,3.1516560808257346
2018-11-02,2.0,0.6452039120319851,1.4371776598548165,3.1516560808257346
2018-11-05,2.0,0.6452039120319851,1.4370996972889372,3.14500908853976
2018-11-06,2.0,0.6452039120319851,1.4384661761739288,3.1412528116409164
2018-11-07,2.0,0.6452039120319851,1.4333000609823887,3.1449442114032156
2018-11-08,2.0,0.6509200218536683,1.4298301181833168,3.1449442114032156
2018-11-09,2.0,0.6509200218536683,1.4344807873212075,3.149195493870983
2018-11-12,2.0,0.6467439879671175,1.4357150339176572,3.1449442114032156
2018-11-13,2.0,0.6438866420128837,1.4362814739902023,3.149195493870983
2018-11-14,2.0,0.6450688781378121,1.4398936282538914,3.1636584759066184
2018-11-15,2.0,0.6507885849816096,1.4407011166673005,3.1646721065691024
2018-11-16,2.0,0.64916230371158,1.441230595716728,3.164669218287482
2018-11-19,2.0,0.6491745187381996,1.4414942351667297,3.1696934759813185
2018-11-20,2.0,0.6508806244604992,1.436621482934859,3.174027938024017
2018-11-21,2.0,0.6496558709065662,1.4356482591874398,3.1719542384245876
2018-11-23,2.0,0.6508806244604992,1.4393045768192534,3.174069276268656
2018-11-26,2.0,0.6509698857255567,1.4384046248903648,3.174069276268656
2018-11-27,2.0,0.6514129668393813,1.4402943718649768,3.1874666597136043
2018-11-28,2.0,0.6514241545821261,1.4431911181395969,3.2119775572098614
2018-11-29,2.0,0.6514129668393813,1.442181382849561,3.2119775572098614
2018-11-30,2.0,0.6514129668393813,1.4451990293303962,3.201411456107094
2018-12-03,2.0,0.65138035653239,1.4464041737578592,3.201411456107094
2018-12-04,2.0,0.6550572270489827,1.44366332919856,3.201411456107094
2018-12-06,2.0,0.6556612340157902,1.4454857191394432,3.201411456107094
2018-12-07,2.0,0.6532708138397374,1.44366332919856,3.1866949622145686
2018-12-10,2.0,0.6481371040935745,1.4439513018642378,3.1866949622145686
2018-12-11,2.0,0.6483738495094039,1.4424056358571864,3.201411456107094
2018-12-12,2.0,0.6483653053417918,1.443998518504961,3.212322192976512
2018-12-13,2.0,0.646735824703459,1.4455745391386579,3.212322192976512
2018-12-14,2.0,0.6467103264425196,1.444713907335549,3.212322192976512
2018-12-17,2.0,0.6467103264425196,1.4453890446578148,3.2122308786352254
2018-12-18,2.0,0.6467103264425196,1.4471209260091962,3.2122308786352254
2018-12-19,2.0,0.6465573994130767,1.4475018691461456,3.2122308786352254
2018-12-20,2.0,0.6465573994130767,1.449161821881665,3.2217833904153936
2018-12-21,2.0,0.6462494903515624,1.4493007185215716,3.1702409280897523
2018-12-24,2.0,0.6465828976740161,1.4500581824948635,3.169666980201955
2018-12-26,2.0,0.6408242638447781,1.4492164132883556,3.2122308786352254
2018-12-27,2.0,0.6408242638447781,1.4548182220325956,3.194139127557408
2018-12-28,2.0,0.6406903241771887,1.4549251912986763,3.162009986129986
2018-12-31,2.0,0.6387753832183057,1.4581960073552858,3.149737863496682
2019-01-02,2.0,0.6429380147899139,1.4607954807872154,3.149737863496682
2019-01-03,2.0,0.6445600631733316,1.4572060109591605,3.162720651108237
2019-01-04,2.0,0.6495220036957057,1.4509266046361389,3.162720651108237
2019-01-07,2.0,0.6495220036957057,1.4517374685539242,3.2005722407929103
2019-01-08,2.0,0.6511931217283792,1.453776994878998,3.176965206101169
2019-01-09,2.0,0.6467352398315472,1.4555006616379154,3.1686684007917423
2019-01-10,2.0,0.6474120360533058,1.451925692987004,3.1686684007917423
2019-01-11,2.0,0.6474120360533058,1.4518552940319749,3.2218580419636362
2019-01-14,2.0,0.64661514493512,1.4500860899932015,3.2218580419636362
2019-01-15,2.0,0.64661514493512,1.4507271239399946,3.221643820199216
2019-01-16,2.0,0.6466375199829506,1.4493939465840358,3.2218580419636362
2019-01-17,2.0,0.6466375199829506,1.4507271239399946,3.2218580419636362
2019-01-18,2.0,0.6475801122495615,1.453776994878998,3.209798730131502
2019-01-22,2.0,0.6504306659846855,1.4557940785370933,3.209798730131502
2019-01-23,2.0,0.6515249189296523,1.455022772675942,3.221991384701035
2019-01-24,2.0,0.6514083608386904,1.4572802481246052,3.222003550107601
2019-01-25,2.0,0.6496671974122574,1.4592525257807387,3.2466737853968914
2019-01-28,2.0,0.6496671974122574,1.4598766671336807,3.2466737853968914
2019-01-29,2.0,0.6496671974122574,1.4614756798948831,3.247302338660699
2019-01-30,2.0,0.6496671974122574,1.4600326151350445,3.2665899996574947
2019-01-31,2.0,0.6508804414961826,1.4591863569262706,3.2389832845588566
2019-02-01,2.0,0.6508804414961826,1.458753696949677,3.2391958069456814
2019-02-04,2.0,0.6457902067933803,1.4583049981358223,3.230935843330268
2019-02-05,2.0,0.6508619158758225,1.4568265718556348,3.230935843330268
2019-02-06,2.0,0.6531266958803091,1.45369283769525,3.2390399242071553
2019-02-07,2.0,0.6524859447414062,1.4554783349928533,3.250184657142641
2019-02-08,2.0,0.6531266958803091,1.4564042752291462,3.2337340326042163
2019-02-11,2.0,0.6508888799534023,1.458567785341565,3.203067635324892
2019-02-12,2.0,0.6508888799534023,1.4577174807174615,3.201118625173966
2019-02-13,2.0,0.6524859447414062,1.4554081792626987,3.201118625173966
2019-02-14,2.0,0.6508888799534023,1.4544998023789475,3.201118625173966
2019-02-15,2.0,0.6508888799534023,1.4544998023789475,3.2108699362903392
2019-02-19,2.0,0.6508888799534023,1.4545891319983637,3.2108699362903392
2019-02-20,2.0,0.6508888799534023,1.4545891319983637,3.210570149096377
2019-02-21,2.0,0.6508888799534023,1.4543180603231383,3.2108260651794973
2019-02-22,2.0,0.6508888799534023,1.453753546536075,3.2071749611410434
2019-02-25,2.0,0.651904242829723,1.4593106476353794,3.2071749611410434
2019-02-26,2.0,0.651904242829723,1.4596334617664954,3.2112810612366824
2019-02-27,2.0,0.651904242829723,1.4596334617664954,3.2112810612366824
2019-02-28,2.0,0.651904242829723,1.452738224676418,3.203288703062174
2019-03-01,2.0,0.651904242829723,1.4552204117512004,3.2084881215004124
2019-03-04,2.0,0.651904242829723,1.4561053174267222,3.203558178372559
2019-03-05,2.0,0.6525114629635681,1.4574035162877301,3.203558178372559
2019-03-06,2.0,0.6550553561290298,1.4597556618242726,3.2540017956184024
2019-03-07,2.0,0.6525114629635681,1.4640557760684478,3.2632585444867064
2019-03-08,2.0,0.6518684785192784,1.4611080941588988,3.263327431891543
2019-03-11,2.0,0.6544325147134396,1.4611080941588988,3.254521873035528
2019-03-12,2.0,0.6525114629635681,1.4660119087465646,3.275264981288793
2019-03-13,2.0,0.651900178411829,1.4617542137134776,3.341393660370997
2019-03-14,2.0,0.651900178411829,1.4636951944465233,3.2769024907590154
2019-03-15,2.0,0.6525114629635681,1.461569598207201,3.307033839691861
2019-03-18,2.0,0.6522559753240024,1.4607515769544162,3.2948965812046196
2019-03-19,2.0,0.6525198274320839,1.4638423290817042,3.3166460698850977
2019-03-20,2.0,0.6541386283272725,1.464884444205359,3.2948965812046196
2019-03-21,2.0,0.6541386283272725,1.46492809540754,3.3171575220484497
2019-03-22,2.0,0.6523446425720745,1.4671981712824627,3.316605626816551
2019-03-25,2.0,0.6523446425720745,1.4662705913791716,3.316605626816551
2019-03-26,2.0,0.6512054389424492,1.4697588450540968,3.3059923162057183
2019-03-27,2.0,0.649568991604023,1.4709851632501665,3.3059923162057183
2019-03-28,2.0,0.6491151582493985,1.4713707646665355,3.3059923162057183
2019-03-29,2.0,0.6512744831501411,1.4706493880055995,3.3059923162057183
2019-04-01,2.0,0.6512744831501411,1.471472222296676,3.30325250978748
2019-04-02,2.0,0.6512744831501411,1.471009235124111,3.3036709166831972
2019-04-03,2.0,0.6478665817617545,1.467939884081071,3.3036709166831972
2019-04-04,2.0,0.6466587142426117,1.467939884081071,3.3036709166831972
2019-04-05,2.0,0.6503368755598596,1.4686198328550506,3.3033954017813856
2019-04-08,2.0,0.6558470695475034,1.4667537313709946,3.333371300208428
2019-04-09,2.0,0.6553464182297067,1.4692519229388448,3.3414410625269912
2019-04-10,2.0,0.6502769465105378,1.4692519229388448,3.3414410625269912
2019-04-11,2.0,0.6502769465105378,1.4709899662315404,3.3448401938325985
2019-04-12,2.0,0.6487018588168594,1.4755672304642347,3.3514832709543074
2019-04-15,2.0,0.6502769465105378,1.4760341060226316,3.3412155369735297
2019-04-16,2.0,0.6502769465105378,1.4783703589335506,3.3766302047834866
2019-04-17,2.0,0.6531652475277336,1.4814348591789084,3.3766302047834866
2019-04-18,2.0,0.6532034495638853,1.4798547875005323,3.3766302047834866
2019-04-22,2.0,0.6532034495638853,1.4814348591789084,3.3766302047834866
2019-04-23,2.0,0.6532034495638853,1.4837686883411947,3.3766302047834866
2019-04-24,2.0,0.6501917382267743,1.4841787317504473,3.3766302047834866
2019-04-25,2.0,0.6505356446455076,1.4825502042014769,3.3766302047834866
2019-04-26,2.0,0.6565681473147228,1.4817206880845555,3.3427455997790005
2019-04-29,2.0,0.6502372996647449,1.4817206880845555,3.3766302047834866
2019-04-30,2.0,0.6514008395855245,1.481291872553582,3.3766302047834866
2019-05-01,2.0,0.6573654767037663,1.481291872553582,3.3606045364236947
2019-05-02,2.0,0.6514008395855245,1.4823682904615327,3.3416750127060704
2019-05-03,2.0,0.6514008395855245,1.4852659418992218,3.3420858678645087
2019-05-06,2.0,0.6505409708857068,1.4862030630344476,3.3367679360693554
2019-05-07,2.0,0.6514008395855245,1.4842616170309633,3.3420858678645087
2019-05-08,2.0,0.6529491846784171,1.4856143723520994,3.3418962584446024
2019-05-09,2.0,0.6578261991291027,1.4870849154825492,3.3418962584446024
2019-05-10,2.0,0.6491066841662543,1.4878038918117258,3.3418962584446024
2019-05-13,2.0,0.6491489411727023,1.4859427271624421,3.369534570197589
2019-05-14,2.0,0.6473767410526979,1.4859427271624421,3.388905787673758
2019-05-15,2.0,0.6513223964808538,1.4859427271624421,3.369534570197589
2019-05-16,2.0,0.6505550489405968,1.4891236771961167,3.369534570197589
2019-05-17,2.0,0.6473403209836875,1.4879816010962945,3.388905787673758
2019-05-20,2.0,0.6473403209836875,1.4841765194084156,3.3774576358577697
2019-05-21,2.0,0.6448035629924748,1.483441005068706,3.366629491080075
2019-05-22,2.0,0.6505550489405968,1.4844293070737402,3.3898642853132186
2019-05-23,2.0,0.6483668343887788,1.4837976671875408,3.3888659374158987
2019-05-24,2.0,0.6465662041220082,1.4846776133902433,3.435999661272183
2019-05-28,2.0,0.6473855169100858,1.4846776133902433,3.4595627945497927
2019-05-29,2.0,0.6473855169100858,1.4878230460490423,3.45927395753638
2019-05-30,2.0,0.6473919553553851,1.4878230460490423,3.4594626634890533
2019-05-31,2.0,0.6472721193884179,1.488033588986182,3.4394191300382944
2019-06-03,2.0,0.6472721193884179,1.488827405626454,3.412850300625841
2019-06-04,2.0,0.642093574380458,1.491070764798879,3.4211938537717708
2019-06-05,2.0,0.6427266199518287,1.488033588986182,3.4137745824346797
2019-06-06,2.0,0.6465260040410585,1.491070764798879,3.3987451081823363
2019-06-07,2.0,0.6402721189849849,1.4900471153717985,3.3979692718439765
2019-06-10,2.0,0.6374029384831296,1.4943298825313105,3.3979692718439765
2019-06-11,2.0,0.6366456652919308,1.498702527417266,3.3977281348922124
2019-06-12,2.0,0.6366456652919308,1.4909359430189766,3.401274833282796
2019-06-13,2.0,0.6373973885930897,1.4933570050727596,3.398783611864072
2019-06-14,2.0,0.638479327600122,1.4909359430189766,3.39665210135319
2019-06-17,2.0,0.6373973885930897,1.4911034067405677,3.3952514441541184
2019-06-18,2.0,0.6360227907906129,1.4904952211953972,3.3952514441541184
2019-06-19,2.0,0.635836123668223,1.4943084400358677,3.401274833282796
2019-06-20,2.0,0.6354432971504131,1.4950732894404006,3.4129371179583385
2019-06-21,2.0,0.6356580442165863,1.497930761942673,3.4330953196575735
2019-06-24,2.0,0.6356580442165863,1.4974026366182764,3.4186694274856078
2019-06-25,2.0,0.6309990539991126,1.4974026366182764,3.437228570046302
2019-06-26,2.0,0.6294387011817308,1.4982823283421252,3.437228570046302
2019-06-27,2.0,0.6295073510114548,1.5002844766090537,3.437228570046302
2019-06-28,2.0,0.6249015850536472,1.502408770501869,3.4279154878825255
2019-07-01,2.0,0.6330869389916043,1.5054381794034501,3.4268159428422305
2019-07-02,2.0,0.6350786477825295,1.5037792583625302,3.4656998150893634
2019-07-03,2.0,0.6373586331022427,1.5037792583625302,3.4709555181037635
2019-07-05,2.0,0.6350786477825295,1.5054381794034501,3.4709555181037635
2019-07-08,2.0,0.6350786477825295,1.5044380947531564,3.4534494304566783
2019-07-09,2.0,0.6350786477825295,1.5079577682215457,3.4213460655401957
2019-07-10,2.0,0.636989364042501,1.5102869981042366,3.4213460655401957
2019-07-11,2.0,0.636989364042501,1.512162001907471,3.4213460655401957
2019-07-12,2.0,0.636989364042501,1.513001243609473,3.4285068487616823
2019-07-15,2.0,0.6365867177403571,1.510024938899081,3.4285068487616823
2019-07-16,2.0,0.6365867177403571,1.5085498148341552,3.4543644995529292
2019-07-17,2.0,0.6415833099663822,1.5085498148341552,3.4533666278530655
2019-07-18,2.0,0.6415833099663822,1.508520602001306,3.468127523490194
2019-07-19,2.0,0.642001676699507,1.508520602001306,3.468127523490194
2019-07-22,2.0,0.6415644812899551,1.508520602001306,3.50718276540575
2019-07-23,2.0,0.6412092551101867,1.5116782558037325,3.468127523490194
2019-07-24,2.0,0.6416500930537622,1.5165607458633399,3.4677534396866334
2019-07-25,2.0,0.6425093016680343,1.5178257751291686,3.4875340088900604
2019-07-26,2.0,0.6425065158598069,1.5213298755888618,3.5071335840369864
2019-07-29,2.0,0.6425065158598069,1.5216832462425764,3.5071335840369864
2019-07-30,2.0,0.6410342523681782,1.5216832462425764,3.5072802576870816
2019-07-31,2.0,0.6415861243649702,1.5216832462425764,3.5072802576870816
2019-08-01,2.0,0.6425146170720873,1.5215706785228684,3.4802490484544886
2019-08-02,2.0,0.6423739761417518,1.5201900392159797,3.483118818095307
2019-08-05,2.0,0.6423739761417518,1.5214871503784386,3.483118818095307
2019-08-06,2.0,0.6418723408170495,1.5221011757712188,3.4862321016764852
2019-08-07,2.0,0.6418723408170495,1.5255540602748714,3.4866611161215824
2019-08-08,2.0,0.6398656095276082,1.5242738926319053,3.4866611161215824
2019-08-09,2.0,0.6418723408170495,1.5232347486774767,3.5076351017389027
2019-08-12,2.0,0.6398656095276082,1.5221011757712188,3.5076351017389027
2019-08-13,2.0,0.6416307724497153,1.5241174960262358,3.5076351017389027
2019-08-14,2.0,0.6419173670306128,1.5247758020333575,3.5076938627530803
2019-08-15,2.0,0.6419173670306128,1.5247758020333575,3.53304523539776
2019-08-16,2.0,0.6416307724497153,1.5243180279179405,3.5341751227353315
2019-08-19,2.0,0.6416307724497153,1.5252755179110138,3.533042909445661
2019-08-20,2.0,0.6428339084429753,1.5268679519117319,3.5341751227353315
2019-08-21,2.0,0.6398240553722783,1.5243968009835984,3.557264890762175
2019-08-22,2.0,0.6353115098020369,1.5243968009835984,3.557264890762175
2019-08-23,2.0,0.6353115098020369,1.5232347486774767,3.5679867125849056
2019-08-26,2.0,0.6353115098020369,1.5216604837832344,3.557264890762175
2019-08-27,2.0,0.6353115098020369,1.5223699439881875,3.5679867125849056
2019-08-28,2.0,0.6365861563617965,1.5221047217381014,3.5679867125849056
2019-08-29,2.0,0.6350496144507599,1.5244230790241096,3.568332064153746
2019-08-30,2.0,0.6350496144507599,1.527528734667646,3.5866023838079966
2019-09-03,2.0,0.6350496144507599,1.5309693294645763,3.5692400746427144
2019-09-04,2.0,0.6389103108909913,1.5341003992942484,3.6253130085825576
2019-09-05,2.0,0.6365072626178501,1.5335439316969794,3.6253130085825576
2019-09-06,2.0,0.634969966371709,1.532661504924954,3.6253130085825576
2019-09-09,2.0,0.634969966371709,1.5309693294645763,3.678777383592199
2019-09-10,2.0,0.634969966371709,1.5309693294645763,3.67855140718569
2019-09-11,2.0,0.634969966371709,1.5300632879284075,3.67855140718569
2019-09-12,2.0,0.6317077824360806,1.5286910837202992,3.67855140718569
2019-09-13,2.0,0.6306148630267212,1.5317734874294866,3.67855140718569
2019-09-16,2.0,0.6310563660206602,1.5325747029624266,3.6486020372121457
2019-09-17,2.0,0.6310563660206602,1.5310573663354408,3.6487253902611942
2019-09-18,2.0,0.6382877313381301,1.5364956046516487,3.6329298881349024
2019-09-19,2.0,0.6317077824360806,1.5349736463291994,3.6657478886959294
2019-09-20,2.0,0.6317194897912476,1.5337837521944604,3.6657478886959294
2019-09-23,2.0,0.6317194897912476,1.5349608362007754,3.6657478886959294
2019-09-24,2.0,0.6343126156576061,1.533076819816681,3.6329298881349024
2019-09-25,2.0,0.6343126156576061,1.5371997877056849,3.621945552511565
2019-09-26,2.0,0.6326399142809624,1.540498980182916,3.6518879031875158
2019-09-27,2.0,0.6324194771744471,1.5406977600617835,3.651882846704138
2019-09-30,2.0,0.6326574609276724,1.544635091352667,3.651882846704138
2019-10-01,2.0,0.6326574609276724,1.5425338306460687,3.651882846704138
2019-10-02,2.0,0.6325378642228136,1.54318286282908,3.645393738064452
2019-10-03,2.0,0.6325378642228136,1.5461179981590911,3.651882846704138
2019-10-04,2.0,0.632436535262293,1.5470119222510155,3.636391990865681
2019-10-07,2.0,0.6325378642228136,1.5470119222510155,3.6383550720488493
2019-10-08,2.0,0.6374479857189304,1.5473577240340144,3.638510884146663
2019-10-09,2.0,0.6351452146807538,1.5438652622643112,3.6566239004496883
2019-10-10,2.0,0.6325378642228136,1.543062386716722,3.6530689604390254
2019-10-11,2.0,0.6325378642228136,1.5440101366200882,3.6216116155518385
2019-10-14,2.0,0.6325378642228136,1.5434764514276669,3.6216116155518385
2019-10-15,2.0,0.6324038090129346,1.5432770885481901,3.639065038685048
2019-10-16,2.0,0.6339378087110638,1.5413388365160463,3.660241226410234
2019-10-17,2.0,0.6339378087110638,1.5434219629039672,3.6603168694015844
2019-10-18,2.0,0.637506828920693,1.5421874837094536,3.6603168694015844
2019-10-21,2.0,0.633911586240247,1.5381291482703516,3.6401940974982523
2019-10-22,2.0,0.633911586240247,1.5396772955644598,3.677120720796707
2019-10-23,2.0,0.6339221213876152,1.5396772955644598,3.677120720796707
2019-10-24,2.0,0.6339221213876152,1.542650368053119,3.692493992624411
2019-10-25,2.0,0.6339221213876152,1.5434219629039672,3.677120720796707
2019-10-28,2.0,0.6343180051566641,1.5418392861115588,3.636371173467948
2019-10-29,2.0,0.6323930500707264,1.5444849950754627,3.621540602520853
2019-10-30,2.0,0.633911586240247,1.5414410179639049,3.635841380252461
2019-10-31,2.0,0.6323879961428251,1.5435698840333316,3.6559536286723224
2019-11-01,2.0,0.6327703257463139,1.5435698840333316,3.647299610247884
2019-11-04,2.0,0.6339201324434561,1.5444913338655284,3.647299610247884
2019-11-05,2.0,0.6339201324434561,1.5434511812347993,3.644323471674779
2019-11-06,2.0,0.6338960667603708,1.5471638132084797,3.6557860981018204
2019-11-07,2.0,0.6338960667603708,1.5470307620276225,3.6548166724678213
2019-11-08,2.0,0.637825909193974,1.5498391311898017,3.6548166724678213
2019-11-11,2.0,0.637825909193974,1.5535192469151697,3.6548166724678213
2019-11-12,2.0,0.6339239253934991,1.553851433019902,3.6548166724678213
2019-11-13,2.0,0.6307882056565034,1.5541761857293512,3.6543539900282127
2019-11-14,2.0,0.632869223119653,1.5561142174608147,3.6543539900282127
2019-11-15,2.0,0.632869223119653,1.5566892337659157,3.6548166724678213
2019-11-18,2.0,0.6283601376582575,1.5562729233813668,3.6543539900282127
2019-11-19,2.0,0.6353915673584305,1.5572048432364678,3.63523732380414
2019-11-20,2.0,0.6286984573297565,1.5572048432364678,3.6290200062891
2019-11-21,2.0,0.6251531709775736,1.5584474643332866,3.6290200062891
2019-11-22,2.0,0.6287120871927314,1.557766743092904,3.7329377238387753
2019-11-25,2.0,0.6299336539353287,1.557766743092904,3.726273636383355
2019-11-26,2.0,0.6292602746207557,1.5603872017543041,3.726273636383355
2019-11-27,2.0,0.6272916733385688,1.5622626117442886,3.747355950497012
2019-11-29,2.0,0.6272916733385688,1.558444215894781,3.7329377238387753
2019-12-02,2.0,0.6272916733385688,1.5540961048843822,3.730042167307274
2019-12-03,2.0,0.6299039647140795,1.553026724793086,3.6863445241113717
2019-12-04,2.0,0.6311324377683034,1.5569269488005095,3.689601578031032
2019-12-05,2.0,0.6299239332278065,1.556556910602632,3.6894619795545376
2019-12-06,2.0,0.6283721438520378,1.5576417636108377,3.685308497722653
2019-12-09,2.0,0.6283721438520378,1.5613034048123677,3.685308497722653
2019-12-10,2.0,0.631141988481178,1.5600003819780612,3.658281490575215
2019-12-11,2.0,0.6314958318306322,1.565152662864162,3.6571080940054177
2019-12-12,2.0,0.6283929301908109,1.5622276515312352,3.6790119027819483
2019-12-13,2.0,0.62976270298279,1.5619221218554256,3.683067372171525
2019-12-16,2.0,0.6263188339868357,1.5610205856089898,3.696663782886587
2019-12-17,2.0,0.6263188339868357,1.5629970249088228,3.7553498223782067
2019-12-18,2.0,0.626091400473055,1.5624077721829461,3.7553498223782067
2019-12-19,2.0,0.6277134256298965,1.563475651358706,3.7210447802521416
2019-12-20,2.0,0.6292676139400727,1.5689257324196673,3.7210447802521416
2019-12-23,2.0,0.6277114523330916,1.5694022486310335,3.7210447802521416
2019-12-24,2.0,0.6262410785320005,1.5689257324196673,3.7210447802521416
2019-12-26,2.0,0.6262410785320005,1.5666816278248834,3.7210447802521416
2019-12-27,2.0,0.6271958327020641,1.5666058403956855,3.7210447802521416
2019-12-30,2.0,0.6262410785320005,1.5643856415682107,3.7556341010110645
2019-12-31,2.0,0.626980084081034,1.564014184268458,3.75527888783188
2020-01-02,2.0,0.6269792872015922,1.563471199974262,3.7619581423537145
2020-01-03,2.0,0.6286631978433508,1.564239481218428,3.774281700884295
2020-01-06,2.0,0.6286631978433508,1.5656450221728502,3.774281700884295
2020-01-07,2.0,0.6285758414178807,1.5676153186099655,3.772105809790312
2020-01-08,2.0,0.6288130431238872,1.566822680111119,3.7721729328371776
2020-01-09,2.0,0.6287703717050438,1.569058098039168,3.7722131525134848
2020-01-10,2.0,0.632039774126327,1.5679242642666291,3.7622323300825964
2020-01-13,2.0,0.632039774126327,1.5672778978989954,3.749816870070279
2020-01-14,2.0,0.632039774126327,1.5682538330555689,3.755560342780672
2020-01-15,2.0,0.632039774126327,1.5740417607881394,3.7555451886694047
2020-01-16,2.0,0.6374604409635074,1.581017250793835,3.7555451886694047
2020-01-17,2.0,0.639180694154583,1.580855771525153,3.7358733387659906
2020-01-21,2.0,0.6392403932221771,1.5784756723287021,3.7415594819440607
2020-01-22,2.0,0.6392403932221771,1.5753054213613955,3.735471689193291
2020-01-23,2.0,0.6391630247568644,1.5753561254313195,3.735471689193291
2020-01-24,2.0,0.6391630247568644,1.5733519364764834,3.6875032291137724
2020-01-27,2.0,0.6364227240811074,1.5740617530455134,3.683674990907805
2020-01-28,2.0,0.6313756829010135,1.5751403199949685,3.683674990907805
2020-01-29,2.0,0.6297928413609147,1.5726103869157417,3.6992939829513567
2020-01-30,2.0,0.6313756829010135,1.5726103869157417,3.7202313727012566
2020-01-31,2.0,0.6345919997509685,1.5724141436974306,3.7202313727012566
2020-02-03,2.0,0.6352024779572493,1.5737708796786036,3.7535201925861754
2020-02-04,2.0,0.638972958589111,1.575474345549413,3.7627135228041686
2020-02-05,2.0,0.6402691877576936,1.578345895679919,3.7627135228041686
2020-02-06,2.0,0.6402691877576936,1.5754702386236958,3.7627135228041686
2020-02-07,2.0,0.6402691877576936,1.57361718012117,3.762170159381022
2020-02-10,2.0,0.6352170459127464,1.5753537996222708,3.762170159381022
2020-02-11,2.0,0.640261092061584,1.5747553555149612,3.762170159381022
2020-02-12,2.0,0.6347653197678315,1.5709600693483274,3.7622908099009242
2020-02-13,2.0,0.640261092061584,1.57408094330325,3.71090481285817
2020-02-14,2.0,0.6347888382905689,1.5776405598879055,3.7396025102196835
2020-02-18,2.0,0.6347888382905689,1.5820875579003073,3.7627150536397282
2020-02-19,2.0,0.6347653197678315,1.5813328995164806,3.7627150536397282
2020-02-20,2.0,0.6297928413609147,1.5776301329332947,3.7864510293571274
2020-02-21,2.0,0.6297928413609147,1.5813328995164806,3.7533132086226177
2020-02-24,2.0,0.6288480938195707,1.583029906542058,3.7696542642271775
2020-02-25,2.0,0.6288480938195707,1.582904343075829,3.7696542642271775
2020-02-26,2.0,0.6278208869385044,1.5784072435620278,3.775357263790539
2020-02-27,2.0,0.6406976185121718,1.579789142148858,3.7790527177129
2020-02-28,2.0,0.6347281537361009,1.579919075125254,3.8090898152717827
2020-03-02,2.0,0.6347281537361009,1.579789142148858,3.8090898152717827
2020-03-03,2.0,0.6347281537361009,1.5850476501368163,3.8083598758352166
2020-03-04,2.0,0.6347281537361009,1.5831455285826594,3.8083598758352166
2020-03-05,2.0,0.6327255442306494,1.5841009290100185,3.8177690129386685
2020-03-06,2.0,0.6327255442306494,1.5791309742348218,3.8083598758352166
2020-03-09,2.0,0.6327255442306494,1.5777769740781706,3.798004404087364
2020-03-10,2.0,0.6281975859342275,1.5773107636278505,3.8050556210086715
2020-03-11,2.0,0.6277915618968649,1.579085000887304,3.7955817156911693
2020-03-12,2.0,0.6277915618968649,1.579085000887304,3.7976288556526945
2020-03-13,2.0,0.6339086408543003,1.5809560117648684,3.7974815006789275
2020-03-16,2.0,0.6327759085072537,1.5845490729147351,3.7989332285970474
2020-03-17,2.0,0.6277915618968649,1.5902212308454509,3.7974815006789275
2020-03-18,2.0,0.626872475575418,1.5905752493437855,3.7974815006789275
2020-03-19,2.0,0.6251075600977054,1.5920129171850141,3.7989332285970474
2020-03-20,2.0,0.6171446791349079,1.5877221488622681,3.7976288556526945
2020-03-23,2.0,0.6171446791349079,1.5845358586932,3.7987388123796735
2020-03-24,2.0,0.627575021796991,1.5884582902074178,3.822627548077017
2020-03-25,2.0,0.6242476649375187,1.5842990360677343,3.7931195618530205
2020-03-26,2.0,0.6216509054396671,1.5842990360677343,3.7931195618530205
2020-03-27,2.0,0.6257022548813749,1.5840967491309623,3.822449907034473
2020-03-30,2.0,0.6260730248383247,1.5838902579727159,3.8228897442301695
2020-03-31,2.0,0.6260730248383247,1.5836505293906242,3.8228897442301695
2020-04-01,2.0,0.6339152067707691,1.5838045618813434,3.822449907034473
2020-04-02,2.0,0.6289433281595489,1.5834307716391947,3.8228897442301695
2020-04-03,2.0,0.6329076766929638,1.5840692156383187,3.857794800712672
2020-04-06,2.0,0.6305622122117662,1.5850858017715308,3.873771995812188
2020-04-07,2.0,0.6305622122117662,1.584666599921156,3.857725256073147
2020-04-08,2.0,0.6289433281595489,1.58375380006679,3.85800812848507
2020-04-09,2.0,0.6284485077673639,1.5842364815737,3.895438632365688
2020-04-13,2.0,0.6265036150918561,1.5861945316779633,3.9250704362449675
2020-04-14,2.0,0.6265036150918561,1.588311802832081,3.9250704362449675
2020-04-15,2.0,0.6286248896139269,1.5912776419830883,3.8934925978625925
2020-04-16,2.0,0.6286248896139269,1.5975930837496042,3.8902642251880306
2020-04-17,2.0,0.6286248896139269,1.5964775693449584,3.8902642251880306
2020-04-20,2.0,0.6290070259785644,1.5972055461490187,3.8687205367566313
2020-04-21,2.0,0.6315047065113294,1.59798124291504,3.8687205367566313
2020-04-22,2.0,0.6299260875370024,1.5983835678136402,3.893434880013631
2020-04-23,2.0,0.6323188337741783,1.599737198197712,3.893434880013631
2020-04-24,2.0,0.6319963308983615,1.5971187863211371,3.9101030850917518
2020-04-27,2.0,0.6319963308983615,1.5971187863211371,3.913742527417447
2020-04-28,2.0,0.6323238152515437,1.6012330179714522,3.9587509670765493
2020-04-29,2.0,0.6323090127245328,1.5991857005330843,3.9108910530666856
2020-04-30,2.0,0.6323090127245328,1.6071835358030113,3.9108331372893628
2020-05-01,2.0,0.6380812181256134,1.6071835358030113,3.9172927751803615
2020-05-04,2.0,0.6315589322285409,1.6092631702411664,3.88885009117599
2020-05-05,2.0,0.6322498379342644,1.608646861186993,3.88885009117599
2020-05-06,2.0,0.6303219732104268,1.6060204866470147,3.88885009117599
2020-05-07,2.0,0.6311661699285952,1.608646861186993,3.8818733024412158
2020-05-08,2.0,0.6311806045721561,1.6076238219963632,3.894923775669426
2020-05-11,2.0,0.6307265188813632,1.604495615899478,3.90848638497068
2020-05-12,2.0,0.6345718881742971,1.6011727404543044,3.90848638497068
2020-05-13,2.0,0.6345718881742971,1.6078351496056658,3.899705064124321
2020-05-14,2.0,0.6345718881742971,1.602792129849786,3.9088957937423467
2020-05-15,2.0,0.6351712225753859,1.5993289371062192,3.924918183189927
2020-05-18,2.0,0.6451885800074253,1.5991745704029858,3.9357930521700557
2020-05-19,2.0,0.6489531555371213,1.601015820570813,3.9378378272062218
2020-05-20,2.0,0.6472805067445762,1.5990369053264928,3.942409363506309
2020-05-21,2.0,0.6460641034194178,1.607388109523463,3.9378378272062218
2020-05-22,2.0,0.6460641034194178,1.6093857841106178,3.9456886799340536
2020-05-26,2.0,0.6441820933153052,1.6106144476753221,3.942409363506309
2020-05-27,2.0,0.6415308238600484,1.6113903050236744,3.9277974084726646
2020-05-28,2.0,0.6360048194600562,1.6143408906695316,3.9426398534284797
2020-05-29,2.0,0.6360048194600562,1.6179883494005787,3.9426398534284797
2020-06-01,2.0,0.6385665368305329,1.6176937977494297,3.962331929485001
2020-06-02,2.0,0.6385665368305329,1.6143408906695316,3.9791284990915763
2020-06-03,2.0,0.6360165715581424,1.6150438010716106,3.9791284990915763
2020-06-04,2.0,0.6435223567259719,1.6157035040411247,3.9920568364194344
2020-06-05,2.0,0.6435223567259719,1.6182564292654735,3.991995444233435
2020-06-08,2.0,0.6428979330891873,1.6170290293282914,3.9707212392066777
2020-06-09,2.0,0.6435223567259719,1.619544235204285,3.9708134536191526
2020-06-10,2.0,0.6396131278809865,1.6190719741167037,3.991922164866085
2020-06-11,2.0,0.6436148774547138,1.61898293895172,3.973878699148074
2020-06-12,2.0,0.643630748920483,1.620220900962995,3.973878699148074
2020-06-15,2.0,0.6479505501069147,1.620220900962995,3.9703522477871283
2020-06-16,2.0,0.6478532584850237,1.6196489211617755,3.9703522477871283
2020-06-17,2.0,0.6418590395372348,1.620133650304144,3.973504018446181
2020-06-18,2.0,0.6345718881742971,1.6205744461462657,3.967697896620489
2020-06-19,2.0,0.6374981568440827,1.6238174037305146,3.9702896241751637
2020-06-22,2.0,0.6374981568440827,1.6242278163037114,3.9709751724494184
2020-06-23,2.0,0.637521878624545,1.6211875256051953,3.9736011212280298
2020-06-24,2.0,0.6375321196752294,1.6205744461462657,3.9703918102852955
2020-06-25,2.0,0.641272213715848,1.6205744461462657,3.992048286339907
2020-06-26,2.0,0.6486909282802259,1.6198163109124106,4.000070875830501
2020-06-29,2.0,0.6442612136295991,1.6194031982842434,4.041217800656135
2020-06-30,2.0,0.6431070716534445,1.625523426335862,4.06252465538323
2020-07-01,2.0,0.641272213715848,1.622920838477485,4.018416841930463
2020-07-02,2.0,0.6431070716534445,1.6213949358048332,4.002378149891494
2020-07-06,2.0,0.641272213715848,1.6228858814240124,4.042659120235645
2020-07-07,2.0,0.641272213715848,1.6197113457785814,4.022379188801369
2020-07-08,2.0,0.6431536204498053,1.6223478321342537,4.086951621312478
2020-07-09,2.0,0.6454413773315167,1.6240933654962237,4.086951621312478
2020-07-10,2.0,0.6454413773315167,1.62270078584596,4.097296408692672
2020-07-13,2.0,0.6434059009086792,1.6213949358048332,4.096115490236756
2020-07-14,2.0,0.6430141263876303,1.6220980290388696,4.086951621312478
2020-07-15,2.0,0.6439223496190934,1.6177826488723135,4.067410776078123
2020-07-16,2.0,0.6329603111844985,1.617909513216749,4.044561915575673
2020-07-17,2.0,0.6363215249532727,1.6191391682184553,4.044561915575673
2020-07-20,2.0,0.6463266599808482,1.6217659351634162,4.01552952026423
2020-07-21,2.0,0.6486422328410906,1.6237037233744225,4.01552952026423
2020-07-22,2.0,0.6491528685520561,1.6237037233744225,4.01552952026423
2020-07-23,2.0,0.6416022875336292,1.6279103718405308,4.081725123402002
2020-07-24,2.0,0.6444383943683737,1.6348575350843872,4.044925678818717
2020-07-27,2.0,0.6381616929317683,1.6316422791822074,4.055337593496271
2020-07-28,2.0,0.6371765794601018,1.6316422791822074,4.0867519398224825
2020-07-29,2.0,0.6381814137774355,1.6280910237250685,4.081725123402002
2020-07-30,2.0,0.6371959263729203,1.626745753793346,4.077171218153758
2020-07-31,2.0,0.6371959263729203,1.628772255266076,4.081725123402002
2020-08-03,2.0,0.6415919834298892,1.6289655523050526,4.072439717470156
2020-08-04,2.0,0.6442756840300397,1.6291548325266119,4.062156303728496
2020-08-05,2.0,0.6442756840300397,1.629629325240567,4.0747255038516075
2020-08-06,2.0,0.6442756840300397,1.629940633227747,4.0747255038516075
2020-08-07,2.0,0.6459467687644097,1.6263794482321408,4.0747255038516075
2020-08-10,2.0,0.6499671624741242,1.6266999329381402,4.054839100192981
2020-08-11,2.0,0.6459467687644097,1.6264001806025803,4.074692457828124
2020-08-12,2.0,0.6459595926153269,1.6289020928115001,4.061980447489662
2020-08-13,2.0,0.6447847065771575,1.6289020928115001,4.068739125945993
2020-08-14,2.0,0.6437283027462519,1.6270394803393984,4.081465719302845
2020-08-17,2.0,0.6437283027462519,1.622574377414634,4.081604978667588
2020-08-18,2.0,0.6459595926153269,1.6251398095846443,4.103298556720832
2020-08-19,2.0,0.6431464007273173,1.6226808044183576,4.083168791561008
2020-08-20,2.0,0.6459401829120927,1.6223658707116824,4.110753407769025
2020-08-21,2.0,0.6519430470672989,1.6213104811272778,4.110753407769025
2020-08-24,2.0,0.6458210677257348,1.6244700309041165,4.110753407769025
2020-08-25,2.0,0.6458090743864928,1.626636959818964,4.110753407769025
2020-08-26,2.0,0.6458090743864928,1.6272437222114482,4.110753407769025
2020-08-27,2.0,0.6458090743864928,1.631762145820337,4.118962710864273
2020-08-28,2.0,0.6459328787440529,1.6292568239926246,4.125484135719479
2020-08-31,2.0,0.6458090743864928,1.6328852264930096,4.126261356760861
2020-09-01,2.0,0.6507946999007527,1.6332407998925906,4.1257764703968585
2020-09-02,2.0,0.6507946999007527,1.6329097278363027,4.138970306381661
2020-09-03,2.0,0.6540463286679891,1.6312620991898648,4.106245437725685
2020-09-04,2.0,0.6530458728167051,1.6293330733065692,4.122273790005038
2020-09-08,2.0,0.6470362958058468,1.6333931896749856,4.122273790005038
2020-09-09,2.0,0.6470255919693922,1.6361345144893158,4.122273790005038
2020-09-10,2.0,0.6470255919693922,1.635521567377422,4.122273790005038
2020-09-11,2.0,0.6459416689104983,1.6333931896749856,4.120258587879309
2020-09-14,2.0,0.6497624776894045,1.6371628206917692,4.123673317975277
2020-09-15,2.0,0.6497624776894045,1.6399142330910368,4.123673317975277
2020-09-16,2.0,0.6459547848258221,1.6434576072021205,4.126431336218252
2020-09-17,2.0,0.649123164402052,1.63934506704814,4.124202171524492
2020-09-18,2.0,0.6498428400646296,1.6403574180665323,4.124202171524492
2020-09-21,2.0,0.6513928657794407,1.6403574180665323,4.1145216245097
2020-09-22,2.0,0.6513928657794407,1.6429676968573736,4.115107636127985
2020-09-23,2.0,0.6503541912998233,1.6429676968573736,4.1471694401188905
2020-09-24,2.0,0.6498428400646296,1.6450128305071063,4.145038603089982
2020-09-25,2.0,0.6483108566134402,1.6432672969229567,4.152023970991313
2020-09-28,2.0,0.6471654509949462,1.640909570719652,4.1471694401188905
2020-09-29,2.0,0.6471654509949462,1.6397192220202488,4.140927332839302
2020-09-30,2.0,0.6446750491972489,1.640349850970169,4.14515141857113
2020-10-01,2.0,0.6471654509949462,1.6416328606426576,4.117766109128955
2020-10-02,2.0,0.6439519242604083,1.6495454417644595,4.1174698777258305
2020-10-05,2.0,0.6442038936677256,1.6538600944792168,4.1174698777258305
2020-10-06,2.0,0.6398480488246003,1.6518448896666778,4.140442748484764
2020-10-07,2.0,0.6366587915324139,1.6518594205956916,4.140442748484764
2020-10-08,2.0,0.6411105177853594,1.6496364143720443,4.151749881250461
2020-10-09,2.0,0.6411497953236835,1.6504465027465818,4.15225646339189
2020-10-12,2.0,0.6411497953236835,1.6556170194947382,4.179414234630038
2020-10-13,2.0,0.6411497953236835,1.6573730250417622,4.179175254343569
2020-10-14,2.0,0.6411497953236835,1.6545776875763563,4.170372409705957
2020-10-15,2.0,0.6362246387157531,1.6573821761454797,4.1938384401451065
2020-10-16,2.0,0.6362246387157531,1.66100993962554,4.218198352894862
2020-10-19,2.0,0.6362101842215012,1.6585050244566684,4.225502178100165
2020-10-20,2.0,0.6362150215375425,1.6503634572879595,4.235137728221171
2020-10-21,2.0,0.6394727325853152,1.6487702759932095,4.231198897844564
2020-10-22,2.0,0.6411939317202219,1.6506992369877809,4.2167908335842235
2020-10-23,2.0,0.6421593742163594,1.6506992369877809,4.241646677181815
2020-10-26,2.0,0.6416921796060167,1.6509586722284195,4.241646677181815
2020-10-27,2.0,0.6421047535581573,1.6515859789623033,4.192330868398813
2020-10-28,2.0,0.6420136318879341,1.6509586722284195,4.192330868398813
2020-10-29,2.0,0.6361772788413889,1.655257240688759,4.192330868398813
2020-10-30,2.0,0.6361772788413889,1.652110004967255,4.192330868398813
2020-11-02,2.0,0.6343019811034623,1.6540778168963644,4.192330868398813
2020-11-03,2.0,0.6343019811034623,1.6490161484089048,4.192330868398813
2020-11-04,2.0,0.6361938953893587,1.6483077426366526,4.179880200971922
2020-11-05,2.0,0.636200406977481,1.652949937773485,4.179709945736244
2020-11-06,2.0,0.636200406977481,1.6492286307695605,4.192330868398813
2020-11-09,2.0,0.6352436751227264,1.6528880203500158,4.185409023658682
2020-11-10,2.0,0.6352436751227264,1.6497812119769129,4.192330868398813
2020-11-11,2.0,0.6390481601657496,1.6544802057541643,4.206636430803281
2020-11-12,2.0,0.6498411913374209,1.6558057659823797,4.206636430803281
2020-11-13,2.0,0.6498411913374209,1.6532714773258812,4.21346505307467
2020-11-16,2.0,0.6498411913374209,1.654495900436415,4.208105739847877
2020-11-17,2.0,0.6498411913374209,1.65129308681623,4.203674795867266
2020-11-18,2.0,0.6476228266139622,1.6494233776683451,4.197796668226363
2020-11-19,2.0,0.6469229517028822,1.65129308681623,4.190359033287617
2020-11-20,2.0,0.6478363602366841,1.6542613014005898,4.197796668226363
2020-11-23,2.0,0.6469229517028822,1.6530086838883067,4.197796668226363
2020-11-24,2.0,0.6452093455484688,1.6542613014005898,4.203674795867266
2020-11-25,2.0,0.6469229517028822,1.6504682720661734,4.203674795867266
2020-11-27,2.0,0.6469229517028822,1.652390318585347,4.209418736253758
2020-11-30,2.0,0.6468305891779886,1.652390318585347,4.228056754340722
2020-12-01,2.0,0.6413945228197352,1.6544369343169794,4.2764051704919765
2020-12-02,2.0,0.6468305891779886,1.6510106838468959,4.2764051704919765
2020-12-03,2.0,0.6468305891779886,1.6505292917290668,4.255788714017965
2020-12-04,2.0,0.6483388526081898,1.6545520227989843,4.255729552430976
2020-12-07,2.0,0.6483388526081898,1.6564414021438545,4.2574063524870445
2020-12-08,2.0,0.6483388526081898,1.6591745288266648,4.255788714017965
2020-12-09,2.0,0.6483388526081898,1.6587976776394757,4.260127629051331
2020-12-10,2.0,0.6483388526081898,1.6591745288266648,4.260127629051331
2020-12-11,2.0,0.6483388526081898,1.6632541890412642,4.2309822274549544
2020-12-14,2.0,0.6469473328200726,1.6670400437503154,4.2576579032396555
2020-12-15,2.0,0.6468489491989781,1.6645607861822316,4.2576579032396555
2020-12-16,2.0,0.6461049065747109,1.6618539109014612,4.276839059068152
2020-12-17,2.0,0.6468388701801602,1.66223095118477,4.260250725474192
2020-12-18,2.0,0.6468388701801602,1.6630610064326643,4.257255440278976
2020-12-21,2.0,0.6461759293498732,1.6665846679325012,4.246068743672513
2020-12-22,2.0,0.6468388701801602,1.664429548847253,4.260872758672433
2020-12-23,2.0,0.6461759293498732,1.6665846679325012,4.260872758672433
2020-12-24,2.0,0.6493311430062826,1.667391251951525,4.288320405711433
2020-12-28,2.0,0.6461759293498732,1.6716300340513004,4.288320405711433
2020-12-29,2.0,0.6461851209235909,1.6668474445047856,4.288420759807817
2020-12-30,2.0,0.6456872978544707,1.6657107564520337,4.245902296231246
2020-12-31,2.0,0.642959533558257,1.6662698340399675,4.245902296231246
2014-01-02,3.0,0.9699999999999998,1.0,1.0529364611277454
2014-01-03,3.0,0.9642806208705391,1.0,1.0730382372730498
2014-01-06,3.0,0.9409000000000005,1.0,1.1019269994059984
2014-01-07,3.0,0.9408999999999994,1.0,1.1086735636016316
2014-01-08,3.0,0.940899999999996,1.0,1.1142115114244324
2014-01-09,3.0,0.9330700760355308,1.0,1.1155972836224446
2014-01-10,3.0,0.9291387978787476,1.0,1.127758589836952
2014-01-13,3.0,0.9129413176883756,1.0,1.1336973995697692
2014-01-14,3.0,0.9126730000000007,1.0,1.1445329228567742
2014-01-15,3.0,0.9126730000000007,1.0,1.1465791524672597
2014-01-16,3.0,0.912672999999996,1.0,1.1566006320622604
2014-01-17,3.0,0.908638327137579,1.0,1.1632789638154741
2014-01-21,3.0,0.9035468389379475,1.0,1.1707822214660903
2014-01-22,3.0,0.8976815390634157,1.0,1.1776613385879258
2014-01-23,3.0,0.8944057202823975,1.0,1.1829723927944669
2014-01-24,3.0,0.8903910132027747,1.0,1.1848766663528327
2014-01-27,3.0,0.8897871144655327,1.0,1.190652548371086
2014-01-28,3.0,0.8857252475682121,1.0,1.1975168686694733
2014-01-29,3.0,0.8852928099999998,1.0,1.2000190559153063
2014-01-30,3.0,0.8790715105622303,1.0,1.2043699834694843
2014-01-31,3.0,0.8779426560713688,1.0,1.2057675824897867
2014-02-03,3.0,0.8773185426498337,1.0,1.2096531270811102
2014-02-04,3.0,0.8717888602593664,1.0,1.225092554538059
2014-02-05,3.0,0.8671509777988151,1.0,1.2284560010193404
2014-02-06,3.0,0.861517852316188,1.0,1.2289485366067168
2014-02-07,3.0,0.8591796815991299,1.0035137034374717,1.2333842114352762
2014-02-10,3.0,0.8591796815991299,1.0043017292371195,1.2292959517537132
2014-02-11,3.0,0.8544817037916687,1.0042152443990253,1.2322410306636866
2014-02-12,3.0,0.8532859864106992,1.0062994183334333,1.2382000661765047
2014-02-13,3.0,0.8505044975662001,1.0061909071968818,1.2438513854693758
2014-02-14,3.0,0.853128015083135,1.006138696367766,1.249659662406226
2014-02-18,3.0,0.8505044975662001,1.005992149388321,1.258048917633128
2014-02-19,3.0,0.853166732143291,1.0062994183334333,1.2695780325126003
2014-02-20,3.0,0.8510455311833935,1.006275369180977,1.2747904825440308
2014-02-21,3.0,0.845873042468752,1.0064065700305762,1.2820040272442188
2014-02-24,3.0,0.8422470448033618,1.0066844306362506,1.2859085205496488
2014-02-25,3.0,0.8404770555075497,1.0085735374757214,1.2961590913869188
2014-02-26,3.0,0.8392347298747661,1.009566628406163,1.3068907883358434
2014-02-27,3.0,0.8346078511735572,1.0099937398683378,1.3069029274083879
2014-02-28,3.0,0.8345851557117964,1.0101588466684666,1.3069029274083879
2014-03-03,3.0,0.8344844371956363,1.0099769693235232,1.3096541183667745
2014-03-04,3.0,0.8314496173058129,1.011403918067808,1.3104156094912491
2014-03-05,3.0,0.8315883093105537,1.0110408339154402,1.3147818474754513
2014-03-06,3.0,0.8290775990614918,1.0125472187710414,1.3147724202600863
2014-03-07,3.0,0.8226069109939121,1.0128302259515105,1.3238992075244642
2014-03-10,3.0,0.8176295186582981,1.0141750282605315,1.3226343380613523
2014-03-11,3.0,0.812729769111381,1.0142769383267345,1.3280390802661106
2014-03-12,3.0,0.8108960010616355,1.0151687425708265,1.3290589930315055
2014-03-13,3.0,0.8084337234856205,1.0157256620062254,1.342814705178166
2014-03-14,3.0,0.8074994181809391,1.0167557724410543,1.3466419661160953
2014-03-17,3.0,0.806594644317747,1.0167557724410543,1.3531575338070623
2014-03-18,3.0,0.806594644317747,1.017168537914622,1.3530751732952266
2014-03-19,3.0,0.8056682331533941,1.0162889091564797,1.366712885821793
2014-03-20,3.0,0.8036183756911578,1.0162206354637568,1.360595387997601
2014-03-21,3.0,0.8026564907735607,1.0161082134645818,1.360595387997601
2014-03-24,3.0,0.8025153210886209,1.0156936574083173,1.3673388276791094
2014-03-25,3.0,0.7933382557998505,1.015183553191731,1.3673834453992026
2014-03-26,3.0,0.7964196846505505,1.0150332190255154,1.3673834453992026
2014-03-27,3.0,0.7884362235145739,1.0154745982366213,1.3753230200040925
2014-03-28,3.0,0.7928441988015522,1.016086995871951,1.3753230200040925
2014-03-31,3.0,0.7852310970276554,1.0170449405792323,1.383158507023973
2014-04-01,3.0,0.7925788949175399,1.0184374045259608,1.3851541015843074
2014-04-02,3.0,0.7852611730092295,1.0188652008430503,1.3851541015843074
2014-04-03,3.0,0.784039926875293,1.021995897791451,1.384074922424803
2014-04-04,3.0,0.7850409813484609,1.0207176571488912,1.3863334145681236
2014-04-07,3.0,0.785233322314064,1.0218137161331624,1.389983475086716
2014-04-08,3.0,0.7852569606987043,1.0217920669325413,1.3920063976543127
2014-04-09,3.0,0.7865176151695095,1.0216954914013847,1.3963265474254594
2014-04-10,3.0,0.7865176151695095,1.0244320582408197,1.4033852457859832
2014-04-11,3.0,0.7799379741138047,1.0227834380675351,1.394440043360177
2014-04-14,3.0,0.7783109017196971,1.0227094444737255,1.4046754839083997
2014-04-15,3.0,0.7803205455102704,1.0234033211523896,1.406463523614203
2014-04-16,3.0,0.7759296581271844,1.0247086509616266,1.4077525186606967
2014-04-17,3.0,0.7755410236175251,1.0241554997618456,1.4159510136357853
2014-04-21,3.0,0.7736604271118658,1.023627296428182,1.4278337838911808
2014-04-22,3.0,0.7715270883140335,1.0248661019347414,1.4331308412184929
2014-04-23,3.0,0.7715270883140335,1.0249321786571062,1.4173675697110908
2014-04-24,3.0,0.7699142763428579,1.024633623294522,1.4213193825923274
2014-04-25,3.0,0.7661052189956513,1.024896715147276,1.42198217643595
2014-04-28,3.0,0.7661052189956513,1.025926494893766,1.432014185523934
2014-04-29,3.0,0.7611821266420263,1.027440700483857,1.4388000489237207
2014-04-30,3.0,0.7600337819373867,1.0282739146977113,1.4388000489237207
2014-05-01,3.0,0.7585471254120004,1.0293444414093866,1.440140382573986
2014-05-02,3.0,0.7600261823645289,1.0301124278466567,1.435844909000799
2014-05-05,3.0,0.7594485654198093,1.0309083376319381,1.4431961049428064
2014-05-06,3.0,0.7531994401651358,1.030443467885823,1.456130020118777
2014-05-07,3.0,0.7512367731259464,1.0298556405297439,1.456130020118777
2014-05-08,3.0,0.7512166730740084,1.031186781097185,1.456130020118777
2014-05-09,3.0,0.7512166730740084,1.0326369614789201,1.4561209612439006
2014-05-12,3.0,0.7477416124175535,1.0310952288174269,1.4648133999030546
2014-05-13,3.0,0.7444886062099481,1.0326206835807845,1.4738481674335837
2014-05-14,3.0,0.7444886062099481,1.033512517370979,1.4739448982302443
2014-05-15,3.0,0.7419714940493323,1.0338269435144787,1.4754526113260298
2014-05-16,3.0,0.744329342792131,1.0349208169312212,1.490727529102661
2014-05-19,3.0,0.7446184694210012,1.0350407579137393,1.4928558816228301
2014-05-20,3.0,0.7416983224303907,1.0369273069015712,1.474241498520169
2014-05-21,3.0,0.7412430131410463,1.0371699033667996,1.4762424973456592
2014-05-22,3.0,0.7440817662870084,1.0378023449488467,1.4809144064594464
2014-05-23,3.0,0.744329342792131,1.0372277321475927,1.488424464195361
2014-05-27,3.0,0.7445456730054144,1.0391311438904867,1.4930186773278642
2014-05-28,3.0,0.7446184694210012,1.039080924337477,1.483046033716067
2014-05-29,3.0,0.7452903845896386,1.039080924337477,1.483046033716067
2014-05-30,3.0,0.7455224339864112,1.03788777361478,1.4873626772058326
2014-06-02,3.0,0.7412746578831881,1.037223859158122,1.4933975920591531
2014-06-03,3.0,0.7398101065158234,1.0373168190193214,1.4886320082560076
2014-06-04,3.0,0.7398133906120491,1.0371233496942147,1.4934294223950577
2014-06-05,3.0,0.7390364509835711,1.0373168190193214,1.4942955815701466
2014-06-06,3.0,0.740199850153954,1.0385199616268834,1.5017881572861154
2014-06-09,3.0,0.7378002254834144,1.0417167913560594,1.5041788877613946
2014-06-10,3.0,0.7356938177087903,1.0402650803852125,1.5084015298471338
2014-06-11,3.0,0.7357671682930054,1.0387565523596551,1.5084015298471338
2014-06-12,3.0,0.735855831598729,1.0425906516301335,1.5136994856405332
2014-06-13,3.0,0.7358552847088522,1.0417881537298892,1.5110007250005824
2014-06-16,3.0,0.7358552847088522,1.0417492201105718,1.5168325882562084
2014-06-17,3.0,0.735685904761003,1.039836890664441,1.524314814398117
2014-06-18,3.0,0.736670733071324,1.0406520355523883,1.528901508499561
2014-06-19,3.0,0.7385553613411542,1.0422141537305292,1.5421850748995776
2014-06-20,3.0,0.736670733071324,1.045686982394385,1.546737319554092
2014-06-23,3.0,0.7366800287612068,1.0468276032535535,1.5560659312330345
2014-06-24,3.0,0.7357719838023971,1.0466247055395317,1.559432908375013
2014-06-25,3.0,0.7322438011008862,1.0477637179668822,1.5588374650318046
2014-06-26,3.0,0.725367711422502,1.0486998796797395,1.5621459738922996
2014-06-27,3.0,0.7286070428490602,1.0493099480562087,1.5588374650318046
2014-06-30,3.0,0.7218992056403949,1.0515058464333866,1.5593544187216373
2014-07-01,3.0,0.7207690246869183,1.05266362957799,1.5587668852832983
2014-07-02,3.0,0.7215571438402664,1.0494089442163541,1.5593544187216373
2014-07-03,3.0,0.7207340144849207,1.0503867421255657,1.5753066906663646
2014-07-07,3.0,0.7179187813007187,1.051155520695027,1.577499132723318
2014-07-08,3.0,0.7180986475737772,1.0537139479252204,1.577499132723318
2014-07-09,3.0,0.7200228725755053,1.0523932270932452,1.6051884601719422
2014-07-10,3.0,0.719478541101685,1.0521213527798705,1.595226091804131
2014-07-11,3.0,0.719478541101685,1.052221013956518,1.6018038690265408
2014-07-14,3.0,0.7200620854305585,1.0525055236284846,1.5926069138290557
2014-07-15,3.0,0.7191754503461956,1.0548134481254423,1.590056328956951
2014-07-16,3.0,0.7181181282933128,1.0545925510666332,1.5911623557950472
2014-07-17,3.0,0.7139710768237685,1.0553127464941188,1.5910692332314356
2014-07-18,3.0,0.7139710768237685,1.057589871708997,1.5952147906672587
2014-07-21,3.0,0.7139710768237685,1.0579894118718711,1.5958379318599443
2014-07-22,3.0,0.7186918409622223,1.0574505284913482,1.5962546653754661
2014-07-23,3.0,0.7186918409622223,1.0568517976983878,1.6020401319515367
2014-07-24,3.0,0.7172300080329198,1.057874328410246,1.6020401319515367
2014-07-25,3.0,0.7166216054164836,1.0569333084530874,1.6020401319515367
2014-07-28,3.0,0.7159870380981508,1.0582571655148136,1.6148898096410205
2014-07-29,3.0,0.7139487011181457,1.058370579454483,1.6244739736109248
2014-07-30,3.0,0.7100351254410844,1.057194213116461,1.6342387504270768
2014-07-31,3.0,0.7166216054164836,1.0580419104323566,1.6243272168597378
2014-08-01,3.0,0.7172468210019137,1.0593491278753777,1.6308908055611842
2014-08-04,3.0,0.7114152659846811,1.058326798767038,1.6282475826652065
2014-08-05,3.0,0.7113616109090747,1.059602909431633,1.6369829073513198
2014-08-06,3.0,0.7113616109090747,1.0600295595103977,1.6369829073513198
2014-08-07,3.0,0.7119374143258393,1.060265276789941,1.6369829073513198
2014-08-08,3.0,0.7115584863693813,1.0609162448946854,1.6394752133593118
2014-08-11,3.0,0.7082766541967419,1.06288592742459,1.6441120584813038
2014-08-12,3.0,0.704688668479534,1.066921759428607,1.6489736888049784
2014-08-13,3.0,0.7043677133632149,1.066921759428607,1.6509346404180372
2014-08-14,3.0,0.7043677133632149,1.0669993769012651,1.661239845580747
2014-08-15,3.0,0.7062585309002548,1.064882520566289,1.664992438513143
2014-08-18,3.0,0.7060715309006804,1.0680233847873044,1.66272778751643
2014-08-19,3.0,0.7031268141388557,1.068205023518805,1.66272778751643
2014-08-20,3.0,0.7010714506192147,1.068029480518209,1.6721324674316866
2014-08-21,3.0,0.7009581306828744,1.0678024828757953,1.6721324674316866
2014-08-22,3.0,0.7009581306828744,1.0669583602287567,1.6851642179248263
2014-08-25,3.0,0.6996870032190425,1.0700185812371927,1.7004866727632797
2014-08-26,3.0,0.6982783403764938,1.0676327874004472,1.7004866727632797
2014-08-27,3.0,0.6977269362301897,1.0685223832815058,1.7071001276620954
2014-08-28,3.0,0.6982783403764938,1.067976507912245,1.7164341824277445
2014-08-29,3.0,0.6930856086455511,1.0677048756521752,1.7249591097047607
2014-09-02,3.0,0.6981590486124034,1.0675598200577143,1.7164852751631825
2014-09-03,3.0,0.6941053002103428,1.0690605343162787,1.7150780157727814
2014-09-04,3.0,0.6927097482747093,1.0705608823590105,1.7150780157727814
2014-09-05,3.0,0.6925122001934622,1.0711167320777402,1.7150780157727814
2014-09-08,3.0,0.6930865218333896,1.0713708046931674,1.6977903382332047
2014-09-09,3.0,0.6941053002103428,1.0736690193806293,1.7004541048193293
2014-09-10,3.0,0.6925287717633938,1.075242475460297,1.6964823621561478
2014-09-11,3.0,0.6927100464305147,1.0739898733655298,1.713691664801671
2014-09-12,3.0,0.6927100464305147,1.0754314838055898,1.7136042146343817
2014-09-15,3.0,0.6918880247471032,1.075888323847162,1.7235059696737705
2014-09-16,3.0,0.6918371302622355,1.0763370792150755,1.73943957435024
2014-09-17,3.0,0.6918371302622355,1.0762561919526545,1.73415569399915
2014-09-18,3.0,0.6918371302622355,1.0762561919526545,1.7460009481423298
2014-09-19,3.0,0.6902249431271019,1.0754640590147806,1.7476021444760987
2014-09-22,3.0,0.6896289755700248,1.0757466984443744,1.7464121785308195
2014-09-23,3.0,0.6926926737198421,1.0731616503037744,1.7464121785308195
2014-09-24,3.0,0.6937844805181868,1.0725751326388169,1.7476435775154373
2014-09-25,3.0,0.6938076273911131,1.072025238687762,1.755462969660212
2014-09-26,3.0,0.6917834927741826,1.0706440641351045,1.7577117932838087
2014-09-29,3.0,0.6892259857372472,1.0696745169819994,1.7587535505642402
2014-09-30,3.0,0.6892259857372472,1.0714622080767242,1.7602467865067617
2014-10-01,3.0,0.6892259857372472,1.0737835601919405,1.7628404660140862
2014-10-02,3.0,0.6886837892510871,1.0737835601919405,1.7694192255414667
2014-10-03,3.0,0.6885157583891314,1.0733443310551167,1.7694192255414667
2014-10-06,3.0,0.6885157583891314,1.0737835601919405,1.757748486979638
2014-10-07,3.0,0.688294888585183,1.0758006307990362,1.757748486979638
2014-10-08,3.0,0.6849219986204297,1.0767248233320452,1.7602467865067617
2014-10-09,3.0,0.6849219986204297,1.078194787762782,1.7602467865067617
2014-10-10,3.0,0.6863056926528703,1.0813696725551938,1.7602467865067617
2014-10-13,3.0,0.6844287535192068,1.0798296748910547,1.7602467865067617
2014-10-14,3.0,0.687285483570436,1.0810073441911299,1.7569613085847473
2014-10-15,3.0,0.6863056926528703,1.0838695371766889,1.7612013292305215
2014-10-16,3.0,0.6859693799802049,1.0837307419061557,1.7698311686079908
2014-10-17,3.0,0.6837165111789949,1.0831895904533884,1.7709949132618534
2014-10-20,3.0,0.6824171379139918,1.0843374003075104,1.7721147610393806
2014-10-21,3.0,0.6793628804503393,1.0856420862469807,1.7722936388165602
2014-10-22,3.0,0.6747489931124179,1.0862043611847756,1.7821176694610585
2014-10-23,3.0,0.6776492054261669,1.0847219564232637,1.7897442932404342
2014-10-24,3.0,0.6824582503866162,1.085105641394893,1.7897442932404342
2014-10-27,3.0,0.6824582503866162,1.0860458033038203,1.8023050280172814
2014-10-28,3.0,0.6793590978915797,1.0858782029549778,1.796675381746327
2014-10-29,3.0,0.684287396957869,1.085105641394893,1.796675381746327
2014-10-30,3.0,0.6829321272044627,1.085105641394893,1.7966722065142082
2014-10-31,3.0,0.6820486028098973,1.0861482582971744,1.7966722065142082
2014-11-03,3.0,0.6753821144795737,1.0899678095781777,1.7972027422069417
2014-11-04,3.0,0.6820486028098973,1.090067041256455,1.8121753629080386
2014-11-05,3.0,0.6803928528914348,1.0907809199706207,1.8117463178506044
2014-11-06,3.0,0.6820486028098973,1.0907809199706207,1.8121753629080386
2014-11-07,3.0,0.6807201355515418,1.088300905998671,1.812150191807077
2014-11-10,3.0,0.6753821144795737,1.0892729904632965,1.8134629232271744
2014-11-11,3.0,0.6820012785281019,1.0922253605512777,1.816451291124502
2014-11-12,3.0,0.6830297729960524,1.091752940556127,1.8325745342964166
2014-11-13,3.0,0.6821720794232913,1.0938982289470132,1.8325745342964166
2014-11-14,3.0,0.6821792232300249,1.094561079342236,1.8387871391662685
2014-11-17,3.0,0.6728703942463813,1.096075723825833,1.8457881435215446
2014-11-18,3.0,0.672279996729821,1.096075723825833,1.8457881435215446
2014-11-19,3.0,0.6724086346864678,1.0998492978139751,1.8411458250543595
2014-11-20,3.0,0.6724086346864678,1.100189591600393,1.847620456703181
2014-11-21,3.0,0.6678664196075739,1.09976614593273,1.8442241059916635
2014-11-24,3.0,0.6660333585426498,1.0991203231812006,1.8323424206329426
2014-11-25,3.0,0.6688018310802928,1.0957397560304012,1.8455111396486241
2014-11-26,3.0,0.6688071628443573,1.0949022411904896,1.8455111396486241
2014-11-28,3.0,0.6694967608543325,1.094447028145433,1.8457881435215446
2014-12-01,3.0,0.6688283169952856,1.094538033332951,1.8455111396486241
2014-12-02,3.0,0.6687543825500143,1.09416073850551,1.8475123130043838
2014-12-03,3.0,0.6674881704813008,1.0952863391059164,1.8502308073523634
2014-12-04,3.0,0.6665835361126008,1.0962370569013964,1.8557091642354946
2014-12-05,3.0,0.66211095410369,1.0994416735461359,1.8666347652484079
2014-12-08,3.0,0.6617035712936133,1.0994416735461359,1.8689006384532578
2014-12-09,3.0,0.6617035712936133,1.0984864392273472,1.8858698201902437
2014-12-10,3.0,0.6590919902906031,1.1013916875690808,1.8666629456355446
2014-12-11,3.0,0.6616876921041739,1.100089512184796,1.8576144198745252
2014-12-12,3.0,0.66211095410369,1.100511963750595,1.8576144198745252
2014-12-15,3.0,0.66211095410369,1.100035809418912,1.8548327610770192
2014-12-16,3.0,0.6570536409692125,1.0993623195114517,1.8516813506283356
2014-12-17,3.0,0.6570536409692125,1.0984864392273472,1.8762177479766924
2014-12-18,3.0,0.65701171246709,1.0991074476816745,1.878820120776216
2014-12-19,3.0,0.6675154054666157,1.1014203337660473,1.8636403276582703
2014-12-22,3.0,0.6675154054666157,1.1028532647597626,1.8668574166785565
2014-12-23,3.0,0.6690405285457763,1.1017839463432073,1.8797037579955669
2014-12-24,3.0,0.6611920260098205,1.1017839463432073,1.8797037579955669
2014-12-26,3.0,0.6637434709873389,1.1005447290620722,1.8766098503642894
2014-12-29,3.0,0.6637680105203106,1.1026118930993647,1.8797037579955669
2014-12-30,3.0,0.6583208363703134,1.1018765299007551,1.893915472400914
2014-12-31,3.0,0.6578127338673243,1.1020303308495751,1.8995532906338846
2015-01-02,3.0,0.6577989644427664,1.1024029287859745,1.906104721660032
2015-01-05,3.0,0.6577989644427664,1.0998803426801735,1.9263456002219732
2015-01-06,3.0,0.6546205422253041,1.100479737561535,1.9197761072159811
2015-01-07,3.0,0.657867872813876,1.1016435210948532,1.9197761072159811
2015-01-08,3.0,0.6620673874167922,1.1015557782186582,1.9171957596133424
2015-01-09,3.0,0.6612234314283106,1.1028264384832696,1.9273332160334313
2015-01-12,3.0,0.6522038547874335,1.1022166656646513,1.931153678712991
2015-01-13,3.0,0.6545815491758128,1.1027524942706939,1.9319734209770227
2015-01-14,3.0,0.6578517356742588,1.1028264384832696,1.9358851427382109
2015-01-15,3.0,0.6578517356742588,1.104194762259199,1.9319734209770227
2015-01-16,3.0,0.655389702238829,1.1047866982865462,1.9474582036634978
2015-01-20,3.0,0.658230191359994,1.1036169570862617,1.9392011574424277
2015-01-21,3.0,0.6546302390045347,1.1067745033860266,1.9326753368125138
2015-01-22,3.0,0.6553717906197782,1.1053144043964032,1.9268230414731982
2015-01-23,3.0,0.6612889928428287,1.1066534625095121,1.9320535584019998
2015-01-26,3.0,0.658206717294153,1.1059192392297001,1.93588151142671
2015-01-27,3.0,0.6554724844197531,1.107681034509532,1.9320535584019998
2015-01-28,3.0,0.6553470678230253,1.1072636158502027,1.9358209693961304
2015-01-29,3.0,0.6572622192406731,1.10620774226402,1.9223178656960962
2015-01-30,3.0,0.6590013334054724,1.1047924926540809,1.9358239989330466
2015-02-02,3.0,0.6589336285372724,1.1034710054661079,1.93676189240546
2015-02-03,3.0,0.6553470678230253,1.1066867348403981,1.9492561155890926
2015-02-04,3.0,0.651456279648356,1.105725468142205,1.960188637547971
2015-02-05,3.0,0.651456279648356,1.109078558042425,1.959168906263078
2015-02-06,3.0,0.651456279648356,1.108132937141121,1.9659824559060906
2015-02-09,3.0,0.6535783990135452,1.108741926192568,1.9904040955963536
2015-02-10,3.0,0.651243886475941,1.1122898287770293,1.992314251378699
2015-02-11,3.0,0.6473888942017911,1.1111657107103214,1.9968129964378973
2015-02-12,3.0,0.6473888942017911,1.116472074043795,1.9931618937139048
2015-02-13,3.0,0.6456633140741255,1.1171234100866512,1.9968129964378973
2015-02-17,3.0,0.6456633140741255,1.1202730980224138,2.015289093369735
2015-02-18,3.0,0.6456633140741255,1.1191183982439803,1.999078837471219
2015-02-19,3.0,0.6503452585605609,1.1183421571427266,1.9923233961045301
2015-02-20,3.0,0.6456633140741255,1.120615911245575,2.035219117739685
2015-02-23,3.0,0.6437863369255814,1.1201259908952603,2.000534272311353
2015-02-24,3.0,0.6437863369255814,1.1210625808161852,2.007685812154254
2015-02-25,3.0,0.6405452559073771,1.1201259908952603,2.0374407412414577
2015-02-26,3.0,0.6405452559073771,1.1201437522432909,2.0374407412414577
2015-02-27,3.0,0.6405452559073771,1.1204724341285566,2.0427810331564134
2015-03-02,3.0,0.6388336154120902,1.119444936435266,2.0427810331564134
2015-03-03,3.0,0.6434977435316181,1.1210073627243258,2.0242769029867564
2015-03-04,3.0,0.6424945253134718,1.123448260386632,2.0242769029867564
2015-03-05,3.0,0.641133437284634,1.1238150941357068,2.0526782317593892
2015-03-06,3.0,0.6405503864742336,1.1254667647020904,2.034473245749011
2015-03-09,3.0,0.637191879498422,1.1262578199345636,2.0344261032936863
2015-03-10,3.0,0.6388412694377289,1.1243605435016764,2.051621087761518
2015-03-11,3.0,0.63723966252741,1.12463209107456,2.0635297934980086
2015-03-12,3.0,0.6368078176888006,1.1257555249143705,2.063214981293023
2015-03-13,3.0,0.6368078176888006,1.1288370560105847,2.067655119337074
2015-03-16,3.0,0.6388336154120902,1.129676796750605,2.064506377941808
2015-03-17,3.0,0.6392232190182469,1.1319225711267609,2.0611345415958233
2015-03-18,3.0,0.6388336154120902,1.1348756015771844,2.0549327337900034
2015-03-19,3.0,0.6368869529095569,1.1296289522022902,2.0635307980636854
2015-03-20,3.0,0.6400410823080256,1.1283048739037442,2.0643589348330713
2015-03-23,3.0,0.6425355776389092,1.1252123699390228,2.0646504834166395
2015-03-24,3.0,0.6425908693818547,1.1314775511756197,2.0742413979596797
2015-03-25,3.0,0.6437597067470078,1.1283048739037442,2.0747802395327453
2015-03-26,3.0,0.6437688465783494,1.1311038034294814,2.084397659221173
2015-03-27,3.0,0.6460013134488019,1.1319225711267609,2.084283485888942
2015-03-30,3.0,0.6437688465783494,1.1314492721292089,2.11379026166546
2015-03-31,3.0,0.6425385458723729,1.1328049920164935,2.115154189192802
2015-04-01,3.0,0.6370091336035932,1.1311038034294814,2.11379026166546
2015-04-02,3.0,0.6383896967359749,1.1319225711267609,2.1083181956976045
2015-04-06,3.0,0.642229490191425,1.132123728350561,2.1132708729865626
2015-04-07,3.0,0.6444378735166962,1.1333593035414022,2.1310626128842696
2015-04-08,3.0,0.6485146514203239,1.1342041132835807,2.1389513263914943
2015-04-09,3.0,0.6444171052170551,1.1341592920120354,2.137891212019041
2015-04-10,3.0,0.6413369297755865,1.1353800141281278,2.1389513263914943
2015-04-13,3.0,0.6428825204333269,1.1348806458202407,2.1389513263914943
2015-04-14,3.0,0.6413370013847514,1.1343391383352746,2.113795743515329
2015-04-15,3.0,0.6377899765025806,1.1323520321554896,2.113795743515329
2015-04-16,3.0,0.6359122889082683,1.1323520321554896,2.119676404960272
2015-04-17,3.0,0.6314554808271868,1.1340863828602776,2.128404503142059
2015-04-20,3.0,0.6325061602502512,1.1336713456997187,2.131984669074782
2015-04-21,3.0,0.6286023201918426,1.13696161846372,2.1442069103221595
2015-04-22,3.0,0.6285901808809656,1.1405849788615858,2.1686094510767004
2015-04-23,3.0,0.6285901808809656,1.1387628782308232,2.17775323223365
2015-04-24,3.0,0.6259077353455966,1.1408828290028847,2.1791547905471886
2015-04-27,3.0,0.6285524957007028,1.142328097025279,2.1791547905471886
2015-04-28,3.0,0.6294623024978196,1.144465929488602,2.183528163271274
2015-04-29,3.0,0.6231033370950408,1.144465929488602,2.1796959372161155
2015-04-30,3.0,0.6256749175724698,1.1425886742637625,2.2076976622067472
2015-05-01,3.0,0.6327247647341682,1.1437274440096803,2.211536098580676
2015-05-04,3.0,0.6285990554723662,1.142685777670405,2.2076976622067472
2015-05-05,3.0,0.632628491124486,1.1434043602034998,2.2195912773192483
2015-05-06,3.0,0.6305522916054955,1.145972762953717,2.1952624877723568
2015-05-07,3.0,0.6251280979110774,1.1465435784211384,2.194778010958269
2015-05-08,3.0,0.6273476508395346,1.1483416393835726,2.191417670427395
2015-05-11,3.0,0.6194968201558393,1.1498592390517008,2.1916227527664436
2015-05-12,3.0,0.6213572341985996,1.150502216142331,2.191417670427395
2015-05-13,3.0,0.6213572341985996,1.149546852175896,2.1914429170522083
2015-05-14,3.0,0.6227128511779962,1.15542065592761,2.1926073711341667
2015-05-15,3.0,0.6264359179409116,1.1603476934191073,2.194880087152973
2015-05-18,3.0,0.6264359179409116,1.1561846905781015,2.1926073711341667
2015-05-19,3.0,0.6273795745175696,1.1561846905781015,2.1953784056980283
2015-05-20,3.0,0.6292215429555765,1.159521265514663,2.221058138038693
2015-05-21,3.0,0.6287581663802839,1.1636250632429364,2.2210194108701944
2015-05-22,3.0,0.630233482674276,1.1636250632429364,2.2228676464012334
2015-05-26,3.0,0.6264445157971298,1.1621182288065117,2.224629533205757
2015-05-27,3.0,0.6280477036810664,1.1618587444126072,2.2210194108701944
2015-05-28,3.0,0.6264359179409116,1.1621182288065117,2.221161932230679
2015-05-29,3.0,0.6251466950777903,1.1621884653367425,2.20917363963269
2015-06-01,3.0,0.6214552501307464,1.1633052945616873,2.2423049361794942
2015-06-02,3.0,0.6165786113307433,1.163490554555122,2.2424100189378464
2015-06-03,3.0,0.6165786113307433,1.1664669604584226,2.2548490845111897
2015-06-04,3.0,0.615984240828411,1.1654741488665556,2.242857138164865
2015-06-05,3.0,0.6160717598001066,1.1665366818690601,2.257990071449407
2015-06-08,3.0,0.6161418607509902,1.1659603375199865,2.257990071449407
2015-06-09,3.0,0.6138375493847374,1.1672804666221566,2.261632483365519
2015-06-10,3.0,0.6128764634783423,1.1693754449740759,2.261475177767484
2015-06-11,3.0,0.612511910983417,1.1698863511229625,2.2632684709527147
2015-06-12,3.0,0.6100457773879903,1.17255559442692,2.2616190578038835
2015-06-15,3.0,0.6088876724316451,1.1728929976593283,2.249306204336551
2015-06-16,3.0,0.6156760589975453,1.1747946004364933,2.261773426194691
2015-06-17,3.0,0.6156760589975453,1.1775744184145578,2.2713095373288037
2015-06-18,3.0,0.6125129412480468,1.175934311077265,2.2770969957369243
2015-06-19,3.0,0.6148360967097415,1.1775744184145578,2.2818814826471785
2015-06-22,3.0,0.6091103516188746,1.1784090021179128,2.3022457814017026
2015-06-23,3.0,0.6091103516188746,1.1801172289037452,2.2952982971678897
2015-06-24,3.0,0.6147526111733007,1.1796594260043358,2.269830790891732
2015-06-25,3.0,0.6147611963353552,1.1797461865844956,2.2910710532408234
2015-06-26,3.0,0.6165024465916962,1.1790410774777096,2.2766294762478836
2015-06-29,3.0,0.6090300667485303,1.1791892386307548,2.2702361216587574
2015-06-30,3.0,0.6079485042358608,1.1775626854926697,2.2935285875116196
2015-07-01,3.0,0.6079485042358608,1.1785782707490822,2.309952178045734
2015-07-02,3.0,0.6070047064469688,1.1764468742058751,2.311456742993001
2015-07-06,3.0,0.609086438219579,1.1766366548203413,2.3386718592479454
2015-07-07,3.0,0.6029621146015246,1.1766306618369158,2.3181350677303545
2015-07-08,3.0,0.6069124784426178,1.1768183167511972,2.3178935931774345
2015-07-09,3.0,0.6079389877362986,1.1777564735362152,2.3087153070510005
2015-07-10,3.0,0.6079389877362986,1.1769019823455702,2.338603495502604
2015-07-13,3.0,0.6125741676891507,1.1765380426519894,2.3429195638838536
2015-07-14,3.0,0.6090625257405846,1.1783049155737841,2.3228831101218312
2015-07-15,3.0,0.6070317377301945,1.1769019823455702,2.338603495502604
2015-07-16,3.0,0.6027010496490076,1.178390218824978,2.317994224427123
2015-07-17,3.0,0.6026501848641658,1.1784807072629313,2.3228831101218312
2015-07-20,3.0,0.6040462550716765,1.1786246618105614,2.3332722780427786
2015-07-21,3.0,0.5969098890766158,1.1784807072629313,2.319165849899514
2015-07-22,3.0,0.5969098890766158,1.1795871114454817,2.3225276206067504
2015-07-23,3.0,0.5961869711500556,1.181957827636892,2.3154374885578015
2015-07-24,3.0,0.5961869711500556,1.1827042991491317,2.324825304114763
2015-07-27,3.0,0.5961869711500556,1.1821983408077457,2.31921938179548
2015-07-28,3.0,0.5960471909724498,1.1822200240818985,2.319418966599728
2015-07-29,3.0,0.5960471909724498,1.182343125658655,2.3191806381002644
2015-07-30,3.0,0.5966347259024638,1.185250071469174,2.3509969019043675
2015-07-31,3.0,0.6033595269879919,1.1827042991491317,2.3572406035525946
2015-08-03,3.0,0.6027664264669061,1.1828659001694692,2.3510507504625555
2015-08-04,3.0,0.6066454638055052,1.1825546584232258,2.3510507504625555
2015-08-05,3.0,0.6035011447490749,1.1874695191316964,2.33936547818127
2015-08-06,3.0,0.6042647694959041,1.1916193173444212,2.360966601590302
2015-08-07,3.0,0.6042647694959041,1.1913974168589525,2.3583810946833053
2015-08-10,3.0,0.6027832070883624,1.1891160391145452,2.3618003673797094
2015-08-11,3.0,0.6027832070883624,1.189351857817078,2.3633622919620176
2015-08-12,3.0,0.6027832070883624,1.1869025222509355,2.3666520323278966
2015-08-13,3.0,0.6027832070883624,1.1850591607837042,2.366609856423845
2015-08-14,3.0,0.6042647694959041,1.187148870923586,2.3666486494144214
2015-08-17,3.0,0.6017760692486579,1.186255859904413,2.3666486494144214
2015-08-18,3.0,0.6000408342173383,1.188504007722687,2.368394833281347
2015-08-19,3.0,0.60174907403327,1.185521084759812,2.368394833281347
2015-08-20,3.0,0.6018758111982077,1.1845245789549383,2.3686197438905885
2015-08-21,3.0,0.6017773112387291,1.1852986425949141,2.389185062755522
2015-08-24,3.0,0.6017368857218586,1.1845765110464523,2.368905631251294
2015-08-25,3.0,0.6005064602758585,1.1845829759660558,2.3834263103342996
2015-08-26,3.0,0.6005064602758585,1.182624851138431,2.3891031850134654
2015-08-27,3.0,0.6005064602758585,1.182624851138431,2.3948756065606416
2015-08-28,3.0,0.5990982075722939,1.1826450829544954,2.3690501305598595
2015-08-31,3.0,0.6032662516720175,1.182145109134006,2.400274852014727
2015-09-01,3.0,0.5988334504317269,1.1841713720021216,2.402565201895514
2015-09-02,3.0,0.5961042613419668,1.186339832492031,2.402565201895514
2015-09-03,3.0,0.5958452122252229,1.1862770422677396,2.400274852014727
2015-09-04,3.0,0.5988909135179779,1.1845765972598632,2.3947843193326253
2015-09-08,3.0,0.5968140877938258,1.1851115820670057,2.3947843193326253
2015-09-09,3.0,0.5960604419563581,1.1851115820670057,2.3947843193326253
2015-09-10,3.0,0.6036679361327296,1.189102424496654,2.396594474212902
2015-09-11,3.0,0.6046863336683909,1.192104517520078,2.399390051134631
2015-09-14,3.0,0.6046438977460866,1.193784826354903,2.415762454005679
2015-09-15,3.0,0.5972359125481124,1.193497606167142,2.4236171438534835
2015-09-16,3.0,0.5967641818640673,1.1910646820603863,2.4392192130367127
2015-09-17,3.0,0.596652642061975,1.189092366016729,2.4465049277547286
2015-09-18,3.0,0.5940868657549139,1.1886917671029549,2.4620943425785757
2015-09-21,3.0,0.596652642061975,1.1937137306109062,2.470143036456676
2015-09-22,3.0,0.5930177369046433,1.1897121772973516,2.4780790216588904
2015-09-23,3.0,0.596687126697208,1.1925945047331639,2.4780790216588904
2015-09-24,3.0,0.596687126697208,1.1961769042815011,2.5106893569449347
2015-09-25,3.0,0.6033077058163985,1.2002180649138912,2.513491149370044
2015-09-28,3.0,0.603346475952075,1.2024391875110094,2.538156761904074
2015-09-29,3.0,0.6041173010063596,1.2002180649138912,2.527325545829322
2015-09-30,3.0,0.6041173010063596,1.200420603110285,2.5240599037946154
2015-10-01,3.0,0.603680478159222,1.2026155382470407,2.5240599037946154
2015-10-02,3.0,0.6027742704105153,1.202314053772883,2.512168776756526
2015-10-05,3.0,0.6028735894364821,1.2026155382470407,2.5240289897955894
2015-10-06,3.0,0.6034225081366132,1.203144529620256,2.5241453200502453
2015-10-07,3.0,0.6012740375864516,1.205555981640043,2.5413693100732213
2015-10-08,3.0,0.602536448214585,1.2081160501782802,2.5408945558400435
2015-10-09,3.0,0.6020626885154593,1.209840600742237,2.5413693100732213
2015-10-12,3.0,0.6029123107829001,1.2081160501782802,2.559903826802603
2015-10-13,3.0,0.602487665932995,1.209840600742237,2.558673550036782
2015-10-14,3.0,0.6034225081366132,1.2094192213084054,2.559903826802603
2015-10-15,3.0,0.6052887501276271,1.209287591169619,2.586123632732298
2015-10-16,3.0,0.6052887501276271,1.2098428587374224,2.561183085098676
2015-10-19,3.0,0.6037731001986689,1.2112134096612355,2.586123632732298
2015-10-20,3.0,0.6026184699348737,1.2106149312365326,2.586123632732298
2015-10-21,3.0,0.6026184699348737,1.21206375883141,2.585044001235199
2015-10-22,3.0,0.5982177495519783,1.2166041740288722,2.574765344118181
2015-10-23,3.0,0.6003383293547797,1.214750068467643,2.574765344118181
2015-10-26,3.0,0.6037156762689407,1.217628620179536,2.574765344118181
2015-10-27,3.0,0.5986344781087152,1.21961911098495,2.574765344118181
2015-10-28,3.0,0.6002625299542673,1.218605569110432,2.556337135804704
2015-10-29,3.0,0.6001190583145727,1.2174141987554776,2.540300901583631
2015-10-30,3.0,0.6026583153258176,1.2192053560906893,2.540300901583631
2015-11-02,3.0,0.6026535875361124,1.2232225074204834,2.5533073553051713
2015-11-03,3.0,0.6026535875361124,1.2203997915361764,2.5533073553051713
2015-11-04,3.0,0.603083255752687,1.2232225074204834,2.5533073553051713
2015-11-05,3.0,0.603083255752687,1.2232225074204834,2.6001290351745157
2015-11-06,3.0,0.6030704526950768,1.22198320439438,2.600114628489527
2015-11-09,3.0,0.6060111574233245,1.2219283142176702,2.5847052444624405
2015-11-10,3.0,0.6029462593644936,1.2225581903963259,2.605531234527799
2015-11-11,3.0,0.6020690602588957,1.2231816610230348,2.6063734984308646
2015-11-12,3.0,0.59993311325197,1.2216077917142458,2.6083144776522196
2015-11-13,3.0,0.5998274290041596,1.2234160428053,2.6083144776522196
2015-11-16,3.0,0.6026933498359671,1.2214844692018176,2.6256430423576047
2015-11-17,3.0,0.5999339652084934,1.2205265474781226,2.63844911790668
2015-11-18,3.0,0.6014854042104035,1.2226573443350017,2.6409310665848165
2015-11-19,3.0,0.5999002473611998,1.2215507204802494,2.637902390260436
2015-11-20,3.0,0.5992079765808627,1.2217261748203359,2.63844911790668
2015-11-23,3.0,0.5992079765808627,1.2210894780927233,2.641545953949173
2015-11-24,3.0,0.5990693326384626,1.2219170737443892,2.6534133512868343
2015-11-25,3.0,0.5980108110386144,1.2238014531664176,2.6409310665848165
2015-11-27,3.0,0.5980108110386144,1.2233787977963682,2.659123476212684
2015-11-30,3.0,0.5999136748836187,1.2219170737443892,2.6455424863449646
2015-12-01,3.0,0.5999136748836187,1.2226438782852165,2.655355280057019
2015-12-02,3.0,0.5998682936130622,1.222868322023265,2.653331352233296
2015-12-03,3.0,0.5877631278437597,1.221270132962628,2.655355280057019
2015-12-04,3.0,0.599704840130536,1.2247543886472239,2.6585656352414504
2015-12-07,3.0,0.6013052862329615,1.2255604795320594,2.6708893182960294
2015-12-08,3.0,0.6014854042104035,1.225394297260873,2.684127948672341
2015-12-09,3.0,0.6014854042104035,1.2247160742317549,2.684360262151367
2015-12-10,3.0,0.5987409596016409,1.2255607186419062,2.684360262151367
2015-12-11,3.0,0.5918442260515939,1.2271162703543004,2.684042931445163
2015-12-14,3.0,0.5918442260515939,1.2284419744269084,2.6708893182960294
2015-12-15,3.0,0.5918442260515939,1.2260359378178771,2.6588532654976245
2015-12-16,3.0,0.5882841708838588,1.2277127092603934,2.6587590000046766
2015-12-17,3.0,0.5882841708838588,1.2295786098139712,2.6587590000046766
2015-12-18,3.0,0.5913816259098124,1.2292500975599414,2.6843798584903404
2015-12-21,3.0,0.5935714414668504,1.2299058488982912,2.705087990237987
2015-12-22,3.0,0.5998322919477621,1.2295786098139712,2.7213571562876506
2015-12-23,3.0,0.5998322919477621,1.2283265070700478,2.7516472075022294
2015-12-24,3.0,0.5997769732645779,1.2306062120510854,2.7635079296826857
2015-12-28,3.0,0.5963819215695473,1.2349884217422533,2.766245469455293
2015-12-29,3.0,0.5963819215695473,1.2352351110840971,2.7516472075022294
2015-12-30,3.0,0.5963819215695473,1.2343373838265914,2.726592446405464
2015-12-31,3.0,0.5934955662448917,1.2350725183471634,2.7524778832774697
2016-01-04,3.0,0.593496559293282,1.2400571196068528,2.7619311417001247
2016-01-05,3.0,0.5908251674807944,1.234059399734794,2.7524778832774697
2016-01-06,3.0,0.5884230248881344,1.2360480761034363,2.746378458216184
2016-01-07,3.0,0.5885695479304391,1.2414035830616026,2.7562432463830255
2016-01-08,3.0,0.5885695479304391,1.2416276915967008,2.7602903170976076
2016-01-11,3.0,0.5843537023881781,1.2376008163784231,2.7474476402470445
2016-01-12,3.0,0.5843787967377966,1.2424217078396809,2.752453684182909
2016-01-13,3.0,0.5843344137293532,1.2421020282613853,2.7602756387583063
2016-01-14,3.0,0.5883228997710813,1.2424217078396809,2.75586333291722
2016-01-15,3.0,0.5889912694238835,1.242604071257098,2.7516104896671276
2016-01-19,3.0,0.5904081143492996,1.242346771467092,2.747426019874845
2016-01-20,3.0,0.5889912694238835,1.2421754626623112,2.7463568378439844
2016-01-21,3.0,0.5858043427895316,1.23907133373168,2.720530187300362
2016-01-22,3.0,0.5816685573510461,1.2407361184839616,2.7339060330853555
2016-01-25,3.0,0.5785867098677667,1.2424117423765588,2.751131411611731
2016-01-26,3.0,0.5804799962365241,1.2363899153995583,2.7525616986579227
2016-01-27,3.0,0.578555208224642,1.2427778763632038,2.761309072520113
2016-01-28,3.0,0.5804799962365241,1.242443864897472,2.7525616986579227
2016-01-29,3.0,0.580349550046274,1.2427778763632038,2.7525616986579227
2016-02-01,3.0,0.573377109037859,1.2459558720725483,2.761309072520113
2016-02-02,3.0,0.573377109037859,1.2477348212174733,2.7698721304708043
2016-02-03,3.0,0.5752910479432507,1.2491585580189248,2.776995394873716
2016-02-04,3.0,0.5803962998190525,1.250719571919681,2.7698721304708043
2016-02-05,3.0,0.5805061975717823,1.2494620169523993,2.770152341567758
2016-02-08,3.0,0.5828354257549399,1.2510256525158687,2.7709968352745125
2016-02-09,3.0,0.5829774804206009,1.2535821544222745,2.774514192651254
2016-02-10,3.0,0.5828156183255409,1.255055610318734,2.784692733043425
2016-02-11,3.0,0.5798343676884457,1.255055610318734,2.784692733043425
2016-02-12,3.0,0.5828716360459921,1.2559447567444146,2.7963385330653012
2016-02-16,3.0,0.5806635239180806,1.2559447567444146,2.800800329712941
2016-02-17,3.0,0.5819421741810422,1.2553979540256806,2.800800329712941
2016-02-18,3.0,0.5818723345746403,1.2540396535697984,2.790715176566837
2016-02-19,3.0,0.5798432098828624,1.253882521597859,2.7847731710139554
2016-02-22,3.0,0.5796346009306288,1.2533385757540452,2.7905956952381534
2016-02-23,3.0,0.5769832233905824,1.251792230909146,2.7905956952381534
2016-02-24,3.0,0.576981294413619,1.2514174772980975,2.7961405578942515
2016-02-25,3.0,0.572160934126836,1.2525088404068783,2.794372368614559
2016-02-26,3.0,0.5728910670550345,1.2553979540256806,2.7961405578942515
2016-02-29,3.0,0.5728982730416242,1.255313634255107,2.8044498559644855
2016-03-01,3.0,0.5769879277414655,1.255313634255107,2.795584102228918
2016-03-02,3.0,0.5803709838529121,1.2605108692261857,2.7961405578942515
2016-03-03,3.0,0.5803709838529121,1.2632928139803687,2.7905956952381534
2016-03-04,3.0,0.5792073227685057,1.2685578932315,2.7961405578942515
2016-03-07,3.0,0.5785714967576244,1.2685578932315,2.7961405578942515
2016-03-08,3.0,0.5714869577738685,1.2691825483719004,2.7961405578942515
2016-03-09,3.0,0.5691541299430212,1.2715692456972973,2.778855043494286
2016-03-10,3.0,0.5691559930331831,1.2710550984215812,2.7792192482860982
2016-03-11,3.0,0.5683624287354153,1.2738984230371642,2.788687246156641
2016-03-14,3.0,0.5675484737373271,1.2746483249122238,2.7845983813148725
2016-03-15,3.0,0.572568115567785,1.2710744243177066,2.8188267003752547
2016-03-16,3.0,0.575283096805237,1.2715692456972973,2.8126155368187504
2016-03-17,3.0,0.5731802797551493,1.270032500862397,2.8126155368187504
2016-03-18,3.0,0.572851444635604,1.2686039205242798,2.816460865090959
2016-03-21,3.0,0.5728375770914041,1.2672994553849222,2.8126155368187504
2016-03-22,3.0,0.5728375770914041,1.268403191620389,2.8209854951159445
2016-03-23,3.0,0.5705448624857226,1.269343014046111,2.8209854951159445
2016-03-24,3.0,0.5705448624857226,1.2688855728744461,2.817100689005359
2016-03-28,3.0,0.5704667461418703,1.273750484884892,2.815867711160292
2016-03-29,3.0,0.568267572095974,1.273305869110534,2.815867711160292
2016-03-30,3.0,0.567375502884132,1.2707970364495966,2.815867711160292
2016-03-31,3.0,0.567375502884132,1.2738127328163968,2.815867711160292
2016-04-01,3.0,0.568956745313585,1.2722306391527924,2.820686519198505
2016-04-04,3.0,0.5676181816383868,1.264504310551007,2.8296123669311655
2016-04-05,3.0,0.568956745313585,1.2651543041540183,2.8409212220095768
2016-04-06,3.0,0.5705448624857226,1.2661953606341299,2.843771984404048
2016-04-07,3.0,0.5685390148206787,1.270244851947783,2.8437920659058844
2016-04-08,3.0,0.5685390148206787,1.271368011210179,2.829620446868359
2016-04-11,3.0,0.5704850357203797,1.2712734205331901,2.836525345985977
2016-04-12,3.0,0.5680029683405738,1.2773412768773187,2.8363978662693285
2016-04-13,3.0,0.5681103697916264,1.277579295151116,2.8311111010092986
2016-04-14,3.0,0.5670206046341858,1.2715304255904203,2.8180798496109407
2016-04-15,3.0,0.5634215748030296,1.275277247442081,2.812638841282111
2016-04-18,3.0,0.5636962891409458,1.2819524795885107,2.818114970101523
2016-04-19,3.0,0.5635351922199614,1.278133078660774,2.8181500804028463
2016-04-20,3.0,0.570330283094751,1.2790586905191574,2.823652651772972
2016-04-21,3.0,0.5705448624857226,1.2794600986439342,2.840584970319936
2016-04-22,3.0,0.5702542197567979,1.2774879495395917,2.847151703348047
2016-04-25,3.0,0.5704993257055647,1.279359199633964,2.847151703348047
2016-04-26,3.0,0.5702542197567979,1.2776262231895998,2.8710491804679004
2016-04-27,3.0,0.5596397366298601,1.276741548608808,2.8710491804679004
2016-04-28,3.0,0.5637026819218182,1.275714034489142,2.8710491804679004
2016-04-29,3.0,0.5703369892075217,1.2745829997029225,2.8471310946988484
2016-05-02,3.0,0.5719393987166709,1.2752244153416972,2.8464361163829985
2016-05-03,3.0,0.5704306777168098,1.2734817164061374,2.8436636918225675
2016-05-04,3.0,0.5719393987166709,1.2750530653913434,2.843652414167314
2016-05-05,3.0,0.5731243911219548,1.2740536612193618,2.8465495553214413
2016-05-06,3.0,0.5735183718683976,1.2734808551219183,2.86303607248118
2016-05-09,3.0,0.5779652666237485,1.2729086447083557,2.871178399259196
2016-05-10,3.0,0.5749275452047141,1.2729086447083557,2.858486087458435
2016-05-11,3.0,0.5741146627936478,1.2740536612193618,2.8630148766599968
2016-05-12,3.0,0.5780664099144176,1.2741672739849474,2.871178399259196
2016-05-13,3.0,0.5780664099144176,1.2755219614606554,2.8775326128504335
2016-05-16,3.0,0.5773903191750225,1.276174596882884,2.9051774553782073
2016-05-17,3.0,0.5804339455800689,1.2786659316420963,2.8997677295358826
2016-05-18,3.0,0.5824081724634933,1.2750270792107952,2.934522191475466
2016-05-19,3.0,0.5763934915259195,1.2750270792107952,2.8997677295358826
2016-05-20,3.0,0.5763934915259195,1.276603111106417,2.909260886798228
2016-05-23,3.0,0.5735340751505451,1.2798732817274243,2.9105920630102604
2016-05-24,3.0,0.5722600664300941,1.2746024930514874,2.9105920630102604
2016-05-25,3.0,0.5735629852343673,1.2760245120627571,2.90800019399889
2016-05-26,3.0,0.572278413168187,1.2760245120627571,2.9102690199263437
2016-05-27,3.0,0.5735524218886379,1.2753549903718517,2.929516189500737
2016-05-31,3.0,0.573357318969036,1.2742633426857535,2.9084233072721304
2016-06-01,3.0,0.5710508882857785,1.2808304148030158,2.926770437582802
2016-06-02,3.0,0.571971629254938,1.27947849982869,2.9238334030197786
2016-06-03,3.0,0.5735555894093632,1.27947849982869,2.9238334030197786
2016-06-06,3.0,0.573952903793131,1.27947849982869,2.9238334030197786
2016-06-07,3.0,0.573952903793131,1.277304611619519,2.923426317868061
2016-06-08,3.0,0.5672721235999199,1.278509074600806,2.9238102962068715
2016-06-09,3.0,0.5737954009220516,1.276002426482409,2.930456509053116
2016-06-10,3.0,0.5672377370228633,1.282437920148908,2.930456509053116
2016-06-13,3.0,0.564911697093126,1.2889826201575545,2.9517993000260154
2016-06-14,3.0,0.5620950877331439,1.2832379804996914,2.990246517642175
2016-06-15,3.0,0.5641830800228079,1.2838142896418856,3.0047435213231126
2016-06-16,3.0,0.5614708067354944,1.2885253088415523,3.0120129555188293
2016-06-17,3.0,0.5617537594761461,1.2935796642060722,3.0047435213231126
2016-06-20,3.0,0.5635864287207027,1.2931616290206125,3.0046895761097887
2016-06-21,3.0,0.5635864287207027,1.2910937610340953,3.004656246594057
2016-06-22,3.0,0.5630309865447714,1.2841513840134757,3.009909092199181
2016-06-23,3.0,0.5630309865447714,1.2861895818266968,3.0097164978879065
2016-06-24,3.0,0.5638900728199302,1.2907572494689559,3.0097164978879065
2016-06-27,3.0,0.5630309865447714,1.2984359372694398,3.0153660894658936
2016-06-28,3.0,0.5620555648779822,1.2939475134837772,3.0180507487831254
2016-06-29,3.0,0.5598401918824575,1.2967491436971095,3.0292461267378696
2016-06-30,3.0,0.5628968082700075,1.2980834255938518,3.070142539923889
2016-07-01,3.0,0.563049656135712,1.2955853709663936,3.090151634301309
2016-07-05,3.0,0.5627485566464644,1.2945560880483344,3.0922399356168313
2016-07-06,3.0,0.5627042689320289,1.2953544464696871,3.0922617600150395
2016-07-07,3.0,0.5627042689320289,1.293098432158699,3.0489114850442376
2016-07-08,3.0,0.563049656135712,1.292487900124636,3.0489114850442376
2016-07-11,3.0,0.5630349038497016,1.2928576432662262,3.0489114850442376
2016-07-12,3.0,0.5578472542816575,1.2934684599987896,3.045883806215427
2016-07-13,3.0,0.5578472542816575,1.2928576432662262,3.0489114850442376
2016-07-14,3.0,0.5567215698846758,1.2932276711063169,3.1105773671788652
2016-07-15,3.0,0.556649879291111,1.2932276711063169,3.0924881074985193
2016-07-18,3.0,0.5612764577572913,1.2932276711063169,3.048024869035932
2016-07-19,3.0,0.5581172153376363,1.297110034912349,3.0576457728134097
2016-07-20,3.0,0.5629824639023793,1.2982547359958856,3.0928102650105815
2016-07-21,3.0,0.5612770258089047,1.2943962440165402,3.115977216443628
2016-07-22,3.0,0.5594765786561633,1.2936252211816748,3.093104969394115
2016-07-25,3.0,0.5612764577572913,1.3005120720865255,3.0576457728134097
2016-07-26,3.0,0.5636736653224301,1.2983648068851712,3.0576457728134097
2016-07-27,3.0,0.5636736653224301,1.2993868277942733,3.0576457728134097
2016-07-28,3.0,0.563560961284495,1.2996739138155027,3.0576457728134097
2016-07-29,3.0,0.5685037241193635,1.3019075151745545,3.0930673408183456
2016-08-01,3.0,0.5650744682292612,1.3011622723311667,3.0930673408183456
2016-08-02,3.0,0.5590562195773381,1.2982009628119737,3.0930673408183456
2016-08-03,3.0,0.5590562195773381,1.2999301453860193,3.093081055631871
2016-08-04,3.0,0.5590562195773381,1.301931112964004,3.1265380506739646
2016-08-05,3.0,0.5590562195773381,1.3047483135859592,3.096371944923089
2016-08-08,3.0,0.5590562195773381,1.301836837460049,3.1265380506739646
2016-08-09,3.0,0.5597045601956128,1.2988464662333286,3.1277620097809713
2016-08-10,3.0,0.5596516032222274,1.3021124744153072,3.118969331492621
2016-08-11,3.0,0.5596516032222274,1.3036519457481153,3.118845544517708
2016-08-12,3.0,0.5596516032222274,1.3088685850311095,3.1226429953798673
2016-08-15,3.0,0.5596558653767941,1.3083470718060088,3.1441275982479397
2016-08-16,3.0,0.5596558653767941,1.3106850850304603,3.132112767244151
2016-08-17,3.0,0.5637868236475484,1.3083098853147896,3.1412674611637623
2016-08-18,3.0,0.5637868236475484,1.310377158566435,3.1023876582641208
2016-08-19,3.0,0.5592296996571426,1.312679590047464,3.1046088556375535
2016-08-22,3.0,0.5659647055003935,1.312679590047464,3.102670964111663
2016-08-23,3.0,0.5646729660281563,1.318276850148842,3.102670964111663
2016-08-24,3.0,0.5646729660281563,1.3206853594957468,3.1283881534520157
2016-08-25,3.0,0.5592494359831645,1.3266068808577347,3.1029889685529843
2016-08-26,3.0,0.5630159255327127,1.323902100664137,3.1029889685529843
2016-08-29,3.0,0.5592296996571426,1.323902100664137,3.1025275532295993
2016-08-30,3.0,0.5592296996571426,1.323902100664137,3.1227727760197697
2016-08-31,3.0,0.5590737537433067,1.3270217339457635,3.1227727760197697
2016-09-01,3.0,0.5590737537433067,1.3259173273280327,3.1227727760197697
2016-09-02,3.0,0.5509173656174631,1.3270714458754935,3.139918558426345
2016-09-06,3.0,0.5579100437481437,1.3288759676861797,3.1410825273584804
2016-09-07,3.0,0.5590737537433067,1.325387330765952,3.1974261248064457
2016-09-08,3.0,0.5592734680450645,1.3180506917078318,3.1421980419764424
2016-09-09,3.0,0.5506835954853699,1.3246458128933145,3.1431130300701655
2016-09-12,3.0,0.5549095617926917,1.3279963744881988,3.1410314631866054
2016-09-13,3.0,0.5498267249007914,1.329724630869198,3.211945074185532
2016-09-14,3.0,0.5498267249007914,1.329724630869198,3.2411650606027362
2016-09-15,3.0,0.5480452198102712,1.3287892486271211,3.233792019213799
2016-09-16,3.0,0.5476546517481725,1.3287892486271211,3.233792019213799
2016-09-19,3.0,0.5476546517481725,1.3299882635010631,3.233792019213799
2016-09-20,3.0,0.5476546517481725,1.3326982278890338,3.233721224226258
2016-09-21,3.0,0.5469650224116265,1.3340572632201413,3.233792019213799
2016-09-22,3.0,0.546675936806261,1.3377597328139408,3.2409095245880666
2016-09-23,3.0,0.5450724199134235,1.3352602806479603,3.233792019213799
2016-09-26,3.0,0.5450724199134235,1.3331584938181058,3.233645902311122
2016-09-27,3.0,0.5435198772618477,1.3337309467910645,3.226536091134422
2016-09-28,3.0,0.5435198772618477,1.3344710876652788,3.2014314817471017
2016-09-29,3.0,0.5407340897797992,1.3385834052228707,3.226565357361589
2016-09-30,3.0,0.5397694441932502,1.3413328261710773,3.2410110979852282
2016-10-03,3.0,0.5397694441932502,1.3369979465884247,3.2349334020733194
2016-10-04,3.0,0.5397694441932502,1.3390600362304674,3.2358350682724195
2016-10-05,3.0,0.5397694441932502,1.3390600362304674,3.236279430215598
2016-10-06,3.0,0.5397694441932502,1.3398567685178615,3.2476111336126445
2016-10-07,3.0,0.5393630115630528,1.3419387268712093,3.2476111336126445
2016-10-10,3.0,0.5384142654023927,1.3399943700420978,3.247786564139
2016-10-11,3.0,0.5397519904762548,1.342170029535903,3.253338986460686
2016-10-12,3.0,0.5449423321175121,1.3395312278116185,3.2745080823203927
2016-10-13,3.0,0.5449923910652423,1.3422550064645065,3.2757875047279565
2016-10-14,3.0,0.5422395824983652,1.3399677687191884,3.2745080823203927
2016-10-17,3.0,0.5447354367573992,1.3423960358544351,3.2745080823203927
2016-10-18,3.0,0.5358215106931878,1.3413418123942515,3.2757875047279565
2016-10-19,3.0,0.5358215106931878,1.3416392891122304,3.2745080823203927
2016-10-20,3.0,0.5414437815171674,1.3452842701968146,3.298132665754761
2016-10-21,3.0,0.5357074573739916,1.344721597069989,3.3278351350304094
2016-10-24,3.0,0.5324995650328599,1.3470324263198397,3.308035656268033
2016-10-25,3.0,0.5287202473160206,1.3454677896853917,3.308035656268033
2016-10-26,3.0,0.5333146249598146,1.3457472280567842,3.3279429512649203
2016-10-27,3.0,0.5285977714746912,1.343980874105353,3.3279429512649203
2016-10-28,3.0,0.5285828713057849,1.344632153019139,3.341156627854771
2016-10-31,3.0,0.5285110609890483,1.3503896575419803,3.341156627854771
2016-11-01,3.0,0.5285521807422252,1.350744842530263,3.3388888254703604
2016-11-02,3.0,0.5253251200743354,1.3518779688109208,3.3381730822577
2016-11-03,3.0,0.5253251200743354,1.3542502904333351,3.3274559072747856
2016-11-04,3.0,0.5257984439770891,1.357335336462239,3.3551404456962084
2016-11-07,3.0,0.5271269581828748,1.3565182255687114,3.3831453359282246
2016-11-08,3.0,0.5261203139760121,1.3548094706769227,3.3385345087599516
2016-11-09,3.0,0.525804997981662,1.3563709474885135,3.3402816068553722
2016-11-10,3.0,0.525804997981662,1.357412474839753,3.3402816068553722
2016-11-11,3.0,0.5277485631899828,1.3578776950761173,3.3402816068553722
2016-11-14,3.0,0.5290013647326086,1.357520149067318,3.3402816068553722
2016-11-15,3.0,0.5279740825549495,1.3608119509864447,3.3402816068553722
2016-11-16,3.0,0.52571539927442,1.3640849130890966,3.3596007596459736
2016-11-17,3.0,0.5261203139760121,1.3685710405356417,3.3596007596459736
2016-11-18,3.0,0.5286576076000233,1.369726357952862,3.3987268935245734
2016-11-21,3.0,0.5286576076000233,1.3672114476223647,3.3596007596459736
2016-11-22,3.0,0.5290183510159724,1.3624916041758448,3.4092383072803596
2016-11-23,3.0,0.5308846608677197,1.3672114476223647,3.4045391070160034
2016-11-25,3.0,0.5309173312673432,1.3682306227802785,3.370133764301909
2016-11-28,3.0,0.5314676929175236,1.3687867248041516,3.409077531965431
2016-11-29,3.0,0.5308846608677197,1.3652104601129404,3.4143386060326564
2016-11-30,3.0,0.5308846608677197,1.3635326925546105,3.364468717295802
2016-12-01,3.0,0.5357850791503193,1.3664351021860717,3.3998251109023356
2016-12-02,3.0,0.5374269863760055,1.366154954304941,3.3998251109023356
2016-12-05,3.0,0.5366854415220436,1.364972712993745,3.376861988322795
2016-12-06,3.0,0.5366854415220436,1.3650269290881285,3.4222596822970215
2016-12-07,3.0,0.5374269863760055,1.365814314086777,3.402516077859112
2016-12-08,3.0,0.5357109748395256,1.3637493715134674,3.3997669316664427
2016-12-09,3.0,0.5340347401710829,1.3630481584645446,3.424624411486134
2016-12-12,3.0,0.5370897472864739,1.3621041490831087,3.4258509962289594
2016-12-13,3.0,0.5338899757190985,1.3612024111332177,3.4303743990348217
2016-12-14,3.0,0.5370432615708173,1.3600524734525385,3.4587944131826944
2016-12-15,3.0,0.5370973796781546,1.3603078148299097,3.473348021394913
2016-12-16,3.0,0.5362276460188352,1.359559976577861,3.4256367864309567
2016-12-19,3.0,0.5374560392579821,1.361431474895367,3.4505913298850035
2016-12-20,3.0,0.5371042355980802,1.362804023831651,3.450795143447248
2016-12-21,3.0,0.5364752433263754,1.3665986826208636,3.450795143447248
2016-12-22,3.0,0.5371042355980802,1.3654291937762075,3.4476278152622575
2016-12-23,3.0,0.5364752433263754,1.3643675899963619,3.3900884790241372
2016-12-27,3.0,0.5371042355980802,1.3673450343251794,3.3900884790241372
2016-12-28,3.0,0.5364752433263754,1.3687705029983603,3.427967475062566
2016-12-29,3.0,0.5352197642401981,1.3687705029983603,3.4322924442938914
2016-12-30,3.0,0.5340968889834661,1.3704840848722653,3.43698140346537
2017-01-03,3.0,0.5352433508814268,1.371421636039516,3.419106311412491
2017-01-04,3.0,0.5406893676712367,1.3704840848722653,3.4191017026375645
2017-01-05,3.0,0.5406893676712367,1.3711290539291754,3.4530078928615207
2017-01-06,3.0,0.5444279242310905,1.3730310421639838,3.4530078928615207
2017-01-09,3.0,0.5364798583551074,1.3734083070884955,3.449997542322508
2017-01-10,3.0,0.5339818910649611,1.373350947985047,3.414093079317347
2017-01-11,3.0,0.5340968889834661,1.3730574596133365,3.449968036332639
2017-01-12,3.0,0.5340968889834661,1.3710420259778022,3.449968036332639
2017-01-13,3.0,0.540029848690204,1.3734083070884955,3.4530078928615207
2017-01-17,3.0,0.5443276126965619,1.3730574596133365,3.4527723225778035
2017-01-18,3.0,0.540128838817484,1.3760172307413754,3.453172881979029
2017-01-19,3.0,0.5407722343130296,1.3747576296220814,3.453028843304929
2017-01-20,3.0,0.5407722343130296,1.3758944902251522,3.4530380415845445
2017-01-23,3.0,0.5422581890116628,1.3758944902251522,3.4527723225778035
2017-01-24,3.0,0.5364750385043969,1.3742646273483916,3.453172881979029
2017-01-25,3.0,0.5325431190242915,1.3754030378788544,3.460287556094019
2017-01-26,3.0,0.5411107410560723,1.37192499226644,3.4992043282492107
2017-01-27,3.0,0.5410009915219983,1.3759369094243175,3.4992043282492107
2017-01-30,3.0,0.5385120952762296,1.3738866453113991,3.524093378887429
2017-01-31,3.0,0.5415591019511723,1.3762161431887292,3.5133321421837818
2017-02-01,3.0,0.5321322784643365,1.3791894271931802,3.5389825344068915
2017-02-02,3.0,0.5385120952762296,1.3788579782147057,3.5475121458413983
2017-02-03,3.0,0.5274291656925116,1.37905970002193,3.5502938746555897
2017-02-06,3.0,0.5274522537333217,1.3772605785999097,3.549045415086734
2017-02-07,3.0,0.5274522537333217,1.3805058337920133,3.549045415086734
2017-02-08,3.0,0.5285714562977403,1.3808459045242716,3.5475121458413983
2017-02-09,3.0,0.529541138648167,1.3805905370186493,3.5475121458413983
2017-02-10,3.0,0.529541138648167,1.3844857131270043,3.592194009780855
2017-02-13,3.0,0.5285714562977403,1.3825643550903282,3.593073801013014
2017-02-14,3.0,0.5276508610801826,1.3810518500097393,3.569151715303015
2017-02-15,3.0,0.5285714562977403,1.3849607498361363,3.6014075342694394
2017-02-16,3.0,0.5297630324059274,1.3843098454445504,3.5998016162120385
2017-02-17,3.0,0.5285714562977403,1.3847848821536823,3.6014075342694394
2017-02-21,3.0,0.5275996442544452,1.3843098454445504,3.5929075846232097
2017-02-22,3.0,0.5256005124899026,1.3835808820983186,3.5929075846232097
2017-02-23,3.0,0.5301690295877581,1.381706436716327,3.562963992184081
2017-02-24,3.0,0.5301857172849144,1.3832757149374606,3.5820564529197925
2017-02-27,3.0,0.5315259715493107,1.3863561651923995,3.584756327611122
2017-02-28,3.0,0.5256005124899026,1.3871522992055823,3.5929075846232097
2017-03-01,3.0,0.5256005124899026,1.3836289978527843,3.5600865469211924
2017-03-02,3.0,0.5326988073442329,1.3827305137442654,3.5720524755323653
2017-03-03,3.0,0.5316145246867273,1.3832757149374606,3.5613586610250354
2017-03-06,3.0,0.5326988073442329,1.3832757149374606,3.574231318846195
2017-03-07,3.0,0.5315364081327923,1.3859714084300552,3.559847750674357
2017-03-08,3.0,0.5315716269952836,1.3877368939936334,3.5571963183943733
2017-03-09,3.0,0.5318493429857409,1.3892564269891703,3.5315812291548196
2017-03-10,3.0,0.5318493429857409,1.3892564269891703,3.5571963183943733
2017-03-13,3.0,0.5318493429857409,1.389965498462864,3.5725967711872157
2017-03-14,3.0,0.5315259715493107,1.391740991700384,3.5725967711872157
2017-03-15,3.0,0.5318493429857409,1.3934551167774014,3.565009731214796
2017-03-16,3.0,0.5342312324307533,1.3899835265827072,3.579365290786867
2017-03-17,3.0,0.5342312324307533,1.3937683366240692,3.6004935177350896
2017-03-20,3.0,0.5354618972695432,1.3936490052784705,3.6223638485541234
2017-03-21,3.0,0.535423275528092,1.3943041503982325,3.622547555422714
2017-03-22,3.0,0.535882852203061,1.3947610768142091,3.605187254457814
2017-03-23,3.0,0.535475915552415,1.3943041503982325,3.6135296135021684
2017-03-24,3.0,0.5326682105888528,1.3940717118187007,3.623358307147574
2017-03-27,3.0,0.530402343591441,1.3936490052784705,3.623358307147574
2017-03-28,3.0,0.5287640599291786,1.3987303158872448,3.622229939502121
2017-03-29,3.0,0.528761966445648,1.3986670626055369,3.6608239176938575
2017-03-30,3.0,0.5304120202286653,1.3972467539828484,3.6663638412302837
2017-03-31,3.0,0.5304120202286653,1.3935146697673244,3.6502531951172856
2017-04-03,3.0,0.5286486053558453,1.3916113259228866,3.654497605849132
2017-04-04,3.0,0.5194098082822711,1.3935146697673244,3.654497605849132
2017-04-05,3.0,0.5191254799529149,1.3935146697673244,3.6630659307778526
2017-04-06,3.0,0.5174603387400311,1.3916796235398812,3.702922204440215
2017-04-07,3.0,0.5191254799529149,1.39314083320679,3.702922204440215
2017-04-10,3.0,0.5191254799529149,1.3924981502586236,3.723788273364028
2017-04-11,3.0,0.5191254799529149,1.3983338530617344,3.735916665576943
2017-04-12,3.0,0.5245210357932207,1.394404875364648,3.743911505375579
2017-04-13,3.0,0.5303218393942296,1.4004981341299994,3.743911505375579
2017-04-17,3.0,0.5303218393942296,1.402062632352669,3.7358645994217228
2017-04-18,3.0,0.5336659859491144,1.4014310532719443,3.7188077858078894
2017-04-19,3.0,0.5303218393942296,1.4014310532719443,3.7247287440776162
2017-04-20,3.0,0.5262996990616148,1.4026713519423406,3.7267114685078964
2017-04-21,3.0,0.5262996990616148,1.402511815680235,3.743139021301048
2017-04-24,3.0,0.5277010735553228,1.4033755800882908,3.7359345579553223
2017-04-25,3.0,0.5277010735553228,1.4026713519423406,3.7359345579553223
2017-04-26,3.0,0.5278575463882329,1.4029415865379113,3.7435017031892133
2017-04-27,3.0,0.5303429206253905,1.4020306721347389,3.774182503373701
2017-04-28,3.0,0.5278575463882329,1.403129818998734,3.7463699639674193
2017-05-01,3.0,0.5278575463882329,1.4062457854937287,3.7602014268721105
2017-05-02,3.0,0.5341031042458966,1.409303992355781,3.760523530293421
2017-05-03,3.0,0.5293201982286916,1.4144519013770147,3.773899158786737
2017-05-04,3.0,0.5292067519988093,1.4126674263750463,3.773899158786737
2017-05-05,3.0,0.528278677932189,1.4095094839105182,3.773899158786737
2017-05-08,3.0,0.5282435804908043,1.4077463609404695,3.7467120062414847
2017-05-09,3.0,0.5292067519988093,1.4139282974541987,3.774067459801065
2017-05-10,3.0,0.5281253371243515,1.4141887777253728,3.782307287635714
2017-05-11,3.0,0.524529080626046,1.414590354034309,3.7934394242189704
2017-05-12,3.0,0.521654190994063,1.4088180528170642,3.782307287635714
2017-05-15,3.0,0.5267890197596473,1.4088180528170642,3.782307287635714
2017-05-16,3.0,0.5216559152167294,1.4074666665413138,3.7934394242189704
2017-05-17,3.0,0.5216839867901297,1.4026794443366524,3.7934770293266387
2017-05-18,3.0,0.5186312422340075,1.4048538605613141,3.7937918818644873
2017-05-19,3.0,0.5272698603519442,1.4031296225311485,3.792950411692247
2017-05-22,3.0,0.5220927847727427,1.4037994678769767,3.8029816199875617
2017-05-23,3.0,0.5224498240008792,1.4115037125501935,3.825303582183324
2017-05-24,3.0,0.5206489153467114,1.4127230909549806,3.8324262073169946
2017-05-25,3.0,0.517503151211024,1.4127230909549806,3.8324262073169946
2017-05-26,3.0,0.5172298640607624,1.4139876170428025,3.8324262073169946
2017-05-30,3.0,0.5174380971444901,1.4038098941830102,3.87182897810555
2017-05-31,3.0,0.5185989441916941,1.4090348890714082,3.84819398249619
2017-06-01,3.0,0.5206488041238453,1.4167595185815078,3.87182897810555
2017-06-02,3.0,0.5232261213599642,1.4177477305010668,3.8625341575339647
2017-06-05,3.0,0.5270961805532104,1.417201376437685,3.852112152515908
2017-06-06,3.0,0.5298260157930664,1.4177873639297363,3.8521751082873594
2017-06-07,3.0,0.5338021539542436,1.412712369836948,3.8477200851456814
2017-06-08,3.0,0.5298185697330068,1.4177477305010668,3.8477200851456814
2017-06-09,3.0,0.537432962071114,1.4223410325752868,3.88960632663647
2017-06-12,3.0,0.534410987946784,1.4213293943424499,3.8600482717332456
2017-06-13,3.0,0.5323196494023152,1.4213293943424499,3.8601208144231074
2017-06-14,3.0,0.5298919954605124,1.4240175151315138,3.8601208144231074
2017-06-15,3.0,0.5323196494023152,1.4202007628422684,3.8601208144231074
2017-06-16,3.0,0.5323196494023152,1.4175416362095943,3.8601208144231074
2017-06-19,3.0,0.5323196494023152,1.4238994965120928,3.850348505158365
2017-06-20,3.0,0.5323196494023152,1.4261442721855495,3.850348505158365
2017-06-21,3.0,0.5307760914770093,1.4267487642305159,3.831249173993238
2017-06-22,3.0,0.5307760914770093,1.4248393189999011,3.8530992121453953
2017-06-23,3.0,0.5307760914770093,1.424698689750031,3.8530992121453953
2017-06-26,3.0,0.5307760914770093,1.4193463485071747,3.8601208144231074
2017-06-27,3.0,0.5308830812253928,1.418376888659012,3.8602324292945944
2017-06-28,3.0,0.5290884629613674,1.424292066386854,3.8996623966255735
2017-06-29,3.0,0.5291621126427446,1.4247160813364679,3.8837900026476238
2017-06-30,3.0,0.5291621126427446,1.426771108966312,3.8837900026476238
2017-07-03,3.0,0.5349299579597722,1.4345995381555294,3.8830035718663902
2017-07-05,3.0,0.5292030937110325,1.4362899350240674,3.8830077685032047
2017-07-06,3.0,0.5332878190928426,1.4343592623410784,3.90856548696487
2017-07-07,3.0,0.5346746358599894,1.434931720669606,3.910202369894325
2017-07-10,3.0,0.5321120952019346,1.4336118513391924,3.931922817712212
2017-07-11,3.0,0.5220715926571721,1.4313384344865592,3.9320065283759997
2017-07-12,3.0,0.5261671926158751,1.4358358151524433,3.9738342477337194
2017-07-13,3.0,0.5318194117626984,1.4324931475544878,3.9653899059188555
2017-07-14,3.0,0.527961748812128,1.4301643135185609,3.95140173269596
2017-07-17,3.0,0.5290106483425215,1.4295105557905181,3.95140173269596
2017-07-18,3.0,0.5318970405221668,1.4280208640535452,3.9653899059188555
2017-07-19,3.0,0.5318970405221668,1.4288016011879938,3.9548592315061404
2017-07-20,3.0,0.5318970405221668,1.4384375404810061,3.956364192608265
2017-07-21,3.0,0.52795911672487,1.43343134259887,3.9550855243193777
2017-07-24,3.0,0.529346598910171,1.432141624357258,3.9557396827331925
2017-07-25,3.0,0.529346598910171,1.4293205143720282,3.9557396827331925
2017-07-26,3.0,0.529346598910171,1.4331211329745726,3.9557396827331925
2017-07-27,3.0,0.5287503092504522,1.4331738567343477,3.965496505595461
2017-07-28,3.0,0.52870015679409,1.4288016011879938,3.965496505595461
2017-07-31,3.0,0.5339501850684916,1.4278345181762417,3.965496505595461
2017-08-01,3.0,0.5346636558551618,1.4278345181762417,4.014186906409735
2017-08-02,3.0,0.5339948071916997,1.4313797997933235,4.035555800466983
2017-08-03,3.0,0.5339948071916997,1.431804098356178,4.0459451205487955
2017-08-04,3.0,0.5346636558551618,1.4318125105525368,4.01468668204724
2017-08-07,3.0,0.5346636558551618,1.436798175538307,4.014205869089383
2017-08-08,3.0,0.5366438403384941,1.4424744897694752,3.978135741888394
2017-08-09,3.0,0.5346636558551618,1.4403038889881032,3.9656324867586803
2017-08-10,3.0,0.5366286544389716,1.4347220305820017,3.980723118841689
2017-08-11,3.0,0.5345713679443971,1.4407667093185825,3.9802647018673842
2017-08-14,3.0,0.5302786670181532,1.4435610544600757,4.000859244216093
2017-08-15,3.0,0.5269290102663963,1.4425643870239915,3.9802647018673842
2017-08-16,3.0,0.5264427958025779,1.4437192543852242,3.9800003366284864
2017-08-17,3.0,0.5264427958025779,1.4426202615640467,3.9903647355578364
2017-08-18,3.0,0.5302786670181532,1.4446987716666895,4.001133396849207
2017-08-21,3.0,0.5237181128322475,1.4475202124877533,4.0009410251633435
2017-08-22,3.0,0.5237181128322475,1.4517399909553237,3.99195349588398
2017-08-23,3.0,0.5256185419302479,1.452364572232722,3.9988353608325213
2017-08-24,3.0,0.5207829509115095,1.4516963246099812,3.999935819441481
2017-08-25,3.0,0.5206403818943792,1.4475561859195047,4.000743898028305
2017-08-28,3.0,0.5206403818943792,1.4468802939655103,4.003839566179245
2017-08-29,3.0,0.5147993962001955,1.448246557820711,4.019917104135811
2017-08-30,3.0,0.5195293076227084,1.444425630197645,4.003839566179245
2017-08-31,3.0,0.5195293076227084,1.44070040900927,4.0200207108224575
2017-09-01,3.0,0.5157396791851357,1.4415432673992394,4.031552670360952
2017-09-05,3.0,0.5196392387633203,1.4470125201373354,4.064016070129994
2017-09-06,3.0,0.5267722069830407,1.4449038452666896,4.064176512410404
2017-09-07,3.0,0.5286587047580178,1.4438199316416647,4.060199032160136
2017-09-08,3.0,0.5287001796916899,1.4438199316416647,4.066484860444412
2017-09-11,3.0,0.5327372067269642,1.4476500388603197,4.0907251280823145
2017-09-12,3.0,0.5327372067269642,1.4454522375940635,4.062335716272363
2017-09-13,3.0,0.5317816931018521,1.4476500388603197,4.066327660238511
2017-09-14,3.0,0.5317816931018521,1.448246557820711,4.079151522629354
2017-09-15,3.0,0.5362244422923305,1.442525862906219,4.086295852474913
2017-09-18,3.0,0.5362244422923305,1.440436203408026,4.13093954139816
2017-09-19,3.0,0.5357614020226535,1.4454675223796296,4.105318451024258
2017-09-20,3.0,0.5411752015331868,1.4457298731902428,4.086295852474913
2017-09-21,3.0,0.5431140320689712,1.4463106916317416,4.131137353407988
2017-09-22,3.0,0.5403873506821777,1.4481561336280366,4.14107238880752
2017-09-25,3.0,0.5403873506821777,1.45163768195237,4.1416293799031365
2017-09-26,3.0,0.5403873506821777,1.454198855354488,4.131137353407988
2017-09-27,3.0,0.5311622872344054,1.4522393069594712,4.175297506657536
2017-09-28,3.0,0.5377835221214163,1.4533863872416477,4.1416293799031365
2017-09-29,3.0,0.5376901552906401,1.4577757292419176,4.175369903243619
2017-10-02,3.0,0.5376901552906401,1.4576626485870734,4.175369903243619
2017-10-03,3.0,0.5311622872344054,1.4576626485870734,4.175369903243619
2017-10-04,3.0,0.5326586055524455,1.4588556460301898,4.190800848615463
2017-10-05,3.0,0.5326586055524455,1.4594423017056557,4.190800848615463
2017-10-06,3.0,0.5311622872344054,1.4590798198324086,4.201233845437797
2017-10-09,3.0,0.5326767937860692,1.458560700115731,4.201233845437797
2017-10-10,3.0,0.5343254845627248,1.457518092071648,4.190800848615463
2017-10-11,3.0,0.5319322414187009,1.4540132988914976,4.190800848615463
2017-10-12,3.0,0.5319322414187009,1.451999075582295,4.1926095725133825
2017-10-13,3.0,0.5387404912555447,1.44879955338657,4.189690473542345
2017-10-16,3.0,0.5318716283457303,1.4528408138882947,4.2158110373140465
2017-10-17,3.0,0.5369359916226616,1.456344830390015,4.179868769027398
2017-10-18,3.0,0.5369359916226616,1.4532413567051985,4.215217814067752
2017-10-19,3.0,0.538868326177861,1.4570969150088433,4.22367846653933
2017-10-20,3.0,0.5377195942855364,1.4590236680059576,4.216410639762117
2017-10-23,3.0,0.5385999893388574,1.4590236680059576,4.237753188818253
2017-10-24,3.0,0.5389068614542971,1.4575437527510846,4.261830934814108
2017-10-25,3.0,0.5389068614542971,1.45924186408606,4.244178246377193
2017-10-26,3.0,0.5405945104249893,1.4613755617778879,4.194059340041809
2017-10-27,3.0,0.5405945104249893,1.4664728956629576,4.229326734429449
2017-10-30,3.0,0.5405945104249893,1.4613755617778879,4.261811557674717
2017-10-31,3.0,0.5418902881538098,1.4596765834414227,4.2838959177562295
2017-11-01,3.0,0.5405945104249893,1.4615643592802205,4.261811557674717
2017-11-02,3.0,0.5418902881538098,1.4615643592802205,4.261382362083202
2017-11-03,3.0,0.5423277898177059,1.4618966217551657,4.284927872623694
2017-11-06,3.0,0.5423277898177059,1.4585877263831863,4.261382362083202
2017-11-07,3.0,0.5405945104249893,1.4591292714101667,4.261382362083202
2017-11-08,3.0,0.5423511650475564,1.4630564579500063,4.266884703199933
2017-11-09,3.0,0.5405945104249893,1.4591292714101667,4.275515491411384
2017-11-10,3.0,0.5388879588126768,1.4607648685002395,4.273751693081213
2017-11-13,3.0,0.5388879588126768,1.4630564579500063,4.274866676991125
2017-11-14,3.0,0.5388879588126768,1.4616659361513331,4.273751693081213
2017-11-15,3.0,0.5377831789190604,1.4607648685002395,4.261558348327004
2017-11-16,3.0,0.5351955152455352,1.4692096104898913,4.273751693081213
2017-11-17,3.0,0.5345793867193112,1.4689749867883457,4.274866676991125
2017-11-20,3.0,0.5377676829691098,1.468895630187606,4.313146100443888
2017-11-21,3.0,0.540821498834121,1.4750153947247737,4.327079874359712
2017-11-22,3.0,0.5352976746657349,1.4692820771394393,4.328270648397439
2017-11-24,3.0,0.5352976746657349,1.4750963095618506,4.37198239883533
2017-11-27,3.0,0.5345541270090324,1.4728774951553758,4.305516801646232
2017-11-28,3.0,0.5348492192632982,1.4742523805815368,4.314757646538791
2017-11-29,3.0,0.5348029607504857,1.4755212141187328,4.341913222107733
2017-11-30,3.0,0.5363997571741811,1.4755212141187328,4.301573507921508
2017-12-01,3.0,0.5311646156958066,1.4719643472111383,4.301557467935274
2017-12-04,3.0,0.536307692604296,1.4726809799950482,4.270715969904525
2017-12-05,3.0,0.536307692604296,1.4719643472111383,4.295789190791878
2017-12-06,3.0,0.5316595534356559,1.4806903243996485,4.295789190791878
2017-12-07,3.0,0.5292331129639462,1.4745706260087268,4.300781181142884
2017-12-08,3.0,0.5245378712937728,1.474477748521835,4.300781181142884
2017-12-11,3.0,0.5245272356151044,1.484176584955427,4.3100314048432455
2017-12-12,3.0,0.5217691813067492,1.4813032289779777,4.30106996028244
2017-12-13,3.0,0.5164317733429481,1.4781561719613134,4.260997310349113
2017-12-14,3.0,0.5217691813067492,1.4755899966776385,4.332392908777889
2017-12-15,3.0,0.5218524935269385,1.4832566643511962,4.332392908777889
2017-12-18,3.0,0.5217907271239336,1.4898380095828996,4.329173661559276
2017-12-19,3.0,0.5229916800904217,1.4898380095828996,4.329173661559276
2017-12-20,3.0,0.5225834282240255,1.4885997834686464,4.329173661559276
2017-12-21,3.0,0.5227599746389388,1.4834492642496375,4.297171403903854
2017-12-22,3.0,0.5240058944422747,1.486945654331318,4.296621107105201
2017-12-26,3.0,0.5189228239527135,1.4848102020475258,4.303123443590905
2017-12-27,3.0,0.5229102687291702,1.4808351449680652,4.30046337704633
2017-12-28,3.0,0.5192343105978622,1.4754964957877905,4.30046337704633
2017-12-29,3.0,0.5229252877789468,1.4851985619956931,4.300398214880924
2018-01-02,3.0,0.5226813164365457,1.4851985619956931,4.2964352427625006
2018-01-03,3.0,0.5272227103527678,1.4770497389084394,4.2964352427625006
2018-01-04,3.0,0.5192343105978622,1.4931322258676423,4.300398214880924
2018-01-05,3.0,0.5192343105978622,1.4898359554684266,4.300398214880924
2018-01-08,3.0,0.5193675692472582,1.497655405660136,4.333048850489339
2018-01-09,3.0,0.5208932616957365,1.50006832973561,4.3296197179662625
2018-01-10,3.0,0.5191908531997184,1.5058284229057568,4.3296197179662625
2018-01-11,3.0,0.5191908531997184,1.5030982171606915,4.333048850489339
2018-01-12,3.0,0.5191908531997184,1.4935224800146325,4.333048850489339
2018-01-16,3.0,0.5168616584472112,1.4951352472178763,4.3296197179662625
2018-01-17,3.0,0.5141653254624838,1.4965366745854474,4.333048850489339
2018-01-18,3.0,0.5149485190305708,1.499406736468267,4.333048850489339
2018-01-19,3.0,0.512645890521344,1.499406736468267,4.332227869126372
2018-01-22,3.0,0.5030318564556313,1.5062902059844507,4.3356550921510255
2018-01-23,3.0,0.5074735894869343,1.508344692012027,4.3576352011306705
2018-01-24,3.0,0.507367593332052,1.5082843841050735,4.370740509032847
2018-01-25,3.0,0.503051719385289,1.5093339725859636,4.490605708633656
2018-01-26,3.0,0.5082437537605241,1.5104144603816214,4.505445241794975
2018-01-29,3.0,0.5082437537605241,1.509861593955685,4.500931298793712
2018-01-30,3.0,0.5082437537605241,1.5085244250726135,4.500931298793712
2018-01-31,3.0,0.5097850920337993,1.5083627824608872,4.443081275918524
2018-02-01,3.0,0.5097850920337993,1.5066213188115305,4.3782626673189515
2018-02-02,3.0,0.5082633411249209,1.5091120049302078,4.3782626673189515
2018-02-05,3.0,0.503778981230433,1.5092143844702943,4.3782626673189515
2018-02-06,3.0,0.5037675361988495,1.5098954688725832,4.393154630441415
2018-02-07,3.0,0.5038065499891318,1.512456367686624,4.411403403667996
2018-02-08,3.0,0.5038065499891318,1.5111775262360396,4.451427459613099
2018-02-09,3.0,0.5037675361988495,1.5125153914367053,4.435978956618997
2018-02-12,3.0,0.5010507835458449,1.5167486168167374,4.442147255219116
2018-02-13,3.0,0.5010507835458449,1.5197084393649016,4.442147255219116
2018-02-14,3.0,0.5069397033181929,1.5192668159558749,4.44794558672612
2018-02-15,3.0,0.5069397033181929,1.5215606127038819,4.442147255219116
2018-02-16,3.0,0.5069517401432538,1.5232300531823872,4.472072434874586
2018-02-20,3.0,0.5069830312815045,1.5232300531823872,4.542915401306176
2018-02-21,3.0,0.5097538466798809,1.5231502348846462,4.472656522265426
2018-02-22,3.0,0.5097192216811267,1.523937586600204,4.473484832893286
2018-02-23,3.0,0.5158930322002757,1.5261157812374253,4.424837983819969
2018-02-26,3.0,0.5123220960842865,1.5299517077765081,4.424837983819969
2018-02-27,3.0,0.5123211417677719,1.5311993673300703,4.422115438916293
2018-02-28,3.0,0.5108879612269838,1.5311993673300703,4.422115438916293
2018-03-01,3.0,0.5094761809861895,1.5295966160488352,4.442524640869591
2018-03-02,3.0,0.5119760982089695,1.5301132295171254,4.442524640869591
2018-03-05,3.0,0.5100778807237062,1.5299046214195697,4.514386390593156
2018-03-06,3.0,0.5100778807237062,1.528309917220914,4.514386390593156
2018-03-07,3.0,0.5123515606894106,1.526599245280074,4.514386390593156
2018-03-08,3.0,0.512362414992917,1.5278081632920357,4.5271052446069895
2018-03-09,3.0,0.5143854512813341,1.530868920024592,4.543715353634048
2018-03-12,3.0,0.5143854512813341,1.532301773128355,4.513982889796699
2018-03-13,3.0,0.5143854512813341,1.5349998750478677,4.513982889796699
2018-03-14,3.0,0.5143854512813341,1.5374337671672524,4.511630959482726
2018-03-15,3.0,0.5143854512813341,1.5347839020655814,4.518554088347688
2018-03-16,3.0,0.5143854512813341,1.5292272919036374,4.599927041498789
2018-03-19,3.0,0.5123365699661697,1.5338519821149943,4.6030067750208135
2018-03-20,3.0,0.5123365699661697,1.5338519821149943,4.61472079518791
2018-03-21,3.0,0.5123365699661697,1.5321762841283542,4.61472079518791
2018-03-22,3.0,0.510303283883239,1.5284005570428065,4.61472079518791
2018-03-23,3.0,0.510303283883239,1.5338519821149943,4.6143236514847885
2018-03-26,3.0,0.5103073513246762,1.5348214921825396,4.688529631223536
2018-03-27,3.0,0.510303283883239,1.5401716605316413,4.681835854701395
2018-03-28,3.0,0.510398394359677,1.534613442051731,4.6588067665212
2018-03-29,3.0,0.510398394359677,1.5356068672721856,4.6588067665212
2018-04-02,3.0,0.5084468817850732,1.5428132943018518,4.681835854701395
2018-04-03,3.0,0.5049642516291399,1.541941711610002,4.681835854701395
2018-04-04,3.0,0.5021091007195937,1.541941711610002,4.682106665289589
2018-04-05,3.0,0.5049642516291399,1.5439397017476741,4.6588067665212
2018-04-06,3.0,0.5049642516291399,1.548515938826823,4.6588067665212
2018-04-09,3.0,0.5056733943144605,1.5458083752606466,4.658507082426322
2018-04-10,3.0,0.5056733943144605,1.5439397017476741,4.644536151803927
2018-04-11,3.0,0.5056733943144605,1.5503990803823036,4.6588067665212
2018-04-12,3.0,0.5056733943144605,1.548271070960248,4.6588067665212
2018-04-13,3.0,0.505575624903295,1.5474509368249127,4.6588067665212
2018-04-16,3.0,0.505575624903295,1.5524182143918241,4.6588067665212
2018-04-17,3.0,0.505575624903295,1.5474509368249127,4.6588067665212
2018-04-18,3.0,0.5077249076819158,1.5419743503612255,4.6589597504300055
2018-04-19,3.0,0.5033093400617614,1.5392420254826442,4.659326216368407
2018-04-20,3.0,0.5033093400617614,1.544637161329896,4.702674765662723
2018-04-23,3.0,0.501645953892568,1.5456193968123422,4.702815925262053
2018-04-24,3.0,0.5033093400617614,1.5474509368249127,4.760366209084333
2018-04-25,3.0,0.5014653857973926,1.5482919224936649,4.759932486563314
2018-04-26,3.0,0.5044653724802415,1.549296038567234,4.730080507382651
2018-04-27,3.0,0.5047003680981496,1.5466169625464001,4.730080507382651
2018-04-30,3.0,0.5046288829519926,1.5456095273983619,4.7309688439951785
2018-05-01,3.0,0.5046288829519926,1.5505776585925166,4.691053725937762
2018-05-02,3.0,0.5016491714955403,1.5573421125518274,4.691282956244526
2018-05-03,3.0,0.5046288829519926,1.5591974275631637,4.714349389260112
2018-05-04,3.0,0.5005639379159161,1.558748797509609,4.789855146370845
2018-05-07,3.0,0.49715594459137635,1.558748797509609,4.735380501505312
2018-05-08,3.0,0.5016491714955403,1.5576478485844814,4.73409814684744
2018-05-09,3.0,0.5046288829519926,1.5597200449128024,4.712332182174607
2018-05-10,3.0,0.5015912701119792,1.5622161232861556,4.712332182174607
2018-05-11,3.0,0.5015912701119792,1.5572162807919565,4.712332182174607
2018-05-14,3.0,0.5065531494359897,1.5609446902263464,4.73409814684744
2018-05-15,3.0,0.5046820190474065,1.559617144203777,4.7398433147135615
2018-05-16,3.0,0.5053305920619716,1.5608225356900407,4.802100016949192
2018-05-17,3.0,0.50632571360424,1.5524212012123506,4.815156795856212
2018-05-18,3.0,0.5065914363968715,1.5516550677562737,4.815156795856212
2018-05-21,3.0,0.5066004755716474,1.554337564687394,4.815156795856212
2018-05-22,3.0,0.508773779402857,1.5608076102687742,4.836807909378569
2018-05-23,3.0,0.508773779402857,1.561324260838235,4.836807909378569
2018-05-24,3.0,0.508773779402857,1.5612544808793936,4.780023220525519
2018-05-25,3.0,0.5098518307976996,1.5633915095244824,4.759682512993072
2018-05-29,3.0,0.5108243815584766,1.5618945098698442,4.780023220525519
2018-05-30,3.0,0.5124033896621805,1.5675422777960886,4.780023220525519
2018-05-31,3.0,0.5088176585500014,1.5675422777960886,4.970789260285148
2018-06-01,3.0,0.5098518307976996,1.5630035447966635,4.970789260285148
2018-06-04,3.0,0.5186493595899291,1.5613330189036048,4.938062660228546
2018-06-05,3.0,0.5187691225523797,1.5585924866166054,4.970789260285148
2018-06-06,3.0,0.5186493595899291,1.5539815876374459,4.937311903243135
2018-06-07,3.0,0.5186493595899291,1.5557147834804406,4.897842325063065
2018-06-08,3.0,0.5128537917897731,1.5552550151039641,4.89573422934729
2018-06-11,3.0,0.5186592480433402,1.5539071772452315,4.895437842580675
2018-06-12,3.0,0.5123505825470783,1.554824627661802,4.895437842580675
2018-06-13,3.0,0.5170931726600733,1.552189203865555,4.925583547474885
2018-06-14,3.0,0.5128537917897731,1.5507013184833034,4.841294565755444
2018-06-15,3.0,0.5077379577255847,1.5537804689335473,4.89142888331772
2018-06-18,3.0,0.5108392971390049,1.5565517428701696,4.89142888331772
2018-06-19,3.0,0.5085362489193362,1.5558077810251558,4.853594919572746
2018-06-20,3.0,0.4970559838214433,1.5587086287791037,4.876153479243485
2018-06-21,3.0,0.514579185745424,1.5640230610757415,4.891050027862772
2018-06-22,3.0,0.5145410717233307,1.563955802028493,4.868627400167954
2018-06-25,3.0,0.49947651672435117,1.56413350259596,4.9354793619994055
2018-06-26,3.0,0.4966183384308595,1.563955802028493,4.9354793619994055
2018-06-27,3.0,0.5003861531618109,1.563955802028493,4.996374932810303
2018-06-28,3.0,0.5003861531618109,1.5695206595580675,4.996374932810303
2018-06-29,3.0,0.5003861531618109,1.570487707238739,4.982611623881821
2018-07-02,3.0,0.4966183384308595,1.574997425974407,4.936964508605443
2018-07-03,3.0,0.4966183384308595,1.576050162687458,4.952284846086484
2018-07-05,3.0,0.5003861531618109,1.576050162687458,5.054821843130436
2018-07-06,3.0,0.49758777633777157,1.5839433694228786,5.014130956876823
2018-07-09,3.0,0.49190113920653894,1.5781548721487473,4.937020673285809
2018-07-10,3.0,0.4910928148681345,1.578261914719615,5.076999709609028
2018-07-11,3.0,0.49107920824914014,1.5780047973595202,5.076999709609028
2018-07-12,3.0,0.4982699044627635,1.574997425974407,5.01159494000427
2018-07-13,3.0,0.49331475355986176,1.5775861040480699,5.006788887401193
2018-07-16,3.0,0.49331475355986176,1.574473921259221,5.083726521098895
2018-07-17,3.0,0.49097525379336776,1.5748239346344597,5.083726521098895
2018-07-18,3.0,0.49331475355986176,1.5751107821864754,5.083726521098895
2018-07-19,3.0,0.49354786632255665,1.5751107821864754,5.15023487331437
2018-07-20,3.0,0.4931588355243817,1.5788990914702943,5.126206198126865
2018-07-23,3.0,0.49322952450095914,1.5823361000510903,5.105214012023984
2018-07-24,3.0,0.4932640799119097,1.5809392470624002,5.109893573166798
2018-07-25,3.0,0.49248234683322417,1.5850478598752273,5.15023487331437
2018-07-26,3.0,0.4877364004820277,1.5812375818053992,5.151582893995262
2018-07-27,3.0,0.4924834538481333,1.5797951550669365,5.159370577684282
2018-07-30,3.0,0.4924834538481333,1.583356301715702,5.159370577684282
2018-07-31,3.0,0.4924834538481333,1.5812375818053992,5.159370577684282
2018-08-01,3.0,0.5025146478793191,1.581867644315021,5.159370577684282
2018-08-02,3.0,0.5025146478793191,1.578055348949038,5.159370577684282
2018-08-03,3.0,0.5025383794096728,1.5803153207528402,5.082850156227717
2018-08-06,3.0,0.5025383794096728,1.582539045305001,5.063957670369356
2018-08-07,3.0,0.5049213906729453,1.5858430647829775,5.071936594141347
2018-08-08,3.0,0.5049213906729453,1.584620847525881,5.10993432184318
2018-08-09,3.0,0.5049213906729453,1.5883523958048662,5.21884511989781
2018-08-10,3.0,0.5009393450351344,1.5887966169026884,5.224737971700665
2018-08-13,3.0,0.5010258920597409,1.5927319812075895,5.244381898467269
2018-08-14,3.0,0.4982369536658544,1.5870357237535604,5.244381898467269
2018-08-15,3.0,0.5026404900300405,1.5927319812075895,5.280241830700717
2018-08-16,3.0,0.4995596997406064,1.594889215551078,5.280241830700717
2018-08-17,3.0,0.4995596997406064,1.5983172203499683,5.244716891539745
2018-08-20,3.0,0.49972559844472236,1.5967630929443755,5.236022097031234
2018-08-21,3.0,0.49611020496704633,1.5994218030468033,5.136947340665055
2018-08-22,3.0,0.4930032047519949,1.5977808021290825,5.136478258429604
2018-08-23,3.0,0.49277635593903607,1.5994218030468033,5.136478258429604
2018-08-24,3.0,0.4996497362067499,1.6007851280661152,5.145467565101317
2018-08-27,3.0,0.49314814428839127,1.5996003598264759,5.143965580281835
2018-08-28,3.0,0.493906788391135,1.6011115698974425,5.143965580281835
2018-08-29,3.0,0.493906788391135,1.6050354388881771,5.143775029699508
2018-08-30,3.0,0.493906788391135,1.6063140688214528,5.162095653179842
2018-08-31,3.0,0.49277635593903607,1.6089785662176148,5.161615189533841
2018-09-04,3.0,0.49277635593903607,1.6042014578842376,5.174677658130802
2018-09-05,3.0,0.48908567163182004,1.6042014578842376,5.163323020120463
2018-09-06,3.0,0.48908567163182004,1.6069736051082582,5.21398873292493
2018-09-07,3.0,0.4928620907747981,1.6037665489786652,5.214264046997307
2018-09-10,3.0,0.49277635593903607,1.603092481320365,5.226265828356389
2018-09-11,3.0,0.49277635593903607,1.6037665489786652,5.1691663053855175
2018-09-12,3.0,0.49277635593903607,1.6053197653795808,5.121605352575599
2018-09-13,3.0,0.4987262530770389,1.605018046865928,5.119625772654759
2018-09-14,3.0,0.491409824270463,1.6039299980451815,5.070964192977328
2018-09-17,3.0,0.4966580491862762,1.6073928679972864,5.0695909714803795
2018-09-18,3.0,0.4987262530770389,1.6087543486605163,5.0695909714803795
2018-09-19,3.0,0.4987262530770389,1.616175057157146,5.084654106953694
2018-09-20,3.0,0.4987262530770389,1.619716289410784,5.083444573514026
2018-09-21,3.0,0.49314442328094593,1.6150341479296606,5.0695909714803795
2018-09-24,3.0,0.49314442328094593,1.6105377684308122,5.083444573514026
2018-09-25,3.0,0.49314442328094593,1.61735193203525,5.091037941187648
2018-09-26,3.0,0.491800420867392,1.617071849878589,5.152318364267669
2018-09-27,3.0,0.491800420867392,1.6200515469695236,5.091468229221046
2018-09-28,3.0,0.49185717946451735,1.6187157924493007,5.091687656965725
2018-10-01,3.0,0.4919151903459938,1.6130875913437273,5.186968389098694
2018-10-02,3.0,0.49316512103389754,1.6150534298944659,5.164746763789268
2018-10-03,3.0,0.4930773564085767,1.621787295098198,5.186968389098694
2018-10-04,3.0,0.49431288903223447,1.6199849428394146,5.164746763789268
2018-10-05,3.0,0.49268498290993906,1.6213403447262609,5.155879405781265
2018-10-08,3.0,0.4931656490103157,1.6193493545681485,5.2205868810415
2018-10-09,3.0,0.49431288903223447,1.6201341603587756,5.263054086042031
2018-10-10,3.0,0.4985195035052349,1.6199849428394146,5.226680975820667
2018-10-11,3.0,0.5008886125297344,1.6199849428394146,5.226680975820667
2018-10-12,3.0,0.5011804001203639,1.6159120468983694,5.263054086042031
2018-10-15,3.0,0.5011804001203639,1.6199849428394146,5.265107646466093
2018-10-16,3.0,0.5041300604973992,1.6234188781227061,5.191068961090498
2018-10-17,3.0,0.5037192681565503,1.6209793739505534,5.191068961090498
2018-10-18,3.0,0.5037192681565503,1.6288614766856042,5.191948012002476
2018-10-19,3.0,0.5037192681565503,1.6251177839646473,5.229093511657643
2018-10-22,3.0,0.5010544117224266,1.6198666262930081,5.292482057570217
2018-10-23,3.0,0.49964658312969473,1.6198666262930081,5.299172279582477
2018-10-24,3.0,0.49980552515053783,1.624170403052247,5.299172279582477
2018-10-25,3.0,0.5012103052209659,1.6260123004926785,5.3152147369494855
2018-10-26,3.0,0.5012103052209659,1.6260123004926785,5.291301788467513
2018-10-29,3.0,0.4975953576225362,1.6302331082062707,5.291301788467513
2018-10-30,3.0,0.49661697532044324,1.630548210808886,5.291301788467513
2018-10-31,3.0,0.49628496792830323,1.6298344413027295,5.270608748062653
2018-11-01,3.0,0.4958214954754184,1.6298916574596207,5.255584068169862
2018-11-02,3.0,0.4944001467631537,1.6315161006359427,5.255584068169862
2018-11-05,3.0,0.4944001467631537,1.6316302026829332,5.243387591825247
2018-11-06,3.0,0.49345080869800867,1.6327200662738095,5.237751780954443
2018-11-07,3.0,0.49345080869800867,1.6211130197117476,5.237751780954443
2018-11-08,3.0,0.499687834631659,1.6189672322780138,5.237751780954443
2018-11-09,3.0,0.499687834631659,1.6248821100365212,5.243387591825247
2018-11-12,3.0,0.4944001467631537,1.6262741447734856,5.237751780954443
2018-11-13,3.0,0.4903421312465236,1.6275948674147411,5.243387591825247
2018-11-14,3.0,0.49341264947576224,1.6334105164333457,5.256193437406192
2018-11-15,3.0,0.49977607295539417,1.6371348400783545,5.265957318615146
2018-11-16,3.0,0.4978646302159208,1.638002865082375,5.265957318615146
2018-11-19,3.0,0.4974708044203659,1.6393954171891898,5.281245171390614
2018-11-20,3.0,0.49977607295539417,1.634568213589945,5.302559447152542
2018-11-21,3.0,0.4997649687952765,1.6291155586639223,5.294824498819471
2018-11-23,3.0,0.5008892647571912,1.6362244139586246,5.294824498819471
2018-11-26,3.0,0.5010970051638437,1.637163704904304,5.294824498819471
2018-11-27,3.0,0.501230033806236,1.638457438102597,5.3179373035414015
2018-11-28,3.0,0.50123295072012,1.6389994809001571,5.393433879597864
2018-11-29,3.0,0.5020827984868393,1.6385737727058847,5.393433879597864
2018-11-30,3.0,0.5022209766750958,1.6451386856828192,5.381916152764987
2018-12-03,3.0,0.5012014074811062,1.642889638720043,5.381916152764987
2018-12-04,3.0,0.5022735416873729,1.6407627846419541,5.381916152764987
2018-12-06,3.0,0.5048861720462245,1.6451386856828192,5.381916152764987
2018-12-07,3.0,0.5029494983351412,1.6451386856828192,5.325436536230529
2018-12-10,3.0,0.49954773120577706,1.6419158742508744,5.325436536230529
2018-12-11,3.0,0.49962231561984116,1.6416800714996949,5.381916152764987
2018-12-12,3.0,0.4977084737053561,1.6432956251972857,5.38208617125868
2018-12-13,3.0,0.4946879162347173,1.644261274551423,5.38208617125868
2018-12-14,3.0,0.4922087607927012,1.644261274551423,5.4007983716162125
2018-12-17,3.0,0.4922087607927012,1.6451342320415279,5.400305542651467
2018-12-18,3.0,0.49225506539964026,1.648285971021444,5.400305542651467
2018-12-19,3.0,0.4921321081381672,1.6457219018484852,5.400305542651467
2018-12-20,3.0,0.4921321081381672,1.6507164808608255,5.410195101797594
2018-12-21,3.0,0.49180221641421085,1.6512322440501583,5.313854128554577
2018-12-24,3.0,0.49461126358018326,1.6512322440501583,5.275314936632884
2018-12-26,3.0,0.4872110745250704,1.6495156988669428,5.400305542651467
2018-12-27,3.0,0.4872110745250704,1.6602556327705194,5.350091897496285
2018-12-28,3.0,0.4872110745250704,1.6597265848460352,5.262350984579285
2018-12-31,3.0,0.48517877922586666,1.6655141525545352,5.247749022204602
2019-01-02,3.0,0.49255208145048096,1.6672677586783955,5.247749022204602
2019-01-03,3.0,0.4927006887109888,1.6660121043594558,5.264347150803199
2019-01-04,3.0,0.498328759206393,1.6502504163334701,5.264347150803199
2019-01-07,3.0,0.4983224868070966,1.6526777935052426,5.385164432195925
2019-01-08,3.0,0.49876714346711964,1.6595530252898765,5.283701506019558
2019-01-09,3.0,0.4946695114798305,1.6641692247273259,5.284709678159942
2019-01-10,3.0,0.4950195200965795,1.6502504163334701,5.284709678159942
2019-01-11,3.0,0.4950195200965795,1.6506678153171315,5.425320797041293
2019-01-14,3.0,0.4945277690155321,1.6474509770857226,5.425320797041293
2019-01-15,3.0,0.4945277690155321,1.6488507282895564,5.419673122053578
2019-01-16,3.0,0.49465217097669645,1.6449169625300688,5.425320797041293
2019-01-17,3.0,0.49465217097669645,1.6496072714428751,5.425320797041293
2019-01-18,3.0,0.49573381912973435,1.6570584582039727,5.38010289320447
2019-01-22,3.0,0.49691482292590194,1.6598024406053369,5.38010289320447
2019-01-23,3.0,0.4976812103427811,1.6599709448927362,5.431389055485011
2019-01-24,3.0,0.49683627491889626,1.6598024406053369,5.43161846745376
2019-01-25,3.0,0.49683627491889626,1.6626437904777065,5.484874409378398
2019-01-28,3.0,0.49683627491889626,1.666130867711411,5.484874409378398
2019-01-29,3.0,0.49700072006554374,1.6686807820164333,5.484874409378398
2019-01-30,3.0,0.49700072006554374,1.6686807820164333,5.536358741833949
2019-01-31,3.0,0.499396408456604,1.662080905308756,5.460158708216255
2019-02-01,3.0,0.499396408456604,1.6584405819060908,5.481097665532438
2019-02-04,3.0,0.4927079649709164,1.6584405819060908,5.43050412381284
2019-02-05,3.0,0.4997940852327317,1.652668273836889,5.43050412381284
2019-02-06,3.0,0.5003716166599329,1.6527771752468992,5.47588139670322
2019-02-07,3.0,0.5001757371248913,1.6546586169165043,5.472361176909704
2019-02-08,3.0,0.5003716166599329,1.6554106904833805,5.437210459137173
2019-02-11,3.0,0.500114835481588,1.6592304275467789,5.379478715390819
2019-02-12,3.0,0.500114835481588,1.6581662875344838,5.369017236845329
2019-02-13,3.0,0.5003716166599329,1.657238819506114,5.369017236845329
2019-02-14,3.0,0.500114835481588,1.6562170031523733,5.369017236845329
2019-02-15,3.0,0.500114835481588,1.6575261970495836,5.379763057719811
2019-02-19,3.0,0.500114835481588,1.6633437813622143,5.379763057719811
2019-02-20,3.0,0.500114835481588,1.659071683829152,5.376340156879639
2019-02-21,3.0,0.500114835481588,1.6575261970495836,5.376424730330559
2019-02-22,3.0,0.4995930782009428,1.6552319925940906,5.368963765473161
2019-02-25,3.0,0.5001698198557397,1.6635705945531767,5.368963765473161
2019-02-26,3.0,0.5001698198557397,1.658095991661642,5.378095219944375
2019-02-27,3.0,0.5001698198557397,1.658095991661642,5.378095219944375
2019-02-28,3.0,0.5001698198557397,1.65223907114036,5.370772299910064
2019-03-01,3.0,0.5001698198557397,1.6570499434756156,5.432038383796008
2019-03-04,3.0,0.5001698198557397,1.6636934924669529,5.371582461664848
2019-03-05,3.0,0.5001698198557397,1.6651311258841353,5.371582461664848
2019-03-06,3.0,0.5008239838172476,1.6645613309731238,5.467201386815204
2019-03-07,3.0,0.5001698198557397,1.6687379529460498,5.467499994175879
2019-03-08,3.0,0.4996064249505661,1.6679709423104814,5.484608601576768
2019-03-11,3.0,0.5008239838172476,1.6671768542626146,5.450313818778137
2019-03-12,3.0,0.5001698198557397,1.6676637098303364,5.518419338948461
2019-03-13,3.0,0.4996056798621536,1.663608218045976,5.640829375782835
2019-03-14,3.0,0.4996056798621536,1.6661750795753982,5.5392955641615504
2019-03-15,3.0,0.5001698198557397,1.6614933717297071,5.576222948262672
2019-03-18,3.0,0.5001698198557397,1.6618608100195043,5.58510752424627
2019-03-19,3.0,0.5013859086643582,1.6674907191902033,5.592362280187876
2019-03-20,3.0,0.5028370549457444,1.667545655776728,5.5771834760535475
2019-03-21,3.0,0.5028370549457444,1.6686682790876026,5.617137029153322
2019-03-22,3.0,0.5001613433055222,1.6709242861865201,5.617137029153322
2019-03-25,3.0,0.5001613433055222,1.6721297323009943,5.617137029153322
2019-03-26,3.0,0.496186425289145,1.6750558054006952,5.615181988362916
2019-03-27,3.0,0.496186425289145,1.6765751521857437,5.615181988362916
2019-03-28,3.0,0.496186425289145,1.6788122813113553,5.615181988362916
2019-03-29,3.0,0.49820129908397565,1.6755127777201642,5.615181988362916
2019-04-01,3.0,0.49820129908397565,1.6809216439447399,5.615181988362916
2019-04-02,3.0,0.49820129908397565,1.6782849632022565,5.622101482429804
2019-04-03,3.0,0.4981017909844126,1.6726911981768895,5.622611501430696
2019-04-04,3.0,0.4933137719501823,1.6739968517452608,5.622611501430696
2019-04-05,3.0,0.4960878140553104,1.6805984197864006,5.620685474952306
2019-04-08,3.0,0.503829835023589,1.673097399764574,5.6525522673739035
2019-04-09,3.0,0.49995081322936286,1.6807652236706014,5.652710770163803
2019-04-10,3.0,0.49588614752286464,1.6826579600670146,5.652710770163803
2019-04-11,3.0,0.49588614752286464,1.6826579600670146,5.68489361943021
2019-04-12,3.0,0.49542723537179323,1.6898940876176298,5.7174104997360935
2019-04-15,3.0,0.49588614752286464,1.6898254078900092,5.660201436426302
2019-04-16,3.0,0.49588614752286464,1.6921567857565734,5.726083196613768
2019-04-17,3.0,0.4969092587485764,1.6975300669784779,5.726083196613768
2019-04-18,3.0,0.4969120525569138,1.6947487427721724,5.726083196613768
2019-04-22,3.0,0.4969120564009333,1.6974441095648507,5.726083196613768
2019-04-23,3.0,0.4969120564009333,1.6980111893238314,5.726083196613768
2019-04-24,3.0,0.49560264330096665,1.6980111893238314,5.736748770088679
2019-04-25,3.0,0.49560264330096665,1.6947100096990106,5.726083196613768
2019-04-26,3.0,0.5009242258114822,1.6938930765630902,5.720329349947002
2019-04-29,3.0,0.4967475803942021,1.6935352900733043,5.733003107918065
2019-04-30,3.0,0.49817885417885877,1.6940037560054768,5.772577843153222
2019-05-01,3.0,0.5017015209170134,1.6935352900733043,5.733003107918065
2019-05-02,3.0,0.49817885417885877,1.6940037560054768,5.720506783570188
2019-05-03,3.0,0.49817885417885877,1.7007656791347254,5.721521144905843
2019-05-06,3.0,0.49626613955840015,1.7007656791347254,5.660521408201429
2019-05-07,3.0,0.49817885417885877,1.699929881012294,5.721521144905843
2019-05-08,3.0,0.49921987291953696,1.699961572028052,5.658132960823716
2019-05-09,3.0,0.50558163831197,1.7016315356121001,5.66778115863375
2019-05-10,3.0,0.49602248624492495,1.7046048966887506,5.675600684633253
2019-05-13,3.0,0.49594359549754274,1.7046048966887506,5.754227538926681
2019-05-14,3.0,0.49210359199563836,1.7039023875794856,5.795270749327295
2019-05-15,3.0,0.4959616693685813,1.7016895627297766,5.754227538926681
2019-05-16,3.0,0.4943281626541934,1.7048391743108888,5.754227538926681
2019-05-17,3.0,0.49210359199563836,1.7027175886160006,5.795871125854348
2019-05-20,3.0,0.49210359199563836,1.701042021489772,5.788710045614354
2019-05-21,3.0,0.4918650756659606,1.6961711635842214,5.739556382391728
2019-05-22,3.0,0.4943239059351016,1.6996272118706832,5.834541400942014
2019-05-23,3.0,0.4919096450445464,1.6977264770059617,5.832703181204932
2019-05-24,3.0,0.4890300077924968,1.6997211987893932,5.913204865979934
2019-05-28,3.0,0.4907756143119436,1.7016265100390529,5.980111721190348
2019-05-29,3.0,0.4907682135573418,1.7054905724596214,5.971060541518765
2019-05-30,3.0,0.4918649743569563,1.7021798694086585,5.971406158143709
2019-05-31,3.0,0.49184562320431985,1.7063150829805211,5.92696546825659
2019-06-03,3.0,0.49184562320431985,1.7055240482350305,5.8574137139495805
2019-06-04,3.0,0.48822451185409016,1.708349619704737,5.880767710236088
2019-06-05,3.0,0.49006085030330593,1.703040879883865,5.8525331426110405
2019-06-06,3.0,0.49006085030330593,1.706099204002342,5.821875761146521
2019-06-07,3.0,0.4849327808712524,1.7067052479350768,5.821354959391665
2019-06-10,3.0,0.4813848725772494,1.7173623406583847,5.828662837798196
2019-06-11,3.0,0.481352396237302,1.7183017203351945,5.828662837798196
2019-06-12,3.0,0.48134215745890185,1.7121202200126848,5.849386115599651
2019-06-13,3.0,0.4822515792282712,1.7160831931228322,5.828662837798196
2019-06-14,3.0,0.4856192400129401,1.7160831931228322,5.828662837798196
2019-06-17,3.0,0.4818475942450409,1.717391483957428,5.828364730066542
2019-06-18,3.0,0.48133966186807764,1.7163246191126937,5.821354959391665
2019-06-19,3.0,0.47778706642666813,1.717391483957428,5.849386115599651
2019-06-20,3.0,0.47686031145465224,1.7187836498029576,5.850346553186208
2019-06-21,3.0,0.47715699493622077,1.7228947656461333,5.904495359249135
2019-06-24,3.0,0.47715699493622077,1.721882674349947,5.871093127199445
2019-06-25,3.0,0.47373908821286065,1.7224465352022933,5.889145442992334
2019-06-26,3.0,0.47473948625226775,1.7235128824728423,5.889145442992334
2019-06-27,3.0,0.47485217283691733,1.726815732934703,5.889145442992334
2019-06-28,3.0,0.46877679025962543,1.7304015504187094,5.886292188541775
2019-07-01,3.0,0.47511621775989593,1.7408407929912275,5.886219498930698
2019-07-02,3.0,0.47687888686160723,1.7363229394939146,5.958228065750983
2019-07-03,3.0,0.47695040561866364,1.739843705906371,6.007088875538305
2019-07-05,3.0,0.4804986104115182,1.7405554342499405,6.006567167822055
2019-07-08,3.0,0.4804986104115182,1.7307761448535586,5.968559821418497
2019-07-09,3.0,0.4779225377972874,1.7405554342499405,5.857495871403387
2019-07-10,3.0,0.48052351683435796,1.7442248409360435,5.857495871403387
2019-07-11,3.0,0.48052351683435796,1.7478737203459342,5.877466591617308
2019-07-12,3.0,0.48052351683435796,1.7485753890318754,5.88734878275527
2019-07-15,3.0,0.4817581565537975,1.74489967114982,5.88734878275527
2019-07-16,3.0,0.4817581565537975,1.7405554342499405,5.970878668567802
2019-07-17,3.0,0.4872405854206384,1.7405554342499405,5.9685919545324495
2019-07-18,3.0,0.48455895609843114,1.739843705906371,6.0093298048260015
2019-07-19,3.0,0.4886212078275308,1.7408365893430506,6.0093298048260015
2019-07-22,3.0,0.48410372333198814,1.7408365893430506,6.089062028321512
2019-07-23,3.0,0.48410372333198814,1.7429259254438931,6.009087506777701
2019-07-24,3.0,0.48410372333198814,1.7520350220870096,6.007843561526189
2019-07-25,3.0,0.4859308466339752,1.754057244102046,6.054382445881971
2019-07-26,3.0,0.4847929247772634,1.7545733366558607,6.089062028321512
2019-07-29,3.0,0.4847929247772634,1.7573290163571302,6.089062028321512
2019-07-30,3.0,0.4833293996447036,1.7558939231166473,6.089062028321512
2019-07-31,3.0,0.4833293996447036,1.7558939231166473,6.089062028321512
2019-08-01,3.0,0.48410372333198814,1.7558939231166473,6.038046160085911
2019-08-02,3.0,0.4837843207878886,1.7585904973982203,6.0363203134631975
2019-08-05,3.0,0.4837843207878886,1.7604440774575987,6.038495461416208
2019-08-06,3.0,0.48281489965170865,1.7622807699694711,6.080214047068091
2019-08-07,3.0,0.48281489965170865,1.765246702562289,6.080214047068091
2019-08-08,3.0,0.48118342461167546,1.765246702562289,6.080214047068091
2019-08-09,3.0,0.48281489965170865,1.7632974243553305,6.09949524523041
2019-08-12,3.0,0.48118342461167546,1.76050388739293,6.09949524523041
2019-08-13,3.0,0.48278042250257913,1.7632974243553305,6.09949524523041
2019-08-14,3.0,0.48285526568859477,1.7648382210648097,6.1012927571696
2019-08-15,3.0,0.48285526568859477,1.7642608282808192,6.139820821925055
2019-08-16,3.0,0.482775832878179,1.7629306242384633,6.2089635108381955
2019-08-19,3.0,0.48275770005023383,1.7652645015695576,6.122114794190167
2019-08-20,3.0,0.4863097962116549,1.766606794116989,6.2089635108381955
2019-08-21,3.0,0.4808874322494279,1.7648813213413768,6.213829629704239
2019-08-22,3.0,0.4779587910597504,1.762192121196311,6.213829629704239
2019-08-23,3.0,0.4779587910597504,1.7612637929035753,6.26352700370605
2019-08-26,3.0,0.4779587910597504,1.7584741243492532,6.213829629704239
2019-08-27,3.0,0.4779587910597504,1.7584741243492532,6.286641626479832
2019-08-28,3.0,0.47658639304855405,1.7603863232785115,6.286641626479832
2019-08-29,3.0,0.4765512673426837,1.7630805401478282,6.286895257765645
2019-08-30,3.0,0.4765512673426837,1.7701256079855232,6.304371108428551
2019-09-03,3.0,0.4762745822750591,1.7722919902259635,6.289473055428228
2019-09-04,3.0,0.4771326904229429,1.7772585038146338,6.412497495472807
2019-09-05,3.0,0.47726400023861276,1.7772651483960822,6.412497495472807
2019-09-06,3.0,0.47646708483893574,1.7775464828917271,6.412497495472807
2019-09-09,3.0,0.47646708483893574,1.77543808058845,6.516817579262485
2019-09-10,3.0,0.47650418105403486,1.776445210172104,6.516817579262485
2019-09-11,3.0,0.47650418105403486,1.7721099620838427,6.516790078168318
2019-09-12,3.0,0.47318987742531216,1.7718530015500324,6.516790078168318
2019-09-13,3.0,0.47029826717294326,1.777709300447187,6.516790078168318
2019-09-16,3.0,0.4716962753303936,1.7784044066773235,6.445682942824978
2019-09-17,3.0,0.4716962753303936,1.7774213213700933,6.432264018928502
2019-09-18,3.0,0.4802201770485982,1.7829441738794145,6.388736833753579
2019-09-19,3.0,0.47509751122815513,1.7816081916803035,6.434054655413566
2019-09-20,3.0,0.4751014996423391,1.7816081916803035,6.434054655413566
2019-09-23,3.0,0.4751014996423391,1.7784044066773235,6.434054655413566
2019-09-24,3.0,0.47763870494903343,1.778927242485471,6.388736833753579
2019-09-25,3.0,0.47763870494903343,1.7827956172965844,6.373625175503487
2019-09-26,3.0,0.4771979150160826,1.7881668613979411,6.3918225714147825
2019-09-27,3.0,0.4771979150160826,1.789819910811757,6.432799799670903
2019-09-30,3.0,0.47763870494903343,1.7909567945536988,6.430581618653117
2019-10-01,3.0,0.477221226170829,1.7909567945536988,6.430581618653117
2019-10-02,3.0,0.47604166281619437,1.7906429124812724,6.430581618653117
2019-10-03,3.0,0.47604166281619437,1.7963028640393088,6.430581618653117
2019-10-04,3.0,0.4760732380312479,1.7976952314611951,6.400548287549779
2019-10-07,3.0,0.47773583731497404,1.8030571120783492,6.400548287549779
2019-10-08,3.0,0.47798478696505114,1.8042486525718224,6.400548287549779
2019-10-09,3.0,0.47798478696505114,1.801518941741569,6.489677560426811
2019-10-10,3.0,0.47763050467206003,1.7920855706112686,6.430790957169633
2019-10-11,3.0,0.47763050467206003,1.7962313729445532,6.361540091271557
2019-10-14,3.0,0.47663706140265194,1.7956049616345595,6.361540091271557
2019-10-15,3.0,0.47186960237023634,1.7972555903155054,6.470763784824677
2019-10-16,3.0,0.47798478696505114,1.7906315150110248,6.4806772909566455
2019-10-17,3.0,0.47798478696505114,1.7929527888698562,6.4815068141023815
2019-10-18,3.0,0.47977034907621097,1.7935923658278905,6.4815068141023815
2019-10-21,3.0,0.4783723895233496,1.7851555847334428,6.467140306470798
2019-10-22,3.0,0.4783723895233496,1.7881828173899592,6.553923521245093
2019-10-23,3.0,0.47772803004635517,1.7909465009835892,6.553923521245093
2019-10-24,3.0,0.47772803004635517,1.7946250471436902,6.605616565813365
2019-10-25,3.0,0.47772803004635517,1.7946250471436902,6.553923521245093
2019-10-28,3.0,0.4783723895233496,1.79083849257992,6.476734417881293
2019-10-29,3.0,0.47766354360106184,1.7984791143428358,6.430738540569373
2019-10-30,3.0,0.4783723895233496,1.7929663020581188,6.441214609920178
2019-10-31,3.0,0.4776078993417936,1.7936977554929112,6.441914245634863
2019-11-01,3.0,0.47771603267704815,1.7960881562391493,6.440992908081986
2019-11-04,3.0,0.4783110497573567,1.797417573832894,6.440992908081986
2019-11-05,3.0,0.4783110497573567,1.7960881562391493,6.434564102959789
2019-11-06,3.0,0.4783110497573567,1.799553370163496,6.4632071055225655
2019-11-07,3.0,0.4783110497573567,1.8000417396026176,6.447399814969966
2019-11-08,3.0,0.4819071164949832,1.8019675334852088,6.447399814969966
2019-11-11,3.0,0.47901382176116103,1.8134647816196825,6.447399814969966
2019-11-12,3.0,0.4779029674919312,1.8134647816196825,6.434728382623582
2019-11-13,3.0,0.4709119231467947,1.8136390627662522,6.434728382623582
2019-11-14,3.0,0.47274188593100575,1.8163505272958083,6.434728382623582
2019-11-15,3.0,0.47274188593100575,1.8163505272958083,6.448254345761728
2019-11-18,3.0,0.47011457018165737,1.8149423027561868,6.448254345761728
2019-11-19,3.0,0.47274188593100575,1.8158717026079594,6.413582353611687
2019-11-20,3.0,0.47034645970199573,1.8150860369626305,6.396404257173687
2019-11-21,3.0,0.4681227848541207,1.8228483320448967,6.396404257173687
2019-11-22,3.0,0.4703752305172869,1.8192709817101451,6.706775509451649
2019-11-25,3.0,0.4704301458764689,1.8200871754232726,6.654440780997586
2019-11-26,3.0,0.4704301458764689,1.8252167656546465,6.654440780997586
2019-11-27,3.0,0.4703179974024452,1.8232182341684378,6.706775509451649
2019-11-29,3.0,0.4703179974024452,1.8187481828328744,6.706775509451649
2019-12-02,3.0,0.4703179974024452,1.8118988871380761,6.651502040329895
2019-12-03,3.0,0.4704938480426315,1.8147008913995328,6.564930149927758
2019-12-04,3.0,0.4711286149629771,1.8158848448176403,6.577076010997315
2019-12-05,3.0,0.47031349187014826,1.8139481412889178,6.556585894619874
2019-12-06,3.0,0.4689552195040387,1.815015122450673,6.546596300163679
2019-12-09,3.0,0.4689552195040387,1.8208281036268588,6.546596300163679
2019-12-10,3.0,0.47048389084640624,1.8206423941575454,6.506443387513555
2019-12-11,3.0,0.4729247554517923,1.8276874048428884,6.498368478646922
2019-12-12,3.0,0.46992516121736305,1.8260934257146666,6.522082922467707
2019-12-13,3.0,0.47048389084640624,1.8236691561213756,6.526257020773034
2019-12-16,3.0,0.46979151905435845,1.8243745987189957,6.572056145075137
2019-12-17,3.0,0.46979151905435845,1.8281595285967613,6.684944983377559
2019-12-18,3.0,0.46389593157712905,1.8281595285967613,6.684944983377559
2019-12-19,3.0,0.46992822834016684,1.8281595285967613,6.621346782103668
2019-12-20,3.0,0.46992822834016684,1.833410782059739,6.621287788926098
2019-12-23,3.0,0.4693878157309811,1.834081015531325,6.621346782103668
2019-12-24,3.0,0.46878880086736874,1.834588853053178,6.621346782103668
2019-12-26,3.0,0.46807495191228377,1.8304718946336038,6.621346782103668
2019-12-27,3.0,0.4681049459190164,1.828539755104715,6.621346782103668
2019-12-30,3.0,0.46642935563566396,1.825476574289401,6.684944983377559
2019-12-31,3.0,0.46889379594154756,1.8239513186403673,6.68508338504474
2020-01-02,3.0,0.46889379594154756,1.8237318407419443,6.714059159164893
2020-01-03,3.0,0.4701527748241067,1.8257491950404763,6.7564861172493496
2020-01-06,3.0,0.4701527748241067,1.8290165734697488,6.7564861172493496
2020-01-07,3.0,0.4688972822481932,1.8323206019350442,6.7564861172493496
2020-01-08,3.0,0.47105301819122986,1.8293009565099196,6.740336169402459
2020-01-09,3.0,0.47105301819122986,1.8377867256238458,6.7564861172493496
2020-01-10,3.0,0.47146493113862675,1.839747355742983,6.732378391265235
2020-01-13,3.0,0.47146493113862675,1.839747355742983,6.720556310145703
2020-01-14,3.0,0.47146493113862675,1.838552954270858,6.720161647164435
2020-01-15,3.0,0.47146493113862675,1.8419357662346676,6.732378391265235
2020-01-16,3.0,0.47431879750701084,1.8544200158360078,6.697133224412873
2020-01-17,3.0,0.48306916205196754,1.8552364528292902,6.655346497591462
2020-01-21,3.0,0.4831068469517707,1.8508461254030921,6.702598603598901
2020-01-22,3.0,0.4831068469517707,1.848246285388826,6.694981483454081
2020-01-23,3.0,0.48298580913844663,1.8452566760288454,6.694981483454081
2020-01-24,3.0,0.48306785362038646,1.8420930429349265,6.576905747107833
2020-01-27,3.0,0.4749220238730943,1.8459152414083682,6.506919391147279
2020-01-28,3.0,0.4713586565638211,1.8474937574921224,6.506919391147279
2020-01-29,3.0,0.46886324400143164,1.8420930429349265,6.588299748542507
2020-01-30,3.0,0.46886324400143164,1.838613445775338,6.65193909568643
2020-01-31,3.0,0.4713586565638211,1.836101842710383,6.65193909568643
2020-02-03,3.0,0.47752003110155333,1.8380077319889538,6.7322012836852
2020-02-04,3.0,0.47767493433308045,1.8436088705958769,6.733650718917331
2020-02-05,3.0,0.4833456510513159,1.848425336444453,6.733650718917331
2020-02-06,3.0,0.4833456510513159,1.8452067943122397,6.733650718917331
2020-02-07,3.0,0.4811702967515125,1.837746461388246,6.744464582860889
2020-02-10,3.0,0.47210583043382737,1.8417646370565754,6.732277981065125
2020-02-11,3.0,0.48335878509787605,1.8401636334930833,6.732277981065125
2020-02-12,3.0,0.4780361682057843,1.8373283472716322,6.732642482421838
2020-02-13,3.0,0.48335878509787605,1.8469740747503494,6.600912360996624
2020-02-14,3.0,0.4780624801954734,1.8501021260335533,6.69504461512106
2020-02-18,3.0,0.4780624801954734,1.8522569443891683,6.732388066015957
2020-02-19,3.0,0.47803225891739953,1.8524709334285294,6.732388066015957
2020-02-20,3.0,0.47140603819833377,1.848425336444453,6.748639336500603
2020-02-21,3.0,0.47140603819833377,1.8487198553388935,6.732388066015957
2020-02-24,3.0,0.4707111277474258,1.8536769350948974,6.7488012868830385
2020-02-25,3.0,0.4707111277474258,1.8536769350948974,6.7488012868830385
2020-02-26,3.0,0.47070192777148573,1.8492917199602958,6.756723927748869
2020-02-27,3.0,0.48084966138693025,1.8516880071757331,6.77300745367789
2020-02-28,3.0,0.4760615977978335,1.852025163912558,6.895550632177626
2020-03-02,3.0,0.4760615977978335,1.849956569710919,6.895550632177626
2020-03-03,3.0,0.4760615977978335,1.851791301545679,6.895550632177626
2020-03-04,3.0,0.4760615977978335,1.8514828402325358,6.895550632177626
2020-03-05,3.0,0.47071636124146116,1.851791301545679,6.895550632177626
2020-03-06,3.0,0.47071636124146116,1.8495632351144866,6.895550632177626
2020-03-09,3.0,0.47071636124146116,1.848847877178561,6.85859010217235
2020-03-10,3.0,0.46897185309894757,1.848421504523679,6.85859010217235
2020-03-11,3.0,0.4689368983653502,1.8505353760657943,6.8398107940660005
2020-03-12,3.0,0.4689368983653502,1.8494827561525535,6.85065802502483
2020-03-13,3.0,0.47438571436523674,1.8497475217753627,6.8419952327309765
2020-03-16,3.0,0.47071636124146116,1.8563156580924436,6.85065802502483
2020-03-17,3.0,0.4689368983653502,1.8612617491980317,6.8419952327309765
2020-03-18,3.0,0.4687582628959348,1.86420465286818,6.8419952327309765
2020-03-19,3.0,0.46326448971729006,1.864906368689913,6.85065802502483
2020-03-20,3.0,0.4532053783152455,1.8612617491980317,6.85065802502483
2020-03-23,3.0,0.4532053783152455,1.8576843900305646,6.868109208790306
2020-03-24,3.0,0.46953044483924616,1.8668988370940507,6.9059409303478425
2020-03-25,3.0,0.46347041573230296,1.8619716755931033,6.810643528987574
2020-03-26,3.0,0.4632558305779108,1.8593534235804752,6.810643528987574
2020-03-27,3.0,0.4635078439003435,1.8564440747006903,6.833222129495963
2020-03-30,3.0,0.4639165737489968,1.8545718805634235,6.893570752058939
2020-03-31,3.0,0.46534893478356987,1.8523662258069273,6.893570752058939
2020-04-01,3.0,0.472452461052716,1.8545718805634235,6.833222129495963
2020-04-02,3.0,0.4710042826548519,1.8504431831873864,6.893570752058939
2020-04-03,3.0,0.47259653505825583,1.8525837059638697,6.937018167295432
2020-04-06,3.0,0.47241055168105167,1.860063349975547,6.965635547771116
2020-04-07,3.0,0.47240255095004696,1.8603496200784142,6.937018167295432
2020-04-08,3.0,0.4709574645189449,1.857249710098091,6.997570935685335
2020-04-09,3.0,0.4661316566995029,1.857249710098091,7.074767567349141
2020-04-13,3.0,0.4647277768005845,1.8649176802589862,7.077078369141522
2020-04-14,3.0,0.4647277768005845,1.865447771196334,7.077078369141522
2020-04-15,3.0,0.46615342784480196,1.871797663337162,7.075500640540687
2020-04-16,3.0,0.46615342784480196,1.881468249032852,7.072629355587136
2020-04-17,3.0,0.46615342784480196,1.8813435160104417,7.085225249144991
2020-04-20,3.0,0.47102383674982023,1.881468249032852,7.050045472085386
2020-04-21,3.0,0.4733208347458811,1.881468249032852,7.050045472085386
2020-04-22,3.0,0.47107337052695925,1.8866201801412803,7.106532129151175
2020-04-23,3.0,0.4733526013742218,1.8872153262333224,7.106532129151175
2020-04-24,3.0,0.472387255165678,1.8824263669185497,7.153836248226881
2020-04-27,3.0,0.4733208347458811,1.8824263669185497,7.164478767575561
2020-04-28,3.0,0.475216927028371,1.8866671407537803,7.2407405590262135
2020-04-29,3.0,0.47522500683086394,1.8842280785668408,7.1642806169842705
2020-04-30,3.0,0.47522500683086394,1.8922137886879375,7.163984573114482
2020-05-01,3.0,0.47571833621075493,1.8919784459979934,7.13158167706598
2020-05-04,3.0,0.4717593207213289,1.8944199953345,7.066135152982222
2020-05-05,3.0,0.4713310969668948,1.892117918574841,7.066135152982222
2020-05-06,3.0,0.4697108477183712,1.8895219783455555,7.066135152982222
2020-05-07,3.0,0.4717593207213289,1.8951347293264829,7.036318462497876
2020-05-08,3.0,0.4721092221241238,1.8934975488345707,7.072367485553221
2020-05-11,3.0,0.4712667741181702,1.8903245326974865,7.149824074433569
2020-05-12,3.0,0.47394079664025707,1.8903245326974865,7.149824074433569
2020-05-13,3.0,0.47394079664025707,1.8919784459979934,7.11600541910781
2020-05-14,3.0,0.47394079664025707,1.8847579373969494,7.1496762623423775
2020-05-15,3.0,0.47529157243253384,1.8790395761247765,7.1496762623423775
2020-05-18,3.0,0.48394585867413714,1.8737629177275132,7.172732732620137
2020-05-19,3.0,0.48783421151862644,1.8806078174306173,7.183068125701995
2020-05-20,3.0,0.48630968632771615,1.880868547209814,7.201710233101811
2020-05-21,3.0,0.48613027995039143,1.8928166882354822,7.201710233101811
2020-05-22,3.0,0.48613027995039143,1.8973111519403472,7.217755259675695
2020-05-26,3.0,0.48574354159018773,1.9034066011334974,7.202792411487045
2020-05-27,3.0,0.4826867787673281,1.906185910218872,7.170109732143521
2020-05-28,3.0,0.4759167061403511,1.9087862130588995,7.261192482028433
2020-05-29,3.0,0.4759167061403511,1.9091979593405632,7.261192482028433
2020-06-01,3.0,0.47999831340644866,1.9092565294957278,7.262669987413287
2020-06-02,3.0,0.47999831340644866,1.9019972947631592,7.327196213057015
2020-06-03,3.0,0.47795098337160463,1.9092565294957278,7.327196213057015
2020-06-04,3.0,0.4826867787673281,1.9078950016081337,7.327196213057015
2020-06-05,3.0,0.4826867787673281,1.912472592937878,7.3163685674917405
2020-06-08,3.0,0.4810753570539281,1.912472592937878,7.3163685674917405
2020-06-09,3.0,0.4826867787673281,1.9160521228176495,7.270035677324522
2020-06-10,3.0,0.4815352272070812,1.9124928564574821,7.311532786907746
2020-06-11,3.0,0.48277737488588257,1.9097765060215104,7.269918308436292
2020-06-12,3.0,0.4843565584955383,1.9136336003272238,7.269918308436292
2020-06-15,3.0,0.48757218790567336,1.9152214653973862,7.255943381739627
2020-06-16,3.0,0.4874815917871189,1.9130634198081946,7.255943381739627
2020-06-17,3.0,0.47981892636782864,1.9166120808509106,7.297949462878788
2020-06-18,3.0,0.4738421428217196,1.9147037219934913,7.256268136299051
2020-06-19,3.0,0.4748355165352326,1.9169069231304734,7.282583736253897
2020-06-22,3.0,0.4748355165352326,1.9147037219934913,7.257124779078702
2020-06-23,3.0,0.47494955272619294,1.9138666864091034,7.3162503427988375
2020-06-24,3.0,0.4756237629204849,1.9138666864091034,7.257124779078702
2020-06-25,3.0,0.48221984349556213,1.9138666864091034,7.344759354992806
2020-06-26,3.0,0.4894091640291571,1.9121665245916932,7.405744822647586
2020-06-29,3.0,0.4862897074533126,1.909339267546616,7.501907512197251
2020-06-30,3.0,0.48275413231681,1.9187745736147999,7.522032188682144
2020-07-01,3.0,0.48221984349556213,1.9138666864091034,7.407895371677872
2020-07-02,3.0,0.4822579871242052,1.9137657338176675,7.347860420073353
2020-07-06,3.0,0.4820478448490275,1.9121665245916932,7.46456322106877
2020-07-07,3.0,0.48221984349556213,1.9097754975608605,7.457294287917734
2020-07-08,3.0,0.4832010301389294,1.9107724628194505,7.596916167388356
2020-07-09,3.0,0.48368696346840323,1.9138847688418026,7.569309039891266
2020-07-10,3.0,0.48368696346840323,1.9107552424542853,7.620947828197134
2020-07-13,3.0,0.4822288830171411,1.909436831045182,7.624837775895048
2020-07-14,3.0,0.48077019737174836,1.9131694241744184,7.602914272578458
2020-07-15,3.0,0.4830913308689358,1.9061302339640056,7.521120767262661
2020-07-16,3.0,0.4717590123455395,1.9070457438153767,7.5199503314236305
2020-07-17,3.0,0.47321355229769024,1.909595058745277,7.511333179064046
2020-07-20,3.0,0.48465770390728,1.9163240707536313,7.426313193796502
2020-07-21,3.0,0.48767476818904265,1.9245026153464957,7.426313193796502
2020-07-22,3.0,0.4895233008849104,1.9245026153464957,7.426313193796502
2020-07-23,3.0,0.48015770909387173,1.9284831947730843,7.570545674295221
2020-07-24,3.0,0.48357944946019377,1.9358168705149117,7.512565449715911
2020-07-27,3.0,0.4792588595033332,1.931485575668447,7.533774340462693
2020-07-28,3.0,0.4749489084757329,1.931485575668447,7.570545674295221
2020-07-29,3.0,0.479269988914893,1.9256695531312475,7.56929355391963
2020-07-30,3.0,0.4736841355938205,1.9248923919927363,7.5672464079917345
2020-07-31,3.0,0.4736841355938205,1.925581888395391,7.575000692419624
2020-08-03,3.0,0.4771894662972336,1.9265402703147132,7.566052263173428
2020-08-04,3.0,0.48310364378112053,1.9299160380037637,7.533694159449559
2020-08-05,3.0,0.4826470239759788,1.930447281218312,7.569722481956948
2020-08-06,3.0,0.4826470239759788,1.930447281218312,7.569722481956948
2020-08-07,3.0,0.48310364378112053,1.922092123376252,7.569722481956948
2020-08-10,3.0,0.49053172741107565,1.9253429932917063,7.533694159449559
2020-08-11,3.0,0.482671374248582,1.9228666159097405,7.566052263173428
2020-08-12,3.0,0.4814834563753871,1.9293541724793988,7.566052263173428
2020-08-13,3.0,0.48114175512441393,1.9253429932917063,7.566052263173428
2020-08-14,3.0,0.4809268311667528,1.9224447558080577,7.58223922693818
2020-08-17,3.0,0.4809268311667528,1.9180612824640382,7.583773008883483
2020-08-18,3.0,0.4814834563753871,1.9195934021605985,7.6541707125070495
2020-08-19,3.0,0.4808732085848279,1.9178789613425815,7.6541707125070495
2020-08-20,3.0,0.482996555976648,1.919221664718746,7.662534839813396
2020-08-21,3.0,0.4903579832197736,1.916927177658343,7.662534839813396
2020-08-24,3.0,0.4786589313820956,1.9198864778485474,7.662534839813396
2020-08-25,3.0,0.47862404469602193,1.9229315794055455,7.662534839813396
2020-08-26,3.0,0.478639814366822,1.9270711702738286,7.662534839813396
2020-08-27,3.0,0.478639814366822,1.9332563874462134,7.691407663363113
2020-08-28,3.0,0.4836047270043968,1.9317029629830547,7.692585626180289
2020-08-31,3.0,0.4785834172338935,1.9337407398964457,7.703251643639004
2020-09-01,3.0,0.4857502127044841,1.9363346119463405,7.692585626180289
2020-09-02,3.0,0.4872260217397877,1.9337407398964457,7.7061146291034675
2020-09-03,3.0,0.4922044280130219,1.9395569389444196,7.675758854995712
2020-09-04,3.0,0.4928316226808518,1.930040043448932,7.701999854547888
2020-09-08,3.0,0.48455801692640343,1.9359615400612737,7.701999854547888
2020-09-09,3.0,0.48455801692640343,1.9408662241264047,7.702551022924183
2020-09-10,3.0,0.48455801692640343,1.944454919353762,7.702551022924183
2020-09-11,3.0,0.48455801692640343,1.9399433854932457,7.702311858869813
2020-09-14,3.0,0.4856005326246568,1.9459406394875207,7.714731057764056
2020-09-15,3.0,0.4856005326246568,1.950226149041479,7.714731057764056
2020-09-16,3.0,0.48482629906565067,1.9513716384316648,7.715332598342405
2020-09-17,3.0,0.48559406523399395,1.945553906118652,7.715332598342405
2020-09-18,3.0,0.48704492128012505,1.945553906118652,7.715332598342405
2020-09-21,3.0,0.4908664861409182,1.946359462917838,7.6595489013993845
2020-09-22,3.0,0.4906309862715724,1.9576691005987552,7.6506832618683225
2020-09-23,3.0,0.48950972786472563,1.9591142860428565,7.719535388445035
2020-09-24,3.0,0.48704492128012505,1.9643304703456033,7.719535388445035
2020-09-25,3.0,0.4855890354400682,1.9618099647290048,7.784439309549723
2020-09-28,3.0,0.4855772258369881,1.9562385357334762,7.740366247052356
2020-09-29,3.0,0.4855772258369881,1.9459254953492289,7.719043691533778
2020-09-30,3.0,0.4838125953952429,1.9481215748455334,7.7206461694953985
2020-10-01,3.0,0.4855772258369881,1.9591142860428565,7.704998198976808
2020-10-02,3.0,0.48029116931753174,1.9654577497896444,7.683503735099776
2020-10-05,3.0,0.4825870887113009,1.9726398393788234,7.683503735099776
2020-10-06,3.0,0.47969556168763355,1.9654577497896444,7.719053671131779
2020-10-07,3.0,0.4740717564744094,1.9668068658044733,7.719053671131779
2020-10-08,3.0,0.4760648271144619,1.9680437828413988,7.720223277504774
2020-10-09,3.0,0.47613439344843167,1.9688900747597664,7.722851065673177
2020-10-12,3.0,0.47613439344843167,1.9750297335934537,7.834682257520155
2020-10-13,3.0,0.47613439344843167,1.976368462831395,7.834682257520155
2020-10-14,3.0,0.47613439344843167,1.9703792128981021,7.785870655405001
2020-10-15,3.0,0.4760648271144619,1.9750297335934537,7.872941088264697
2020-10-16,3.0,0.4760648271144619,1.9786759694344882,7.895708470019776
2020-10-19,3.0,0.47602703647069533,1.97518705015622,7.895708470019776
2020-10-20,3.0,0.47858787484024357,1.9620693531638733,7.912551560574969
2020-10-21,3.0,0.47874290216137655,1.9609466309062826,7.912284738436831
2020-10-22,3.0,0.4787545471974644,1.963125694721687,7.894538006054203
2020-10-23,3.0,0.47894565796672867,1.9609138110384614,7.912551560574969
2020-10-26,3.0,0.4776126320482442,1.9609466309062826,7.912551560574969
2020-10-27,3.0,0.4787545471974644,1.9749468679902176,7.848768833578657
2020-10-28,3.0,0.4787545471974644,1.965421071688838,7.848768833578657
2020-10-29,3.0,0.47752137883292145,1.976426093889187,7.848768833578657
2020-10-30,3.0,0.4786516489460538,1.9674746173123885,7.848768833578657
2020-11-02,3.0,0.4734671137863877,1.9683579221000604,7.848768833578657
2020-11-03,3.0,0.4734671137863877,1.9551031940384231,7.848768833578657
2020-11-04,3.0,0.4786516489460538,1.956661906207534,7.833014142419561
2020-11-05,3.0,0.4786516489460538,1.9609466309062826,7.807992856093022
2020-11-06,3.0,0.4786516489460538,1.9609466309062826,7.848768833578657
2020-11-09,3.0,0.4734767896864232,1.9625015596746378,7.847695380393736
2020-11-10,3.0,0.47469116086869295,1.956785250791179,7.848861266682745
2020-11-11,3.0,0.478411001942783,1.9647903188727363,7.927461434508857
2020-11-12,3.0,0.4883463143550488,1.9602803664487598,7.927461434508857
2020-11-13,3.0,0.4883463143550488,1.9647553535214914,7.945274354396
2020-11-16,3.0,0.4883463143550488,1.9697059500882517,7.927461434508857
2020-11-17,3.0,0.4880326733927564,1.9611771740858486,7.891632970035436
2020-11-18,3.0,0.48564909117663224,1.958812185721789,7.891632970035436
2020-11-19,3.0,0.4856422886002954,1.9554320770637452,7.8473257235232925
2020-11-20,3.0,0.4872645740353246,1.9646175337782794,7.891632970035436
2020-11-23,3.0,0.48346615635668194,1.9602803664487598,7.891632970035436
2020-11-24,3.0,0.48346615635668194,1.9591506654158617,7.927609467005535
2020-11-25,3.0,0.4856422886002954,1.9576776660781388,7.927609467005535
2020-11-27,3.0,0.48568096123531457,1.9583426727600055,7.929025355462137
2020-11-30,3.0,0.48491517772932485,1.9583426727600055,7.956296585544227
2020-12-01,3.0,0.4806821333667727,1.9602803664487598,8.061527636123044
2020-12-02,3.0,0.48714530306416415,1.9602803664487598,8.072836884217528
2020-12-03,3.0,0.4848954385667261,1.9563712714956623,8.00685853017699
2020-12-04,3.0,0.4853924775898933,1.9589739718662833,7.97419597081727
2020-12-07,3.0,0.4853924775898933,1.9618386792130673,7.995921689785145
2020-12-08,3.0,0.4853924775898933,1.9718747928017288,7.974451174426625
2020-12-09,3.0,0.4853924775898933,1.9701078962003729,7.991881821999381
2020-12-10,3.0,0.4853924775898933,1.9718747928017288,7.991881821999381
2020-12-11,3.0,0.4853924775898933,1.9785171217330326,7.955865348934309
2020-12-14,3.0,0.4853924775898933,1.9870845187680284,7.991881821999381
2020-12-15,3.0,0.4849588754359281,1.98014691628619,7.991881821999381
2020-12-16,3.0,0.4849588754359281,1.9796715174758748,8.068542997793884
2020-12-17,3.0,0.4849588754359281,1.9822068129484944,8.006445902011427
2020-12-18,3.0,0.4849588754359281,1.9822068129484944,8.003836049291722
2020-12-21,3.0,0.4834316787082597,1.9846316782069742,7.998471659535373
2020-12-22,3.0,0.48507403355809076,1.9835263599854107,8.024742016022781
2020-12-23,3.0,0.48328713852985977,1.9869391005048893,8.024742016022781
2020-12-24,3.0,0.48757738168733417,1.9900699308863248,8.028041426010367
2020-12-28,3.0,0.48073214704433154,1.9983559811524736,8.04868843846166
2020-12-29,3.0,0.48073214704433154,1.9868433110163672,8.04897437791731
2020-12-30,3.0,0.4798351319007615,1.985191033327755,8.004658788885552
2020-12-31,3.0,0.4798351319007615,1.9843876645933534,8.004658788885552
2014-01-02,4.0,0.9599999999999997,1.0,1.0705819481703271
2014-01-03,4.0,0.9524534634805277,1.0,1.0978223797871292
2014-01-06,4.0,0.9216000000000005,1.0,1.1364202026749828
2014-01-07,4.0,0.9215999999999993,1.0,1.1449180387277342
2014-01-08,4.0,0.9215999999999946,1.0,1.1522766402777467
2014-01-09,4.0,0.9113677705335592,1.0,1.1558006212812764
2014-01-10,4.0,0.9060833536706794,1.0,1.171573145003074
2014-01-13,4.0,0.8850828059474278,1.0,1.1791030830772498
2014-01-14,4.0,0.8847360000000007,1.0,1.1932913285640685
2014-01-15,4.0,0.8847360000000007,1.0,1.1954388699563465
2014-01-16,4.0,0.8847359999999947,1.0,1.2114799512975791
2014-01-17,4.0,0.8792210711356876,1.0,1.218125190846365
2014-01-21,4.0,0.8723672958694566,1.0,1.2305535526157194
2014-01-22,4.0,0.8651915257588134,1.0,1.241119849924925
2014-01-23,4.0,0.8607666960246734,1.0,1.2456236593440044
2014-01-24,4.0,0.855408660103016,1.0,1.2497040325706383
2014-01-27,4.0,0.8550961758224953,1.0,1.2584471237108659
2014-01-28,4.0,0.8496845585950717,1.0,1.2672013871133474
2014-01-29,4.0,0.8493465599999998,1.0,1.271111840936717
2014-01-30,4.0,0.8414119320406567,1.0,1.2778353923759649
2014-01-31,4.0,0.8399443189217065,1.0,1.2799111813207782
2014-02-03,4.0,0.838315406952073,1.0,1.2825547584359005
2014-02-04,4.0,0.8320315312943908,1.0,1.3051243557829404
2014-02-05,4.0,0.8259880196063911,1.0,1.3109275415778474
2014-02-06,4.0,0.8187343826867362,1.0,1.3109377985035413
2014-02-07,4.0,0.8156771105921258,1.0030053171023985,1.3165086390994982
2014-02-10,4.0,0.8156771105921258,1.0046731630527082,1.3109437160369182
2014-02-11,4.0,0.8097544236634728,1.0046731630527082,1.3147548904499313
2014-02-12,4.0,0.8082638969892164,1.0069349125618778,1.326111663929908
2014-02-13,4.0,0.8047077278842452,1.0066856685926244,1.3321812582477675
2014-02-14,4.0,0.8072062185946889,1.0061026612311568,1.3392186902870735
2014-02-18,4.0,0.8047077278842452,1.0060063018927843,1.3541041143231456
2014-02-19,4.0,0.8080232107774952,1.0067324458632152,1.3688883684412703
2014-02-20,4.0,0.8053874513095465,1.0064607966972994,1.3736810717888823
2014-02-21,4.0,0.7987534943754987,1.0066716574884822,1.3837611705475927
2014-02-24,4.0,0.7938616664491173,1.007560837292087,1.388299314618342
2014-02-25,4.0,0.7913500732350035,1.009355598244047,1.4041167666604484
2014-02-26,4.0,0.7896540919454732,1.0109148317296237,1.4207756972425436
2014-02-27,4.0,0.7844884303719347,1.0120611319226103,1.4208759634592663
2014-02-28,4.0,0.7844377876732369,1.011912619864102,1.4208446777170658
2014-03-03,4.0,0.782815910540325,1.0116803728191832,1.4250863497405508
2014-03-04,4.0,0.7800471905240515,1.012600224492457,1.4257457373195632
2014-03-05,4.0,0.7801437522038694,1.0123321840310142,1.4308689585851007
2014-03-06,4.0,0.777503033239247,1.0146821739862635,1.4308689585851007
2014-03-07,4.0,0.7695690760304759,1.0144585929083234,1.446772435297921
2014-03-10,4.0,0.7629735232617207,1.0158903322147341,1.4455504578427707
2014-03-11,4.0,0.756884497775161,1.0160890957647297,1.452479140753017
2014-03-12,4.0,0.7534607424840568,1.0174499868551576,1.4514947224752337
2014-03-13,4.0,0.7512919917751756,1.018302215819806,1.4680120034350017
2014-03-14,4.0,0.750496457302628,1.0195115607691918,1.4766031244464686
2014-03-17,4.0,0.7488200649377956,1.0196660860980198,1.4886884883847544
2014-03-18,4.0,0.7488200649377956,1.019937392150208,1.4865101168056882
2014-03-19,4.0,0.7474910821587543,1.0185025376185586,1.506621739412403
2014-03-20,4.0,0.7448791387371061,1.0185025376185586,1.4992821997790144
2014-03-21,4.0,0.7440373528461816,1.0183169216092407,1.4992821997790144
2014-03-24,4.0,0.7431005195068069,1.0177613918141484,1.5051607794744637
2014-03-25,4.0,0.7328034677733233,1.017188600946334,1.5051898719638417
2014-03-26,4.0,0.736193352949295,1.0165066557988531,1.5051898719638417
2014-03-27,4.0,0.7266137771370835,1.017188600946334,1.5206231335203035
2014-03-28,4.0,0.7315982109733213,1.0183296017052492,1.5206231335203035
2014-03-31,4.0,0.7229384267334261,1.0192889670527756,1.5300027427133192
2014-04-01,4.0,0.7314656754552492,1.0221494360132273,1.5326815781862195
2014-04-02,4.0,0.722984537430774,1.0223402701984767,1.5326815781862195
2014-04-03,4.0,0.7206840569296407,1.0258531088146032,1.5311452513663668
2014-04-04,4.0,0.7216544107828333,1.023737848326146,1.5324428484967278
2014-04-07,4.0,0.7229621679660225,1.0260862726824909,1.5401192466085554
2014-04-08,4.0,0.7229621679660225,1.0248306884542022,1.5436369143630906
2014-04-09,4.0,0.724493649950774,1.0244159244652487,1.5500535814881449
2014-04-10,4.0,0.724493649950774,1.028211137614003,1.5565832819977208
2014-04-11,4.0,0.7154611878949015,1.0272851731274186,1.545770887486269
2014-04-14,4.0,0.7143349346364648,1.0256186298989745,1.5538189255901689
2014-04-15,4.0,0.7159800458388289,1.0274966622647448,1.5622568014675355
2014-04-16,4.0,0.7111178843241931,1.0291845126335137,1.5646729585469321
2014-04-17,4.0,0.7099937640582242,1.028629704495844,1.5808463265965094
2014-04-21,4.0,0.7083610885904276,1.0280132778088964,1.5965963835450319
2014-04-22,4.0,0.7054900768560483,1.0289954252164566,1.5981513113711872
2014-04-23,4.0,0.7054900768560483,1.029113428299623,1.5808419859438843
2014-04-24,4.0,0.7035421565656566,1.0284816726660346,1.582412723577467
2014-04-25,4.0,0.6987544913776697,1.028508263273142,1.5877700543206819
2014-04-28,4.0,0.6994438418667568,1.0295993504075585,1.5981054041061447
2014-04-29,4.0,0.692447324453246,1.0313477212658304,1.6060784932480057
2014-04-30,4.0,0.6909072962992127,1.0320570911731548,1.6060784932480057
2014-05-01,4.0,0.6900688683217608,1.0349432554728688,1.6064003313721023
2014-05-02,4.0,0.6908230553543983,1.036606941919018,1.6060784932480057
2014-05-05,4.0,0.6900312697595986,1.0374370285922128,1.6125381358184137
2014-05-06,4.0,0.6811373332945081,1.0370970016354515,1.639907981952415
2014-05-07,4.0,0.6800607166420753,1.0365923505901304,1.639907981952415
2014-05-08,4.0,0.6799688269181711,1.0379546452605313,1.6355169881034128
2014-05-09,4.0,0.6799688269181711,1.038255403669309,1.6354702730684931
2014-05-12,4.0,0.6743823982880175,1.0379537206239031,1.6479181299030152
2014-05-13,4.0,0.6730697007914827,1.0393277018305154,1.6557401735159503
2014-05-14,4.0,0.6730697007914827,1.040303623733705,1.6592788929716702
2014-05-15,4.0,0.6690465401480491,1.040303623733705,1.663774158098516
2014-05-16,4.0,0.671799792341987,1.0418317745582681,1.68730123795509
2014-05-19,4.0,0.6728035759557561,1.0422236287410613,1.688000748711495
2014-05-20,4.0,0.668549667698072,1.0442803434816683,1.661171201529121
2014-05-21,4.0,0.6684345366139305,1.0447039145526023,1.663858453644973
2014-05-22,4.0,0.6704196765511266,1.0451121414739086,1.6714033446722707
2014-05-23,4.0,0.671917633349617,1.0444111787707888,1.6874579170875856
2014-05-27,4.0,0.6728035759557561,1.0464702342303438,1.68821075229105
2014-05-28,4.0,0.6728146166466361,1.0459283467011713,1.67176437275855
2014-05-29,4.0,0.673135625364377,1.0459283467011713,1.67176437275855
2014-05-30,4.0,0.673135625364377,1.044425116799483,1.6757152875643495
2014-06-02,4.0,0.6689531225900487,1.044425116799483,1.6882671881200382
2014-06-03,4.0,0.6654469914915371,1.0444111787707888,1.6875493024938268
2014-06-04,4.0,0.6659639675576579,1.0440424698725057,1.6926816748665656
2014-06-05,4.0,0.664397980480671,1.0445039646007142,1.6927105564156484
2014-06-06,4.0,0.6672524077017641,1.0457394893136795,1.702817663611171
2014-06-09,4.0,0.6638039451918802,1.049077782037536,1.7043035751608453
2014-06-10,4.0,0.6602254391604683,1.0485674921836,1.7078930629710012
2014-06-11,4.0,0.6605598202467367,1.045859681060109,1.7081752299321988
2014-06-12,4.0,0.6625625613661041,1.050480173685302,1.7183584538006909
2014-06-13,4.0,0.6625625613661041,1.049439338701255,1.7173140268405316
2014-06-16,4.0,0.6615408138852916,1.0501674711796782,1.7227124086734094
2014-06-17,4.0,0.6614513093131335,1.0484188290111804,1.7332973189363656
2014-06-18,4.0,0.6630814125171903,1.0489122543965101,1.7363951350289457
2014-06-19,4.0,0.6643142980233724,1.0507049565221984,1.7617042792742375
2014-06-20,4.0,0.6630814125171903,1.0535859939943135,1.7710114168100046
2014-06-23,4.0,0.6615494002994883,1.0561906409126958,1.7766381623255565
2014-06-24,4.0,0.6590426332092884,1.0550376690647583,1.7917625352851927
2014-06-25,4.0,0.6556060130075815,1.0578870483414624,1.7904307966467383
2014-06-26,4.0,0.6492514007501087,1.0584479060995995,1.794097187716184
2014-06-27,4.0,0.6522923372725808,1.0584479060995995,1.7904307966467383
2014-06-30,4.0,0.6437391431442774,1.0622812688623506,1.7904307966467383
2014-07-01,4.0,0.6429076028099346,1.0631160021899748,1.7832664303115382
2014-07-02,4.0,0.6429105708852941,1.0605016730741559,1.7883419707260364
2014-07-03,4.0,0.6424423933744096,1.0607170004986575,1.8152104019614363
2014-07-07,4.0,0.6401690464961306,1.0611845780872913,1.8154017587529585
2014-07-08,4.0,0.6407531648951155,1.0637006799632118,1.8154017587529585
2014-07-09,4.0,0.6428022327606274,1.0618323806367038,1.851195092163866
2014-07-10,4.0,0.6404930262912533,1.0617514218088808,1.8392683779122538
2014-07-11,4.0,0.6404930262912533,1.0617514218088808,1.8476180108240068
2014-07-14,4.0,0.6417648304034053,1.0622088385240822,1.8368472832777398
2014-07-15,4.0,0.6403183535609093,1.0650248376638407,1.8368472832777398
2014-07-16,4.0,0.6394071029210798,1.0648245540825112,1.8368472832777398
2014-07-17,4.0,0.6323043291657026,1.0659140785611845,1.8333957664236373
2014-07-18,4.0,0.6325378280577181,1.0693413345420297,1.8368472832777398
2014-07-21,4.0,0.6325378280577181,1.0702476233082543,1.8392345332508817
2014-07-22,4.0,0.6403629924747885,1.0689273302131181,1.8414757864447502
2014-07-23,4.0,0.6403961445716585,1.0690571978517498,1.8497135436936702
2014-07-24,4.0,0.6349713939508017,1.0700809264419404,1.8497135436936702
2014-07-25,4.0,0.6349713939508017,1.0685437508458775,1.8497682774662927
2014-07-28,4.0,0.63642484090959,1.070774018308247,1.8712443286822622
2014-07-29,4.0,0.6324435133876928,1.069576590367206,1.8841501254648947
2014-07-30,4.0,0.628688469153703,1.0687611889038555,1.9008707056458904
2014-07-31,4.0,0.636421906604844,1.0692652122998205,1.8855915009710202
2014-08-01,4.0,0.6376831823219917,1.0711067370780798,1.8978921064093948
2014-08-04,4.0,0.6317114083397198,1.0704424062758475,1.8923224130310752
2014-08-05,4.0,0.6311756322701871,1.071300809732932,1.9029237148376892
2014-08-06,4.0,0.6311756322701871,1.071437721430926,1.9029237148376892
2014-08-07,4.0,0.632302947526575,1.070847653729797,1.9029237148376892
2014-08-08,4.0,0.6306497084712283,1.0736168341139467,1.9114375121528704
2014-08-11,4.0,0.6265297715183576,1.0769504732488593,1.914565346869424
2014-08-12,4.0,0.6228589261928467,1.0803867076183262,1.9237916652302705
2014-08-13,4.0,0.6221249927679335,1.0806296876652235,1.9271198813618062
2014-08-14,4.0,0.6221249927679335,1.0813920552834058,1.9362683860809125
2014-08-15,4.0,0.623789407450314,1.0794010923325041,1.9402547733552602
2014-08-18,4.0,0.6221249927679335,1.0809473998073647,1.9389539769337114
2014-08-19,4.0,0.6214165518880513,1.0813091762819174,1.9389539769337114
2014-08-20,4.0,0.6184821330351924,1.0820315657806496,1.9541858183600516
2014-08-21,4.0,0.6181436069047683,1.081994293340262,1.9541858183600516
2014-08-22,4.0,0.6178124867840675,1.081457305692423,1.9788579809293403
2014-08-25,4.0,0.6156467064879902,1.0834491469543626,1.9973970033798025
2014-08-26,4.0,0.6145265129037132,1.081457305692423,1.9973970033798025
2014-08-27,4.0,0.6133408941843541,1.0827114016586497,2.0128977150002108
2014-08-28,4.0,0.6145265129037132,1.0821343930285354,2.0214412926794196
2014-08-29,4.0,0.6090877063711362,1.0821343930285354,2.0382827341137024
2014-09-02,4.0,0.6144196846762513,1.0811794153500491,2.0214412926794196
2014-09-03,4.0,0.6108643490191028,1.083143113928069,2.0214412926794196
2014-09-04,4.0,0.6088516227097702,1.0847358345427813,2.0214412926794196
2014-09-05,4.0,0.6068375534856879,1.0853816934150124,2.021462193734218
2014-09-08,4.0,0.6089686728379046,1.0852357834313295,1.990160945578972
2014-09-09,4.0,0.6108643490191028,1.0898849347239041,1.9993253154144495
2014-09-10,4.0,0.6068473657981311,1.0912855492410656,1.9893458345972492
2014-09-11,4.0,0.6088387699474263,1.0909558240378598,2.016318875760373
2014-09-12,4.0,0.6088387699474263,1.0911570011669973,2.01623154594224
2014-09-15,4.0,0.606957165710811,1.092717520087641,2.029502377624091
2014-09-16,4.0,0.6061543016092124,1.093592857345742,2.0584362072341125
2014-09-17,4.0,0.6061543016092124,1.09366895738514,2.0469573011970303
2014-09-18,4.0,0.606143658950727,1.093069870072535,2.054043052243615
2014-09-19,4.0,0.6039143065293798,1.0908748252109088,2.0778328980676997
2014-09-22,4.0,0.6034307721683914,1.091373675351387,2.0695114178838745
2014-09-23,4.0,0.6081035968476174,1.08807485354168,2.076136716005504
2014-09-24,4.0,0.6088666999709691,1.086262057405437,2.0797733513487273
2014-09-25,4.0,0.6110617689800565,1.0861771245978185,2.0857685093253875
2014-09-26,4.0,0.6060988819673231,1.086053694007901,2.0879390483773066
2014-09-29,4.0,0.6032207493218983,1.0838418774313474,2.0881804403905684
2014-09-30,4.0,0.6020197952329086,1.0857050396107635,2.0922566131867817
2014-10-01,4.0,0.6020197952329086,1.0878665519504747,2.0941522218396758
2014-10-02,4.0,0.6019853862386785,1.0878665519504747,2.1005470595592217
2014-10-03,4.0,0.6017033651243623,1.0873634906808611,2.1005470595592217
2014-10-06,4.0,0.6017033651243623,1.0884642984463633,2.0881804403905684
2014-10-07,4.0,0.6003023318228867,1.0921356432258835,2.0881804403905684
2014-10-08,4.0,0.5980915606457592,1.0934354574494116,2.0922566131867817
2014-10-09,4.0,0.6000100651520165,1.0953333290847513,2.0922566131867817
2014-10-10,4.0,0.6000100651520165,1.098295764067073,2.0922566131867817
2014-10-13,4.0,0.5966393375242637,1.0968347304601118,2.0922566131867817
2014-10-14,4.0,0.6002127789141555,1.0975884537722185,2.0881186585325797
2014-10-15,4.0,0.6000100651520165,1.1016285400874835,2.0943246889968963
2014-10-16,4.0,0.5975955514820066,1.1006762771790024,2.102819450610449
2014-10-17,4.0,0.5964363997728299,1.0996826569991383,2.1051065511497837
2014-10-20,4.0,0.5938006061478082,1.1016285400874835,2.1058054531157575
2014-10-21,4.0,0.5933128148200646,1.1024877378122195,2.107125096247993
2014-10-22,4.0,0.5844892044573634,1.1050539205208372,2.1157921358614717
2014-10-23,4.0,0.5915265182978497,1.101815705760937,2.1374758605962003
2014-10-24,4.0,0.5959101116943343,1.1020409561793052,2.1374758605962003
2014-10-27,4.0,0.5959274991571168,1.1055702050030827,2.1492244155581797
2014-10-28,4.0,0.5932599019429763,1.1028128638612378,2.138085103543369
2014-10-29,4.0,0.5959101116943343,1.1017149617551794,2.138085103543369
2014-10-30,4.0,0.5949959353106347,1.1016535436119268,2.138085103543369
2014-10-31,4.0,0.5948164086864873,1.1034397457828264,2.13806854685152
2014-11-03,4.0,0.5861644180736869,1.1081807587512251,2.1489083646809055
2014-11-04,4.0,0.5948164086864873,1.1089461667792482,2.1638012523956305
2014-11-05,4.0,0.5915860240140195,1.109838724578419,2.153330565385781
2014-11-06,4.0,0.5948164086864873,1.1095746194490936,2.1698527351393513
2014-11-07,4.0,0.5917236400475212,1.106811331009593,2.166047284281913
2014-11-10,4.0,0.5861644180736869,1.1088297171953256,2.1707445124768294
2014-11-11,4.0,0.5948046311715148,1.110900413677618,2.178997032784725
2014-11-12,4.0,0.5965958094075478,1.1102114178065328,2.1897184326604076
2014-11-13,4.0,0.5937151588673222,1.1117963562385564,2.1950577182985214
2014-11-14,4.0,0.5949457831117678,1.112470609055428,2.1950577182985214
2014-11-17,4.0,0.5844829149378759,1.1141946045074185,2.216234905471022
2014-11-18,4.0,0.5816867732037451,1.1161583886555508,2.216004340913528
2014-11-19,4.0,0.5836107565252869,1.1200453211288746,2.2007653768435667
2014-11-20,4.0,0.5831912009351807,1.1217183231854397,2.218583720629342
2014-11-21,4.0,0.5771194428277004,1.1196537728815197,2.216222882246439
2014-11-24,4.0,0.5755795262803742,1.1178059804798712,2.198103924288803
2014-11-25,4.0,0.5773441307776762,1.1137694367027247,2.216234905471022
2014-11-26,4.0,0.5779799566045699,1.112683680424023,2.216234905471022
2014-11-28,4.0,0.5792395389545402,1.112683680424023,2.2181340491547386
2014-12-01,4.0,0.5780225927980789,1.1134572363079864,2.2181340491547386
2014-12-02,4.0,0.5779313981212097,1.1120477372313238,2.220917524624585
2014-12-03,4.0,0.5747538051572082,1.1152700459052078,2.2238015053511404
2014-12-04,4.0,0.5747313209746936,1.116453293854274,2.229067000537815
2014-12-05,4.0,0.5726853249608673,1.1210830411117298,2.2488007894478685
2014-12-08,4.0,0.5693372343574025,1.1210830411117298,2.252673713351649
2014-12-09,4.0,0.569358239575914,1.1181470053609264,2.2879374735399813
2014-12-10,4.0,0.5687425635936959,1.1210394925128966,2.2488007894478685
2014-12-11,4.0,0.569358239575914,1.1203836027031813,2.2488007894478685
2014-12-12,4.0,0.5719592171082443,1.1204363452213308,2.2488007894478685
2014-12-15,4.0,0.5719592171082443,1.119615993489404,2.2394160080860694
2014-12-16,4.0,0.5646440949807332,1.1188824466393326,2.233998899694868
2014-12-17,4.0,0.5646440949807332,1.118379706883181,2.2641873056406334
2014-12-18,4.0,0.5635400440275314,1.118379706883181,2.277998758062888
2014-12-19,4.0,0.5747127028246263,1.1212165302889026,2.249077568514081
2014-12-22,4.0,0.5747127028246263,1.1241297583915255,2.255298082467725
2014-12-23,4.0,0.5785395077588782,1.1208577369384631,2.268990179217877
2014-12-24,4.0,0.5697637846333552,1.1208577369384631,2.268990179217877
2014-12-26,4.0,0.5720132521845366,1.1184337922863796,2.2647176383779475
2014-12-29,4.0,0.5720132521845366,1.1241297583915255,2.2647176383779475
2014-12-30,4.0,0.5653200982246089,1.119103556071341,2.2915708952275593
2014-12-31,4.0,0.5637164024259892,1.1214040954737974,2.3012714662881186
2015-01-02,4.0,0.5637164024259892,1.1212004830640745,2.3137799932382266
2015-01-05,4.0,0.5640592235835293,1.1198150076540174,2.342509708711174
2015-01-06,4.0,0.5622502331426849,1.1188027713404511,2.3381880935645243
2015-01-07,4.0,0.56576656722488,1.1222631091088955,2.3381907404341993
2015-01-08,4.0,0.5702690258286501,1.1204776737005029,2.3350071152780005
2015-01-09,4.0,0.5695412818445424,1.1225842141750553,2.338297474899507
2015-01-12,4.0,0.5616246479904934,1.11961291863235,2.353263823634041
2015-01-13,4.0,0.5610057083538446,1.1217031118157763,2.359316646048363
2015-01-14,4.0,0.5653494038975604,1.1230870562550521,2.3604172942677377
2015-01-15,4.0,0.5653494038975604,1.1232698907914234,2.359316646048363
2015-01-16,4.0,0.5640592235835293,1.1230870562550521,2.3902165934868713
2015-01-20,4.0,0.5653494038975604,1.121668495751207,2.3620382693418738
2015-01-21,4.0,0.5622199946690536,1.1243491869915172,2.348143709155483
2015-01-22,4.0,0.5638704923388531,1.1232666347598022,2.3412741120722425
2015-01-23,4.0,0.5708862899334458,1.125206147642209,2.3531744374151713
2015-01-26,4.0,0.5657693245498249,1.1260773149217176,2.355819886135779
2015-01-27,4.0,0.5640184354731139,1.1290635813693934,2.353263823634041
2015-01-28,4.0,0.5639837040822405,1.1277075848423335,2.3593259267079887
2015-01-29,4.0,0.563970774165734,1.1260773149217176,2.340312294348329
2015-01-30,4.0,0.5653675582703027,1.1239141380526336,2.3496501264124654
2015-02-02,4.0,0.5653675582703027,1.1210966017497372,2.353127153076524
2015-02-03,4.0,0.5652082951983841,1.1261232917301716,2.368275677075512
2015-02-04,4.0,0.5584375727775014,1.1243073039962483,2.3971247362125174
2015-02-05,4.0,0.5584375727775014,1.127781895991442,2.3970659103081515
2015-02-06,4.0,0.5584375727775014,1.1263941149881767,2.40498318818628
2015-02-09,4.0,0.5597678207617032,1.1281043014884635,2.449216614821331
2015-02-10,4.0,0.5573829777911771,1.1339192825268203,2.450452442349378
2015-02-11,4.0,0.5528949515777762,1.1328826316891465,2.458233840357638
2015-02-12,4.0,0.5528949515777762,1.1392749218732243,2.450452442349378
2015-02-13,4.0,0.5516992696456073,1.1399243416054605,2.458233840357638
2015-02-17,4.0,0.5516992696456073,1.1432875223841994,2.4675558531010706
2015-02-18,4.0,0.5516992696456073,1.1422964407336726,2.46019612391529
2015-02-19,4.0,0.5568821806448585,1.1416544905871189,2.451035981054207
2015-02-20,4.0,0.5516992696456073,1.1458693065461205,2.5111616064871307
2015-02-23,4.0,0.5496665925098307,1.1439306610621267,2.4645947994947
2015-02-24,4.0,0.5496665925098307,1.1454269670664594,2.4760048266088095
2015-02-25,4.0,0.5451688258509035,1.1439636825378816,2.5222564072993183
2015-02-26,4.0,0.5451688258509035,1.1439636825378816,2.522038784676965
2015-02-27,4.0,0.5451688258509035,1.1447858655433611,2.523928235973532
2015-03-02,4.0,0.5422930984266154,1.141943606986228,2.523928235973532
2015-03-03,4.0,0.5479911503470033,1.1442275858439674,2.5003191130665203
2015-03-04,4.0,0.5451837906085304,1.1457956850986002,2.5003191130665203
2015-03-05,4.0,0.5456031912377166,1.147589470551286,2.5470094274849386
2015-03-06,4.0,0.5451138660453985,1.150784742452669,2.508343543136013
2015-03-09,4.0,0.5419026635315507,1.1524596429915626,2.5289848286014056
2015-03-10,4.0,0.5418767272270998,1.1485442727663304,2.5435368717405584
2015-03-11,4.0,0.5400540193229711,1.1502442496492247,2.5628045368592662
2015-03-12,4.0,0.5384149113585044,1.1502389818217358,2.5537302303236284
2015-03-13,4.0,0.5391074590863765,1.1544757642215604,2.570507526061738
2015-03-16,4.0,0.5419000355530501,1.1564694525356196,2.567773216766584
2015-03-17,4.0,0.5419831352195043,1.1600992503254224,2.553430036754146
2015-03-18,4.0,0.5419000355530501,1.1602970622187025,2.5489150598088735
2015-03-19,4.0,0.5401994362439346,1.1544788023246975,2.555973906111703
2015-03-20,4.0,0.5419831352195043,1.1527587971449296,2.555973906111703
2015-03-23,4.0,0.5470207065136652,1.151735931935071,2.5579938015030157
2015-03-24,4.0,0.5471068053371814,1.159120312529641,2.589801263146985
2015-03-25,4.0,0.5493658205093661,1.154218069122928,2.5782049294470752
2015-03-26,4.0,0.5493658205093661,1.1574825793695158,2.5966703933883033
2015-03-27,4.0,0.5500898986053316,1.159120312529641,2.5966703933883033
2015-03-30,4.0,0.5496107842163105,1.1590355172984494,2.6544158397134168
2015-03-31,4.0,0.5437121828344892,1.1591920146255101,2.657125999711078
2015-04-01,4.0,0.5401761279179842,1.157661617149354,2.6544127619542537
2015-04-02,4.0,0.5409104001100631,1.1602338958842195,2.63182113049964
2015-04-06,4.0,0.5446862611455041,1.1602338958842195,2.6337174084878754
2015-04-07,4.0,0.5450664702743857,1.1612522116001949,2.6657950965424946
2015-04-08,4.0,0.552090060293361,1.1630163489892058,2.6808435633627825
2015-04-09,4.0,0.5490477667773331,1.1626261333941899,2.6751534224171345
2015-04-10,4.0,0.5452004734794066,1.1630163489892058,2.6745829752063393
2015-04-13,4.0,0.5482521694920152,1.1628794891383496,2.6745829752063393
2015-04-14,4.0,0.54305016731964,1.1616086163312516,2.6450702462928137
2015-04-15,4.0,0.541833247560338,1.1593874821466459,2.6450702462928137
2015-04-16,4.0,0.5370518967938475,1.1574825793695158,2.656049031226265
2015-04-17,4.0,0.5317530890743605,1.161227187035503,2.6586731028899315
2015-04-20,4.0,0.5317688633820855,1.1593874821466459,2.6673031761880877
2015-04-21,4.0,0.5308485133474032,1.1635194030275962,2.6997108053276095
2015-04-22,4.0,0.5307792537495133,1.1704830884052178,2.7358534103083008
2015-04-23,4.0,0.5299554584475488,1.1674356184233583,2.7461971943849592
2015-04-24,4.0,0.5271949787282361,1.1704819421954937,2.7470561482929026
2015-04-27,4.0,0.5307553046997835,1.1729661793337183,2.7470561482929026
2015-04-28,4.0,0.5316458219883219,1.1740206125784054,2.749842986146902
2015-04-29,4.0,0.5225595654898217,1.174229006606963,2.7493392921223387
2015-04-30,4.0,0.526155874467009,1.1718401952529716,2.792325874251195
2015-05-01,4.0,0.5341162881580765,1.1733547554808255,2.7957712131148087
2015-05-04,4.0,0.5309670264360172,1.1730369639589457,2.792325874251195
2015-05-05,4.0,0.5339343487366688,1.1717754117333286,2.808632109498884
2015-05-06,4.0,0.5323170356491372,1.1741171572897833,2.7731429004031316
2015-05-07,4.0,0.5270717550404519,1.176235158706933,2.7720077941939203
2015-05-08,4.0,0.529007690879908,1.1787075552618402,2.770145566375076
2015-05-11,4.0,0.5180006090500849,1.1800190239959756,2.7720077941939203
2015-05-12,4.0,0.5233426872123669,1.1826359097138692,2.770145566375076
2015-05-13,4.0,0.5233426872123669,1.1792703669551265,2.770145566375076
2015-05-14,4.0,0.5246887608666279,1.1900468958620984,2.7743877462445528
2015-05-15,4.0,0.5279880177122066,1.196132954316667,2.77778313822325
2015-05-18,4.0,0.5279880177122066,1.1900468958620984,2.7743877462445528
2015-05-19,4.0,0.5285191242067792,1.1902945478200133,2.7781728441124502
2015-05-20,4.0,0.5300257812998437,1.1913064733645617,2.823599245532041
2015-05-21,4.0,0.5289017792071592,1.1973930048250971,2.823599245532041
2015-05-22,4.0,0.5320159362406364,1.1997839401962305,2.827964293402749
2015-05-26,4.0,0.527887636797361,1.1967984957628193,2.831068194695951
2015-05-27,4.0,0.5285191242067792,1.1955729642288255,2.8186252352964027
2015-05-28,4.0,0.5279880177122066,1.195860211480868,2.818503003385425
2015-05-29,4.0,0.5270511572842471,1.1979942224984677,2.805794903993548
2015-06-01,4.0,0.5214532163331105,1.198377551079784,2.8434128085545662
2015-06-02,4.0,0.5170528284455053,1.1982992312041654,2.8541095269831955
2015-06-03,4.0,0.5170528284455053,1.2007203197344927,2.8650849475982882
2015-06-04,4.0,0.5153400257551535,1.2000176978138075,2.8599660805822107
2015-06-05,4.0,0.5154454433379249,1.2023108029098317,2.875738991833485
2015-06-08,4.0,0.5154687294057101,1.2026108491353031,2.8656066039510013
2015-06-09,4.0,0.5127763302320211,1.2036803050959461,2.8909503110608665
2015-06-10,4.0,0.5126586807388377,1.2036803050959461,2.890812072811048
2015-06-11,4.0,0.5114224950628463,1.206012406088111,2.894073652064606
2015-06-12,4.0,0.5090829662861317,1.2098096218771786,2.8908655971301376
2015-06-15,4.0,0.5071303813646416,1.2104148550578717,2.8666019452935885
2015-06-16,4.0,0.5149665212683128,1.2142248338248065,2.8908655971301376
2015-06-17,4.0,0.5149665212683128,1.2188643246095232,2.8974885900944565
2015-06-18,4.0,0.5114503506995198,1.217141244624745,2.9003929137893527
2015-06-19,4.0,0.5150891154878662,1.218394458293656,2.9027699171006485
2015-06-22,4.0,0.5060366309781036,1.2170286643263049,2.954589437160312
2015-06-23,4.0,0.5060466967611402,1.220068914070238,2.937775409245204
2015-06-24,4.0,0.5159136275044969,1.220068914070238,2.8965444927078368
2015-06-25,4.0,0.516128931737425,1.2201607877021383,2.9085150465741867
2015-06-26,4.0,0.5164671090451131,1.217141244624745,2.9027458615331247
2015-06-29,4.0,0.5067020673999713,1.2174718428826072,2.898969873109256
2015-06-30,4.0,0.506031989872386,1.2165388698709418,2.9270809164978786
2015-07-01,4.0,0.506031989872386,1.2168770913296618,2.9545601526630936
2015-07-02,4.0,0.5051370846948562,1.2155566225904453,2.9583983483827905
2015-07-06,4.0,0.506135445651818,1.2148639242210582,3.0182834725333394
2015-07-07,4.0,0.5014221012079103,1.2145201671560133,2.9689401573070104
2015-07-08,4.0,0.5051356320516575,1.216206991289673,2.968303095305985
2015-07-09,4.0,0.505285654201458,1.2162303010698547,2.9598336148732556
2015-07-10,4.0,0.505285654201458,1.2152442044753031,3.009323939908919
2015-07-13,4.0,0.5097338224290456,1.2145201671560133,3.0128872678039023
2015-07-14,4.0,0.5089920999072396,1.2173559305764452,2.983471237641617
2015-07-15,4.0,0.5053109139885584,1.2155861065335523,3.009323939908919
2015-07-16,4.0,0.49945672129939794,1.2185402946694894,2.983065890968544
2015-07-17,4.0,0.4983687043633073,1.218905464884347,2.983471237641617
2015-07-20,4.0,0.4983687043633073,1.2197197194077534,2.989700271094397
2015-07-21,4.0,0.49323879269745363,1.2188848011604563,2.9730849277137317
2015-07-22,4.0,0.49323879269745363,1.2192963312680016,2.9829703189189862
2015-07-23,4.0,0.49224219299044086,1.221540096682701,2.966181629716818
2015-07-24,4.0,0.49224219299044086,1.221880608335995,2.9892830380172204
2015-07-27,4.0,0.49224219299044086,1.2217580470031564,2.9766516510744805
2015-07-28,4.0,0.49170956201676697,1.221540096682701,2.9896752457785722
2015-07-29,4.0,0.49160825471211567,1.221890733562832,2.97738967636796
2015-07-30,4.0,0.4948035573852448,1.22566945360058,3.0246225586578874
2015-07-31,4.0,0.4983628585275446,1.221880608335995,3.026574109938838
2015-08-03,4.0,0.4967873588348737,1.221880608335995,3.0241025486971114
2015-08-04,4.0,0.5024312799937493,1.2227834395173578,3.0241025486971114
2015-08-05,4.0,0.5002201003332843,1.2270639952709645,3.0124296743819348
2015-08-06,4.0,0.5002748220321345,1.2328224974082704,3.040808028126916
2015-08-07,4.0,0.5002748220321345,1.2314290137730681,3.045871653503627
2015-08-10,4.0,0.49893227584906313,1.229471342327534,3.031776250454135
2015-08-11,4.0,0.49892657735278756,1.229471342327534,3.045932663190661
2015-08-12,4.0,0.49892657735278756,1.227543377209368,3.0546227222821263
2015-08-13,4.0,0.49892657735278756,1.223365742260421,3.049631306437468
2015-08-14,4.0,0.49990126261215456,1.225741305776816,3.049631306437468
2015-08-17,4.0,0.4974803443031924,1.2249604968639927,3.049631306437468
2015-08-18,4.0,0.49674564803538207,1.226019403799231,3.0586286453831333
2015-08-19,4.0,0.4974803443031924,1.2247675186955305,3.0586286453831333
2015-08-20,4.0,0.4979880285768202,1.2239315423952548,3.0583017384103655
2015-08-21,4.0,0.4976592008815883,1.2242425882644898,3.0911253812558215
2015-08-24,4.0,0.4967167620100598,1.2232167527237339,3.0554265459936953
2015-08-25,4.0,0.4944740876271437,1.2253689841779738,3.069191694508747
2015-08-26,4.0,0.4944740876271437,1.2201760151210759,3.089377447098549
2015-08-27,4.0,0.4944740876271437,1.2193280917268754,3.0904457937595375
2015-08-28,4.0,0.49335518787637617,1.2210128764294907,3.055402407107334
2015-08-31,4.0,0.497166654596926,1.2216250641088868,3.0981260837730136
2015-09-01,4.0,0.49315855854576346,1.2233787660321416,3.104201500480231
2015-09-02,4.0,0.4931555032392306,1.2268912993569456,3.104201500480231
2015-09-03,4.0,0.4926365354520542,1.2265854752341898,3.1078593572419875
2015-09-04,4.0,0.4958290086736655,1.225467762980343,3.104201500480231
2015-09-08,4.0,0.49264026657856247,1.2247107830607484,3.104201500480231
2015-09-09,4.0,0.4915506609857927,1.22533788558999,3.093544994218318
2015-09-10,4.0,0.5013082101462188,1.228520990623545,3.0932997360363172
2015-09-11,4.0,0.502485753168551,1.2329686781359959,3.120612624506339
2015-09-14,4.0,0.502392453603721,1.233936561155026,3.145421717560087
2015-09-15,4.0,0.49215368168308454,1.233936561155026,3.150362361682355
2015-09-16,4.0,0.49164717335253166,1.2312042643856569,3.1771825616373754
2015-09-17,4.0,0.4897704214379529,1.2277231589013695,3.1833010568654667
2015-09-18,4.0,0.4894879761430511,1.2273881500465176,3.207271346087806
2015-09-21,4.0,0.4897704214379529,1.2328528346412422,3.23466342338912
2015-09-22,4.0,0.48608152861012743,1.2307469089044676,3.243050589280332
2015-09-23,4.0,0.4897704214379529,1.2327458755725225,3.243050589280332
2015-09-24,4.0,0.4897704214379529,1.2392414522004134,3.3063964823777794
2015-09-25,4.0,0.49991599440553847,1.2429603800663156,3.3156281064726834
2015-09-28,4.0,0.4999122747539151,1.2437401118797167,3.339005965576019
2015-09-29,4.0,0.5015603466169197,1.2437401118797167,3.3393240633932626
2015-09-30,4.0,0.5015603466169197,1.2437401118797167,3.324199106080602
2015-10-01,4.0,0.4996315619088085,1.2459470791245462,3.324199106080602
2015-10-02,4.0,0.4947528854273582,1.2431995018555788,3.320400802476212
2015-10-05,4.0,0.4957812140319901,1.2459470791245462,3.320400802476212
2015-10-06,4.0,0.49926511516300515,1.2459470791245462,3.320400802476212
2015-10-07,4.0,0.49654161436184946,1.2482747966061947,3.370474688906067
2015-10-08,4.0,0.4980943572910541,1.254246470756439,3.341755667551499
2015-10-09,4.0,0.4980943572910541,1.2574449252879698,3.370474688906067
2015-10-12,4.0,0.49942048104527464,1.2564057810814244,3.3807499951182036
2015-10-13,4.0,0.49802531668529326,1.258381363856401,3.378752254161131
2015-10-14,4.0,0.49966060432051623,1.2572414995043621,3.3890584350953903
2015-10-15,4.0,0.5000740978746471,1.2563331685581745,3.413329801449385
2015-10-16,4.0,0.4996438251642641,1.2563331685581745,3.381268395128748
2015-10-19,4.0,0.4996438251642641,1.2581007768679737,3.416478297005576
2015-10-20,4.0,0.49956562819180483,1.2581296080499267,3.416478297005576
2015-10-21,4.0,0.49956562819180483,1.259207831401806,3.4131499031209027
2015-10-22,4.0,0.4924242726838865,1.262046088984355,3.409875636212363
2015-10-23,4.0,0.49541862089012495,1.2612088762262927,3.4131499031209027
2015-10-26,4.0,0.49956562819180483,1.2626565924673185,3.4131499031209027
2015-10-27,4.0,0.49146542662606535,1.2677924160874998,3.4131499031209027
2015-10-28,4.0,0.495360096154957,1.2659851617902989,3.3849818417968884
2015-10-29,4.0,0.4930681287778433,1.2646032726965295,3.3469662653145784
2015-10-30,4.0,0.4958410623683497,1.26776576104887,3.3469662653145784
2015-11-02,4.0,0.49578868238627727,1.272224691475798,3.3936348529965947
2015-11-03,4.0,0.49578868238627727,1.269139679097444,3.3936348529965947
2015-11-04,4.0,0.49833614778190405,1.2725119081126883,3.3936348529965947
2015-11-05,4.0,0.49833614778190405,1.272611943836996,3.453035436047569
2015-11-06,4.0,0.49732990541537564,1.272224691475798,3.452960630297427
2015-11-09,4.0,0.4993108102714115,1.271284655620859,3.41746545610375
2015-11-10,4.0,0.49736577739093635,1.2718545797597685,3.4531315543745578
2015-11-11,4.0,0.49730982720004885,1.273120438803977,3.4612478449117043
2015-11-12,4.0,0.4958061392948188,1.2726727825792556,3.4671155220359373
2015-11-13,4.0,0.4914442178434431,1.2750709663602007,3.4671155220359373
2015-11-16,4.0,0.49732990541537564,1.2733964261743316,3.500969762338461
2015-11-17,4.0,0.4927535365873391,1.272224691475798,3.5029911359917882
2015-11-18,4.0,0.49893756378858134,1.2730098713346445,3.514752536177995
2015-11-19,4.0,0.49333322168602173,1.272224691475798,3.5029911359917882
2015-11-20,4.0,0.4925863978099314,1.2707742870680578,3.514714253445638
2015-11-23,4.0,0.4917162571574106,1.2701302220940307,3.5222630038754135
2015-11-24,4.0,0.4914203111206027,1.2716775187665295,3.525634174346122
2015-11-25,4.0,0.4909893246277665,1.2739445035250396,3.514752536177995
2015-11-27,4.0,0.4909893246277665,1.2730098713346445,3.5298991498439314
2015-11-30,4.0,0.4917162571574106,1.272482857280036,3.527738615173294
2015-12-01,4.0,0.4914203111206027,1.2725741553623324,3.545819919207643
2015-12-02,4.0,0.4922905894656423,1.2730098713346445,3.5280570725894718
2015-12-03,4.0,0.4792527008445529,1.2712134495147058,3.545819919207643
2015-12-04,4.0,0.4908961207782359,1.2729112441177213,3.5471597208001606
2015-12-07,4.0,0.4962518485452516,1.2730871022732462,3.5594523009512233
2015-12-08,4.0,0.49908660673141797,1.2733164450057068,3.58856400330147
2015-12-09,4.0,0.4939502844798187,1.2730302795853872,3.588756027105941
2015-12-10,4.0,0.49095568599340084,1.2733164450057068,3.588756027105941
2015-12-11,4.0,0.48575196019310707,1.276413406553268,3.5884131953230374
2015-12-14,4.0,0.48575196019310707,1.2780741305446353,3.5567988755523716
2015-12-15,4.0,0.48575196019310707,1.2739845859570638,3.5562797901378915
2015-12-16,4.0,0.4819308703965935,1.2789755143562338,3.5514784950774727
2015-12-17,4.0,0.481573884028797,1.2793771348731797,3.5514784950774727
2015-12-18,4.0,0.48330204734650717,1.2796195573165992,3.589196177333358
2015-12-21,4.0,0.4857143121094898,1.2792049394950666,3.6437204334260866
2015-12-22,4.0,0.49098028597023535,1.2792049394950666,3.6560446258750487
2015-12-23,4.0,0.49037560748476056,1.277694289400672,3.6820371119978397
2015-12-24,4.0,0.49022834024815065,1.2807954506011616,3.716514620794586
2015-12-28,4.0,0.49022834024815065,1.282518320037282,3.718417629665853
2015-12-29,4.0,0.4898331385111008,1.2840932147667277,3.682079432156967
2015-12-30,4.0,0.4898331385111008,1.2814591636698196,3.6766837945787927
2015-12-31,4.0,0.48330204734650717,1.286359653509603,3.697697896209947
2016-01-04,4.0,0.48330204734650717,1.2933605601375464,3.7283709603425237
2016-01-05,4.0,0.4829424074054768,1.2848259143830345,3.7059958009936325
2016-01-06,4.0,0.48160371992149315,1.2892824660406206,3.701570124319757
2016-01-07,4.0,0.48205714107109177,1.2968007559745294,3.7155818533945006
2016-01-08,4.0,0.48205714107109177,1.2938921467246498,3.72416198603967
2016-01-11,4.0,0.4765380485155329,1.2902171707732175,3.7104334762809783
2016-01-12,4.0,0.4765380485155329,1.2939734347243301,3.715730063639005
2016-01-13,4.0,0.47530941200183346,1.2947055914536136,3.7213516885101514
2016-01-14,4.0,0.4785474948838391,1.2956912013220987,3.715730063639005
2016-01-15,4.0,0.48154315845509393,1.2994510951301277,3.7157298013476265
2016-01-19,4.0,0.48154315845509393,1.2947055914536136,3.7032512898988648
2016-01-20,4.0,0.4785113727652033,1.2927826437726417,3.698414120261413
2016-01-21,4.0,0.47652682215231196,1.2901922692519627,3.6506416461743916
2016-01-22,4.0,0.4739907608280474,1.2916412192313862,3.6881478775748144
2016-01-25,4.0,0.4682662076355454,1.2963202131954905,3.698414120261413
2016-01-26,4.0,0.47191374228082267,1.288704479242152,3.7022462056626355
2016-01-27,4.0,0.4657954113513853,1.2982396573703183,3.7328077545341287
2016-01-28,4.0,0.4720310722684976,1.2957862213012956,3.7022462056626355
2016-01-29,4.0,0.472469880623157,1.2981366299186243,3.7022462056626355
2016-02-01,4.0,0.4640852741718734,1.300703566584166,3.7328077545341287
2016-02-02,4.0,0.4640852741718734,1.3038057667109841,3.7390959308293343
2016-02-03,4.0,0.4683862396219562,1.3067583295146328,3.760143578999477
2016-02-04,4.0,0.470061468668215,1.310000829365967,3.750411898950682
2016-02-05,4.0,0.47132987689475103,1.3075906481975508,3.7374456929529525
2016-02-08,4.0,0.4726650906427427,1.3103715286186006,3.750411898950682
2016-02-09,4.0,0.4737846875145256,1.3112060384364406,3.753472059865387
2016-02-10,4.0,0.4719134930153901,1.3141550220358083,3.7616046410349235
2016-02-11,4.0,0.47285653005992406,1.3137185266883913,3.7616046410349235
2016-02-12,4.0,0.47428081677822753,1.3160721987542172,3.7713012564312365
2016-02-16,4.0,0.4728749435562625,1.3165271607822966,3.7713012564312365
2016-02-17,4.0,0.47379072382330517,1.3137185266883913,3.7713012564312365
2016-02-18,4.0,0.4733041412721329,1.3120671758576483,3.764918847214708
2016-02-19,4.0,0.4706078483278895,1.3114661394784897,3.7704940682815016
2016-02-22,4.0,0.468861775577062,1.3114661394784897,3.7713012564312365
2016-02-23,4.0,0.4679471382617363,1.3110545184167632,3.7713232826628396
2016-02-24,4.0,0.467912883127574,1.3106439118338045,3.778128761764619
2016-02-25,4.0,0.46137047032689804,1.308691385804891,3.7713232826628396
2016-02-26,4.0,0.46463391373429813,1.3121550593533504,3.778128761764619
2016-02-29,4.0,0.46464349902858115,1.3117317512003357,3.812652090525515
2016-03-01,4.0,0.4684126895555865,1.3115849515053044,3.7777262504102533
2016-03-02,4.0,0.47167195046626215,1.320218387599672,3.778128761764619
2016-03-03,4.0,0.47167195046626215,1.3224353420630557,3.7728016098165584
2016-03-04,4.0,0.4714399953194476,1.3303313865263542,3.778128761764619
2016-03-07,4.0,0.47001180119835756,1.3300095686589886,3.782220377932165
2016-03-08,4.0,0.46198506290571595,1.3307716497895434,3.782056268354803
2016-03-09,4.0,0.4610835760263399,1.3329849378571876,3.7713232826628396
2016-03-10,4.0,0.4610835760263399,1.3330623695626402,3.7713232826628396
2016-03-11,4.0,0.459787222418045,1.3357676376419731,3.77735399068103
2016-03-14,4.0,0.45686419143194107,1.3376947039137081,3.77735399068103
2016-03-15,4.0,0.4626000225288273,1.3336738085359439,3.8200344481955946
2016-03-16,4.0,0.46397516104895353,1.3357676376419731,3.7937420102866586
2016-03-17,4.0,0.4629491938256036,1.3336738085359439,3.7981470846536154
2016-03-18,4.0,0.4614583837809906,1.3285677428069813,3.7937420102866586
2016-03-21,4.0,0.4614583837809906,1.3265390384961124,3.7937420102866586
2016-03-22,4.0,0.4614583837809906,1.3301104368641914,3.8259365476769416
2016-03-23,4.0,0.4603411628965713,1.3307467391207592,3.8259365476769416
2016-03-24,4.0,0.4603411628965713,1.3296489548246586,3.825883844140308
2016-03-28,4.0,0.4603411628965713,1.337006400604791,3.82012515373109
2016-03-29,4.0,0.45740890066913503,1.3328195639877465,3.820049435005014
2016-03-30,4.0,0.4549528820103499,1.3310367034074426,3.8201885590085887
2016-03-31,4.0,0.4549528820103499,1.3373850456083707,3.82348165958057
2016-04-01,4.0,0.4573823737179325,1.3328195639877465,3.82348165958057
2016-04-04,4.0,0.45387614829031947,1.3279659250738023,3.82348165958057
2016-04-05,4.0,0.4573823737179325,1.3284828195634986,3.8451247174481407
2016-04-06,4.0,0.4615285989905581,1.3284388665743978,3.835317092066231
2016-04-07,4.0,0.4588732701079123,1.3301727420055904,3.835353351485729
2016-04-08,4.0,0.4588732701079123,1.3313011847322453,3.828487176040719
2016-04-11,4.0,0.4615285989905581,1.3305342458546097,3.8401968689044303
2016-04-12,4.0,0.45658729330994574,1.3377841708027183,3.840024967071711
2016-04-13,4.0,0.4570650107454991,1.3398100596010716,3.8363696810829877
2016-04-14,4.0,0.4547972911249961,1.3301727420055904,3.82348165958057
2016-04-15,4.0,0.45465142524719404,1.335075615023571,3.8056521522710085
2016-04-18,4.0,0.45479166847965025,1.3418447192848761,3.82348165958057
2016-04-19,4.0,0.45478420424427624,1.3374571093207561,3.8107348330705673
2016-04-20,4.0,0.4589427044197513,1.3386796718472769,3.816882510202337
2016-04-21,4.0,0.4633386051749853,1.3399069505098486,3.866346572324
2016-04-22,4.0,0.45805505024897547,1.3390344891223582,3.882960380389571
2016-04-25,4.0,0.4589048864766457,1.3402435851120473,3.882960380389571
2016-04-26,4.0,0.45805505024897547,1.34010160586406,3.889381238295953
2016-04-27,4.0,0.44932608888238446,1.336173969947465,3.889381238295953
2016-04-28,4.0,0.45094450415531356,1.3337181629069201,3.889381238295953
2016-04-29,4.0,0.46036062461141863,1.3337181629069201,3.882960380389571
2016-05-02,4.0,0.4628034188548959,1.3356386999219065,3.868230269097866
2016-05-03,4.0,0.46038741856963505,1.3311198174160157,3.834569340937189
2016-05-04,4.0,0.4628034188548959,1.3327706452673662,3.8337089073184507
2016-05-05,4.0,0.46343390281472596,1.3345833304791925,3.852691712733357
2016-05-06,4.0,0.46343390281472596,1.3339656322295659,3.889062239017229
2016-05-09,4.0,0.46343390281472596,1.3343393906662528,3.911964906600569
2016-05-10,4.0,0.4628202641271382,1.3346775684765442,3.884207714750107
2016-05-11,4.0,0.4612358688913039,1.3366711828965177,3.889381238295953
2016-05-12,4.0,0.4667614137757545,1.3403976275188894,3.914844899763551
2016-05-13,4.0,0.4667614137757545,1.3408398941905322,3.931239650340326
2016-05-16,4.0,0.4662913001699097,1.3404997633456277,3.9904641946116306
2016-05-17,4.0,0.46779160821396487,1.3406865104479073,3.9904641946116306
2016-05-18,4.0,0.4681565322333889,1.3376551182660017,3.9941638747714836
2016-05-19,4.0,0.46549985059317295,1.3376551182660017,3.9904641946116306
2016-05-20,4.0,0.46549985059317295,1.337964420333698,3.9904641946116306
2016-05-23,4.0,0.46334490123735345,1.3445860950916315,3.990651890033271
2016-05-24,4.0,0.46195642614934634,1.3312705609711575,3.981483004356485
2016-05-25,4.0,0.4634130071900543,1.334729476849874,3.94597403846146
2016-05-26,4.0,0.4620087410758483,1.336949165811231,3.966662297780314
2016-05-27,4.0,0.4633972161638554,1.3331280986884737,3.9904641946116306
2016-05-31,4.0,0.4633972161638554,1.331485236226575,3.966662297780314
2016-06-01,4.0,0.4592640558949825,1.3398429223592065,3.9982052089258917
2016-06-02,4.0,0.46036321743956127,1.3384696274258951,3.990651681966811
2016-06-03,4.0,0.4615809493457168,1.3384696274258951,3.990651681966811
2016-06-06,4.0,0.46340268074772223,1.3384696274258951,3.990651681966811
2016-06-07,4.0,0.462575357119468,1.3377511685979306,3.9815319113414542
2016-06-08,4.0,0.4544528276430912,1.3388840146482701,3.997901850375774
2016-06-09,4.0,0.4614325197076912,1.3372505749576513,4.017379801363691
2016-06-10,4.0,0.45436004400183533,1.3438275009830547,4.017379801363691
2016-06-13,4.0,0.4507154468226024,1.3512458773592555,4.070885205508977
2016-06-14,4.0,0.45038601791651894,1.3460773686226242,4.127662154086441
2016-06-15,4.0,0.4507154468226024,1.3459967479915151,4.144013391510638
2016-06-16,4.0,0.44988295106173287,1.3493332664498767,4.133782575975527
2016-06-17,4.0,0.4498719341969955,1.3584693342704195,4.132662124155997
2016-06-20,4.0,0.45069061669495425,1.3584693342704195,4.132662124155997
2016-06-21,4.0,0.45069061669495425,1.3542642533368086,4.132662124155997
2016-06-22,4.0,0.45038601791651894,1.3458684429727859,4.168652814059206
2016-06-23,4.0,0.45038601791651894,1.3496335425009671,4.1607251454561744
2016-06-24,4.0,0.451759548787726,1.355816221404612,4.167509763923781
2016-06-27,4.0,0.44989686669564855,1.36336126782496,4.167526166342518
2016-06-28,4.0,0.4487016830251545,1.3627270460718888,4.187294509535158
2016-06-29,4.0,0.44758307676852277,1.362665432218236,4.187294509535158
2016-06-30,4.0,0.44758307676852277,1.3630728067350972,4.222278291156651
2016-07-01,4.0,0.4492413368657427,1.3619883503794086,4.295258301106538
2016-07-05,4.0,0.44758307676852277,1.3619883503794086,4.295323074680975
2016-07-06,4.0,0.44758307676852277,1.3606645033839135,4.276505500113707
2016-07-07,4.0,0.44758307676852277,1.3580737781185586,4.268037057378321
2016-07-08,4.0,0.4492413368657427,1.3567897140964664,4.268037057378321
2016-07-11,4.0,0.4492413368657427,1.3591063817755886,4.268037057378321
2016-07-12,4.0,0.4456576179098889,1.3604353648660394,4.267844880191432
2016-07-13,4.0,0.4456576179098889,1.3595407364433059,4.268537481936702
2016-07-14,4.0,0.44534918902810705,1.3606874790350225,4.2956739938320325
2016-07-15,4.0,0.4432004781556935,1.3590926654783724,4.276505500113707
2016-07-18,4.0,0.44868646763009457,1.3590926654783724,4.224026602780554
2016-07-19,4.0,0.4467453885846019,1.3635529321042812,4.224231611366376
2016-07-20,4.0,0.4507720529730797,1.3630320105508391,4.277660680078203
2016-07-21,4.0,0.4487132195368906,1.35891373441543,4.34133015600922
2016-07-22,4.0,0.4467490251473013,1.360050658071287,4.277660680078203
2016-07-25,4.0,0.4493734740090388,1.3642113246684577,4.271035081646792
2016-07-26,4.0,0.45078966852125774,1.3621347785308204,4.271035081646792
2016-07-27,4.0,0.45078966852125774,1.3639071563935734,4.271035081646792
2016-07-28,4.0,0.4493734740090388,1.3621347785308204,4.271035081646792
2016-07-29,4.0,0.4535149170977196,1.3652453101653634,4.277660680078203
2016-08-01,4.0,0.45130101763761665,1.3652453101653634,4.277660680078203
2016-08-02,4.0,0.4456902418852745,1.360175345591543,4.277660680078203
2016-08-03,4.0,0.4456902418852745,1.3611974006630037,4.277660680078203
2016-08-04,4.0,0.4456902418852745,1.3644882039128587,4.341880178886123
2016-08-05,4.0,0.44551423767142384,1.3724376763762316,4.3227709262222636
2016-08-08,4.0,0.44551423767142384,1.3645079488314669,4.368017663886631
2016-08-09,4.0,0.44728671795236613,1.359560160858799,4.352681540713172
2016-08-10,4.0,0.44551423767142384,1.3675796130247058,4.341860145667727
2016-08-11,4.0,0.44551423767142384,1.3728660536715425,4.341453344424463
2016-08-12,4.0,0.44551423767142384,1.375101092543921,4.358452528858468
2016-08-15,4.0,0.4466717204822407,1.3740365789532318,4.38492563256094
2016-08-16,4.0,0.4466717204822407,1.3772227318631063,4.358681207609084
2016-08-17,4.0,0.4479048121000371,1.3767045571239036,4.3801381126155094
2016-08-18,4.0,0.4479048121000371,1.3791546079705217,4.341479977551008
2016-08-19,4.0,0.44665264413958566,1.3835535316514336,4.353916129408125
2016-08-22,4.0,0.44965090869683577,1.3839642143250486,4.358681207609084
2016-08-23,4.0,0.4479048121000371,1.3924586865409725,4.358681207609084
2016-08-24,4.0,0.44962004715857873,1.393978558470713,4.378171157235967
2016-08-25,4.0,0.44665264413958566,1.399207682738163,4.358595235446115
2016-08-26,4.0,0.44962004715857873,1.3974637859587342,4.358681207609084
2016-08-29,4.0,0.44665264413958566,1.3951535162282696,4.353916129408125
2016-08-30,4.0,0.44665264413958566,1.3955367050227785,4.354415601766683
2016-08-31,4.0,0.4465226272986026,1.4007252877677105,4.367105685479761
2016-09-01,4.0,0.44310022587092424,1.399557383255694,4.367105685479761
2016-09-02,4.0,0.439521560414279,1.4010002847815837,4.378315315101886
2016-09-06,4.0,0.4445814015011559,1.4028748269701554,4.378379950804439
2016-09-07,4.0,0.4465226272986026,1.395982433283931,4.440815464190931
2016-09-08,4.0,0.4477471026840699,1.3893682149304976,4.389452853895623
2016-09-09,4.0,0.43673735808372516,1.3948979233833319,4.390786892003161
2016-09-12,4.0,0.4402997926790772,1.397735779612836,4.388248160335388
2016-09-13,4.0,0.43569123032757995,1.4073209713819548,4.505355514128922
2016-09-14,4.0,0.43573738937922607,1.4073209713819548,4.534161337363788
2016-09-15,4.0,0.4338502132061418,1.4006792072462413,4.523960512245148
2016-09-16,4.0,0.4314899954401689,1.3984494938458163,4.523960512245148
2016-09-19,4.0,0.4314899954401689,1.4064770802285174,4.532861766698223
2016-09-20,4.0,0.4314899954401689,1.407398595343199,4.5324573851936245
2016-09-21,4.0,0.4313450139307963,1.4107005406500517,4.5324573851936245
2016-09-22,4.0,0.4313385100292574,1.4177309863760514,4.543429572573193
2016-09-23,4.0,0.429873266015969,1.4134956626090027,4.5324573851936245
2016-09-26,4.0,0.429873266015969,1.4096700163428388,4.5324573851936245
2016-09-27,4.0,0.42545069587406875,1.4109585254149066,4.523960512245148
2016-09-28,4.0,0.42545069587406875,1.4122151174430277,4.5068593883326775
2016-09-29,4.0,0.42546172779925784,1.4148287976221265,4.538798607410134
2016-09-30,4.0,0.4253849135439757,1.4183697010247065,4.560632431771373
2016-10-03,4.0,0.4253849135439757,1.413869790059721,4.543497723831905
2016-10-04,4.0,0.4253849135439757,1.414115663366486,4.543497723831905
2016-10-05,4.0,0.4253849135439757,1.4148868099772178,4.560025778623677
2016-10-06,4.0,0.4253849135439757,1.4162381384104097,4.598798237502316
2016-10-07,4.0,0.4262563487139769,1.4141294936959703,4.598798237502316
2016-10-10,4.0,0.4245336387615403,1.4141168050972368,4.598527816569115
2016-10-11,4.0,0.4262523613120344,1.4173466903220304,4.602648185511249
2016-10-12,4.0,0.429783935054849,1.4138476773212667,4.6053237386892905
2016-10-13,4.0,0.4281650667659842,1.414910956954647,4.615986373373981
2016-10-14,4.0,0.4281650667659842,1.4141168050972368,4.605439956979126
2016-10-17,4.0,0.427863318921305,1.414910956954647,4.605439956979126
2016-10-18,4.0,0.42261719787557184,1.4158452950805611,4.621095391652094
2016-10-19,4.0,0.42261719787557184,1.4158452950805611,4.606016461953625
2016-10-20,4.0,0.42275893700247225,1.4221917508719897,4.689335202709754
2016-10-21,4.0,0.4224627077625339,1.420514685885188,4.734812257188235
2016-10-24,4.0,0.41329309602568126,1.42459434177402,4.706030032508205
2016-10-25,4.0,0.4126597490380369,1.424528231416478,4.706030032508205
2016-10-26,4.0,0.4159532459739563,1.4249980178429573,4.73547002516625
2016-10-27,4.0,0.4117805005164454,1.4239496570496875,4.73547002516625
2016-10-28,4.0,0.41168729301782,1.4258965218550115,4.778137110869478
2016-10-31,4.0,0.4116536244033493,1.4298325228115398,4.778137110869478
2016-11-01,4.0,0.4116802616094909,1.4316731061149208,4.726789557141583
2016-11-02,4.0,0.40709903298866557,1.4329028134101103,4.725030938832785
2016-11-03,4.0,0.40709903298866557,1.4359406688598508,4.7098208939673185
2016-11-04,4.0,0.40709903298866557,1.4408706649593346,4.776176676755243
2016-11-07,4.0,0.4074581371306971,1.4395999658176337,4.84335531087724
2016-11-08,4.0,0.4060598265641152,1.4365233218093967,4.7260269008134586
2016-11-09,4.0,0.4060453033027469,1.4397991217840218,4.771570704969514
2016-11-10,4.0,0.4060453033027469,1.4390386784672446,4.7711017653554775
2016-11-11,4.0,0.4094483909924638,1.4403122510151913,4.77136099914175
2016-11-14,4.0,0.4125991420472086,1.4397991217840218,4.77136099914175
2016-11-15,4.0,0.4094143432736365,1.4449603666230357,4.771570704969514
2016-11-16,4.0,0.4056003449622811,1.4478729976078362,4.804780251028351
2016-11-17,4.0,0.406035395317242,1.459513712270474,4.804780251028351
2016-11-18,4.0,0.412512773413219,1.46019431095378,4.843069232917653
2016-11-21,4.0,0.4126021021121864,1.4549124936433513,4.804285774383176
2016-11-22,4.0,0.41389327923332625,1.4455691605044203,4.86409776799846
2016-11-23,4.0,0.4149522564273909,1.4488368745278521,4.863633995100559
2016-11-25,4.0,0.4149522564273909,1.452924708727235,4.805813853308195
2016-11-28,4.0,0.4160401307663021,1.4575026543166556,4.83508021930159
2016-11-29,4.0,0.4149522564273909,1.4477393047235294,4.883522424607734
2016-11-30,4.0,0.4144489099677981,1.444439121860022,4.794682569396443
2016-12-01,4.0,0.41637250425843436,1.4485198572241231,4.834153824903115
2016-12-02,4.0,0.4170926289769968,1.4447753523609135,4.846792215077331
2016-12-05,4.0,0.4170926289769968,1.446486074506426,4.79574504342164
2016-12-06,4.0,0.41940912415553117,1.4468223021837883,4.905497379853937
2016-12-07,4.0,0.4235364379609116,1.4484147315428744,4.869933099270285
2016-12-08,4.0,0.416227443793166,1.447144861057563,4.846891481077412
2016-12-09,4.0,0.4163544657932471,1.4479387227998914,4.906108064879512
2016-12-12,4.0,0.4202202967756934,1.4465517343887688,4.906108064879512
2016-12-13,4.0,0.41315431259310176,1.4444850663884896,4.916342345718684
2016-12-14,4.0,0.4201414985397943,1.4436520237832204,4.946200864949954
2016-12-15,4.0,0.4203104632816403,1.4468223021837883,4.958801155679721
2016-12-16,4.0,0.4199917447122751,1.4399017614990552,4.8758321152269515
2016-12-19,4.0,0.42363354136466924,1.4474009445983342,4.936720882855094
2016-12-20,4.0,0.4202876437372688,1.4491331996293413,4.936786406791688
2016-12-21,4.0,0.41910178248178537,1.4527283587190958,4.936786406791688
2016-12-22,4.0,0.4202876437372688,1.4502417752342904,4.916036384515505
2016-12-23,4.0,0.41910178248178537,1.4491447439240548,4.844905826884677
2016-12-27,4.0,0.4202876437372688,1.4488904285751096,4.852354976141032
2016-12-28,4.0,0.41910617223350344,1.4532499899325564,4.859955967543757
2016-12-29,4.0,0.41910617223350344,1.4532499899325564,4.891935975391735
2016-12-30,4.0,0.41816315720702185,1.454359869736112,4.900846549461012
2017-01-03,4.0,0.4207647772498301,1.4553226907782522,4.885645037867013
2017-01-04,4.0,0.42498814122343925,1.454359869736112,4.885083375843814
2017-01-05,4.0,0.4220126952113798,1.4556159048542663,4.90546245266241
2017-01-06,4.0,0.4257822820905277,1.4593163011250276,4.90546245266241
2017-01-09,4.0,0.4182295824136247,1.457217221789997,4.90546245266241
2017-01-10,4.0,0.41327209490958716,1.457217221789997,4.873565785347174
2017-01-11,4.0,0.41816315720702185,1.455307031752965,4.90546245266241
2017-01-12,4.0,0.41816315720702185,1.453737181109406,4.90546245266241
2017-01-13,4.0,0.4211974985648628,1.456935532366703,4.931673188312482
2017-01-17,4.0,0.4251013193754151,1.4565942165559087,4.931673188312482
2017-01-18,4.0,0.4211974985648628,1.4572591499541785,4.9548219792049615
2017-01-19,4.0,0.4233970593353817,1.4572701863473956,4.9548219792049615
2017-01-20,4.0,0.4233970593353817,1.458227721611126,4.9548219792049615
2017-01-23,4.0,0.4233970593353817,1.4594858758076223,4.947745574431495
2017-01-24,4.0,0.4183284123525179,1.4583969802173842,4.947745574431495
2017-01-25,4.0,0.41422131274804924,1.4595506450325275,4.954836263283232
2017-01-26,4.0,0.4243189396489555,1.4536660594828548,5.073858092117432
2017-01-27,4.0,0.42423974740219733,1.460391119608876,5.073730886943117
2017-01-30,4.0,0.4173146667211009,1.4566311742548068,5.077282716954374
2017-01-31,4.0,0.4242939719451945,1.4583200039622697,5.084756052132916
2017-02-01,4.0,0.4154996649702104,1.463101882102268,5.084756052132916
2017-02-02,4.0,0.4173222382173617,1.463101882102268,5.104114809574961
2017-02-03,4.0,0.40903356507041966,1.4673330076076687,5.154369936297835
2017-02-06,4.0,0.4082147990208802,1.463777588409835,5.1534415535085065
2017-02-07,4.0,0.4080760538690845,1.4739712285217943,5.1534415535085065
2017-02-08,4.0,0.4090367390899087,1.4719819869531405,5.104114809574961
2017-02-09,4.0,0.410934965135733,1.4681851056746897,5.104114809574961
2017-02-10,4.0,0.410934965135733,1.472845017066232,5.185170238185752
2017-02-13,4.0,0.40903356507041966,1.470347251123827,5.205438122321905
2017-02-14,4.0,0.4080760538690845,1.4711636451391517,5.170653248011441
2017-02-15,4.0,0.4090186066786956,1.4728161402132947,5.206317684965987
2017-02-16,4.0,0.41195380423271033,1.472745145406659,5.205438122321905
2017-02-17,4.0,0.4090186066786956,1.4717967998174835,5.229882150551759
2017-02-21,4.0,0.4074611023492141,1.4726603026571736,5.170720232097163
2017-02-22,4.0,0.4062119799583222,1.4717967998174835,5.170720232097163
2017-02-23,4.0,0.4095933267152152,1.4710776089975846,5.154211947359185
2017-02-24,4.0,0.4123990718730026,1.4716822547450021,5.175898601580697
2017-02-27,4.0,0.41180346573510496,1.4737238226815448,5.187688485395275
2017-02-28,4.0,0.40509981179180027,1.4739826435242236,5.198491055564202
2017-03-01,4.0,0.40509981179180027,1.4729648060345932,5.147700694803779
2017-03-02,4.0,0.4127670029551905,1.4722712796656687,5.170495266309905
2017-03-03,4.0,0.4127670029551905,1.473216045358972,5.143449061604663
2017-03-06,4.0,0.4127670029551905,1.4736268838637359,5.170481172677582
2017-03-07,4.0,0.4118636890586797,1.473861107494741,5.143449061604663
2017-03-08,4.0,0.4118636890586797,1.4763803205556014,5.06637311260354
2017-03-09,4.0,0.4127670029551905,1.4778522343058327,5.059637862811971
2017-03-10,4.0,0.4127670029551905,1.4778522343058327,5.136304169705069
2017-03-13,4.0,0.4127670029551905,1.4796941117884048,5.147515747980765
2017-03-14,4.0,0.41178887718223234,1.4819848430670426,5.147515747980765
2017-03-15,4.0,0.4141271600743386,1.4853930547753245,5.163155847679996
2017-03-16,4.0,0.414106854781452,1.4793454202478031,5.16341407912256
2017-03-17,4.0,0.414106854781452,1.4862022093559604,5.218888445275456
2017-03-20,4.0,0.4187047108066416,1.4856178813063163,5.243899214672905
2017-03-21,4.0,0.41711475725511343,1.4888457982498944,5.243899214672905
2017-03-22,4.0,0.4187047108066416,1.4881280164491129,5.189161236633938
2017-03-23,4.0,0.41711475725511343,1.4897779960395514,5.228545557528918
2017-03-24,4.0,0.4159055977842806,1.4885816159281484,5.229556010546791
2017-03-27,4.0,0.4154178694448138,1.4881280164491129,5.229556010546791
2017-03-28,4.0,0.4107308083326821,1.4918137327854697,5.228428708867069
2017-03-29,4.0,0.4106461795836148,1.4913554085609484,5.327054116843477
2017-03-30,4.0,0.41202955803617,1.487150555434118,5.327313708225629
2017-03-31,4.0,0.4153804135396213,1.4858430945908956,5.2658674218194435
2017-04-03,4.0,0.40911046179471927,1.48140516463384,5.291818864590638
2017-04-04,4.0,0.39999704409566256,1.4828219525152098,5.315824447876332
2017-04-05,4.0,0.3999156822947169,1.485269418783278,5.325218858134336
2017-04-06,4.0,0.3999156822947169,1.4864921139449105,5.3279791098818405
2017-04-07,4.0,0.3999156822947169,1.483549358934046,5.3279791098818405
2017-04-10,4.0,0.3999156822947169,1.4828169596772525,5.429971372855913
2017-04-11,4.0,0.3999719618573807,1.4911182883684773,5.480029699622866
2017-04-12,4.0,0.40342356844818106,1.490678841728082,5.496197248468494
2017-04-13,4.0,0.40692143253977164,1.491753965905584,5.488323161882929
2017-04-17,4.0,0.40848622643842303,1.4928356041894184,5.465967607512745
2017-04-18,4.0,0.4133500513246407,1.4937822059457622,5.410087737118756
2017-04-19,4.0,0.40692143253977164,1.4937364357826968,5.465780560237625
2017-04-20,4.0,0.40692143253977164,1.4978616761544625,5.472836649952994
2017-04-21,4.0,0.4069273419351104,1.4950796690011348,5.494188790775408
2017-04-24,4.0,0.40726010976148663,1.4980466333760942,5.473023697228114
2017-04-25,4.0,0.40726010976148663,1.4951258977456525,5.473023697228114
2017-04-26,4.0,0.40697713935592705,1.4951258977456525,5.475560257223898
2017-04-27,4.0,0.40993902587358927,1.4944756982542986,5.5035395749484275
2017-04-28,4.0,0.4107996844285637,1.4983611316561611,5.475470565126002
2017-05-01,4.0,0.4107996844285637,1.4981613607773734,5.490690798957408
2017-05-02,4.0,0.414145673381259,1.5040190065530044,5.490690798957408
2017-05-03,4.0,0.40980956742057023,1.512678304743729,5.503183476397305
2017-05-04,4.0,0.4092658633622926,1.510865773185289,5.503183476397305
2017-05-05,4.0,0.4085895806061342,1.508409463734281,5.503183476397305
2017-05-08,4.0,0.40861142229630726,1.5034712290426318,5.491891266382343
2017-05-09,4.0,0.4092658633622926,1.512906813529494,5.494095496679641
2017-05-10,4.0,0.40857034727218433,1.512906813529494,5.550381748304449
2017-05-11,4.0,0.40857034727218433,1.5116804542724618,5.559344831064164
2017-05-12,4.0,0.4054212440990807,1.503407013240032,5.551475584478221
2017-05-15,4.0,0.4080881366593482,1.5054177621914628,5.551475584478221
2017-05-16,4.0,0.40542691474790893,1.503072086792704,5.55303793295729
2017-05-17,4.0,0.4055421524901647,1.4970578784068151,5.567399334498493
2017-05-18,4.0,0.40258657167590345,1.4976838303727074,5.568061877036543
2017-05-19,4.0,0.4051317789607761,1.4957142850468454,5.551699098477512
2017-05-22,4.0,0.4026281578241161,1.4961761376212852,5.5853779036090145
2017-05-23,4.0,0.4026891763053557,1.4998282820764888,5.623501085366161
2017-05-24,4.0,0.40209388027656695,1.5007002056523162,5.65018224865486
2017-05-25,4.0,0.3980643881223474,1.5002169794461868,5.6620267926734735
2017-05-26,4.0,0.39783919556452996,1.503552002711257,5.65018224865486
2017-05-30,4.0,0.39783919556452996,1.4964210214480151,5.773909860735149
2017-05-31,4.0,0.3980866290791008,1.5022510047808695,5.667632521599887
2017-06-01,4.0,0.4023261319711208,1.5063442942401748,5.773909860735149
2017-06-02,4.0,0.40700372526807604,1.5084173110173418,5.676796368700863
2017-06-05,4.0,0.40839975137442525,1.5101574365200143,5.676616453479909
2017-06-06,4.0,0.41164429114582185,1.5151075134287593,5.678933233607174
2017-06-07,4.0,0.4142256279419481,1.5100411476350317,5.665198023801074
2017-06-08,4.0,0.41173363128324375,1.510674617010011,5.665198023801074
2017-06-09,4.0,0.41649441483683614,1.5158589840890793,5.759039533669368
2017-06-12,4.0,0.4147577400000028,1.5158589840890793,5.697418383152053
2017-06-13,4.0,0.4142256279419481,1.5223830921842787,5.697418383152053
2017-06-14,4.0,0.41173363128324375,1.5281151329559188,5.697418383152053
2017-06-15,4.0,0.4142256279419481,1.516016817539363,5.697418383152053
2017-06-16,4.0,0.4142256279419481,1.511869366191831,5.697418383152053
2017-06-19,4.0,0.4142256279419481,1.5198678055523565,5.695503519386131
2017-06-20,4.0,0.4117498502104814,1.5224656502839036,5.693075660551072
2017-06-21,4.0,0.4067459190083799,1.5248014374970795,5.679279499279558
2017-06-22,4.0,0.4067723898653006,1.5240829702134953,5.679339760553641
2017-06-23,4.0,0.4067723898653006,1.5256723708462074,5.679339760553641
2017-06-26,4.0,0.4067723898653006,1.5187193560215482,5.696714741814281
2017-06-27,4.0,0.41213709353885447,1.5159701465185331,5.696714741814281
2017-06-28,4.0,0.40683786635152863,1.5199179232116764,5.747455072064684
2017-06-29,4.0,0.409201658412084,1.522403370348214,5.716189097737606
2017-06-30,4.0,0.409201658412084,1.5247529437777025,5.7254201254513815
2017-07-03,4.0,0.4141774218727021,1.536913656909105,5.725318664584091
2017-07-05,4.0,0.41225389329366346,1.5407732181335803,5.725318664584091
2017-07-06,4.0,0.41005992544962944,1.536913656909105,5.793965776743749
2017-07-07,4.0,0.41212255907305867,1.5372849019076265,5.813610402929481
2017-07-10,4.0,0.41211849989102517,1.5365432229655935,5.8250363608450195
2017-07-11,4.0,0.40549942642468384,1.5359412328066266,5.829467323523168
2017-07-12,4.0,0.4055063158793954,1.5376424943121023,5.9034683813400175
2017-07-13,4.0,0.40769358756427837,1.5344743408699053,5.835433971382526
2017-07-14,4.0,0.40598114440812544,1.5310462312436144,5.831271236822522
2017-07-17,4.0,0.40599097077523605,1.5319483537118335,5.831271236822522
2017-07-18,4.0,0.40773327735168297,1.5282755070593983,5.902409451049523
2017-07-19,4.0,0.40773327735168297,1.5331215339718316,5.846649526211455
2017-07-20,4.0,0.40773327735168297,1.5435122915837072,5.829869353951437
2017-07-21,4.0,0.40712560448601354,1.5375565702155853,5.836898435351006
2017-07-24,4.0,0.40712560448601354,1.5356149529408716,5.902216436477399
2017-07-25,4.0,0.40712560448601354,1.528774399874694,5.902216436477399
2017-07-26,4.0,0.40712560448601354,1.5304954657095946,5.902216436477399
2017-07-27,4.0,0.40712560448601354,1.5326759696309455,5.903351564775418
2017-07-28,4.0,0.4071091767040811,1.528774399874694,5.903351564775418
2017-07-31,4.0,0.4121367324734302,1.5248801989400227,5.903351564775418
2017-08-01,4.0,0.41285032905499147,1.5238977953122208,5.9539596896332645
2017-08-02,4.0,0.4120647390973036,1.5296334583316469,6.013683887164831
2017-08-03,4.0,0.4129901211615193,1.5289891054876898,5.987949679843972
2017-08-04,4.0,0.41405450931817517,1.5297318073672548,5.963544356388916
2017-08-07,4.0,0.41405450931817517,1.536582432870758,5.963544356388916
2017-08-08,4.0,0.41460132867606214,1.5454997649488105,5.946079853021563
2017-08-09,4.0,0.41405450931817517,1.5454997649488105,5.946079853021563
2017-08-10,4.0,0.41460132867606214,1.536582432870758,5.8867963508758505
2017-08-11,4.0,0.414055463301343,1.5384863305071468,5.8867963508758505
2017-08-14,4.0,0.41289314586263454,1.5415916184556748,5.995706025496616
2017-08-15,4.0,0.40809156095681,1.5398004367655513,5.88724404800617
2017-08-16,4.0,0.40578945469080724,1.5394340649151819,5.87152784406826
2017-08-17,4.0,0.40578945469080724,1.5394898251399964,5.887607005271828
2017-08-18,4.0,0.41274995011906557,1.5416440925249861,6.009248471452211
2017-08-21,4.0,0.4047976516977441,1.5530450603444617,5.962650957873057
2017-08-22,4.0,0.40478356565284757,1.5658284977461299,5.931643592161712
2017-08-23,4.0,0.40575865295631625,1.5634614308672863,5.931643592161712
2017-08-24,4.0,0.4001615414477672,1.5603572753995016,5.960225532041598
2017-08-25,4.0,0.4000918795834367,1.5537975059377622,5.991791970175957
2017-08-28,4.0,0.4000918795834367,1.5501676274232228,5.991377744605132
2017-08-29,4.0,0.3945325054792136,1.551156450889343,5.993215965778404
2017-08-30,4.0,0.39848471182982004,1.5483966877810178,5.991377744605132
2017-08-31,4.0,0.39848471182982004,1.542910219629832,5.993215965778404
2017-09-01,4.0,0.39625168468378674,1.5419034856172664,6.019673303319184
2017-09-05,4.0,0.39864378894783103,1.5470849449495399,6.069927977964382
2017-09-06,4.0,0.4042548928301662,1.543125340591128,6.069927977964382
2017-09-07,4.0,0.4042548928301662,1.543125340591128,6.060730035874971
2017-09-08,4.0,0.40490184601826124,1.5439040810291371,6.070188667990766
2017-09-11,4.0,0.4119966358659206,1.5470849449495399,6.134063502808857
2017-09-12,4.0,0.4119966358659206,1.5468868342269682,6.07007875184054
2017-09-13,4.0,0.4118587340075341,1.5490027801396722,6.081661648508865
2017-09-14,4.0,0.4118587340075341,1.549178272010085,6.123002014746803
2017-09-15,4.0,0.416630087186241,1.5463329129859988,6.135866983765424
2017-09-18,4.0,0.416630087186241,1.541111693850251,6.148066438616603
2017-09-19,4.0,0.4120245233687701,1.5450445809374944,6.136814952299774
2017-09-20,4.0,0.4188531880746127,1.5461483442400366,6.135866983765424
2017-09-21,4.0,0.4188531880746127,1.5459147685068693,6.1385554784538225
2017-09-22,4.0,0.41858150443640657,1.5474963309033989,6.217216381920552
2017-09-25,4.0,0.41858150443640657,1.5499371380388043,6.217216381920552
2017-09-26,4.0,0.41858150443640657,1.5550093778661815,6.1385554784538225
2017-09-27,4.0,0.4087118793952666,1.5488570953066514,6.228675976920844
2017-09-28,4.0,0.4149654867403284,1.551695872802617,6.216240794394081
2017-09-29,4.0,0.4184746838656069,1.5615946800885987,6.266949414455033
2017-10-02,4.0,0.4184746838656069,1.5615946800885987,6.266949414455033
2017-10-03,4.0,0.4087101034187782,1.5606059649718957,6.282818891263399
2017-10-04,4.0,0.4134779991382735,1.5610139834408163,6.3141186359697565
2017-10-05,4.0,0.41072114595253834,1.5606059649718957,6.3141186359697565
2017-10-06,4.0,0.40869675573800046,1.5605443757491275,6.3186692856918185
2017-10-09,4.0,0.4135780780101506,1.5596948733335525,6.3186692856918185
2017-10-10,4.0,0.41345048297969234,1.5606409225009137,6.3186692856918185
2017-10-11,4.0,0.41270530696841373,1.551693120208557,6.3186692856918185
2017-10-12,4.0,0.41270530696841373,1.551081887606855,6.345500236947347
2017-10-13,4.0,0.4158671052275301,1.5500176163699226,6.329573481181335
2017-10-16,4.0,0.4126808351106965,1.553997905324037,6.430339795447445
2017-10-17,4.0,0.4158671052275301,1.5541275671941501,6.344851232927689
2017-10-18,4.0,0.4158671052275301,1.5522712790206994,6.416587712424362
2017-10-19,4.0,0.41846467702793017,1.555554594476464,6.372948273955763
2017-10-20,4.0,0.4158671052275301,1.5590127755886578,6.432171289412353
2017-10-23,4.0,0.4175882157125623,1.5578332087937565,6.430329708742885
2017-10-24,4.0,0.4175882157125623,1.5536779155175697,6.455293015650616
2017-10-25,4.0,0.4175882157125623,1.558386657146758,6.455293015650616
2017-10-26,4.0,0.4187565136619349,1.565472570097307,6.363662368904688
2017-10-27,4.0,0.4187565136619349,1.5725662794037927,6.367722174711976
2017-10-30,4.0,0.4187565136619349,1.563533145566173,6.439397197423494
2017-10-31,4.0,0.4187565136619349,1.5590127755886578,6.455293015650616
2017-11-01,4.0,0.41756792470230425,1.562883339049034,6.394333602144513
2017-11-02,4.0,0.4187565136619349,1.5657382027149627,6.429057344516283
2017-11-03,4.0,0.4187407887714666,1.5657382027149627,6.491963951362139
2017-11-06,4.0,0.4187407887714666,1.560572912134609,6.43055236825495
2017-11-07,4.0,0.41695465397403975,1.558102530387354,6.43055236825495
2017-11-08,4.0,0.4187776440858952,1.5641726322939036,6.480731823186014
2017-11-09,4.0,0.41695465397403975,1.5609609000398792,6.486415637876692
2017-11-10,4.0,0.4183920112367553,1.5609609000398792,6.480731823186014
2017-11-13,4.0,0.4183920112367553,1.5609609000398792,6.487331960000903
2017-11-14,4.0,0.4183920112367553,1.5601611304636958,6.480731823186014
2017-11-15,4.0,0.4157546683624524,1.5580850049678296,6.457657587573884
2017-11-16,4.0,0.4136479388402633,1.577429457736356,6.480731823186014
2017-11-17,4.0,0.41410626158546904,1.5772426983680712,6.486094667885847
2017-11-20,4.0,0.4158828623753477,1.5735782496394997,6.5298988441198835
2017-11-21,4.0,0.4183232802528337,1.582896123991508,6.593865553372964
2017-11-22,4.0,0.41153013814769457,1.5779788366174907,6.596284970456031
2017-11-24,4.0,0.41153013814769457,1.5848537923675838,6.677009378089215
2017-11-27,4.0,0.41153013814769457,1.5834414056729416,6.578538554591679
2017-11-28,4.0,0.41153013814769457,1.5779919026551583,6.602094324870353
2017-11-29,4.0,0.4114072903637484,1.5797498971438642,6.602451844380849
2017-11-30,4.0,0.4130204075489199,1.5779919026551583,6.601885651183879
2017-12-01,4.0,0.4087990154506754,1.5741610217454234,6.5809644908570375
2017-12-04,4.0,0.4113557823333335,1.5756774638622102,6.496776064814651
2017-12-05,4.0,0.4113557823333335,1.5753759253885948,6.521134540975345
2017-12-06,4.0,0.4102959282597988,1.5922895260522032,6.521134540975345
2017-12-07,4.0,0.4062918863615475,1.5852480302327046,6.552124500981391
2017-12-08,4.0,0.40106124784630487,1.5832254740231617,6.556204045361932
2017-12-11,4.0,0.3986681053219526,1.594798562981267,6.580415077917692
2017-12-12,4.0,0.3974120897326378,1.5922979631246466,6.580415077917692
2017-12-13,4.0,0.39234233150865383,1.589826136593627,6.413543585935302
2017-12-14,4.0,0.39738706901329496,1.5894603317174152,6.60184976547167
2017-12-15,4.0,0.3986400260633248,1.5940403874702502,6.60184976547167
2017-12-18,4.0,0.39745380881688297,1.6043050842668896,6.579913891841881
2017-12-19,4.0,0.3986400260633248,1.6051630532994636,6.579913891841881
2017-12-20,4.0,0.39738503135588976,1.599865596115722,6.579913891841881
2017-12-21,4.0,0.39729781577253637,1.594703885326744,6.487333372788022
2017-12-22,4.0,0.39940276900136984,1.603008898315573,6.487333372788022
2017-12-26,4.0,0.397177046986238,1.6004477100577712,6.555552888752299
2017-12-27,4.0,0.3974494542462397,1.5865997381735921,6.517444484417415
2017-12-28,4.0,0.3939502830302853,1.5757513748186984,6.517444484417415
2017-12-29,4.0,0.39931386764619037,1.5934423808257097,6.517354460107023
2018-01-02,4.0,0.39936188392809086,1.5872139820497075,6.512939881039422
2018-01-03,4.0,0.40253654062576805,1.5859866098017048,6.512939881039422
2018-01-04,4.0,0.3939517025729913,1.6064151867280585,6.47981153709811
2018-01-05,4.0,0.39435179748736005,1.6051764046949475,6.525129424968276
2018-01-08,4.0,0.3955012490082936,1.611744755204159,6.604410759823678
2018-01-09,4.0,0.39931386764619037,1.6167045500267854,6.600440974017385
2018-01-10,4.0,0.39422634522895994,1.6232102878877321,6.600440974017385
2018-01-11,4.0,0.3942287433714008,1.620760778601655,6.604410759823678
2018-01-12,4.0,0.3942287433714008,1.607027188266207,6.604410759823678
2018-01-16,4.0,0.39281133233208565,1.6104029650821365,6.600440974017385
2018-01-17,4.0,0.39241618162435427,1.611650081314835,6.604410759823678
2018-01-18,4.0,0.3926990004841448,1.6178490942430603,6.604410759823678
2018-01-19,4.0,0.39136198908268305,1.6152323656607144,6.600440974017385
2018-01-22,4.0,0.3785777255878656,1.6266976483296172,6.604410759823678
2018-01-23,4.0,0.38523028060098885,1.6281229880088959,6.622774716794859
2018-01-24,4.0,0.3838368326131586,1.6274949557990674,6.645436655125124
2018-01-25,4.0,0.3785777255878656,1.6286737204062864,6.817726797189264
2018-01-26,4.0,0.3838368326131586,1.630444750791376,6.985114303360653
2018-01-29,4.0,0.3838368326131586,1.630444750791376,6.819711515725743
2018-01-30,4.0,0.38573982417242103,1.6302971800470756,6.819711515725743
2018-01-31,4.0,0.38675748609612765,1.6302971800470756,6.8058761766154126
2018-02-01,4.0,0.38675748609612765,1.6280753036457396,6.6750406281966015
2018-02-02,4.0,0.3857829297873109,1.6281940082394954,6.674703179552596
2018-02-05,4.0,0.3802679398570153,1.6292581124970114,6.674703179552596
2018-02-06,4.0,0.3802099251340585,1.6309520184224955,6.706164684015164
2018-02-07,4.0,0.38022930058551724,1.634877301151332,6.721728733606709
2018-02-08,4.0,0.38022930058551724,1.6309520184224955,6.833377820436261
2018-02-09,4.0,0.3802099251340585,1.6335705182104288,6.81591040100738
2018-02-12,4.0,0.37619094100088407,1.6371231580426164,6.816096106667388
2018-02-13,4.0,0.37619094100088407,1.6421591512691538,6.816096106667388
2018-02-14,4.0,0.38356093843602296,1.644664369286946,6.816096106667388
2018-02-15,4.0,0.38356093843602296,1.6486784468345808,6.816096106667388
2018-02-16,4.0,0.38360634002418204,1.6501931938224277,6.841138240031149
2018-02-20,4.0,0.383616642998933,1.6482981771045293,6.993656836257416
2018-02-21,4.0,0.3885814618944068,1.6478447124656512,6.862685481029997
2018-02-22,4.0,0.3885314744492791,1.6510425275144476,6.871621279578537
2018-02-23,4.0,0.3938833291014288,1.6533231305485039,6.757552206558879
2018-02-26,4.0,0.38869562494465515,1.6580357408336308,6.757552206558879
2018-02-27,4.0,0.38869562494465515,1.6572073525199278,6.733650471911083
2018-02-28,4.0,0.3851123871927826,1.6551689447997533,6.735522351596373
2018-03-01,4.0,0.387849540153292,1.6513311408337774,6.7558410896648295
2018-03-02,4.0,0.387849540153292,1.6550961495287133,6.7558410896648295
2018-03-05,4.0,0.387849540153292,1.6543479277583117,6.901475661768443
2018-03-06,4.0,0.38753241906988145,1.6525456420379099,6.915670711011175
2018-03-07,4.0,0.38830637289197417,1.6501211179826631,6.915670711011175
2018-03-08,4.0,0.38830637289197417,1.6503423674246667,6.922797161602978
2018-03-09,4.0,0.38932162388323704,1.653667065359859,6.993312197336061
2018-03-12,4.0,0.38932162388323704,1.6550961495287133,6.922395284358266
2018-03-13,4.0,0.38932162388323704,1.6618544450305004,6.922395284358266
2018-03-14,4.0,0.38932162388323704,1.6631682393013683,6.898396333079621
2018-03-15,4.0,0.38932162388323704,1.6580312276393472,6.9874646668710225
2018-03-16,4.0,0.38932162388323704,1.654293304766868,7.071935715585084
2018-03-19,4.0,0.3882513465185679,1.6550961495287133,7.141943812413378
2018-03-20,4.0,0.38932162388323704,1.6534074150762015,7.1528233853843535
2018-03-21,4.0,0.38932162388323704,1.6527945488768707,7.1528233853843535
2018-03-22,4.0,0.3881704772247479,1.6474539330772455,7.152141845001153
2018-03-23,4.0,0.3881704772247479,1.6549584757782365,7.105199474912464
2018-03-26,4.0,0.3881704772247479,1.6582801017769189,7.324967639548992
2018-03-27,4.0,0.3881704772247479,1.6643081413716296,7.264590049827221
2018-03-28,4.0,0.3881704772247479,1.6599912519815563,7.219011797726676
2018-03-29,4.0,0.3881704772247479,1.65543387500865,7.2319645737878275
2018-04-02,4.0,0.38223077819795803,1.6686081290752606,7.264590049827221
2018-04-03,4.0,0.38004699029696176,1.6698646734895433,7.264590049827221
2018-04-04,4.0,0.3779925426353112,1.6686081290752606,7.2920177516070055
2018-04-05,4.0,0.3791728788093787,1.6736051330439483,7.264590049827221
2018-04-06,4.0,0.3791728788093787,1.676729480563652,7.264590049827221
2018-04-09,4.0,0.3791728788093787,1.6785024023426665,7.253189689182363
2018-04-10,4.0,0.3791728788093787,1.6739053701879363,7.214432196703
2018-04-11,4.0,0.3791728788093787,1.6899138293659939,7.264590049827221
2018-04-12,4.0,0.3791728788093787,1.6900394281188194,7.264590049827221
2018-04-13,4.0,0.37901702372702256,1.6819654610372745,7.264590049827221
2018-04-16,4.0,0.37901702372702256,1.6900951395262207,7.264590049827221
2018-04-17,4.0,0.37901702372702256,1.6824738830964772,7.264590049827221
2018-04-18,4.0,0.3840022935037335,1.6665757106386727,7.264678288663976
2018-04-19,4.0,0.3771705920435297,1.6646690155797088,7.264776620877758
2018-04-20,4.0,0.3771705920435297,1.671000455747944,7.282778654219052
2018-04-23,4.0,0.3771705920435297,1.6734866551163101,7.333992413222934
2018-04-24,4.0,0.37662225818568923,1.678264504928824,7.5094305977845694
2018-04-25,4.0,0.37632455966927786,1.6837132287529397,7.508615489556379
2018-04-26,4.0,0.3771691736809808,1.6910465375493064,7.361212425125109
2018-04-27,4.0,0.37775371233808513,1.6792718304101077,7.36025715743262
2018-04-30,4.0,0.37775371233808513,1.6751707152295308,7.36025715743262
2018-05-01,4.0,0.37775371233808513,1.6910465375493064,7.238378466373705
2018-05-02,4.0,0.377396928618308,1.6972308466800063,7.238378466373705
2018-05-03,4.0,0.38093730856746394,1.7041726206623489,7.269176715770375
2018-05-04,4.0,0.377396928618308,1.698928105496761,7.476585902191494
2018-05-07,4.0,0.37222459542021,1.698928105496761,7.3414355964587985
2018-05-08,4.0,0.377396928618308,1.6967541347797932,7.339629273014859
2018-05-09,4.0,0.3804116593302085,1.6976897140193463,7.338279690643595
2018-05-10,4.0,0.3771082849648352,1.7000045111091893,7.338279690643595
2018-05-11,4.0,0.3771082849648352,1.6936585036003238,7.338279690643595
2018-05-14,4.0,0.38101791844671545,1.6946650723675956,7.338353896774244
2018-05-15,4.0,0.38023641043240525,1.6915009026192926,7.354869192666506
2018-05-16,4.0,0.38023641043240525,1.6917141550780925,7.4759656086052155
2018-05-17,4.0,0.380239845770912,1.685356539190666,7.477345345229769
2018-05-18,4.0,0.3791452092165319,1.6859664143412756,7.477345345229769
2018-05-21,4.0,0.380239845770912,1.6910836191971699,7.477345345229769
2018-05-22,4.0,0.38485642777094003,1.693054017714619,7.592131525827601
2018-05-23,4.0,0.38485642777094003,1.693054017714619,7.592131525827601
2018-05-24,4.0,0.38485642777094003,1.693054017714619,7.45192058623189
2018-05-25,4.0,0.3849441538374829,1.7021351406078353,7.436003054130489
2018-05-29,4.0,0.38704968656857586,1.6995854178210839,7.45192058623189
2018-05-30,4.0,0.38842538783456076,1.7030463339259105,7.45192058623189
2018-05-31,4.0,0.3865890513302863,1.7030463339259105,7.789068586672691
2018-06-01,4.0,0.38497100908748394,1.701015508605082,7.789068586672691
2018-06-04,4.0,0.3950552407959525,1.6998096627313524,7.692225413114485
2018-06-05,4.0,0.3942438600405428,1.6965812982219355,7.789986207864839
2018-06-06,4.0,0.39505153207227195,1.6767033981709103,7.691378006644204
2018-06-07,4.0,0.39322931580089765,1.690908528865121,7.690174084711909
2018-06-08,4.0,0.38839347607103747,1.6792882600078851,7.6781174984493425
2018-06-11,4.0,0.38960158999033984,1.6815729403100361,7.6781174984493425
2018-06-12,4.0,0.3856693114942785,1.6829662423604712,7.6781174984493425
2018-06-13,4.0,0.3904066355149189,1.6808345493799064,7.691378006644204
2018-06-14,4.0,0.38839347607103747,1.6749219305398657,7.586824706710543
2018-06-15,4.0,0.3827990161489556,1.6797570490171827,7.700903804061749
2018-06-18,4.0,0.3836341461755336,1.6837240268986786,7.702346013666173
2018-06-19,4.0,0.38360144371014426,1.6864361477470822,7.605138925001248
2018-06-20,4.0,0.37280527762844706,1.6929517665736469,7.692555698519428
2018-06-21,4.0,0.38788446474220795,1.6944460431069404,7.692584219655033
2018-06-22,4.0,0.3877625938609903,1.6931858315861026,7.638061480866581
2018-06-25,4.0,0.3726201361969946,1.6946033703248122,7.779093619632084
2018-06-26,4.0,0.3697767956634379,1.6955342225047771,7.7610192585957085
2018-06-27,4.0,0.3756930920205286,1.6955167744472628,7.860528410458068
2018-06-28,4.0,0.3756930920205286,1.7000835294219607,7.872088000984648
2018-06-29,4.0,0.3756930920205286,1.7007412287336408,7.8709963918653925
2018-07-02,4.0,0.3697767956634379,1.7061571235768436,7.781379878549276
2018-07-03,4.0,0.3697767956634379,1.7103298368906028,7.813733689643794
2018-07-05,4.0,0.3756930920205286,1.710700206393304,8.067542314589902
2018-07-06,4.0,0.37194496867766996,1.7189637423108974,7.937416841966913
2018-07-09,4.0,0.3675144821225617,1.7129550428233156,7.810053556515005
2018-07-10,4.0,0.3674310300390206,1.7129550428233156,8.045870294365454
2018-07-11,4.0,0.3674310300390206,1.7129550428233156,8.045870294365454
2018-07-12,4.0,0.37216986975552907,1.7123530282089616,7.874114136064924
2018-07-13,4.0,0.36749553237678545,1.7124300595730504,7.8629432752529524
2018-07-16,4.0,0.36749553237678545,1.712114610821742,8.025100146973204
2018-07-17,4.0,0.36545160138631555,1.7104926949443486,8.02270751456106
2018-07-18,4.0,0.36749553237678545,1.7123316335229641,8.02270751456106
2018-07-19,4.0,0.3704635492307805,1.7104926949443486,8.158563900895794
2018-07-20,4.0,0.36536523691123785,1.7147380712267974,8.143836313980547
2018-07-23,4.0,0.3654901857177079,1.7181776537642661,8.143836313980547
2018-07-24,4.0,0.36550858292817806,1.718918583989434,8.142613762337843
2018-07-25,4.0,0.3681654765104022,1.7236902656559883,8.142613762337843
2018-07-26,4.0,0.36236769823614984,1.721127006176918,8.160060057698077
2018-07-27,4.0,0.3681383025184954,1.721127006176918,8.224404386021323
2018-07-30,4.0,0.3681383025184954,1.721616626943526,8.224404386021323
2018-07-31,4.0,0.3681383025184954,1.718866876619388,8.22225087076124
2018-08-01,4.0,0.37530152619392276,1.720502570939097,8.22225087076124
2018-08-02,4.0,0.37530152619392276,1.7131962865040442,8.22225087076124
2018-08-03,4.0,0.375304344513465,1.7202867457353013,8.12680124676259
2018-08-06,4.0,0.375304344513465,1.7234812573631237,8.080539491130553
2018-08-07,4.0,0.38012576432090195,1.7300176495363186,8.080539491130553
2018-08-08,4.0,0.3810625887185176,1.7262815293995173,8.123974390354812
2018-08-09,4.0,0.3810625887185176,1.7316116690681544,8.379110015296616
2018-08-10,4.0,0.37524978717606355,1.7316116690681544,8.3796847471756
2018-08-13,4.0,0.37294076647350594,1.7318806513628355,8.42148991155444
2018-08-14,4.0,0.3726916726261998,1.731268409083941,8.382050436120371
2018-08-15,4.0,0.3774121644671371,1.7318266675049427,8.51409344793149
2018-08-16,4.0,0.3727005017094366,1.7318806513628355,8.51409344793149
2018-08-17,4.0,0.3727005017094366,1.7331527852476398,8.444256333595357
2018-08-20,4.0,0.37552033178672284,1.7331527852476398,8.380268501586903
2018-08-21,4.0,0.36855377136712175,1.7387224977412412,8.187465916481239
2018-08-22,4.0,0.3685222063739383,1.7365514029978493,8.188784869730931
2018-08-23,4.0,0.3670207411388249,1.7430319584385914,8.188784869730931
2018-08-24,4.0,0.375524036151139,1.7482467265842656,8.244477356103328
2018-08-27,4.0,0.3670978353226709,1.7404050796261878,8.20147108717077
2018-08-28,4.0,0.3670978353226709,1.7466189420631222,8.20147108717077
2018-08-29,4.0,0.3670978353226709,1.755359538590207,8.201266053586505
2018-08-30,4.0,0.3670978353226709,1.759966658175407,8.235588604077419
2018-08-31,4.0,0.36539176226035047,1.7579191601204132,8.235528088580399
2018-09-04,4.0,0.36544925463328176,1.749438354836587,8.248412299296163
2018-09-05,4.0,0.36028854217059153,1.749438354836587,8.27985284440259
2018-09-06,4.0,0.36028854217059153,1.7520779031826743,8.358410139642825
2018-09-07,4.0,0.3670978353226709,1.7457786428254907,8.358410139642825
2018-09-10,4.0,0.3653834099591115,1.743794009292478,8.358410139642825
2018-09-11,4.0,0.3653834099591115,1.7457786428254907,8.243642736606809
2018-09-12,4.0,0.3669684354430669,1.7504955802910869,8.16529535312789
2018-09-13,4.0,0.3729441197505807,1.748055755107123,8.161669106052948
2018-09-14,4.0,0.3656046993147456,1.748055755107123,8.02872760128359
2018-09-17,4.0,0.3682753582896086,1.7537922778000539,8.024226856060649
2018-09-18,4.0,0.3729441197505807,1.7564285039810223,8.024226856060649
2018-09-19,4.0,0.371938845551001,1.7667329463004355,8.037812634173402
2018-09-20,4.0,0.3729441197505807,1.7681070860162502,8.044184111298453
2018-09-21,4.0,0.36632290627845493,1.7643669730952403,8.033471499580257
2018-09-24,4.0,0.36632290627845493,1.7612264826378816,8.044184111298453
2018-09-25,4.0,0.36632290627845493,1.765355762811174,8.12582221709354
2018-09-26,4.0,0.3658411701852027,1.7645521966133602,8.217904752970549
2018-09-27,4.0,0.3658411701852027,1.765355762811174,8.127400412483004
2018-09-28,4.0,0.3659129186027785,1.7683881766315372,8.127870241645418
2018-10-01,4.0,0.3659129186027785,1.7612264826378816,8.30167543734833
2018-10-02,4.0,0.3662609756914833,1.7642139109014008,8.297777710494193
2018-10-03,4.0,0.3634442827086282,1.7706232937963293,8.30167543734833
2018-10-04,4.0,0.3662609756914833,1.7683881766315372,8.297777710494193
2018-10-05,4.0,0.3634442827086282,1.771741170419652,8.28558046118593
2018-10-08,4.0,0.36620763268922624,1.7608749653249651,8.36091960569625
2018-10-09,4.0,0.36715783717317413,1.770684908425378,8.383560778365469
2018-10-10,4.0,0.36907585462219156,1.761343390101219,8.341174606036638
2018-10-11,4.0,0.3736809123802623,1.7678643664039215,8.341174606036638
2018-10-12,4.0,0.37397121488705987,1.7597780030197971,8.383560778365469
2018-10-15,4.0,0.37397121488705987,1.771178813337063,8.403539009514633
2018-10-16,4.0,0.3772699498929899,1.7785275296761385,8.301873838160509
2018-10-17,4.0,0.3763015650583994,1.7741877288111685,8.301873838160509
2018-10-18,4.0,0.37607336488747234,1.7808254741377243,8.27103346119327
2018-10-19,4.0,0.37607336488747234,1.7765561918567727,8.403545369260542
2018-10-22,4.0,0.37396855398034895,1.7679543773850614,8.443272960142762
2018-10-23,4.0,0.37030890437396113,1.7680896662918602,8.460611715940248
2018-10-24,4.0,0.37391787708723856,1.7732969701847194,8.460611715940248
2018-10-25,4.0,0.37440356897639676,1.7739356276571856,8.498287566612195
2018-10-26,4.0,0.3740034915861391,1.7732969701847194,8.460234929048418
2018-10-29,4.0,0.37037084260403136,1.7758622138548041,8.460234929048418
2018-10-30,4.0,0.369654074498004,1.7784448629046787,8.483362206163765
2018-10-31,4.0,0.3703683710759493,1.7771736755360938,8.438199851326866
2018-11-01,4.0,0.36946178354331516,1.7866662688468657,8.423303738112764
2018-11-02,4.0,0.3657201582082614,1.7915282427378094,8.423303738112764
2018-11-05,4.0,0.3657201582082614,1.7904917286064763,8.381126748849955
2018-11-06,4.0,0.3655762392541106,1.7911261929963764,8.358709520404545
2018-11-07,4.0,0.3655762392541106,1.7788124783070236,8.358709520404545
2018-11-08,4.0,0.370274461559354,1.7720760495177568,8.358709520404545
2018-11-09,4.0,0.370274461559354,1.7817916061050985,8.381126748849955
2018-11-12,4.0,0.3657993123960997,1.7859136340406474,8.358709520404545
2018-11-13,4.0,0.36564581247541095,1.7859625093883817,8.381126748849955
2018-11-14,4.0,0.3657201582082614,1.7887439701521095,8.382794197419488
2018-11-15,4.0,0.3703124720360409,1.7959266379497665,8.394100215990749
2018-11-16,4.0,0.36728172098688916,1.7959266379497665,8.396276977855896
2018-11-19,4.0,0.3673183327124007,1.796465058761584,8.413558025924258
2018-11-20,4.0,0.3703341528475215,1.7888908806103843,8.489879987493419
2018-11-21,4.0,0.3703341528475215,1.7880426999370869,8.450018109807868
2018-11-23,4.0,0.37260178774220915,1.7951416930228228,8.450018109807868
2018-11-26,4.0,0.37377825063485837,1.7983565792955107,8.450018109807868
2018-11-27,4.0,0.3750771176717142,1.7967047880384688,8.489879987493419
2018-11-28,4.0,0.3750771176717142,1.7950715027213773,8.705470833189171
2018-11-29,4.0,0.3750986592462947,1.8016178762290953,8.705470833189171
2018-11-30,4.0,0.37480132473852756,1.8093347946276164,8.54105255092822
2018-12-03,4.0,0.3744607685520447,1.8069355262513471,8.54105255092822
2018-12-04,4.0,0.37509388195177734,1.8063604658102657,8.54105255092822
2018-12-06,4.0,0.3748423196274055,1.8148607920093196,8.54105255092822
2018-12-07,4.0,0.3733001530638491,1.8148607920093196,8.50221257692531
2018-12-10,4.0,0.373202971110517,1.8069171145391691,8.50221257692531
2018-12-11,4.0,0.3733025988227189,1.8054035878448125,8.533618148541342
2018-12-12,4.0,0.3703348595543577,1.8054035878448125,8.533618148541342
2018-12-13,4.0,0.3663593408051684,1.8080058792213518,8.533618148541342
2018-12-14,4.0,0.36429737866876843,1.8080058792213518,8.71537567450518
2018-12-17,4.0,0.36281471587119574,1.806091983386886,8.68323971006245
2018-12-18,4.0,0.36284369600215427,1.810565779296057,8.68323971006245
2018-12-19,4.0,0.36281471587119574,1.806091983386886,8.68323971006245
2018-12-20,4.0,0.36281471587119574,1.8160512766409762,8.71537567450518
2018-12-21,4.0,0.3615152637045789,1.8180259117244473,8.569294893489957
2018-12-24,4.0,0.3663593408051684,1.8180259117244473,8.466075464301175
2018-12-26,4.0,0.36266227780778204,1.8171193278363733,8.68323971006245
2018-12-27,4.0,0.36266227780778204,1.8203481926883183,8.553056827382418
2018-12-28,4.0,0.3574709770581636,1.8203481926883183,8.455190615216251
2018-12-31,4.0,0.356119102124762,1.8305548774770342,8.338121965315176
2019-01-02,4.0,0.36469279852111425,1.8298376377163406,8.368659312622711
2019-01-03,4.0,0.36607705054161754,1.8294219911865923,8.459866774926445
2019-01-04,4.0,0.3690684909408585,1.8212767989328882,8.458533199207155
2019-01-07,4.0,0.36739586063094815,1.8212767989328882,8.600734152111468
2019-01-08,4.0,0.36739586063094815,1.8247737743950077,8.459866774926445
2019-01-09,4.0,0.36591921285114276,1.8256049972587447,8.461326158985981
2019-01-10,4.0,0.36644092758916497,1.8100979540032114,8.461326158985981
2019-01-11,4.0,0.36644092758916497,1.8130960210505986,8.713272751759126
2019-01-14,4.0,0.3658238765958427,1.8083991637861372,8.713272751759126
2019-01-15,4.0,0.3658238765958427,1.8120071467794139,8.713210765146881
2019-01-16,4.0,0.3663203332922353,1.8083991637861372,8.711667369321031
2019-01-17,4.0,0.3663203332922353,1.8123389838669723,8.711667369321031
2019-01-18,4.0,0.367053758760564,1.8184835688731278,8.640788607911684
2019-01-22,4.0,0.36797988594975417,1.8208376223139018,8.640788607911684
2019-01-23,4.0,0.36797988594975417,1.8255139464873902,8.713075058742065
2019-01-24,4.0,0.3653287020286703,1.825384278191842,8.734660420989051
2019-01-25,4.0,0.3653287020286703,1.8255139464873902,8.927809852968167
2019-01-28,4.0,0.3653287020286703,1.826884057036203,8.927809852968167
2019-01-29,4.0,0.36748156826473727,1.8365135954008758,8.927809852968167
2019-01-30,4.0,0.36748156826473727,1.838754098765914,8.948308113724227
2019-01-31,4.0,0.3678327938628801,1.8253207066128696,8.814279336778426
2019-02-01,4.0,0.3678327938628801,1.8221841508111207,8.859338195861717
2019-02-04,4.0,0.36348739879452713,1.8203061884085523,8.803594185918966
2019-02-05,4.0,0.36936875886386256,1.8076478997351064,8.743186909946377
2019-02-06,4.0,0.3727084906444507,1.8126972411661988,8.859170062529447
2019-02-07,4.0,0.37050557021481445,1.8135048856905525,8.807260809416242
2019-02-08,4.0,0.37050557021481445,1.8178123568572078,8.756990170819266
2019-02-11,4.0,0.37046868680115813,1.8212523372531662,8.681074278730138
2019-02-12,4.0,0.37046868680115813,1.819949484347817,8.635223533217642
2019-02-13,4.0,0.37051685715324845,1.8196504250784584,8.635223533217642
2019-02-14,4.0,0.3698394135927769,1.8196504250784584,8.635223533217642
2019-02-15,4.0,0.3698394135927769,1.8220492609293504,8.68251262592014
2019-02-19,4.0,0.3698394135927769,1.8314983642721172,8.676749170601068
2019-02-20,4.0,0.3698394135927769,1.8303606940685846,8.656002441555707
2019-02-21,4.0,0.3698394135927769,1.8213256242212414,8.635127275483729
2019-02-22,4.0,0.3698394135927769,1.8138476132559416,8.635127275483729
2019-02-25,4.0,0.37009469086687335,1.8226827033418536,8.635127275483729
2019-02-26,4.0,0.37009469086687335,1.8203411107834138,8.678758574297536
2019-02-27,4.0,0.37009469086687335,1.820702670873432,8.678758574297536
2019-02-28,4.0,0.37009469086687335,1.8054263394691985,8.678758574297536
2019-03-01,4.0,0.37009469086687335,1.8227163559724704,8.761282686638376
2019-03-04,4.0,0.37009469086687335,1.824301448578002,8.681176450398873
2019-03-05,4.0,0.37009469086687335,1.8323966671372112,8.684360180715355
2019-03-06,4.0,0.37009469086687335,1.8298716639011892,8.734783980215143
2019-03-07,4.0,0.3698648543254554,1.8392306187122822,8.732441475697664
2019-03-08,4.0,0.3696541816365302,1.8271665031591842,8.789525107698287
2019-03-11,4.0,0.37009469086687335,1.8300251971923935,8.696907081882365
2019-03-12,4.0,0.37007662426930377,1.82776613963188,8.862006699511838
2019-03-13,4.0,0.36916025702024186,1.826600539618295,9.053778349958929
2019-03-14,4.0,0.36892552416696234,1.82776613963188,8.959912245624267
2019-03-15,4.0,0.36916025702024186,1.8200165544010205,8.959912245624267
2019-03-18,4.0,0.3691586066758765,1.823065590644101,9.079810569330395
2019-03-19,4.0,0.3691586066758765,1.8246559415413515,8.958021218229526
2019-03-20,4.0,0.37112565150220994,1.8253838273877763,9.048126958491341
2019-03-21,4.0,0.37112565150220994,1.82776613963188,9.082930810773965
2019-03-22,4.0,0.3704961847087804,1.8271665031591842,9.082930810773965
2019-03-25,4.0,0.3704961847087804,1.8290308612519466,9.082930810773965
2019-03-26,4.0,0.3654406821872803,1.8345478508507487,9.08164455463478
2019-03-27,4.0,0.3654406821872803,1.8399272416259085,9.08164455463478
2019-03-28,4.0,0.3654406821872803,1.8461233075045274,9.08164455463478
2019-03-29,4.0,0.37178848736970443,1.8383403801183769,9.08164455463478
2019-04-01,4.0,0.37178848736970443,1.8470799035070284,9.08164455463478
2019-04-02,4.0,0.37178848736970443,1.8417144785085313,9.172093792544866
2019-04-03,4.0,0.36980977594311204,1.8355176063517693,9.172850595165814
2019-04-04,4.0,0.3656019632742372,1.8383635827414178,9.176264812973036
2019-04-05,4.0,0.3656019632742372,1.844714251204656,9.147715415810818
2019-04-08,4.0,0.37255823465430693,1.8383635827414178,9.17285281480779
2019-04-09,4.0,0.3670080310508885,1.8457806663716099,9.15397119421246
2019-04-10,4.0,0.3655319676142793,1.8481243718273754,9.15397119421246
2019-04-11,4.0,0.3655319676142793,1.8440700402184576,9.222875581590245
2019-04-12,4.0,0.36522618080853586,1.8515598978466201,9.395132635123627
2019-04-15,4.0,0.36521650365563346,1.851177488601166,9.18075045537917
2019-04-16,4.0,0.36521650365563346,1.8595914730312186,9.261507159593558
2019-04-17,4.0,0.3655319676142793,1.8684286584582348,9.261507159593558
2019-04-18,4.0,0.3655319676142793,1.8651281363737067,9.261507159593558
2019-04-22,4.0,0.3670002759672795,1.8672481814152286,9.261507159593558
2019-04-23,4.0,0.36791148397510864,1.872342531443072,9.228798285569807
2019-04-24,4.0,0.36791148397510864,1.8692262103359671,9.424066445605142
2019-04-25,4.0,0.3678660799593715,1.8676759793828976,9.259792568195483
2019-04-26,4.0,0.3687238441364457,1.8676759793828976,9.259623484435226
2019-04-29,4.0,0.3678356066846062,1.8661217541887472,9.417238697725061
2019-04-30,4.0,0.3681806046820533,1.8661217541887472,9.424778175441743
2019-05-01,4.0,0.3687301918369111,1.8635607731393238,9.417238697725061
2019-05-02,4.0,0.3681806046820533,1.8641806428032197,9.341370759501483
2019-05-03,4.0,0.3681806046820533,1.8702497298241123,9.417238697725061
2019-05-06,4.0,0.36783677179048213,1.8694824392227283,9.299960794781917
2019-05-07,4.0,0.3681806046820533,1.8686821797136757,9.417238697725061
2019-05-08,4.0,0.3678651335232691,1.8705484150918226,9.165809805933831
2019-05-09,4.0,0.3737565036432615,1.8742050169145519,9.296721379834544
2019-05-10,4.0,0.3640429979630057,1.8782721865236849,9.222270172816536
2019-05-13,4.0,0.363245212074055,1.879199170244692,9.38290597234536
2019-05-14,4.0,0.3624477425395841,1.879199170244692,9.40783105605431
2019-05-15,4.0,0.363245212074055,1.8756200458848162,9.405276270329331
2019-05-16,4.0,0.36321784065874146,1.8814949444449687,9.407413334236502
2019-05-17,4.0,0.3613619858192249,1.8776028851865667,9.411740970005276
2019-05-20,4.0,0.3613619858192249,1.8756200458848162,9.489168331225136
2019-05-21,4.0,0.3601224008767112,1.8728522041382787,9.33615087047359
2019-05-22,4.0,0.3613619858192249,1.8749374253181421,9.62022290078392
2019-05-23,4.0,0.3601224008767112,1.8740952164973468,9.619373663733327
2019-05-24,4.0,0.358579359762164,1.8740952164973468,9.750525299534276
2019-05-28,4.0,0.3589382563715791,1.8755284229260318,9.800964635978012
2019-05-29,4.0,0.3589382563715791,1.8776791056756577,9.828351991577591
2019-05-30,4.0,0.3589382563715791,1.8762577047180362,9.828739967368438
2019-05-31,4.0,0.3601315722194575,1.8814949444449687,9.745401309431585
2019-06-03,4.0,0.3601315722194575,1.8787950432780112,9.592007783388585
2019-06-04,4.0,0.35831581509462046,1.884173128651247,9.648247101245992
2019-06-05,4.0,0.3579964883503068,1.8821173725282025,9.56643490457766
2019-06-06,4.0,0.3579964883503068,1.8829879335023734,9.53144986851007
2019-06-07,4.0,0.35392657124973775,1.8775084731595775,9.528345673772543
2019-06-10,4.0,0.3516310957336421,1.8854250981426102,9.53144986851007
2019-06-11,4.0,0.3516310957336421,1.8967822145456692,9.53144986851007
2019-06-12,4.0,0.3516048154297845,1.8880258301457014,9.561748896969329
2019-06-13,4.0,0.35320598020874305,1.891207775271186,9.53144986851007
2019-06-14,4.0,0.35437447394804744,1.8898877512976713,9.53144986851007
2019-06-17,4.0,0.3529617026535782,1.8948306314384575,9.53144986851007
2019-06-18,4.0,0.3501208511257844,1.8948306314384575,9.53144986851007
2019-06-19,4.0,0.3454451180785896,1.8980666274295985,9.561748896969329
2019-06-20,4.0,0.34400834574716793,1.8948306314384575,9.560441175629323
2019-06-21,4.0,0.34443974922797804,1.9018687124026443,9.63319245781751
2019-06-24,4.0,0.34443974922797804,1.9049078901255092,9.5893247287383
2019-06-25,4.0,0.3421174822975889,1.9062031056419109,9.625968554446475
2019-06-26,4.0,0.342099358287622,1.9054397205108908,9.625968554446475
2019-06-27,4.0,0.34332503889378774,1.9080567320243302,9.625968554446475
2019-06-28,4.0,0.34086448175992096,1.9210517196904577,9.596820954733905
2019-07-01,4.0,0.3421186465024874,1.924779645934935,9.619261851061376
2019-07-02,4.0,0.34332503889378774,1.92358209456502,9.73934335699129
2019-07-03,4.0,0.344531213648765,1.9244658377986634,9.920198313204603
2019-07-05,4.0,0.3498088576491603,1.924779645934935,9.90599542518051
2019-07-08,4.0,0.3514892811116865,1.9224527841347316,9.847026906151898
2019-07-09,4.0,0.34456048661052213,1.9318088865522025,9.583917969340833
2019-07-10,4.0,0.35152420016907987,1.9397992577594467,9.583917969340833
2019-07-11,4.0,0.35373567432980824,1.9397992577594467,9.632181454593443
2019-07-12,4.0,0.3483775131946084,1.9430210421202272,9.67764133329597
2019-07-15,4.0,0.3483775131946084,1.9358560609271604,9.67764133329597
2019-07-16,4.0,0.3483909878521189,1.9266891213442254,9.851735275149457
2019-07-17,4.0,0.356053875242972,1.9266891213442254,9.847872218162719
2019-07-18,4.0,0.3536328923146162,1.9248053341420637,9.94338053267526
2019-07-19,4.0,0.3588394301730757,1.9259870098399556,10.004870501607595
2019-07-22,4.0,0.3519141348696662,1.9244678972115565,10.046860181187666
2019-07-23,4.0,0.35228237484827296,1.92733753049824,9.941255089374465
2019-07-24,4.0,0.35228237484827296,1.9372581641855806,9.939518982378619
2019-07-25,4.0,0.3574517255716918,1.9484245776977338,10.030600930858594
2019-07-26,4.0,0.35604207176529834,1.9534888564164283,10.079051611714867
2019-07-29,4.0,0.35377940093794213,1.9561845511730396,10.079051611714867
2019-07-30,4.0,0.35048316824571146,1.9553549454421588,10.079051611714867
2019-07-31,4.0,0.35048316824571146,1.9553549454421588,10.079051611714867
2019-08-01,4.0,0.35237895953728354,1.953876378029853,10.006635203127352
2019-08-02,4.0,0.351876853671103,1.9529461776095303,10.007569053031746
2019-08-05,4.0,0.351876853671103,1.955401318380546,10.048080521135775
2019-08-06,4.0,0.3505011972186247,1.9529461776095303,10.115641003046619
2019-08-07,4.0,0.35186188786046324,1.9599591881079412,10.115641003046619
2019-08-08,4.0,0.34990556625402613,1.959900413149797,10.115641003046619
2019-08-09,4.0,0.34941990046750354,1.959900413149797,10.158295625111023
2019-08-12,4.0,0.3479974079896597,1.9547059837607337,10.158295625111023
2019-08-13,4.0,0.34942303017361903,1.959900413149797,10.158295625111023
2019-08-14,4.0,0.34942303017361903,1.9629674955047882,10.177713910395852
2019-08-15,4.0,0.34942303017361903,1.9629674955047882,10.17526142215353
2019-08-16,4.0,0.34942303017361903,1.964235734455413,10.317500624496063
2019-08-19,4.0,0.3487983733447986,1.9670633711916825,10.07152348117868
2019-08-20,4.0,0.353474352429857,1.9671146976863334,10.317500624496063
2019-08-21,4.0,0.3471883042238709,1.9633462643460637,10.469868090179508
2019-08-22,4.0,0.34628503450034076,1.9568169466014975,10.469868090179508
2019-08-23,4.0,0.34628503450034076,1.943267453975841,10.49220487355949
2019-08-26,4.0,0.34628503450034076,1.9455907385927027,10.469868090179508
2019-08-27,4.0,0.34628503450034076,1.9577399890587577,10.571478878271256
2019-08-28,4.0,0.3439597336089773,1.9577399890587577,10.571478878271256
2019-08-29,4.0,0.3439403526671603,1.9569515589210122,10.571720913018224
2019-08-30,4.0,0.3439403526671603,1.9641403336982037,10.618078393455335
2019-09-03,4.0,0.341322462725989,1.9733557280397562,10.621975867593788
2019-09-04,4.0,0.3439392402290272,1.9746559971367494,10.820687706066865
2019-09-05,4.0,0.3439331597080459,1.9742600794971028,10.820687706066865
2019-09-06,4.0,0.34391265848042957,1.9763980495461766,10.820687706066865
2019-09-09,4.0,0.3438646458347136,1.9763980495461766,10.976700929092704
2019-09-10,4.0,0.34499105461485463,1.9806097731934476,11.037770967635698
2019-09-11,4.0,0.34499105461485463,1.978857257350389,11.053478409463137
2019-09-12,4.0,0.3448482509233557,1.9738900999810556,10.977071873439728
2019-09-13,4.0,0.3377636705167098,1.9800564740053745,10.977071873439728
2019-09-16,4.0,0.3382362016130839,1.9805680228199547,10.85306400082799
2019-09-17,4.0,0.3382362016130839,1.9765237785441452,10.828277457810483
2019-09-18,4.0,0.3472943309871533,1.9858529747538949,10.776527711540625
2019-09-19,4.0,0.3469378031548261,1.9835850654338332,10.8540845746689
2019-09-20,4.0,0.34660437980198633,1.9777905818245705,10.8540845746689
2019-09-23,4.0,0.34667511004125195,1.9746244883343564,10.8540845746689
2019-09-24,4.0,0.3472943309871533,1.9804948348095721,10.776527711540625
2019-09-25,4.0,0.3472943309871533,1.9826554315335079,10.776527711540625
2019-09-26,4.0,0.34715023614245144,1.9858300114207137,10.857720261842989
2019-09-27,4.0,0.34715023614245144,1.9893907259380903,10.830457634106834
2019-09-30,4.0,0.34718392355926103,1.9936074683953116,10.68109648724687
2019-10-01,4.0,0.34715023614245144,1.9936074683953116,10.773100365832645
2019-10-02,4.0,0.34274587049239397,1.9984379616330343,10.773100365832645
2019-10-03,4.0,0.34274587049239397,1.9997280259727885,10.773100365832645
2019-10-04,4.0,0.3439894919512391,2.004131210328853,10.772288878018124
2019-10-07,4.0,0.34519450148580655,2.0153877012746393,10.772288878018124
2019-10-08,4.0,0.3470531281988956,2.0153877012746393,10.772288878018124
2019-10-09,4.0,0.3470531281988956,2.0009632557582915,10.897361583699615
2019-10-10,4.0,0.34391673423485075,1.998723028489034,10.738519428917028
2019-10-11,4.0,0.34391673423485075,1.9991173350568834,10.659201359551828
2019-10-14,4.0,0.3420455656593747,1.9991173350568834,10.659201359551828
2019-10-15,4.0,0.3410238953666165,2.0009632557582915,11.012506162585783
2019-10-16,4.0,0.3485514653155492,1.993165567537741,11.012506162585783
2019-10-17,4.0,0.3485514653155492,1.9967329175161939,11.032494196366889
2019-10-18,4.0,0.34905392957456,1.999351688745001,11.0337029114864
2019-10-21,4.0,0.34858242143515533,1.9925051036718529,10.98086910531989
2019-10-22,4.0,0.34858242143515533,1.9944761043023185,11.144220196740857
2019-10-23,4.0,0.3485399316525943,1.9993426260254972,11.144220196740857
2019-10-24,4.0,0.3485399316525943,2.000347623509252,11.231813182412559
2019-10-25,4.0,0.3485399316525943,2.00098410120129,11.144220196740857
2019-10-28,4.0,0.349071517255813,1.9944761043023185,11.04083515692727
2019-10-29,4.0,0.3484747002527502,2.00098410120129,10.827838570968007
2019-10-30,4.0,0.34851451741301165,2.000095589434711,10.939358198385436
2019-10-31,4.0,0.34801655340777654,1.9998692581797197,10.939358198385436
2019-11-01,4.0,0.34516583282610247,2.0006802206095626,10.918620664887152
2019-11-04,4.0,0.34516583282610247,2.001830475369569,10.836309205089606
2019-11-05,4.0,0.34516583282610247,2.004618728722499,10.836309205089606
2019-11-06,4.0,0.34516583282610247,2.0057394809059765,10.921582618824992
2019-11-07,4.0,0.34516583282610247,2.0086762073605926,10.918251522581206
2019-11-08,4.0,0.34854774475192546,2.0075858968632745,10.918251522581206
2019-11-11,4.0,0.34514680492307026,2.0215926420732226,10.918251522581206
2019-11-12,4.0,0.34416494106633416,2.020609709983014,10.805402008275047
2019-11-13,4.0,0.3382230385418916,2.0232245169933942,10.805402008275047
2019-11-14,4.0,0.3382638823637465,2.027822405671827,10.805402008275047
2019-11-15,4.0,0.3382638823637465,2.023660364926012,10.903380747490623
2019-11-18,4.0,0.3367177147180797,2.0229700704891,10.903380747490623
2019-11-19,4.0,0.3382638823637465,2.024712192296065,10.76658385943748
2019-11-20,4.0,0.3367960267220143,2.0224186888921216,10.728606580920273
2019-11-21,4.0,0.3367960267220143,2.037953957871535,10.728606580920273
2019-11-22,4.0,0.3383238020595259,2.0356387180270623,11.196515094873078
2019-11-25,4.0,0.33886562326398895,2.040021677915573,11.201776439453031
2019-11-26,4.0,0.3388433972668587,2.042685668547811,11.241022693592376
2019-11-27,4.0,0.3379231263882423,2.04182928268792,11.241022693592376
2019-11-29,4.0,0.3379231263882423,2.0339528113196375,11.372209911177885
2019-12-02,4.0,0.3379231263882423,2.0208587603672026,11.198392173287823
2019-12-03,4.0,0.3408860482383678,2.0324738982336017,11.186938469125423
2019-12-04,4.0,0.34151124709805086,2.0364939628219254,11.186938469125423
2019-12-05,4.0,0.3374492868132423,2.0270289813296154,11.085259670391588
2019-12-06,4.0,0.3377266739810793,2.035318230089841,11.066345798537823
2019-12-09,4.0,0.3377266739810793,2.035318230089841,11.066345798537823
2019-12-10,4.0,0.3382567477004026,2.0370925094578176,11.034241989280437
2019-12-11,4.0,0.34155057540513045,2.0421111456290584,10.892739333807535
2019-12-12,4.0,0.3364543711330395,2.0378871022257785,11.013485885874353
2019-12-13,4.0,0.33795463645904933,2.0374160463059976,11.034150398719271
2019-12-16,4.0,0.33462689873859336,2.0380636680739377,11.111421120842122
2019-12-17,4.0,0.335359126076024,2.0408521970459814,11.211481094267455
2019-12-18,4.0,0.33287851725628703,2.0424484321981504,11.164291615068196
2019-12-19,4.0,0.3380275169264441,2.0457236222370847,11.159869545913457
2019-12-20,4.0,0.3380275169264441,2.053991335962107,11.159869545913457
2019-12-23,4.0,0.3380275169264441,2.053558980997309,11.159869545913457
2019-12-24,4.0,0.336415393590824,2.053558980997309,11.159869545913457
2019-12-26,4.0,0.33813581089020217,2.044813532006507,11.159869545913457
2019-12-27,4.0,0.3381671066791352,2.0422497326592968,11.159869545913457
2019-12-30,4.0,0.33355606224934936,2.035625755163486,11.196733981157916
2019-12-31,4.0,0.338740696588532,2.0289866320702408,11.165086563585715
2020-01-02,4.0,0.338740696588532,2.0302415459300223,11.405548320449501
2020-01-03,4.0,0.33914795312731816,2.036856880592781,11.522793837331276
2020-01-06,4.0,0.33914795312731816,2.0415202728154918,11.524037151815817
2020-01-07,4.0,0.338740696588532,2.046573154144795,11.524037151815817
2020-01-08,4.0,0.3382474409971731,2.04532366625122,11.444923762750914
2020-01-09,4.0,0.3382474409971731,2.0620712259586913,11.524037151815817
2020-01-10,4.0,0.33871860467249554,2.063560640888327,11.458313361804434
2020-01-13,4.0,0.33737973430662477,2.0629088519287686,11.443391561053852
2020-01-14,4.0,0.33737973430662477,2.0629088519287686,11.37599003738855
2020-01-15,4.0,0.33737973430662477,2.0647041627826175,11.444923762750914
2020-01-16,4.0,0.3420457750528256,2.081822685555209,11.37599003738855
2020-01-17,4.0,0.34556996429179876,2.0849738654371333,11.17451842236483
2020-01-21,4.0,0.34557837852969275,2.0745396695511165,11.437476131450678
2020-01-22,4.0,0.34562769676885274,2.0682229817086064,11.412123819561433
2020-01-23,4.0,0.3454379870159697,2.061177498295374,11.412123819561433
2020-01-24,4.0,0.34565499001957517,2.058817145985727,11.190896630378598
2020-01-27,4.0,0.34075266642022095,2.061392618560074,10.99062920678498
2020-01-28,4.0,0.34072438797632776,2.0666146188193775,10.99062920678498
2020-01-29,4.0,0.3382488076024784,2.061392618560074,11.2067897724314
2020-01-30,4.0,0.3382488076024784,2.0590665522793143,11.33226614129304
2020-01-31,4.0,0.34072438797632776,2.0565489613695216,11.33226614129304
2020-02-03,4.0,0.34565499001957517,2.0565489613695216,11.468700537416671
2020-02-04,4.0,0.34172639481691425,2.059282839724653,11.446866692904102
2020-02-05,4.0,0.34583638980523834,2.058649101867581,11.446866692904102
2020-02-06,4.0,0.34583638980523834,2.058649101867581,11.446866692904102
2020-02-07,4.0,0.34583638980523834,2.056972714904,11.492100286571915
2020-02-10,4.0,0.34072438797632776,2.058649101867581,11.44397445674066
2020-02-11,4.0,0.3472312890323029,2.058223196578549,11.44397445674066
2020-02-12,4.0,0.3413380951760665,2.0573364624713566,11.444903446667908
2020-02-13,4.0,0.3472312890323029,2.0592413086082777,11.209339196710909
2020-02-14,4.0,0.34566105242543244,2.06494612086916,11.413443389556353
2020-02-18,4.0,0.34566105242543244,2.066109896635105,11.413601682377298
2020-02-19,4.0,0.34565499001957517,2.068101754355375,11.37356397858906
2020-02-20,4.0,0.3407802118675683,2.066109896635105,11.413601682377298
2020-02-21,4.0,0.3407802118675683,2.066109896635105,11.37431693090085
2020-02-24,4.0,0.34042865339993894,2.0715910558456363,11.446250928224606
2020-02-25,4.0,0.34042865339993894,2.0735883326748454,11.446250928224606
2020-02-26,4.0,0.34042865339993894,2.065338526033713,11.558255552594193
2020-02-27,4.0,0.34564831650433564,2.0702814394146376,11.607213892736947
2020-02-28,4.0,0.3432608515441215,2.0731907616362837,11.67665685033275
2020-03-02,4.0,0.3432608515441215,2.064462954291284,11.67665685033275
2020-03-03,4.0,0.34301198687999335,2.0731907616362837,11.740340722731405
2020-03-04,4.0,0.34301198687999335,2.071233019457315,11.740258827680819
2020-03-05,4.0,0.34042865339993894,2.0723195643311074,11.740258827680819
2020-03-06,4.0,0.34042865339993894,2.0707198585404596,11.740258827680819
2020-03-09,4.0,0.34042865339993894,2.071743579223206,11.739567480936216
2020-03-10,4.0,0.33683181399974105,2.065807426721098,11.739567480936216
2020-03-11,4.0,0.33534288984550964,2.0723195643311074,11.726338996614572
2020-03-12,4.0,0.33534288984550964,2.0722567401400616,11.739567480936216
2020-03-13,4.0,0.340505270689995,2.0756695119811743,11.721627703206149
2020-03-16,4.0,0.33981988831192683,2.0836144466545408,11.737933797575229
2020-03-17,4.0,0.3353227402767248,2.0862627157507534,11.71923920041139
2020-03-18,4.0,0.3353227402767248,2.095764711712733,11.71923920041139
2020-03-19,4.0,0.3291819820617075,2.095764711712733,11.72420237831662
2020-03-20,4.0,0.32120208543068646,2.091560684436161,11.722207852512105
2020-03-23,4.0,0.32120208543068646,2.0894117895074302,11.840799854772413
2020-03-24,4.0,0.3325656286351299,2.092262892678674,11.819330715777285
2020-03-25,4.0,0.32872246217049156,2.0894117895074302,11.678292393720932
2020-03-26,4.0,0.3285416587806587,2.0868040709798708,11.678292393720932
2020-03-27,4.0,0.3287540887085127,2.075160585202032,11.674897983818395
2020-03-30,4.0,0.333799836347428,2.0728407744100923,11.802245888379606
2020-03-31,4.0,0.3339027810723038,2.0728407744100923,11.802245888379606
2020-04-01,4.0,0.33611845621294856,2.075754586814222,11.674897983818395
2020-04-02,4.0,0.33611845621294856,2.075754586814222,11.80165023856056
2020-04-03,4.0,0.33666011600986107,2.0765262665984316,11.911397531636357
2020-04-06,4.0,0.3407620283181156,2.0861874143680916,11.940651103424916
2020-04-07,4.0,0.33989921623071534,2.085677247534596,11.927428000870682
2020-04-08,4.0,0.33597626051005175,2.085423460322092,12.009882538532167
2020-04-09,4.0,0.3335092421720926,2.0853618885851044,12.176720148921364
2020-04-13,4.0,0.33347135386034427,2.0952947104824586,12.177995851339269
2020-04-14,4.0,0.33247947635316766,2.1014091653585085,12.177995851339269
2020-04-15,4.0,0.33347135386034427,2.1044645941440843,12.108829638668226
2020-04-16,4.0,0.3335337423606119,2.117626719812546,12.105481131672974
2020-04-17,4.0,0.33347287201716824,2.1149474550242537,12.316416254029157
2020-04-20,4.0,0.33983321922141885,2.115762450986704,12.234876020739678
2020-04-21,4.0,0.3402295434986544,2.1149474550242537,12.234876020739678
2020-04-22,4.0,0.33983321922141885,2.115373817842988,12.34187046178916
2020-04-23,4.0,0.3410423788101211,2.115864490958261,12.34187046178916
2020-04-24,4.0,0.33989205788556764,2.1159315875664193,12.381747055184723
2020-04-27,4.0,0.33992504138932533,2.1159315875664193,12.497137676459062
2020-04-28,4.0,0.3371877352043547,2.121545505487834,12.553728639856969
2020-04-29,4.0,0.33878414577491317,2.1214837151554775,12.496880060665708
2020-04-30,4.0,0.33878414577491317,2.1282123626699265,12.495935731277392
2020-05-01,4.0,0.3405662022266016,2.1228968753509285,12.304565509320112
2020-05-04,4.0,0.33877760759288267,2.124050837499486,12.171075105395545
2020-05-05,4.0,0.33717461706828633,2.12157183233106,12.171075105395545
2020-05-06,4.0,0.33335434269947195,2.115373817842988,12.171075105395545
2020-05-07,4.0,0.33877760759288267,2.1287081215856363,12.104576966003988
2020-05-08,4.0,0.33881475556135726,2.122787584811975,12.174088405648595
2020-05-11,4.0,0.3384013822433629,2.1183424550204704,12.30375499366083
2020-05-12,4.0,0.33881475556135726,2.121388826881322,12.343176460874172
2020-05-13,4.0,0.3384013822433629,2.1183424550204704,12.302356447227401
2020-05-14,4.0,0.33881475556135726,2.1136729660256117,12.302356447227401
2020-05-15,4.0,0.3395826195792314,2.113563452340603,12.302356447227401
2020-05-18,4.0,0.3472140015616438,2.097879105387123,12.384116820402364
2020-05-19,4.0,0.35067517441117013,2.114990935458265,12.414562286984504
2020-05-20,4.0,0.35067517441117013,2.112267525277815,12.560280205008482
2020-05-21,4.0,0.3503858167488791,2.129424427378856,12.412959365862315
2020-05-22,4.0,0.3503858167488791,2.143482359047476,12.496372009045421
2020-05-26,4.0,0.347565624888597,2.148200034928113,12.499049699852733
2020-05-27,4.0,0.34654726743547565,2.148776771428879,12.499049699852733
2020-05-28,4.0,0.3430364138272135,2.1548616828586393,12.627308223148722
2020-05-29,4.0,0.3430364138272135,2.1516094414962774,12.627308223148722
2020-06-01,4.0,0.34654726743547565,2.149361253061964,12.628268071149918
2020-06-02,4.0,0.34654726743547565,2.14689622921066,12.692711003128405
2020-06-03,4.0,0.34604338438024623,2.150419167798699,12.692711003128405
2020-06-04,4.0,0.34654726743547565,2.149361253061964,12.779781163081129
2020-06-05,4.0,0.34654726743547565,2.157280462314952,12.692711003128405
2020-06-08,4.0,0.3460697353669038,2.1526809638667252,12.692711003128405
2020-06-09,4.0,0.34654726743547565,2.1566016316235093,12.543592240634853
2020-06-10,4.0,0.34654726743547565,2.1566016316235093,12.587711906007238
2020-06-11,4.0,0.348547316464644,2.1450854702242914,12.56405700385117
2020-06-12,4.0,0.35062870290976844,2.156125973648722,12.56405700385117
2020-06-15,4.0,0.35062870290976844,2.1634799174657835,12.500182880768863
2020-06-16,4.0,0.3505667006731016,2.156995890762784,12.540745991562964
2020-06-17,4.0,0.3429068023459121,2.1687162843954586,12.587880497772051
2020-06-18,4.0,0.3394408354490215,2.1525104325386746,12.56405700385117
2020-06-19,4.0,0.3395627621574131,2.1525104325386746,12.589199198595066
2020-06-22,4.0,0.3395627621574131,2.1506639846662017,12.570100747234578
2020-06-23,4.0,0.3403131072540823,2.148035412303009,12.805822245596891
2020-06-24,4.0,0.34234184075036694,2.15244270025957,12.571122219269492
2020-06-25,4.0,0.34616319180137617,2.1561917228401737,12.827982746585267
2020-06-26,4.0,0.3524951489794493,2.151640281395184,12.964983830121302
2020-06-29,4.0,0.3524951489794493,2.1452546955041587,13.137854322937452
2020-06-30,4.0,0.34974715389615063,2.1544842389650545,13.192123876372982
2020-07-01,4.0,0.34617063010721,2.1504699256350346,13.100153475829881
2020-07-02,4.0,0.34618754853203737,2.1492440200847307,12.827982746585267
2020-07-06,4.0,0.34582986493687745,2.1492440200847307,13.051908484461404
2020-07-07,4.0,0.34616319180137617,2.1487290603881553,13.135605316651496
2020-07-08,4.0,0.3465228390283419,2.1487290603881553,13.259025671397497
2020-07-09,4.0,0.3465228390283419,2.1504699256350346,13.139214614298524
2020-07-10,4.0,0.3465228390283419,2.148390151025613,13.352285271629775
2020-07-13,4.0,0.3461262474241982,2.149073750794285,13.352970391636251
2020-07-14,4.0,0.34328211068770037,2.1504699256350346,13.352285271629775
2020-07-15,4.0,0.34701524194937894,2.148405870871662,13.26099907931484
2020-07-16,4.0,0.3362477763955865,2.1504699256350346,13.26099907931484
2020-07-17,4.0,0.3385415747073729,2.1551474875387067,13.155600486633466
2020-07-20,4.0,0.3473533894700298,2.161271717863004,13.07350136231294
2020-07-21,4.0,0.35159640818071713,2.162933760251025,13.07350136231294
2020-07-22,4.0,0.351960348982412,2.162933760251025,13.076178649774363
2020-07-23,4.0,0.3439817691336013,2.1782863786572353,13.29068928712219
2020-07-24,4.0,0.34619496957923296,2.188103682641237,13.26099907931484
2020-07-27,4.0,0.3413551076891854,2.1824904953369226,13.288280347406495
2020-07-28,4.0,0.3413551076891854,2.1824904953369226,13.35478149022108
2020-07-29,4.0,0.3413551076891854,2.1707252102510495,13.339357119060866
2020-07-30,4.0,0.33628116198816116,2.172390058229178,13.288280347406495
2020-07-31,4.0,0.33628116198816116,2.172390058229178,13.35478149022108
2020-08-03,4.0,0.338495878739312,2.1751637565562914,13.334935755389317
2020-08-04,4.0,0.34867733413349766,2.180946765869143,13.293144231873354
2020-08-05,4.0,0.34569863128870365,2.1751637565562914,13.388842339184519
2020-08-06,4.0,0.3457192664540718,2.181195529356313,13.388842339184519
2020-08-07,4.0,0.34867733413349766,2.1695955137172147,13.388842339184519
2020-08-10,4.0,0.3502265593196865,2.1720247187686477,13.293144231873354
2020-08-11,4.0,0.3480797485833982,2.1681166748878717,13.294893690271882
2020-08-12,4.0,0.3474512480451236,2.1720247187686477,13.291088902971902
2020-08-13,4.0,0.3445685401481786,2.1695955137172147,13.288650311458143
2020-08-14,4.0,0.3428221533079693,2.1666374628485183,13.40505302856289
2020-08-17,4.0,0.34279962836244543,2.160640800750352,13.40505302856289
2020-08-18,4.0,0.3474512480451236,2.1613560428384435,13.457780028591813
2020-08-19,4.0,0.341873160992345,2.1575394142936917,13.457146284010468
2020-08-20,4.0,0.3466621772098754,2.160640800750352,13.499283785156955
2020-08-21,4.0,0.3495154307977035,2.1613560428384435,13.525357828560468
2020-08-24,4.0,0.34138572986652227,2.1640760719345478,13.58006960361027
2020-08-25,4.0,0.34052025338682973,2.165535357277493,13.58006960361027
2020-08-26,4.0,0.34168826010803977,2.169004716964694,13.58006960361027
2020-08-27,4.0,0.34162676413522763,2.1809163494753596,13.649579852423967
2020-08-28,4.0,0.3447400364695109,2.1722495476719152,13.64995713672591
2020-08-31,4.0,0.3389504404692106,2.188542818773061,13.715848729508636
2020-09-01,4.0,0.3448733741560649,2.1930268953445555,13.64995713672591
2020-09-02,4.0,0.35364994515340037,2.180543928847249,13.716858355668949
2020-09-03,4.0,0.35369999194295554,2.1844077582614494,13.62666692927387
2020-09-04,4.0,0.3536909529710622,2.181934236538785,13.622344010090393
2020-09-08,4.0,0.345159187049455,2.181934236538785,13.622344010090393
2020-09-09,4.0,0.345159187049455,2.1844077582614494,13.649510028950841
2020-09-10,4.0,0.345159187049455,2.1878750064741608,13.649510028950841
2020-09-11,4.0,0.345159187049455,2.1878750064741608,13.623550404274555
2020-09-14,4.0,0.3515704616771026,2.1968778409476943,13.696671925891135
2020-09-15,4.0,0.3515704616771026,2.2014018678092895,13.696671925891135
2020-09-16,4.0,0.34875220998353706,2.1997111303853814,13.652627282597997
2020-09-17,4.0,0.3488149700633766,2.1988841625631848,13.652627282597997
2020-09-18,4.0,0.3509232635396393,2.2019474833575208,13.580169449946931
2020-09-21,4.0,0.35241919676941535,2.196259636714474,13.580169449946931
2020-09-22,4.0,0.35213336440428367,2.2031649482391193,13.452145864869362
2020-09-23,4.0,0.35158402036242425,2.2124349225242472,13.545128871415242
2020-09-24,4.0,0.35063977807443925,2.2167300391634037,13.594335413305425
2020-09-25,4.0,0.3488685746820574,2.214173462735806,13.857883117895858
2020-09-28,4.0,0.3488685746820574,2.214173462735806,13.76203116313156
2020-09-29,4.0,0.34885111886514575,2.1949796525625795,13.595014355297716
2020-09-30,4.0,0.34493985751266365,2.205855179921258,13.598073482028154
2020-10-01,4.0,0.34885111886514575,2.2136314221569284,13.54071949799971
2020-10-02,4.0,0.3415514266738112,2.217175197078178,13.54071949799971
2020-10-05,4.0,0.34539946883321626,2.2378586697427165,13.543502132350445
2020-10-06,4.0,0.34484667948098874,2.221892040302955,13.588012907376102
2020-10-07,4.0,0.3375076031832619,2.2259973842030707,13.544287114085648
2020-10-08,4.0,0.33502250254978905,2.230164636926604,13.623516597962501
2020-10-09,4.0,0.3384921242061466,2.2299935996206908,13.814515341673857
2020-10-12,4.0,0.3384921242061466,2.235743052062989,13.827367123978032
2020-10-13,4.0,0.3384921242061466,2.238357125313483,13.827367123978032
2020-10-14,4.0,0.3384921242061466,2.228271124485222,13.790695158133047
2020-10-15,4.0,0.33502250254978905,2.238357125313483,13.854749268787309
2020-10-16,4.0,0.33502250254978905,2.2397716718089393,13.88686270095777
2020-10-19,4.0,0.33501577671815413,2.2266985924741842,13.884430490096468
2020-10-20,4.0,0.3379025538930115,2.2157883423054594,13.884430490096468
2020-10-21,4.0,0.34023666542362085,2.211148695843562,13.884430490096468
2020-10-22,4.0,0.3402438562635322,2.2259931767717536,13.855954551380927
2020-10-23,4.0,0.3424630059589704,2.21490984338796,13.857206935938422
2020-10-26,4.0,0.3402438562635322,2.2188897214651915,13.857206935938422
2020-10-27,4.0,0.3402693268638283,2.224581454194174,13.85451335170772
2020-10-28,4.0,0.3416738840396681,2.21840268689793,13.85451335170772
2020-10-29,4.0,0.33884026957192903,2.224581454194174,13.85451335170772
2020-10-30,4.0,0.3427514076998954,2.2272012506032626,13.85451335170772
2020-11-02,4.0,0.3388011244769791,2.2259120741001897,13.85451335170772
2020-11-03,4.0,0.3388011244769791,2.2105748372487133,13.85451335170772
2020-11-04,4.0,0.3427514076998954,2.214415947903994,13.85451335170772
2020-11-05,4.0,0.3427514076998954,2.216865445746206,13.81539758974802
2020-11-06,4.0,0.3427514076998954,2.216569608486595,13.877661934853753
2020-11-09,4.0,0.3388011244769791,2.215115796797484,13.903507325727311
2020-11-10,4.0,0.3426853630755941,2.208721972597347,13.983274689426194
2020-11-11,4.0,0.3433298646399322,2.2159149540215077,14.007254832028586
2020-11-12,4.0,0.3506527853043839,2.208721972597347,14.007254832028586
2020-11-13,4.0,0.3506527853043839,2.212503181119631,14.089246584325267
2020-11-16,4.0,0.3506527853043839,2.2195095950729398,14.007254832028586
2020-11-17,4.0,0.3496116955803151,2.2143245961777867,13.983274689426194
2020-11-18,4.0,0.3480883686269749,2.2101623042064853,14.007254832028586
2020-11-19,4.0,0.3480883686269749,2.2076815660590734,13.881714151645685
2020-11-20,4.0,0.35046418130465457,2.217903871188227,14.007254832028586
2020-11-23,4.0,0.3459850527118174,2.2168576440019567,14.007254832028586
2020-11-24,4.0,0.3459850527118174,2.210792643477032,14.092161906920989
2020-11-25,4.0,0.3495138791688828,2.2118177818223264,14.092161906920989
2020-11-27,4.0,0.3488174859545972,2.2118177818223264,14.095516597690034
2020-11-30,4.0,0.3453137886014393,2.210792643477032,14.328525315323049
2020-12-01,4.0,0.34511190585117196,2.2155301471171094,14.395911858480614
2020-12-02,4.0,0.3488174859545972,2.208609353320754,14.424562167028185
2020-12-03,4.0,0.3458866033317216,2.2005036476708435,14.325438570567684
2020-12-04,4.0,0.3458866033317216,2.2037050389058708,14.142386756513098
2020-12-07,4.0,0.34579555973349746,2.204304852186392,14.325180391229498
2020-12-08,4.0,0.34579555973349746,2.2196454781651225,14.325180391229498
2020-12-09,4.0,0.34579555973349746,2.215192503936146,14.131269399888412
2020-12-10,4.0,0.3458847402873294,2.2176881275761917,14.131269399888412
2020-12-11,4.0,0.3458847402873294,2.2386368034102335,14.09524938041701
2020-12-14,4.0,0.3458847402873294,2.2426688098701217,14.314111643172051
2020-12-15,4.0,0.3452115835720982,2.2426688098701217,14.314111643172051
2020-12-16,4.0,0.34516988398819853,2.243201848047388,14.386921232072087
2020-12-17,4.0,0.34516988398819853,2.2457931893009677,14.314111643172051
2020-12-18,4.0,0.34516988398819853,2.2457931893009677,14.27319509084363
2020-12-21,4.0,0.34693046633911345,2.249515733860082,14.273462308116656
2020-12-22,4.0,0.34642705616473674,2.249515733860082,14.325180391229498
2020-12-23,4.0,0.3427083668031929,2.25390055013078,14.325180391229498
2020-12-24,4.0,0.3474358844882673,2.256627859804908,14.355117392946013
2020-12-28,4.0,0.3403228810061109,2.272880325076816,14.35809851774302
2020-12-29,4.0,0.3403228810061109,2.248253190632327,14.358783283888851
2020-12-30,4.0,0.34013875262953097,2.2437830098558416,14.280519651145587
2020-12-31,4.0,0.34013875262953097,2.242852345009289,14.280519651145587
2014-01-02,5.0,0.9499999999999996,1.0,1.088227435212909
2014-01-03,5.0,0.9406659572504208,1.0,1.12282555401274
2014-01-06,5.0,0.9025000000000007,1.0,1.1710302235653363
2014-01-07,5.0,0.9024999999999991,1.0,1.1811715139699224
2014-01-08,5.0,0.9024999999999934,1.0,1.1902885541124386
2014-01-09,5.0,0.8899668612778994,1.0,1.19685069243888
2014-01-10,5.0,0.8832494577112584,1.0,1.215742137324551
2014-01-13,5.0,0.8577951009526797,1.0,1.2249272217822706
2014-01-14,5.0,0.857375000000001,1.0,1.2436891398123329
2014-01-15,5.0,0.857375000000001,1.0,1.245729210671618
2014-01-16,5.0,0.8573749999999936,1.0,1.267711111304822
2014-01-17,5.0,0.8503339803002761,1.0,1.273021108144159
2014-01-21,5.0,0.8419622343909287,1.0,1.2935547463626935
2014-01-22,5.0,0.8334968468000542,1.0,1.3067569144256224
2014-01-23,5.0,0.8279331129212285,1.0,1.3117189515474659
2014-01-24,5.0,0.8215881258565381,1.0,1.3161310366638561
2014-01-27,5.0,0.8211868993145921,1.0,1.3301392111908312
2014-01-28,5.0,0.8149053459050447,1.0,1.3391603234690024
2014-01-29,5.0,0.8145045706730988,1.0,1.3416600788844015
2014-01-30,5.0,0.8050237332889573,1.0,1.3540061290583307
2014-01-31,5.0,0.8032355964260889,1.0,1.3562581190242595
2014-02-03,5.0,0.8008990635103227,1.0,1.3569070903400227
2014-02-04,5.0,0.7926629608782464,1.0,1.3901866506189653
2014-02-05,5.0,0.7865226096748356,1.0,1.3958129399212176
2014-02-06,5.0,0.7777354249849672,1.0,1.3960400516819094
2014-02-07,5.0,0.7738320449872591,1.002299984692972,1.402117619392981
2014-02-10,5.0,0.773832044987259,1.0040045297186366,1.3965577369677706
2014-02-11,5.0,0.7668368296760252,1.004055215859927,1.402117619392981
2014-02-12,5.0,0.7650960240876311,1.007665697680193,1.4184346800362184
2014-02-13,5.0,0.7608384575689403,1.0068540742420375,1.4226574392916642
2014-02-14,5.0,0.762315744064562,1.0065565121610085,1.4312658545699886
2014-02-18,5.0,0.7604568013116524,1.0061613289429958,1.4523879578604126
2014-02-19,5.0,0.7647082262598981,1.0063766280135078,1.4708813246135017
2014-02-20,5.0,0.7612160722568839,1.0056409384231784,1.4753150564309734
2014-02-21,5.0,0.753678159626808,1.0060406001888103,1.4901350755315423
2014-02-24,5.0,0.7462178524162313,1.007684071211471,1.4988364015369813
2014-02-25,5.0,0.744224535737152,1.010161356214971,1.5174350010657147
2014-02-26,5.0,0.7428137587246879,1.0112138194694213,1.538700890046998
2014-02-27,5.0,0.7368189069828693,1.0127378125452298,1.5407030703378766
2014-02-28,5.0,0.7366600107825146,1.0116032316891888,1.540636262402403
2014-03-03,5.0,0.732912593687544,1.0115002720773032,1.5428367075286071
2014-03-04,5.0,0.731152521908905,1.0132041037986799,1.546450560558499
2014-03-05,5.0,0.731152521908905,1.0125626468382043,1.5524583653844186
2014-03-06,5.0,0.7286376625467554,1.015099866357787,1.5524583653844186
2014-03-07,5.0,0.7193740459613452,1.015099866357787,1.5758242754800902
2014-03-10,5.0,0.7112410532419672,1.0166512051378098,1.5758029321875142
2014-03-11,5.0,0.7041413345065173,1.0171929506545108,1.5847001487841008
2014-03-12,5.0,0.7003170042490809,1.018228270345155,1.5802457597166881
2014-03-13,5.0,0.6973311733461693,1.0202083866169764,1.5997714552408278
2014-03-14,5.0,0.6969520594414927,1.0210345034353805,1.6163759281111236
2014-03-17,5.0,0.6935817283524341,1.0210345034353805,1.6333742912992721
2014-03-18,5.0,0.6935817283524341,1.0217233384499824,1.6278700029548467
2014-03-19,5.0,0.6925182990142581,1.0194567132811128,1.6557597919906994
2014-03-20,5.0,0.6899149908315191,1.0193247082225558,1.6491331521504575
2014-03-21,5.0,0.6888018233796425,1.0193851546642803,1.6491331521504575
2014-03-24,5.0,0.6867834586459409,1.0188375678210624,1.650546001349824
2014-03-25,5.0,0.6761292043335363,1.017639249534066,1.650546001349824
2014-03-26,5.0,0.6795673988195207,1.0168657866096384,1.650546001349824
2014-03-27,5.0,0.6688206031101884,1.0170824251079975,1.6764993293004118
2014-03-28,5.0,0.6742756571573801,1.0185284425869587,1.6764993293004118
2014-03-31,5.0,0.6648806264521826,1.0208871724817166,1.6836693111911005
2014-04-01,5.0,0.6741216042360272,1.0243052889106303,1.6922866020805776
2014-04-02,5.0,0.6649790635520384,1.0246772984329486,1.6922866020805776
2014-04-03,5.0,0.6614217258634868,1.0277294220888236,1.6906354277444553
2014-04-04,5.0,0.6621369960849298,1.0257371254220295,1.693470349990402
2014-04-07,5.0,0.6648987081305225,1.0274522576386649,1.6998957321653252
2014-04-08,5.0,0.6648987081305225,1.0262863688222539,1.7063778294330096
2014-04-09,5.0,0.6668656474555121,1.0262863688222539,1.715130730322243
2014-04-10,5.0,0.6650491259559453,1.0303367225362625,1.724934146872484
2014-04-11,5.0,0.6551701454084685,1.028642288581303,1.7075574625912902
2014-04-14,5.0,0.6550498197924823,1.026168635423168,1.7087230366690866
2014-04-15,5.0,0.6558259327418327,1.0293459942422925,1.7254773676486008
2014-04-16,5.0,0.6509095383049366,1.0306648384565118,1.7325412523840302
2014-04-17,5.0,0.6481592730850898,1.0306404306395838,1.7594382066713947
2014-04-21,5.0,0.6475360538578918,1.029961661963409,1.7726630833141448
2014-04-22,5.0,0.6440146913909002,1.0306648384565118,1.778260590508185
2014-04-23,5.0,0.6440118720618413,1.0310981913313229,1.754764584773801
2014-04-24,5.0,0.6418929127773362,1.0310056735015447,1.760461663781792
2014-04-25,5.0,0.6353536454656079,1.0313295046295587,1.7668328358428926
2014-04-28,5.0,0.6356338437051219,1.0320723940984644,1.773128395228786
2014-04-29,5.0,0.6289946643085756,1.0322783333508374,1.7811638152672917
2014-04-30,5.0,0.6268360403972174,1.0352852163505535,1.7873221877049303
2014-05-01,5.0,0.6268360403972174,1.0387287147184252,1.787322719714833
2014-05-02,5.0,0.6267319736824962,1.0400327775886296,1.7833405089309065
2014-05-05,5.0,0.6256898951594365,1.0416355644032018,1.7921871513275793
2014-05-06,5.0,0.6153694095705531,1.041354209832998,1.8368058409392451
2014-05-07,5.0,0.6151599429929047,1.0409573571425383,1.8368058409392451
2014-05-08,5.0,0.6151599429929047,1.0415408690451473,1.8290520480399568
2014-05-09,5.0,0.6151599429929047,1.0416849081776896,1.8290214102739835
2014-05-12,5.0,0.6077875927466607,1.0415270803036276,1.8473700289871386
2014-05-13,5.0,0.6075006928773002,1.0424839834409738,1.8519851013653896
2014-05-14,5.0,0.6068719507394399,1.0433168142313414,1.8637835391645479
2014-05-15,5.0,0.6024832334244205,1.0442075533494317,1.8701651780915196
2014-05-16,5.0,0.6043617527786542,1.0448953327924069,1.8960627406104757
2014-05-19,5.0,0.6069307973842625,1.0460599775352803,1.8986327042511253
2014-05-20,5.0,0.6016983677896792,1.0489693207585633,1.8662367523820835
2014-05-21,5.0,0.6013092779093533,1.0490707779426032,1.8704983005579343
2014-05-22,5.0,0.6032813331190232,1.049998248077787,1.8783547070811715
2014-05-23,5.0,0.6053449208709083,1.04950922469156,1.8986327042511253
2014-05-27,5.0,0.6069307973842625,1.0515727447022378,1.9010794593425144
2014-05-28,5.0,0.6069307973842625,1.0505550818737657,1.8787642113105654
2014-05-29,5.0,0.6069307973842625,1.0514735192034723,1.8787642113105654
2014-05-30,5.0,0.6077666222534579,1.0491246813565802,1.8781944175405
2014-06-02,5.0,0.6022622407783689,1.0489693207585633,1.9048902479368186
2014-06-03,5.0,0.596441942831753,1.0485541722726235,1.9067394394512431
2014-06-04,5.0,0.5988802171108679,1.0483830236807763,1.9073501794572427
2014-06-05,5.0,0.5959204777899527,1.048796385223235,1.9073501794572427
2014-06-06,5.0,0.5992189522813691,1.0519222305808997,1.9205640277036475
2014-06-09,5.0,0.5958170855264825,1.0563000059978078,1.9211382396011503
2014-06-10,5.0,0.5907626251839729,1.0540924426002762,1.9226193368422733
2014-06-11,5.0,0.5919540712122094,1.0483689586952845,1.926986330560386
2014-06-12,5.0,0.5940661940569683,1.0548082958919824,1.9475042461245466
2014-06-13,5.0,0.5940661940569683,1.053918570226962,1.9457183417896096
2014-06-16,5.0,0.5934559115773231,1.05362679421384,1.9475042461245466
2014-06-17,5.0,0.5933846166308376,1.05362679421384,1.9557924571286678
2014-06-18,5.0,0.5942375858904634,1.0541671491659752,1.9659900779447317
2014-06-19,5.0,0.5959378829029207,1.0557856272003705,1.9988316104220687
2014-06-20,5.0,0.5959378829029207,1.0578581941469811,2.0231636445999066
2014-06-23,5.0,0.5934479536477713,1.0614110687782348,2.022933878894459
2014-06-24,5.0,0.5869470571758774,1.060888626845075,2.049914800918572
2014-06-25,5.0,0.5841404203964028,1.0650247657163627,2.035554222286436
2014-06-26,5.0,0.5798195873449955,1.0655917486421793,2.050858670682916
2014-06-27,5.0,0.5824724670153516,1.0666385545695474,2.035554222286436
2014-06-30,5.0,0.5730168235006887,1.068660941593502,2.0399275302976694
2014-07-01,5.0,0.5721321140218382,1.070185926980519,2.03362058568134
2014-07-02,5.0,0.5721321140218382,1.0663883802809355,2.03362058568134
2014-07-03,5.0,0.5706900405893155,1.0669550760509976,2.0745404134740446
2014-07-07,5.0,0.5678055937681334,1.067216625259244,2.0745404134740446
2014-07-08,5.0,0.5706900405893155,1.0702472806245158,2.077674981515222
2014-07-09,5.0,0.5719050413856477,1.067118508643691,2.1200495482100505
2014-07-10,5.0,0.5697157780793309,1.067118508643691,2.1120431352866724
2014-07-11,5.0,0.5697157780793309,1.067118508643691,2.1155987811970047
2014-07-14,5.0,0.5713858479388737,1.068260847316449,2.107285490268672
2014-07-15,5.0,0.5681076151356955,1.0709770340115843,2.107285490268672
2014-07-16,5.0,0.567741477556011,1.0713795761372982,2.107285490268672
2014-07-17,5.0,0.5585022219461308,1.0743768557839561,2.0988939516915046
2014-07-18,5.0,0.5597054561571363,1.077418246968072,2.1072706116475906
2014-07-21,5.0,0.559142204417202,1.0782959313559657,2.1113729579123963
2014-07-22,5.0,0.5673069355233765,1.0780063012463041,2.112132825984924
2014-07-23,5.0,0.5674620987340264,1.0782186448447053,2.1222966873475366
2014-07-24,5.0,0.559142204417202,1.0796640668560662,2.124811893425468
2014-07-25,5.0,0.5591442589591993,1.077690589951192,2.1225206122634375
2014-07-28,5.0,0.5630896184156113,1.079331817287844,2.154264172815034
2014-07-29,5.0,0.5591892983140306,1.0783110127328426,2.1719740132545153
2014-07-30,5.0,0.5562349958948828,1.0763330213693965,2.1907773377743847
2014-07-31,5.0,0.5630726637850232,1.077690589951192,2.172933653846384
2014-08-01,5.0,0.5650200561714522,1.0783220072505142,2.1908458683980623
2014-08-04,5.0,0.5581076977056906,1.0786354287522566,2.171889968780135
2014-08-05,5.0,0.5574361759698077,1.0802561674584488,2.196852263192712
2014-08-06,5.0,0.5574361759698077,1.080272651405925,2.196862369632881
2014-08-07,5.0,0.5585022219461308,1.0788806510730127,2.20122968105069
2014-08-08,5.0,0.5574482423437468,1.0818645336296664,2.213498844031385
2014-08-11,5.0,0.5523875219382224,1.0849714078010766,2.2169373239299293
2014-08-12,5.0,0.5482665634909645,1.0891673194886053,2.2274905985384335
2014-08-13,5.0,0.5478777280787043,1.0897116486395133,2.2316851783784477
2014-08-14,5.0,0.5479162143621092,1.0897734740717429,2.2450599594914173
2014-08-15,5.0,0.5489567752334927,1.089340183645048,2.25475919312879
2014-08-18,5.0,0.5478777280787043,1.0897734740717429,2.25475919312879
2014-08-19,5.0,0.5451994453345044,1.0897116486395133,2.25475919312879
2014-08-20,5.0,0.5447240588526038,1.0901409307843553,2.267435461203248
2014-08-21,5.0,0.5430018959490336,1.0908039273519181,2.267435461203248
2014-08-22,5.0,0.5429143204312442,1.0901409307843553,2.3093538154683473
2014-08-25,5.0,0.5397071597834635,1.0936859011650588,2.327736387135321
2014-08-26,5.0,0.5374804974552554,1.0901398780241964,2.327736387135321
2014-08-27,5.0,0.5370963173300597,1.0923574363017174,2.3582856935502097
2014-08-28,5.0,0.5374804974552554,1.0913825031067073,2.362591251431651
2014-08-29,5.0,0.5340740225672237,1.091165902897972,2.389273964454063
2014-09-02,5.0,0.5374128626396764,1.0904947471797701,2.362591251431651
2014-09-03,5.0,0.5359760704066933,1.0936859011650588,2.371255781687186
2014-09-04,5.0,0.5330776106213365,1.095112044268944,2.3624206296720587
2014-09-05,5.0,0.5293413680534148,1.095411412499172,2.3624206296720587
2014-09-08,5.0,0.5334159598362023,1.0948265017640868,2.320236598822144
2014-09-09,5.0,0.5359760704066933,1.1007189169458576,2.3277351679233145
2014-09-10,5.0,0.5293413680534148,1.1014687828596204,2.311864208458095
2014-09-11,5.0,0.5330388343990153,1.1011157543154373,2.3626017132970634
2014-09-12,5.0,0.5330388343990153,1.1011157543154373,2.3534274323527327
2014-09-15,5.0,0.5296089680748677,1.1029349175054604,2.369577171558942
2014-09-16,5.0,0.5291820257673918,1.1043990620747577,2.4218266948217213
2014-09-17,5.0,0.5290950103109764,1.1046583470452531,2.389393419609865
2014-09-18,5.0,0.5285590282053719,1.1043990620747577,2.396616652959559
2014-09-19,5.0,0.5258508751810753,1.1013037253303866,2.431255342014236
2014-09-22,5.0,0.525575786544385,1.1019663384389786,2.4239026115856928
2014-09-23,5.0,0.5303271101148929,1.1004238719734574,2.4479845856274567
2014-09-24,5.0,0.5333961977084956,1.094452775698994,2.448127333951058
2014-09-25,5.0,0.5335284275388413,1.0941729354085097,2.4595585479679505
2014-09-26,5.0,0.5285758468321311,1.0940892515587792,2.460585449548204
2014-09-29,5.0,0.5264149335594501,1.0921809681865549,2.460585449548204
2014-09-30,5.0,0.5235940286689533,1.0941729354085097,2.461199475312965
2014-10-01,5.0,0.5235940286689533,1.096051010780375,2.46376965678986
2014-10-02,5.0,0.5246112215349382,1.096051010780375,2.4746974361293304
2014-10-03,5.0,0.5235940286689533,1.095931439407522,2.4746974361293304
2014-10-06,5.0,0.5246013354173895,1.098530928750852,2.452260162870535
2014-10-07,5.0,0.5231193538941614,1.1029475188723201,2.452260162870535
2014-10-08,5.0,0.5192810424211067,1.1054288723107883,2.4568353179008566
2014-10-09,5.0,0.5196347956623127,1.1071272230394857,2.4568353179008566
2014-10-10,5.0,0.5211281777987093,1.1113278086195906,2.4690478293780895
2014-10-13,5.0,0.5192810424211067,1.107840112029971,2.4690478293780895
2014-10-14,5.0,0.5211505689279793,1.1106386383790312,2.46262957357997
2014-10-15,5.0,0.5205080497038411,1.1122808801695458,2.475149877624015
2014-10-16,5.0,0.5192124750492391,1.1116488631459336,2.475149877624015
2014-10-17,5.0,0.5174513005379485,1.1111043095914677,2.479885923565501
2014-10-20,5.0,0.5164539808199686,1.1119780357563012,2.4845720119655317
2014-10-21,5.0,0.514875848813437,1.1146591807840267,2.486832093626044
2014-10-22,5.0,0.5063813104969439,1.1176670013246812,2.4876022645026796
2014-10-23,5.0,0.5148291672654934,1.114461132430916,2.519756952190531
2014-10-24,5.0,0.5167158182591732,1.1145422451334828,2.519756952190531
2014-10-27,5.0,0.5167949621126159,1.1152179077270052,2.5433977101221767
2014-10-28,5.0,0.5157661963020761,1.1126562862519265,2.533726894914757
2014-10-29,5.0,0.5167158182591732,1.1132099424956574,2.533726894914757
2014-10-30,5.0,0.5158992539094566,1.1136873665177838,2.533726894914757
2014-10-31,5.0,0.5153869969521199,1.1151009720764613,2.5254912760978403
2014-11-03,5.0,0.5072713579527807,1.1204576166508375,2.5430190768188092
2014-11-04,5.0,0.5153869969521199,1.1206851523715102,2.561677051053077
2014-11-05,5.0,0.5115214589019852,1.120844912129313,2.555718807294516
2014-11-06,5.0,0.5153869969521199,1.120844912129313,2.577076716762079
2014-11-07,5.0,0.5114088332566862,1.1185867284975957,2.5647655156266973
2014-11-10,5.0,0.5072713579527807,1.1207606090620474,2.577076716762079
2014-11-11,5.0,0.5153869969521199,1.1234978984720843,2.577173332484292
2014-11-12,5.0,0.5166933617309301,1.1211909892494165,2.595424187457392
2014-11-13,5.0,0.5136642664987675,1.1234978984720843,2.6103002206991843
2014-11-14,5.0,0.5154698965765407,1.1230814554972206,2.612622712819678
2014-11-17,5.0,0.5061486357846133,1.124848238874722,2.6310016533202805
2014-11-18,5.0,0.5000186223504615,1.128389560742657,2.6216012517104725
2014-11-19,5.0,0.50413658185639,1.13172205090839,2.620847471277051
2014-11-20,5.0,0.5023530283784432,1.132531628393222,2.6416587567348193
2014-11-21,5.0,0.4949157332957195,1.13172205090839,2.6310016533202805
2014-11-24,5.0,0.49483566566989756,1.1309689652991979,2.6173497364680136
2014-11-25,5.0,0.4951582355831048,1.1234041998689883,2.6310016533202805
2014-11-26,5.0,0.49659251216984557,1.1239478273200039,2.6310016533202805
2014-11-28,5.0,0.4984238685362603,1.124482480865334,2.6319760038340996
2014-12-01,5.0,0.4971573103711013,1.1249604243298035,2.6319760038340996
2014-12-02,5.0,0.496572961872925,1.1241093805936901,2.6410410024621145
2014-12-03,5.0,0.49403843486052046,1.1268182116511891,2.649739425248217
2014-12-04,5.0,0.4939859140570343,1.1300709144464196,2.662088266472244
2014-12-05,5.0,0.4911429660201343,1.131909080932309,2.702965804933199
2014-12-08,5.0,0.48818018339453767,1.1329780491893686,2.709680227268937
2014-12-09,5.0,0.48886222433946414,1.1295097434323833,2.7415366175504268
2014-12-10,5.0,0.48625279625090784,1.1336446082586786,2.6923527131092473
2014-12-11,5.0,0.488816031652874,1.133563727968229,2.6923527131092473
2014-12-12,5.0,0.4898958934427144,1.1330644520719826,2.6923527131092473
2014-12-15,5.0,0.4898958934427144,1.1309374315319505,2.6754438596274084
2014-12-16,5.0,0.4825352067584647,1.129796454286534,2.672893876564382
2014-12-17,5.0,0.4825352067584647,1.1294734909768145,2.7154187599991224
2014-12-18,5.0,0.48137198111333235,1.1295097434323833,2.7215399368292585
2014-12-19,5.0,0.49118698876671135,1.1334870130037413,2.689625443031775
2014-12-22,5.0,0.49118698876671135,1.1360211218192393,2.697132668204715
2014-12-23,5.0,0.49600633800725336,1.1331465739776576,2.7103739377093006
2014-12-24,5.0,0.48665648609273227,1.1346958366611946,2.7103739377093006
2014-12-26,5.0,0.49190987725625573,1.1331465739776576,2.706089307156228
2014-12-29,5.0,0.49190987725625573,1.1356879958321457,2.706089307156228
2014-12-30,5.0,0.4823391540621935,1.1317496971198562,2.74441266513104
2014-12-31,5.0,0.480260640901369,1.1348431445547307,2.759166026092729
2015-01-02,5.0,0.4802532189005243,1.1324792046498846,2.773150938670974
2015-01-05,5.0,0.48032705511698043,1.1323264264544077,2.8308044710088422
2015-01-06,5.0,0.48032705511698043,1.1311745688663257,2.8075367600028462
2015-01-07,5.0,0.4844526523691227,1.1342458406815503,2.8117944051124337
2015-01-08,5.0,0.4876594827576007,1.1324906008102071,2.79947084665018
2015-01-09,5.0,0.48689414705955797,1.1324906008102071,2.811969925931312
2015-01-12,5.0,0.47727122076665485,1.1286920128871285,2.831316571734403
2015-01-13,5.0,0.4778985268286707,1.1341563834593131,2.854869248830638
2015-01-14,5.0,0.48081131946506417,1.1351246057732296,2.8593837391459376
2015-01-15,5.0,0.48383222397038544,1.1340374639059607,2.854869248830638
2015-01-16,5.0,0.48032705511698043,1.132391948711411,2.894842870654744
2015-01-20,5.0,0.4854543165484678,1.1320523801278477,2.8549866747329045
2015-01-21,5.0,0.47818682295779225,1.138175610733529,2.813009842854624
2015-01-22,5.0,0.4808501788214064,1.1372920825664998,2.8127340291705227
2015-01-23,5.0,0.4885272034957006,1.1372920825664998,2.827766812203618
2015-01-26,5.0,0.48335948972764975,1.1374277942664972,2.830371693274946
2015-01-27,5.0,0.4808482354618071,1.139681932227432,2.8302571472478952
2015-01-28,5.0,0.4808482354618071,1.1389439245907598,2.8461219738391876
2015-01-29,5.0,0.4807243826585442,1.1374377952004688,2.8128519027914365
2015-01-30,5.0,0.480605975723279,1.1337294208858426,2.812998899472933
2015-02-02,5.0,0.4810074538248201,1.1321253833314922,2.8272865021818365
2015-02-03,5.0,0.4831924659061305,1.134840855545788,2.84038451492137
2015-02-04,5.0,0.4743173636857935,1.1332457904203692,2.899860491730203
2015-02-05,5.0,0.4743173636857935,1.1377730504481183,2.9001310393133055
2015-02-06,5.0,0.4743173636857935,1.13665643776681,2.923706497373402
2015-02-09,5.0,0.4753541242142504,1.1396314140536083,2.9711888851235404
2015-02-10,5.0,0.47405713276497324,1.1443022383639816,2.9769667551497982
2015-02-11,5.0,0.4692051685386457,1.1443022383639816,2.982782478689163
2015-02-12,5.0,0.4692051685386457,1.152110393415295,2.9777007253262098
2015-02-13,5.0,0.4687280100285224,1.1539979931225213,2.977890567576707
2015-02-17,5.0,0.4687280100285224,1.158018672727992,3.0056251887159653
2015-02-18,5.0,0.4687280100285224,1.1579168390428773,2.9904743637440094
2015-02-19,5.0,0.4725027850656668,1.1560340830332185,2.977890567576707
2015-02-20,5.0,0.4687280100285224,1.161683622081528,3.0565007613113258
2015-02-23,5.0,0.46668788419522983,1.158105053395511,3.0109279403211024
2015-02-24,5.0,0.46668788419522983,1.1574534478366858,3.0206970458729434
2015-02-25,5.0,0.4616212470805885,1.1570479123782045,3.092684753676943
2015-02-26,5.0,0.4616212470805885,1.1570479123782045,3.078637916685288
2015-02-27,5.0,0.4616212470805885,1.1577522257434198,3.079457342746662
2015-03-02,5.0,0.46044023317262367,1.1568546312616848,3.079457342746662
2015-03-03,5.0,0.46105720997552896,1.157080502403876,3.0539888859607234
2015-03-04,5.0,0.4610519410949267,1.1595434295986973,3.0539888859607234
2015-03-05,5.0,0.4612920708118922,1.1630189775834654,3.121991878984068
2015-03-06,5.0,0.4610519410949267,1.168034711605955,3.0560458245085806
2015-03-09,5.0,0.45584420018822597,1.1691836084311462,3.1043044521166827
2015-03-10,5.0,0.4548964452347863,1.1646525804375045,3.116857708428563
2015-03-11,5.0,0.4542352726180139,1.1675848504942368,3.124455677231257
2015-03-12,5.0,0.45102019677890937,1.1675848504942368,3.121991878984068
2015-03-13,5.0,0.4527984022046269,1.1706047290446184,3.1509353403910003
2015-03-16,5.0,0.45620763753869903,1.1715079149469543,3.125929184303443
2015-03-17,5.0,0.45642199939938966,1.1809484624831623,3.1251313768529005
2015-03-18,5.0,0.45620763753869903,1.1803853393188666,3.1251134448975626
2015-03-19,5.0,0.4552763321759694,1.1730911934044963,3.1264676701187564
2015-03-20,5.0,0.45642199939938966,1.1709589035583736,3.1257683238605742
2015-03-23,5.0,0.4614326614997812,1.1704919407888679,3.1307171031096694
2015-03-24,5.0,0.4615154718174847,1.1745547773224416,3.187422169890775
2015-03-25,5.0,0.46277235073833595,1.1709589035583736,3.165264444964462
2015-03-26,5.0,0.46277235073833595,1.174560990316286,3.208898879727292
2015-03-27,5.0,0.46457867386063784,1.1755113812753097,3.208898879727292
2015-03-30,5.0,0.46277235073833595,1.174560990316286,3.2856169249077785
2015-03-31,5.0,0.45530093136236677,1.175337563027187,3.2858349059663197
2015-04-01,5.0,0.4552258394872777,1.174560990316286,3.2856169249077785
2015-04-02,5.0,0.45530093136236677,1.176130204612915,3.243116409188947
2015-04-06,5.0,0.45964975555763327,1.1774447555772651,3.249040024120338
2015-04-07,5.0,0.4605101114998248,1.1808915475130273,3.2900761550426334
2015-04-08,5.0,0.46488333956135586,1.1826386665729427,3.321471796982192
2015-04-09,5.0,0.46154114576029864,1.1826021741910298,3.305232125581322
2015-04-10,5.0,0.4605697346673182,1.1826021741910298,3.290696099846669
2015-04-13,5.0,0.46460920788879523,1.1820706417875047,3.290696099846669
2015-04-14,5.0,0.45779070669458705,1.1788808102801578,3.2709010671299934
2015-04-15,5.0,0.45652896907917795,1.1781852216755238,3.2669757730852926
2015-04-16,5.0,0.4510137210676313,1.175178012087913,3.2717895460966395
2015-04-17,5.0,0.44504709787870306,1.1788808102801578,3.2717895460966395
2015-04-20,5.0,0.44504709787870306,1.179990856808567,3.2860113017011217
2015-04-21,5.0,0.44504339707598567,1.1833851711179926,3.370719129097741
2015-04-22,5.0,0.4425681958860047,1.188370636295336,3.407815141801532
2015-04-23,5.0,0.44162225440693076,1.1860634287170364,3.4230162033157505
2015-04-24,5.0,0.44071305342176714,1.188370636295336,3.4234824390359355
2015-04-27,5.0,0.4425300191319944,1.1917728375370806,3.4234824390359355
2015-04-28,5.0,0.4425300191319944,1.1923960578826764,3.4299471045648584
2015-04-29,5.0,0.4368806871239032,1.1931300665712143,3.4265314682189794
2015-04-30,5.0,0.43884224000808447,1.1889931125364677,3.4841263963450038
2015-05-01,5.0,0.4495076698239416,1.1903631271300599,3.487522623338112
2015-05-04,5.0,0.4454083038460522,1.1903631271300599,3.483273756017084
2015-05-05,5.0,0.4468699642640606,1.1889931125364677,3.496365105371802
2015-05-06,5.0,0.4459200459787966,1.1903631271300599,3.4609877549944486
2015-05-07,5.0,0.44130803478689434,1.1939789445949778,3.4561422190943842
2015-05-08,5.0,0.44139756287035065,1.200978355385234,3.4545330905683005
2015-05-11,5.0,0.42934247690943694,1.203799873952343,3.4561422190943842
2015-05-12,5.0,0.4331203679155789,1.2073464803669909,3.460440651957161
2015-05-13,5.0,0.4367117710535845,1.2004397080661218,3.456690778799426
2015-05-14,5.0,0.43945395349356986,1.211175952907778,3.467610424375107
2015-05-15,5.0,0.44018206909895713,1.2151054635083516,3.4830480565910813
2015-05-18,5.0,0.4397540115869937,1.2118012954052393,3.4676554277404525
2015-05-19,5.0,0.4414539296071155,1.2122014588109162,3.480593145468713
2015-05-20,5.0,0.44455542600087833,1.2125934246239423,3.537445702358285
2015-05-21,5.0,0.4417089715680345,1.220317633602778,3.5386542882864314
2015-05-22,5.0,0.44487092994630845,1.2221202403480746,3.563186684319919
2015-05-26,5.0,0.44019069106886705,1.220317633602778,3.563186684319919
2015-05-27,5.0,0.44073290504158946,1.2194542329527591,3.535621811213329
2015-05-28,5.0,0.44018206909895713,1.2206275097785428,3.5356390400744737
2015-05-29,5.0,0.4395627272758371,1.221085189853389,3.518913462083673
2015-06-01,5.0,0.4318545970635581,1.2213505448631206,3.5609710004305466
2015-06-02,5.0,0.4279663860220443,1.222534853175767,3.579102621509562
2015-06-03,5.0,0.43089683451949146,1.2228291508050186,3.597826038911671
2015-06-04,5.0,0.4271213311322062,1.2236051860348238,3.5868812505290917
2015-06-05,5.0,0.4271036235629017,1.2278595843721287,3.6183915418866817
2015-06-08,5.0,0.4272046753211586,1.2263465574824437,3.603494437176835
2015-06-09,5.0,0.4244781160850675,1.2294258998721812,3.6298630634634823
2015-06-10,5.0,0.4243505043330753,1.2294258998721812,3.629858097942978
2015-06-11,5.0,0.4234642349925564,1.230721088105902,3.6568768462128918
2015-06-12,5.0,0.42247754373798274,1.237121340586989,3.6300549271318694
2015-06-15,5.0,0.42019862186822027,1.2385522664897946,3.618763284452845
2015-06-16,5.0,0.42702882101116396,1.2405057869501457,3.6295762448894404
2015-06-17,5.0,0.42702882101116396,1.2482704117309644,3.6594943707725385
2015-06-18,5.0,0.4235238583589343,1.2451409785813903,3.670476986513024
2015-06-19,5.0,0.42739686055079734,1.2483117087178872,3.670476986513024
2015-06-22,5.0,0.4187361238741223,1.246643454132855,3.7394298482684625
2015-06-23,5.0,0.4188880366624817,1.248356795462334,3.6895191453462024
2015-06-24,5.0,0.42525469955794576,1.248356795462334,3.630377482156957
2015-06-25,5.0,0.4280848094221471,1.2474307797221242,3.6806279915863747
2015-06-26,5.0,0.43070030441550516,1.2454739572175026,3.6473235214936017
2015-06-29,5.0,0.41871645603796415,1.2436037853556359,3.6550784263818885
2015-06-30,5.0,0.418701951664589,1.241365475199057,3.6666424772956847
2015-07-01,5.0,0.418701951664589,1.2424169377594496,3.7277750543611323
2015-07-02,5.0,0.41516495361915806,1.2403322165028072,3.7601971435493575
2015-07-06,5.0,0.41708730337112515,1.241365475199057,3.816571647251733
2015-07-07,5.0,0.4141234797975936,1.240432387451643,3.7603833734796015
2015-07-08,5.0,0.41582212989341133,1.2424169377594496,3.7528270142457245
2015-07-09,5.0,0.4170767742429989,1.2430972107499245,3.7425304777647246
2015-07-10,5.0,0.4170767742429989,1.2424169377594496,3.798888322065589
2015-07-13,5.0,0.4217392597307527,1.2409166880303857,3.8096274201946345
2015-07-14,5.0,0.4198342281830509,1.2438009603529818,3.775866420778592
2015-07-15,5.0,0.4171645201066129,1.241754689317804,3.798888322065589
2015-07-16,5.0,0.41318714260596406,1.2458050954504043,3.7753528091180235
2015-07-17,5.0,0.4119286910912246,1.2463004501680692,3.7787944710997223
2015-07-20,5.0,0.4119286910912246,1.2475610495267577,3.798756068387169
2015-07-21,5.0,0.40381642969574366,1.2433227932107815,3.775358143340543
2015-07-22,5.0,0.40381642969574366,1.2462424808739088,3.775358143340543
2015-07-23,5.0,0.40341509508235723,1.2475492603782747,3.7640016132919136
2015-07-24,5.0,0.40341509508235723,1.2501702474966747,3.776307660270977
2015-07-27,5.0,0.40341509508235723,1.2491598949414404,3.7789332483031437
2015-07-28,5.0,0.4006954736605608,1.2472068198024209,3.804606735222043
2015-07-29,5.0,0.40069282810789236,1.251525864716797,3.7705118152681147
2015-07-30,5.0,0.4072682282284784,1.254282886177053,3.8309101554562806
2015-07-31,5.0,0.40967053733450853,1.251552588223078,3.8309101554562806
2015-08-03,5.0,0.4073034800497325,1.2526478454021657,3.8298450756339015
2015-08-04,5.0,0.4150865946259414,1.2505827412552808,3.8253393233411415
2015-08-05,5.0,0.40986574616562826,1.2535757292544303,3.8237500114968115
2015-08-06,5.0,0.40991728009329914,1.2630946650917227,3.851303492121291
2015-08-07,5.0,0.40991728009329914,1.2620866091978513,3.8515320853066277
2015-08-10,5.0,0.4086890708468593,1.2567028224448547,3.848080050076947
2015-08-11,5.0,0.4085110583422731,1.258083490257651,3.8752080054859137
2015-08-12,5.0,0.4085110583422731,1.2551721893313141,3.8832848688627886
2015-08-13,5.0,0.4085110583422731,1.248415982709822,3.8752080054859137
2015-08-14,5.0,0.41006647581372074,1.2496774205104,3.8752080054859137
2015-08-17,5.0,0.4085110583422731,1.2494688096381998,3.8752080054859137
2015-08-18,5.0,0.40727446968503145,1.2507514705673732,3.904331714478997
2015-08-19,5.0,0.40799651660754044,1.2475747500376437,3.904331714478997
2015-08-20,5.0,0.4063430283598196,1.2472213953728526,3.8827546176220635
2015-08-21,5.0,0.4063430283598196,1.2469303270691636,3.9416091935613125
2015-08-24,5.0,0.40482394686544754,1.245752583138045,3.883287777629994
2015-08-25,5.0,0.4045435621250448,1.2501315453313193,3.883287777629994
2015-08-26,5.0,0.40457697020899797,1.2440075736463272,3.904128164998607
2015-08-27,5.0,0.4046974109786731,1.2431663043132217,3.9049535616753763
2015-08-28,5.0,0.40360722848015035,1.2469303270691636,3.883287777629994
2015-08-31,5.0,0.4048287509869639,1.2472213953728526,3.9054877113061357
2015-09-01,5.0,0.40352976395085144,1.2486705849069932,3.964532577487769
2015-09-02,5.0,0.40363268344633135,1.2535335576460853,3.964532577487769
2015-09-03,5.0,0.4034966072877383,1.2514295195950615,3.977443877576909
2015-09-04,5.0,0.40689731371224236,1.251870883168449,3.964532577487769
2015-09-08,5.0,0.40345412531623304,1.2511096356136133,3.964532577487769
2015-09-09,5.0,0.40071389243287603,1.2511096356136133,3.9295745470987895
2015-09-10,5.0,0.4118853578218651,1.2559284974330327,3.9370706257368675
2015-09-11,5.0,0.4118853578218651,1.2588539303394914,3.9778351217494587
2015-09-14,5.0,0.41174402896258566,1.2589861393351072,4.031728924249448
2015-09-15,5.0,0.40128484811095544,1.2613350280081783,4.03782016929948
2015-09-16,5.0,0.4007974762625553,1.2566148719074315,4.058318700507279
2015-09-17,5.0,0.4005089062268943,1.2526827943055652,4.061496544010539
2015-09-18,5.0,0.39998944425740496,1.2524124759152493,4.130650041926526
2015-09-21,5.0,0.40038269818352784,1.2589133032462674,4.15106703458084
2015-09-22,5.0,0.39354292736620167,1.2558838258269769,4.166077375773316
2015-09-23,5.0,0.4004316716201948,1.2589133032462674,4.166111976602515
2015-09-24,5.0,0.4004514504867534,1.2644690767384505,4.281033582770992
2015-09-25,5.0,0.4102426320024453,1.2734071376297678,4.290147448098947
2015-09-28,5.0,0.41031295903092957,1.2726522383695877,4.332642288556232
2015-09-29,5.0,0.41270962814180495,1.2726522383695877,4.3485576483178505
2015-09-30,5.0,0.41270962814180495,1.2734107600753104,4.332642288556232
2015-10-01,5.0,0.407572649802791,1.274897639953985,4.332642288556232
2015-10-02,5.0,0.40517298395215046,1.2709132192850512,4.309492701717167
2015-10-05,5.0,0.4043557210199484,1.2739295593536117,4.309492701717167
2015-10-06,5.0,0.407572649802791,1.2754677940559374,4.309492701717167
2015-10-07,5.0,0.40706576820930546,1.27712552036215,4.382532209506724
2015-10-08,5.0,0.407572649802791,1.284007805697664,4.333501079957518
2015-10-09,5.0,0.407572649802791,1.2867649120121456,4.382834024287434
2015-10-12,5.0,0.40780861032069626,1.288232348695479,4.411184186415396
2015-10-13,5.0,0.4070934899127522,1.2887270834841205,4.410284492460661
2015-10-14,5.0,0.40973890082868525,1.288232348695479,4.416240788860729
2015-10-15,5.0,0.41037026686505623,1.2866398398225574,4.425733498228523
2015-10-16,5.0,0.41015637292579554,1.2872230776129494,4.411184186415396
2015-10-19,5.0,0.40754943743089883,1.2885388737569605,4.4498724733193695
2015-10-20,5.0,0.40750939574547407,1.28788459481325,4.445932585038548
2015-10-21,5.0,0.40750939574547407,1.289949177506596,4.4280233657104295
2015-10-22,5.0,0.4014289339687509,1.2929295888760155,4.425274287476522
2015-10-23,5.0,0.40451441743232397,1.292351585750143,4.427645123402249
2015-10-26,5.0,0.40750939574547407,1.2937619620569751,4.427645123402249
2015-10-27,5.0,0.3985952029021687,1.3002729263005108,4.427645123402249
2015-10-28,5.0,0.4026965377555405,1.2969030198720675,4.425274287476522
2015-10-29,5.0,0.40008249536651647,1.2945930098025062,4.3439929472860035
2015-10-30,5.0,0.4019587312860904,1.3018259945684583,4.3439929472860035
2015-11-02,5.0,0.40192530118731673,1.3068676946784943,4.4258932683217
2015-11-03,5.0,0.40186788621161335,1.3046875481374118,4.4258932683217
2015-11-04,5.0,0.4072734979152157,1.3061067571655292,4.4258932683217
2015-11-05,5.0,0.4072734979152157,1.3061067571655292,4.495440126404787
2015-11-06,5.0,0.4027772192856167,1.3045964752835375,4.495344376981725
2015-11-09,5.0,0.4092009750226799,1.3041985991763445,4.427582546828311
2015-11-10,5.0,0.4054684853778982,1.3045964752835375,4.495796187833644
2015-11-11,5.0,0.4027772192856167,1.3051925262788067,4.520007505203641
2015-11-12,5.0,0.40194251101631956,1.3045964752835375,4.5378399545401775
2015-11-13,5.0,0.39695069386604964,1.3077263992846027,4.5378399545401775
2015-11-16,5.0,0.4027772192856167,1.3074000413886009,4.580194614893274
2015-11-17,5.0,0.3996229587399642,1.305062892107463,4.593489997093648
2015-11-18,5.0,0.40713092423524105,1.3071391149552203,4.6012411892507545
2015-11-19,5.0,0.4022858459594982,1.3057625408204419,4.593489997093648
2015-11-20,5.0,0.4019595343934262,1.3025591715313385,4.6012411892507545
2015-11-23,5.0,0.4000268797113692,1.3020120756216809,4.618084142858687
2015-11-24,5.0,0.3993809000208562,1.3071378958634738,4.618084142858687
2015-11-25,5.0,0.3959688208050416,1.3094275771480248,4.60554593609635
2015-11-27,5.0,0.3959688208050416,1.3075697652804403,4.633699799209209
2015-11-30,5.0,0.4019451814437618,1.3067699217147846,4.62967105330475
2015-12-01,5.0,0.4018589667901617,1.3071986775703597,4.629982239257539
2015-12-02,5.0,0.4013735277684299,1.3089691477979923,4.629982239257539
2015-12-03,5.0,0.3857944867111233,1.3029350428213944,4.65471795672466
2015-12-04,5.0,0.3956454224117329,1.3075697652804403,4.685077933170472
2015-12-07,5.0,0.4030975851180466,1.3079692404116119,4.690085451841032
2015-12-08,5.0,0.4089167312346423,1.308394853281783,4.709862197661203
2015-12-09,5.0,0.3997458800053034,1.3087143142261888,4.709823239460014
2015-12-10,5.0,0.39640382662444573,1.3085606888821197,4.709823239460014
2015-12-11,5.0,0.3959276008933887,1.311725998135334,4.70961824033493
2015-12-14,5.0,0.3959276008933887,1.3136094526134192,4.6800741001152675
2015-12-15,5.0,0.3959276008933887,1.3103452930028374,4.6800741001152675
2015-12-16,5.0,0.3904524158959757,1.3142580419271837,4.6545771710421455
2015-12-17,5.0,0.3865502034664023,1.3142580419271837,4.657892596456197
2015-12-18,5.0,0.3905422463521964,1.3154398116676709,4.748887874118633
2015-12-21,5.0,0.3958835632208842,1.312284670580097,4.820077822582421
2015-12-22,5.0,0.39687040125094475,1.311725998135334,4.843835512735274
2015-12-23,5.0,0.3959864076434122,1.3098434252837696,4.871098693588789
2015-12-24,5.0,0.39463084862625225,1.3137135484925349,4.891972628753674
2015-12-28,5.0,0.39464185621734466,1.316566716135576,4.891972628753674
2015-12-29,5.0,0.39463084862625225,1.3185464959429827,4.877648388100485
2015-12-30,5.0,0.39463084862625225,1.3129219635334306,4.820933931108884
2015-12-31,5.0,0.3905422463521964,1.3199609238441226,4.8877927308062175
2016-01-04,5.0,0.3905422463521964,1.3293186456171768,4.92388199970438
2016-01-05,5.0,0.3897121115666099,1.3200012168074804,4.8992497733319675
2016-01-06,5.0,0.3890145435044768,1.3223117311900867,4.896558578236623
2016-01-07,5.0,0.38956048962882445,1.3364057116228898,4.901472688818367
2016-01-08,5.0,0.3905807442797684,1.332265311073296,4.933793499852963
2016-01-11,5.0,0.38391583859805095,1.3261304112120953,4.904997460106534
2016-01-12,5.0,0.38391583859805095,1.332855883893392,4.9379987448780085
2016-01-13,5.0,0.38367747712658784,1.3316408084076068,4.917475066742641
2016-01-14,5.0,0.38524156340935145,1.3316408084076068,4.905499775477658
2016-01-15,5.0,0.3881975927349377,1.3387736819829135,4.905482042908121
2016-01-19,5.0,0.3881975927349377,1.3316305657548018,4.90441804380671
2016-01-20,5.0,0.38370646741027675,1.328467562489645,4.8992497733319675
2016-01-21,5.0,0.38386509921946615,1.321776993789311,4.839127022288814
2016-01-22,5.0,0.3816925638990153,1.3248489309304974,4.860549580149665
2016-01-25,5.0,0.37772885818574026,1.3344396662397529,4.895653399446399
2016-01-26,5.0,0.37564332339530365,1.3248489309304974,4.899584503166199
2016-01-27,5.0,0.3709063806498252,1.3351542070129545,4.915062289967149
2016-01-28,5.0,0.374547160475561,1.33284965356876,4.899584503166199
2016-01-29,5.0,0.3743849082057976,1.33683173216086,4.899584503166199
2016-02-01,5.0,0.3709063806498252,1.3385413269602506,4.925470615306441
2016-02-02,5.0,0.3709063806498252,1.3410271520387609,4.949697350960353
2016-02-03,5.0,0.3743849082057976,1.3398207823044932,4.965047147574576
2016-02-04,5.0,0.3749092867545193,1.3492250721374839,4.949697350960353
2016-02-05,5.0,0.37665936076806344,1.3485042357691184,4.949568418469669
2016-02-08,5.0,0.3775167019386981,1.3527983343870984,4.958627216861496
2016-02-09,5.0,0.3800663774453535,1.3552498907007966,4.964371647323031
2016-02-10,5.0,0.37750737071343804,1.3585662970620493,5.013601524880634
2016-02-11,5.0,0.37761639808474057,1.354987172478641,5.013601524880634
2016-02-12,5.0,0.38140306726859174,1.3593215500629214,5.024739129965194
2016-02-16,5.0,0.37761639808474057,1.3595006921492923,5.014469081182207
2016-02-17,5.0,0.3800663774453535,1.3590003626592337,5.020757118609521
2016-02-18,5.0,0.38009111189284334,1.3590003626592337,5.013499422025361
2016-02-19,5.0,0.37750343164978506,1.3579209816819389,5.013548804772224
2016-02-22,5.0,0.37610277087258687,1.3555501947440238,5.013548804772224
2016-02-23,5.0,0.3745904696736118,1.3555501947440238,5.020757118609521
2016-02-24,5.0,0.3745962181513719,1.35498709887892,5.059415621726204
2016-02-25,5.0,0.3688923686523841,1.3485951122635675,5.020757118609521
2016-02-26,5.0,0.3692340419299046,1.3580084400255161,5.059415621726204
2016-02-29,5.0,0.3692340419299046,1.3573236328557043,5.068668092265003
2016-03-01,5.0,0.37733104236882903,1.3553993922236889,5.058761403551075
2016-03-02,5.0,0.3782574402070449,1.3613047452890208,5.058811068561049
2016-03-03,5.0,0.3782574402070449,1.3638012070838705,5.014169567458212
2016-03-04,5.0,0.3777422494253289,1.368581703058144,5.058811068561049
2016-03-07,5.0,0.3771237253696545,1.368581703058144,5.058811068561049
2016-03-08,5.0,0.3693466384002126,1.3694060374612738,5.058733581668549
2016-03-09,5.0,0.3689070575332111,1.3755481975953803,5.002996635655846
2016-03-10,5.0,0.3686745072373913,1.3768240352217311,5.002996635655846
2016-03-11,5.0,0.36581800787927776,1.3800856048604708,5.038669737839513
2016-03-14,5.0,0.363209538969349,1.3809987408527422,5.038669737839513
2016-03-15,5.0,0.36885238308216467,1.3704384014714774,5.056601593379202
2016-03-16,5.0,0.3703457080124735,1.3805311743172521,5.056355573540426
2016-03-17,5.0,0.36885238308216467,1.3805311743172521,5.056838836213529
2016-03-18,5.0,0.36650116801722765,1.367727012882399,5.03861916777932
2016-03-21,5.0,0.3672154984460803,1.3621532914859804,5.011216767190472
2016-03-22,5.0,0.36650116801722765,1.3672657156488373,5.068185709305707
2016-03-23,5.0,0.3648798802676979,1.3690006295151989,5.068185709305707
2016-03-24,5.0,0.3648798802676979,1.3691416117600457,5.073165664736917
2016-03-28,5.0,0.3648798802676979,1.3812404189762715,5.068185709305707
2016-03-29,5.0,0.3638597439062289,1.3772688275077343,5.028421687394372
2016-03-30,5.0,0.36150968835194264,1.3715261214271997,5.042330326226191
2016-03-31,5.0,0.36150968835194264,1.378721420355043,5.068401026708387
2016-04-01,5.0,0.3637091116915081,1.3728500346438959,5.077319424921061
2016-04-04,5.0,0.3585041322456096,1.3683094937149964,5.095900102658087
2016-04-05,5.0,0.3622139934618135,1.3691265393388627,5.1277908437133455
2016-04-06,5.0,0.364061201008868,1.368773924233373,5.108431142309113
2016-04-07,5.0,0.36213717251300376,1.3727186500465947,5.110773966062245
2016-04-08,5.0,0.36213717251300376,1.3717794439607265,5.068818723003578
2016-04-11,5.0,0.36827934047290456,1.3723922289239006,5.110773966062245
2016-04-12,5.0,0.36286761715704735,1.3803610613330564,5.110370635522634
2016-04-13,5.0,0.3628977450265642,1.378294228197725,5.098485020809763
2016-04-14,5.0,0.36276753054238947,1.3731817832898072,5.077154360702706
2016-04-15,5.0,0.36272005706443955,1.375633339120471,5.068289840576288
2016-04-18,5.0,0.36284084623930923,1.378294228197725,5.0779766534326365
2016-04-19,5.0,0.36283343089556264,1.3767169940297896,5.071024338585324
2016-04-20,5.0,0.3638933544567786,1.375633339120471,5.052405848807921
2016-04-21,5.0,0.3692083551067366,1.3770142690097646,5.132460613072129
2016-04-22,5.0,0.3638933544567786,1.3773845158631595,5.163163272657326
2016-04-25,5.0,0.3638933544567786,1.3812247496483243,5.164232621677182
2016-04-26,5.0,0.3638763120850799,1.3810134653993726,5.221737763722324
2016-04-27,5.0,0.3568614894079023,1.3751528670114523,5.221737763722324
2016-04-28,5.0,0.3568614894079023,1.375944722618967,5.221737763722324
2016-04-29,5.0,0.36346400011842717,1.374409288065357,5.168802810506464
2016-05-02,5.0,0.36539291331675905,1.3746911130674073,5.12809178440617
2016-05-03,5.0,0.36341187395108193,1.371303018679248,5.053946063448498
2016-05-04,5.0,0.36539291331675905,1.374409288065357,5.051153078012676
2016-05-05,5.0,0.3691998964079573,1.374409288065357,5.098944812919067
2016-05-06,5.0,0.3691998964079573,1.3738666841363334,5.177952640439048
2016-05-09,5.0,0.3667012535249074,1.3716435271928282,5.221640491179769
2016-05-10,5.0,0.3645579137550506,1.3742802630152293,5.206454756422031
2016-05-11,5.0,0.36354866460882224,1.3787490950281467,5.221737763722324
2016-05-12,5.0,0.37173557881062846,1.3801701397068005,5.252841976443544
2016-05-13,5.0,0.36933293172104387,1.3801701397068005,5.2633990958048535
2016-05-16,5.0,0.36933293172104387,1.3801701397068005,5.270388469233811
2016-05-17,5.0,0.37076962484164727,1.379681152385985,5.271661580191266
2016-05-18,5.0,0.37177213373759505,1.3738666841363334,5.378427764163939
2016-05-19,5.0,0.36933293172104387,1.3727722494425936,5.2657931602869255
2016-05-20,5.0,0.36933293172104387,1.3751205692739334,5.2936168343132275
2016-05-23,5.0,0.3687738012390371,1.3814790818094824,5.3621678264680055
2016-05-24,5.0,0.3677621199894211,1.3704431131765054,5.231568865523279
2016-05-25,5.0,0.36930699117618193,1.3722419054168902,5.224795983982271
2016-05-26,5.0,0.36784428032492206,1.3824008152010208,5.26387784374665
2016-05-27,5.0,0.36928694936190354,1.3703777660951768,5.286494698097445
2016-05-31,5.0,0.36928694936190354,1.3689971974822317,5.234932052082867
2016-06-01,5.0,0.3643123133946632,1.381117529351979,5.361206652712679
2016-06-02,5.0,0.3650022074811668,1.374460654604457,5.361085861589672
2016-06-03,5.0,0.36501059700331734,1.377360600017501,5.352341708608058
2016-06-06,5.0,0.36922692411897967,1.3730229842232347,5.361085861589672
2016-06-07,5.0,0.36464980133214203,1.372674230344178,5.339837362201553
2016-06-08,5.0,0.3606803976126455,1.380177347016744,5.352341708608058
2016-06-09,5.0,0.3645630525694087,1.3770020798241585,5.362981260990926
2016-06-10,5.0,0.36065808611944433,1.3817692028867583,5.363070356681458
2016-06-13,5.0,0.3582280694835005,1.390678156508908,5.510790150717194
2016-06-14,5.0,0.35480864678824764,1.3817692028867583,5.536282466396926
2016-06-15,5.0,0.35630891348168603,1.382631967209401,5.583404813912388
2016-06-16,5.0,0.35317737947591127,1.3888564553102516,5.556747311537871
2016-06-17,5.0,0.3519994564552062,1.393934594034178,5.556747311537871
2016-06-20,5.0,0.35630891348168603,1.3971989780324199,5.556747311537871
2016-06-21,5.0,0.35630891348168603,1.387984097862665,5.556747311537871
2016-06-22,5.0,0.35474261624427506,1.3850110388869243,5.608836941157279
2016-06-23,5.0,0.35630891348168603,1.389001922994411,5.584501065071813
2016-06-24,5.0,0.3565415475294287,1.3966939215118952,5.598740953148555
2016-06-27,5.0,0.3548106848527556,1.4069208553598451,5.627021636930062
2016-06-28,5.0,0.35469801984399063,1.4069208553598451,5.658876601936729
2016-06-29,5.0,0.35198598930787106,1.4047875533270708,5.6588447738808005
2016-06-30,5.0,0.3519558314657376,1.4067956383447635,5.753948980474041
2016-07-01,5.0,0.35274568322712274,1.4030935468288814,5.878635629024605
2016-07-05,5.0,0.3519558314657376,1.4030935468288814,5.852087892618025
2016-07-06,5.0,0.3519558314657376,1.4018331327647797,5.7797956999175515
2016-07-07,5.0,0.3519558314657376,1.3988818807278032,5.7686482883365615
2016-07-08,5.0,0.3520193108930708,1.4002777352198423,5.7686482883365615
2016-07-11,5.0,0.35274568322712274,1.4012204299329056,5.7686482883365615
2016-07-12,5.0,0.3494259463825035,1.4022467340609657,5.7686482883365615
2016-07-13,5.0,0.3494259463825035,1.3980380042905884,5.779226709861994
2016-07-14,5.0,0.3483110081052308,1.4035338758939027,5.846419488544952
2016-07-15,5.0,0.34812024869764563,1.3998245754408662,5.7797956999175515
2016-07-18,5.0,0.3520086471731913,1.3998245754408662,5.759747748487194
2016-07-19,5.0,0.3520086471731913,1.4079820483726455,5.759747748487194
2016-07-20,5.0,0.35412836581391205,1.4079820483726455,5.771231977551911
2016-07-21,5.0,0.3536387077712557,1.4027607348583815,5.872015106455037
2016-07-22,5.0,0.3536387077712557,1.403470315644822,5.799334962878963
2016-07-25,5.0,0.35220464772432475,1.4079820483726455,5.771231977551911
2016-07-26,5.0,0.35364344315423824,1.405764156051959,5.771231977551911
2016-07-27,5.0,0.35364344315423824,1.4051658243094187,5.771231977551911
2016-07-28,5.0,0.35220464772432475,1.4051658243094187,5.771231977551911
2016-07-29,5.0,0.35452827715384444,1.4093015455364664,5.88096393510636
2016-08-01,5.0,0.3536387077712557,1.4073157075656795,5.88096393510636
2016-08-02,5.0,0.35199479306004,1.4051542075891894,5.88096393510636
2016-08-03,5.0,0.35199479306004,1.4051514149339899,5.88096393510636
2016-08-04,5.0,0.35199479306004,1.4073157075656795,5.887137898867833
2016-08-05,5.0,0.35095603727510954,1.416636468478476,5.885513777528819
2016-08-08,5.0,0.35095603727510954,1.4082101111241907,5.979485533637728
2016-08-09,5.0,0.3521577406844045,1.4006959514996662,5.9365598361518295
2016-08-10,5.0,0.3487252344186018,1.4157785190794399,5.916110927923681
2016-08-11,5.0,0.3487252344186018,1.4196958070940093,5.914446099583169
2016-08-12,5.0,0.3487252344186018,1.423262816880889,6.001461285038156
2016-08-15,5.0,0.35095603727510954,1.423262816880889,6.035649338074453
2016-08-16,5.0,0.35095603727510954,1.4237563755661387,6.001461285038156
2016-08-17,5.0,0.3513799613485289,1.4242896612646354,6.037724244665359
2016-08-18,5.0,0.35127842222182404,1.424905546132417,5.915188117628463
2016-08-19,5.0,0.3497614477699438,1.4292492682540354,5.985156974104912
2016-08-22,5.0,0.35156968682357814,1.4297477867275086,6.00064367261113
2016-08-23,5.0,0.3513504743799982,1.4367735032505946,6.00064367261113
2016-08-24,5.0,0.35156968682357814,1.4408529636519156,6.003214851537367
2016-08-25,5.0,0.3513504743799982,1.44585495094648,5.9639411213427636
2016-08-26,5.0,0.35156968682357814,1.4446093752716926,6.001461285038156
2016-08-29,5.0,0.34981544219864025,1.44585495094648,5.963575787465604
2016-08-30,5.0,0.3497676559111257,1.4466615952116837,5.963575787465604
2016-08-31,5.0,0.3504245065789789,1.450241291816234,5.963575787465604
2016-09-01,5.0,0.3459374577548764,1.4500351855468026,5.95558492028604
2016-09-02,5.0,0.3459992597709308,1.4500351855468026,5.963575787465604
2016-09-06,5.0,0.34868176635491954,1.4500351855468026,5.963138640388663
2016-09-07,5.0,0.35067593006316083,1.441767725701807,5.996164319574482
2016-09-08,5.0,0.3508125538602098,1.4359571639528141,5.996164319574482
2016-09-09,5.0,0.3408318920534248,1.4396179813976335,6.05688505497727
2016-09-12,5.0,0.3434448706964925,1.4437618900442468,5.978211646698092
2016-09-13,5.0,0.339675089075133,1.4577462393008558,6.147680795071728
2016-09-14,5.0,0.3408186573820943,1.4577462393008558,6.1973553101576995
2016-09-15,5.0,0.339675089075133,1.4489344978460856,6.114748119080619
2016-09-16,5.0,0.336478702286708,1.4516329781896493,6.106327098803463
2016-09-19,5.0,0.3354798165718446,1.4552740202823453,6.195991049290205
2016-09-20,5.0,0.3354798165718446,1.4542838640416442,6.189650972251418
2016-09-21,5.0,0.3335756737698348,1.4632030138719272,6.1949857482935515
2016-09-22,5.0,0.333481179063881,1.4721017550956468,6.194489864150118
2016-09-23,5.0,0.3332719261671989,1.4666126938083766,6.189650972251418
2016-09-26,5.0,0.3332719261671989,1.4594735699722428,6.189650972251418
2016-09-27,5.0,0.33057312700116237,1.4611204143039656,6.189650972251418
2016-09-28,5.0,0.33057312700116237,1.4615541465708866,6.19011407886689
2016-09-29,5.0,0.33057312700116237,1.462678378612317,6.196608720216861
2016-09-30,5.0,0.3300533794954397,1.4670128274444068,6.30727153614029
2016-10-03,5.0,0.3300533794954397,1.462465278299358,6.214052207293707
2016-10-04,5.0,0.3300533794954397,1.461775493133484,6.213637834255839
2016-10-05,5.0,0.3300533794954397,1.461775493133484,6.290858653906665
2016-10-06,5.0,0.3300533794954397,1.461775493133484,6.3439347894474
2016-10-07,5.0,0.3316015071685978,1.4614033681243082,6.3439347894474
2016-10-10,5.0,0.3296765020164093,1.4617397762578554,6.339266384647108
2016-10-11,5.0,0.33158392689629723,1.4641820640639527,6.3439347894474
2016-10-12,5.0,0.333073187879016,1.4623418115713518,6.3439347894474
2016-10-13,5.0,0.33155344356731875,1.4642505596605886,6.361537159430292
2016-10-14,5.0,0.33155344356731875,1.4616936068725057,6.344270142628705
2016-10-17,5.0,0.32843856005248473,1.464086328492525,6.344270142628705
2016-10-18,5.0,0.32851312690091744,1.466619906220985,6.3762103582865395
2016-10-19,5.0,0.32851312690091744,1.468523584410018,6.3762103582865395
2016-10-20,5.0,0.32851312690091744,1.474741968094536,6.5227336764460215
2016-10-21,5.0,0.3284088449594987,1.474112438283829,6.565170782017401
2016-10-24,5.0,0.3196011813100363,1.4788355621903353,6.548149424813782
2016-10-25,5.0,0.3166083298588387,1.4810014730468826,6.548642821125286
2016-10-26,5.0,0.3169239789846437,1.4790238198183543,6.5869939531304365
2016-10-27,5.0,0.3151270845849963,1.4781761475698283,6.5869939531304365
2016-10-28,5.0,0.3142567379663286,1.4812381814734286,6.690730360928733
2016-10-31,5.0,0.3142567379663286,1.4917909174138364,6.690730360928733
2016-11-01,5.0,0.3142567379663286,1.491896713831821,6.593643487357072
2016-11-02,5.0,0.31366500373944856,1.4921241473711944,6.589324924688665
2016-11-03,5.0,0.31008938353106696,1.4936738120504032,6.548734129074897
2016-11-04,5.0,0.31008938353106696,1.4987534943129486,6.6396679304260955
2016-11-07,5.0,0.31152860625544515,1.4972487728730801,6.778291311238624
2016-11-08,5.0,0.3113736094384229,1.4945586342319006,6.592770512654561
2016-11-09,5.0,0.31006614691764733,1.4965680101481944,6.6703744600657755
2016-11-10,5.0,0.31006614691764733,1.4954649132567792,6.66580620094985
2016-11-11,5.0,0.31239990791620276,1.4961983377396473,6.66805965735491
2016-11-14,5.0,0.31648969863529547,1.4961983377396473,6.66805965735491
2016-11-15,5.0,0.3124335340750938,1.5039966213978557,6.669170091935475
2016-11-16,5.0,0.3100566722721676,1.5072924548888698,6.721995968921473
2016-11-17,5.0,0.3116027828646461,1.5174564926334404,6.723200337051774
2016-11-18,5.0,0.3164689680627514,1.5213989410394906,6.776831549602668
2016-11-21,5.0,0.3167189706654113,1.515740904051313,6.658955753875903
2016-11-22,5.0,0.31697121500521447,1.4993796442781084,6.776831549602668
2016-11-23,5.0,0.3186673533232259,1.5142481924242244,6.73008828722921
2016-11-25,5.0,0.3186673533232259,1.5151382301161458,6.723768070344928
2016-11-28,5.0,0.3186813045769491,1.5151382301161458,6.723526115714218
2016-11-29,5.0,0.31868921437165565,1.508496310188911,6.790393778791749
2016-11-30,5.0,0.3167015104789172,1.5041673954613455,6.648477174597264
2016-12-01,5.0,0.3167305866080475,1.5080819947808148,6.722181918968711
2016-12-02,5.0,0.3192474315006606,1.5015832300376522,6.7373874701948235
2016-12-05,5.0,0.31865577755185415,1.5034799938498025,6.634778300261813
2016-12-06,5.0,0.32157131036419523,1.5047136216775039,6.861940441460631
2016-12-07,5.0,0.32711436182836634,1.5089116744496704,6.8086584020479615
2016-12-08,5.0,0.316599147876581,1.5089116744496704,6.7373219949815875
2016-12-09,5.0,0.316638825809657,1.50757804570477,6.86074917966415
2016-12-12,5.0,0.3227036138020169,1.5039306801572068,6.86074917966415
2016-12-13,5.0,0.31251093127159096,1.4991954269123828,6.861842943804928
2016-12-14,5.0,0.32259878773522227,1.4991954269123828,6.882920055915991
2016-12-15,5.0,0.32312333786342545,1.5038951321083174,6.886027676212002
2016-12-16,5.0,0.3228406951022699,1.4925377662598336,6.75544399679946
2016-12-19,5.0,0.3262632868868455,1.4976515202805603,6.861940441460631
2016-12-20,5.0,0.3228406951022699,1.5085304511096425,6.8835880679652774
2016-12-21,5.0,0.3222010974602858,1.5104563582532897,6.8835880679652774
2016-12-22,5.0,0.3228406951022699,1.5040777689139562,6.820597085209811
2016-12-23,5.0,0.3222010974602858,1.4994128323256746,6.775460135472192
2016-12-27,5.0,0.3228406951022699,1.4994128323256746,6.783946612143585
2016-12-28,5.0,0.32221998262821916,1.5100966032740262,6.775460135472192
2016-12-29,5.0,0.32221998262821916,1.5053721865688772,6.78560796099991
2016-12-30,5.0,0.32171722534621716,1.507741567769401,6.822197999770842
2017-01-03,5.0,0.3244571618750651,1.5115239808067868,6.821713716577915
2017-01-04,5.0,0.32563720280707675,1.5052508007129664,6.821713716577915
2017-01-05,5.0,0.3244571618750651,1.51026829298486,6.840281199120157
2017-01-06,5.0,0.3264489384272212,1.5186892302333015,6.821713716577915
2017-01-09,5.0,0.32177934828725147,1.518883308506616,6.821713716577915
2017-01-10,5.0,0.31795914736218667,1.518883308506616,6.766880621106378
2017-01-11,5.0,0.32168004684952434,1.502845587747088,6.8245991734565505
2017-01-12,5.0,0.32168004684952434,1.502845587747088,6.83112340001043
2017-01-13,5.0,0.32176525165794473,1.5143970095746835,6.859477420167159
2017-01-17,5.0,0.32374048008884243,1.513957318939193,6.859477420167159
2017-01-18,5.0,0.3219455996790774,1.5193867195530597,6.935085962707981
2017-01-19,5.0,0.3228896586331221,1.5174655055977888,6.935085962707981
2017-01-20,5.0,0.32361377212406117,1.5193867195530597,6.935085962707981
2017-01-23,5.0,0.32309514252021354,1.5226384591538107,6.914353683893741
2017-01-24,5.0,0.3197157119484903,1.5195713612072819,6.914353683893741
2017-01-25,5.0,0.31760197838506526,1.5193867195530597,6.914353683893741
2017-01-26,5.0,0.32304420126669614,1.5116269795934916,7.0867657643992485
2017-01-27,5.0,0.32300142692819195,1.5193867195530597,7.089917669031632
2017-01-30,5.0,0.31801448622516515,1.5152126867870228,7.13803164924573
2017-01-31,5.0,0.3230160431643777,1.5161405433469926,7.139915171466584
2017-02-01,5.0,0.3187394419351116,1.5205539479539119,7.139915171466584
2017-02-02,5.0,0.3211125259528121,1.5163853880570595,7.142066233404135
2017-02-03,5.0,0.31396599476396964,1.5263463986855557,7.306006733084289
2017-02-06,5.0,0.31187787822070406,1.5263463986855557,7.306006733084289
2017-02-07,5.0,0.3112225332557105,1.537446891809971,7.207582787706369
2017-02-08,5.0,0.31382997306438687,1.5350664249188632,7.139542542497023
2017-02-09,5.0,0.31384665822686825,1.5316423835356758,7.139542542497023
2017-02-10,5.0,0.313982679926451,1.5361038069211157,7.324832218818178
2017-02-13,5.0,0.31254489171251293,1.5227899538120269,7.293724145910834
2017-02-14,5.0,0.31185792730208745,1.5276221959320622,7.287616492727406
2017-02-15,5.0,0.312508648638861,1.5321026411071652,7.317999471871095
2017-02-16,5.0,0.3138795439492087,1.5321026411071652,7.293724145910834
2017-02-17,5.0,0.31356081574293077,1.5275252520204041,7.318293357547007
2017-02-21,5.0,0.30824560995512923,1.5270964960505804,7.282038224802238
2017-02-22,5.0,0.30794046639866524,1.5253333201656005,7.282038224802238
2017-02-23,5.0,0.30884209812994307,1.5246967459692158,7.280563927336563
2017-02-24,5.0,0.31375995763462466,1.5253333201656005,7.2875787024559795
2017-02-27,5.0,0.3113046177446962,1.5346896233905842,7.327800915733621
2017-02-28,5.0,0.3087493453573925,1.537896166671903,7.3404650842099395
2017-03-01,5.0,0.3087493453573925,1.5344375860100237,7.2535251553280915
2017-03-02,5.0,0.3132592852092479,1.5344375860100237,7.287076738777915
2017-03-03,5.0,0.3138227101398887,1.53102392769242,7.225351834826853
2017-03-06,5.0,0.3138227101398887,1.5346896233905842,7.270407716338245
2017-03-07,5.0,0.3113187383431909,1.538535005750371,7.225351834826853
2017-03-08,5.0,0.3113187383431909,1.5404180202288076,7.142058200407726
2017-03-09,5.0,0.3132076495506786,1.5404180202288076,7.1019707090569115
2017-03-10,5.0,0.3132076495506786,1.5393779343102463,7.181982199463065
2017-03-13,5.0,0.3132076495506786,1.5408086241469194,7.184374048117508
2017-03-14,5.0,0.31128528539607,1.5406152819514625,7.184374048117508
2017-03-15,5.0,0.3138698967886251,1.5455578630542917,7.250780288119652
2017-03-16,5.0,0.31345959855373295,1.5412139331641876,7.250780288119652
2017-03-17,5.0,0.31345959855373295,1.5474268313086483,7.355490345251617
2017-03-20,5.0,0.320169194650469,1.5457157607417065,7.356294233958264
2017-03-21,5.0,0.31557559276297464,1.5542821684505967,7.356294233958264
2017-03-22,5.0,0.3202168995821061,1.550106474930223,7.311789049879665
2017-03-23,5.0,0.3168315399904183,1.5527573636997312,7.34070045545568
2017-03-24,5.0,0.31557094624371457,1.5497728087275366,7.351368794769264
2017-03-27,5.0,0.31481687054012897,1.5476785929052115,7.351368794769264
2017-03-28,5.0,0.31319879319443994,1.5583414471277424,7.349613136361917
2017-03-29,5.0,0.3117539407630551,1.5550359869859909,7.402919125247418
2017-03-30,5.0,0.31167674496009545,1.550486551543683,7.40790102583668
2017-03-31,5.0,0.31473667563446056,1.5485492746489928,7.398790945656806
2017-04-03,5.0,0.309907043868273,1.5400739500628395,7.484610987163485
2017-04-04,5.0,0.30345916527978395,1.5420326712710377,7.489580156433232
2017-04-05,5.0,0.30337519224251036,1.5420326712710377,7.527639604884189
2017-04-06,5.0,0.30337519224251036,1.5467494895263507,7.559097661832126
2017-04-07,5.0,0.30346121197935494,1.5467494895263507,7.559097661832126
2017-04-10,5.0,0.30337519224251036,1.546098027269225,7.6837245641572185
2017-04-11,5.0,0.30471881657894373,1.5560447791427847,7.777131412744143
2017-04-12,5.0,0.30471881657894373,1.5498586974321638,7.8542506262697716
2017-04-13,5.0,0.30474020146798875,1.5562090636884043,7.777131412744143
2017-04-17,5.0,0.3125937407395843,1.5585275180366671,7.777131412744143
2017-04-18,5.0,0.3125937407395843,1.5595512344570301,7.730996765432029
2017-04-19,5.0,0.30474020146798875,1.5580233879789867,7.777131412744143
2017-04-20,5.0,0.30559840847067443,1.5637551040517055,7.831524908187428
2017-04-21,5.0,0.3064439538593297,1.5617297311597678,7.8310515377152905
2017-04-24,5.0,0.3072699597448811,1.5660829573611474,7.776464958544525
2017-04-25,5.0,0.30728785846910683,1.5601105591059738,7.776622301793145
2017-04-26,5.0,0.30435973174990627,1.5601105591059738,7.728808910360693
2017-04-27,5.0,0.3097431537360332,1.555195624323456,7.852302265034477
2017-04-28,5.0,0.314106049225255,1.5621792703917035,7.729081794707382
2017-05-01,5.0,0.314106049225255,1.5653720566325036,7.730142335257224
2017-05-02,5.0,0.314106049225255,1.5717661572231212,7.730142335257224
2017-05-03,5.0,0.3105914111771563,1.5766788202447386,7.830120861069076
2017-05-04,5.0,0.3101080059052823,1.5783950815328507,7.830120861069076
2017-05-05,5.0,0.3099241261977046,1.5754347572618101,7.830120861069076
2017-05-08,5.0,0.3099250374980764,1.5736996397749006,7.831527419404576
2017-05-09,5.0,0.3101080059052823,1.5828638355697995,7.8300320624511315
2017-05-10,5.0,0.3083976979921359,1.5828638355697995,7.888758741909775
2017-05-11,5.0,0.3083976979921359,1.5775299702672483,8.011762146199525
2017-05-12,5.0,0.3066030677523778,1.5719247883611067,7.94698807041302
2017-05-15,5.0,0.30840601553922126,1.5713918209019477,7.94698807041302
2017-05-16,5.0,0.30828463338167245,1.568921353956002,7.947367659182819
2017-05-17,5.0,0.3084157263179473,1.558807625463248,7.946534415281697
2017-05-18,5.0,0.30730617245902,1.558807625463248,7.994069596077833
2017-05-19,5.0,0.3066299606013313,1.5527778526803386,7.946534415281697
2017-05-22,5.0,0.30659333216693974,1.5497600729459982,7.971190945477241
2017-05-23,5.0,0.30732065586161544,1.5615265823178996,8.028388428598205
2017-05-24,5.0,0.302191122844623,1.5615265823178996,8.099928613745831
2017-05-25,5.0,0.29981846216921876,1.5600049022053333,8.119147376056562
2017-05-26,5.0,0.29973150231171714,1.5642236499167335,8.099928613745831
2017-05-30,5.0,0.29973150231171714,1.5586492284612081,8.250005774004805
2017-05-31,5.0,0.30213498896601537,1.5642236499167335,8.103163270424014
2017-06-01,5.0,0.3040392678876008,1.5713056049706466,8.250005774004805
2017-06-02,5.0,0.30784873565395654,1.5717940887841992,8.123796528718847
2017-06-05,5.0,0.3100266968990881,1.5729572045170912,8.099092073247396
2017-06-06,5.0,0.3127482439581189,1.575393773075022,8.126682520932711
2017-06-07,5.0,0.3136710279311152,1.5743653251080825,8.111969462589881
2017-06-08,5.0,0.3136710279311152,1.574065394373643,8.111969462589881
2017-06-09,5.0,0.31498610246832304,1.579780473358719,8.247734891219226
2017-06-12,5.0,0.31498610246832304,1.5825264950250726,8.198697294979254
2017-06-13,5.0,0.3140394447920034,1.5850081035725512,8.198697294979254
2017-06-14,5.0,0.3136810536804912,1.5883442538601298,8.198697294979254
2017-06-15,5.0,0.31498610246832304,1.5828473584092824,8.198697294979254
2017-06-16,5.0,0.31498610246832304,1.5800375766802184,8.198697294979254
2017-06-19,5.0,0.31498610246832304,1.5844572256476392,8.198212661958493
2017-06-20,5.0,0.3136852393930129,1.5844572256476392,8.19879937711114
2017-06-21,5.0,0.30357176889459253,1.5921782500327977,8.130175928617717
2017-06-22,5.0,0.30817596700421984,1.5844572256476392,8.130175928617717
2017-06-23,5.0,0.30817596700421984,1.5906652312917096,8.130175928617717
2017-06-26,5.0,0.30817596700421984,1.5818894837981405,8.168748942918103
2017-06-27,5.0,0.31330710775903975,1.58288924506576,8.175026677852147
2017-06-28,5.0,0.31060366320987476,1.584031500441636,8.251269056562002
2017-06-29,5.0,0.3118344791209952,1.5850081035725512,8.210838762687448
2017-06-30,5.0,0.31177524678898993,1.5873418555227832,8.210838762687448
2017-07-03,5.0,0.3152845642868222,1.6044449172440336,8.210838762687448
2017-07-05,5.0,0.3152384785775894,1.6112526054237377,8.188402069452666
2017-07-06,5.0,0.309361461647001,1.6046680341239172,8.25194938003937
2017-07-07,5.0,0.30985150238480247,1.6046680341239172,8.263034258083726
2017-07-10,5.0,0.30985150238480247,1.6009014960534775,8.346780470210241
2017-07-11,5.0,0.3052263097080551,1.6009014960534775,8.379976992626244
2017-07-12,5.0,0.3042200233495796,1.606886246577143,8.53195445695557
2017-07-13,5.0,0.3093733065353552,1.6020831424991395,8.45470545788922
2017-07-14,5.0,0.3051692984967261,1.589596942621085,8.45470545788922
2017-07-17,5.0,0.3051692984967261,1.5994688668276675,8.45470545788922
2017-07-18,5.0,0.3093823942665067,1.5924988796960493,8.515719013445752
2017-07-19,5.0,0.3093823942665067,1.6005088274509816,8.453850122126969
2017-07-20,5.0,0.3055237200116333,1.6150425738994865,8.395692132307241
2017-07-21,5.0,0.3046776154967322,1.6068721277183962,8.473966915864063
2017-07-24,5.0,0.30458033179587013,1.6068721277183962,8.495873274127767
2017-07-25,5.0,0.30519061226644445,1.5971993313619666,8.495873274127767
2017-07-26,5.0,0.3055237200116333,1.60011228303763,8.495873274127767
2017-07-27,5.0,0.3055237200116333,1.6058084445358682,8.530782658458321
2017-07-28,5.0,0.30605653118428144,1.5951320305012415,8.530782658458321
2017-07-31,5.0,0.3098356635661186,1.579452450596508,8.530782658458321
2017-08-01,5.0,0.3098356635661186,1.579452450596508,8.578874651371464
2017-08-02,5.0,0.3087113994284607,1.5906584453623158,8.706747811597994
2017-08-03,5.0,0.3117413743603851,1.5906584453623158,8.621120726098766
2017-08-04,5.0,0.3120613155421151,1.5992638338665186,8.619783780648493
2017-08-07,5.0,0.3120613155421151,1.6066128977866019,8.619783780648493
2017-08-08,5.0,0.3143302441107419,1.6116962698443307,8.532172168435519
2017-08-09,5.0,0.3120613155421151,1.6137283571892709,8.531674608300262
2017-08-10,5.0,0.3143221785026366,1.6069773171899122,8.487988891823584
2017-08-11,5.0,0.31431679603701307,1.610136911576971,8.487988891823584
2017-08-14,5.0,0.3113870899574486,1.616720413215321,8.715860206956489
2017-08-15,5.0,0.3096321846634824,1.6153580067776692,8.532569408160256
2017-08-16,5.0,0.3066787909340112,1.6092903261012461,8.459380474039818
2017-08-17,5.0,0.3066787909340112,1.6069773171899122,8.535116725381704
2017-08-18,5.0,0.3114107325850802,1.61483768688174,8.644955812535214
2017-08-21,5.0,0.30563353425628176,1.6257337674752237,8.58635266448415
2017-08-22,5.0,0.30560965131249057,1.6356575698440148,8.584968489403778
2017-08-23,5.0,0.305697518762262,1.6356691420105505,8.584968489403778
2017-08-24,5.0,0.30062691070824016,1.6257337674752237,8.643061090743641
2017-08-25,5.0,0.3006173036172292,1.6223167781202803,8.705729399532364
2017-08-28,5.0,0.3006173036172292,1.614943476081614,8.667718004653084
2017-08-29,5.0,0.2959965138154863,1.6196401318928584,8.713434252108893
2017-08-30,5.0,0.29883709951075965,1.6156974394321368,8.707314959870114
2017-08-31,5.0,0.29883709951075965,1.6114926442201964,8.713434252108893
2017-09-01,5.0,0.2982734463098155,1.6087265695590736,8.720130312641679
2017-09-05,5.0,0.2989801614092478,1.618805143432853,8.720130312641679
2017-09-06,5.0,0.30405084009184613,1.608115493447524,8.720130312641679
2017-09-07,5.0,0.30405084009184613,1.6082996826834925,8.722152409577646
2017-09-08,5.0,0.30558736519907037,1.6087736476191916,8.802165380892255
2017-09-11,5.0,0.31217145420047315,1.6125648505771744,8.877882198913705
2017-09-12,5.0,0.31217145420047315,1.6113080590179043,8.82202884075554
2017-09-13,5.0,0.3120938602791258,1.6125648505771744,8.89957830526947
2017-09-14,5.0,0.31200937612693247,1.6135526879366928,8.924049534370535
2017-09-15,5.0,0.3122854428251081,1.6092816128753153,8.92879635332617
2017-09-18,5.0,0.3125948702125266,1.6069455437233091,8.935447257445272
2017-09-19,5.0,0.31215219124754634,1.6079271720970345,8.917752841971716
2017-09-20,5.0,0.3167759016270134,1.609067266467819,8.920835957370691
2017-09-21,5.0,0.319332557175268,1.6092816128753153,8.921189966990841
2017-09-22,5.0,0.31491604924570027,1.611377923697232,9.001803588860147
2017-09-25,5.0,0.31491604924570027,1.6130308047623165,8.953777679760499
2017-09-26,5.0,0.31491604924570027,1.6160133311271,8.900093773722926
2017-09-27,5.0,0.3068968984564229,1.6134943263528205,8.956481309027579
2017-09-28,5.0,0.3133589990666727,1.6160133311271,8.94938578084075
2017-09-29,5.0,0.31437333658567196,1.6254435722301466,9.06355797196026
2017-10-02,5.0,0.31437333658567196,1.6256250959710221,9.06355797196026
2017-10-03,5.0,0.30691351797105315,1.6289196514014908,9.132591705723751
2017-10-04,5.0,0.314231301437044,1.6260282579561425,9.230251718032433
2017-10-05,5.0,0.3089941337814882,1.6240548211012378,9.230251718032433
2017-10-06,5.0,0.3068348529307032,1.6248343795703708,9.269785897768577
2017-10-09,5.0,0.3143999988410809,1.623368303707848,9.269785897768577
2017-10-10,5.0,0.3136404912486771,1.6248343795703708,9.269785897768577
2017-10-11,5.0,0.31354355367988807,1.6173762126980904,9.269785897768577
2017-10-12,5.0,0.3116723921601668,1.6170556719270421,9.360818272137907
2017-10-13,5.0,0.3136483637039451,1.6106610388320979,9.27206566577433
2017-10-16,5.0,0.31273973650040926,1.6151931205084529,9.40636146486181
2017-10-17,5.0,0.3136483637039451,1.61153198170764,9.361528509449851
2017-10-18,5.0,0.3136483637039451,1.6075440790770912,9.356514043214153
2017-10-19,5.0,0.31761011413063434,1.616793819878152,9.324817085846833
2017-10-20,5.0,0.3136483637039451,1.6202432606070347,9.546796548060088
2017-10-23,5.0,0.3146424891002619,1.6224890864251518,9.39033255283984
2017-10-24,5.0,0.31462187840335215,1.61179123230466,9.388608757570427
2017-10-25,5.0,0.31462187840335215,1.6153644941232277,9.388608757570427
2017-10-26,5.0,0.314717607783897,1.6268835549901777,9.3135456011842
2017-10-27,5.0,0.314717607783897,1.6410905945485885,9.3135456011842
2017-10-30,5.0,0.314717607783897,1.6266140263047555,9.442178438750389
2017-10-31,5.0,0.31468659392557113,1.6206108321544634,9.442178438750389
2017-11-01,5.0,0.31341233792864254,1.624817224921947,9.442178438750389
2017-11-02,5.0,0.3157965067722779,1.624817224921947,9.442178438750389
2017-11-03,5.0,0.31467203517161785,1.6238284503087412,9.493211470138142
2017-11-06,5.0,0.31467203517161785,1.6206108321544634,9.430475814658667
2017-11-07,5.0,0.3128618070312534,1.6195525267209545,9.430475814658667
2017-11-08,5.0,0.31500571340899075,1.626612277481835,9.491751133014743
2017-11-09,5.0,0.31447601983413964,1.6206108321544634,9.491751133014743
2017-11-10,5.0,0.31471386782058386,1.6195525267209545,9.518769431311572
2017-11-13,5.0,0.31471386782058386,1.6195525267209545,9.532664221254532
2017-11-14,5.0,0.31465108585176377,1.6206108321544634,9.518769431311572
2017-11-15,5.0,0.31283197533342955,1.6206108321544634,9.477337261664882
2017-11-16,5.0,0.31233526288890134,1.638703079975693,9.518647086153797
2017-11-17,5.0,0.31283197533342955,1.6388891321781567,9.53049368477303
2017-11-20,5.0,0.31283197533342955,1.638683983840746,9.54009565782021
2017-11-21,5.0,0.31495885472573043,1.6607170596261998,9.714883553003963
2017-11-22,5.0,0.3100307858912474,1.6331997148806177,9.714998296625044
2017-11-24,5.0,0.3100307858912474,1.6646003420582998,9.871786584969536
2017-11-27,5.0,0.3100449697557283,1.644695637397935,9.714853237963558
2017-11-28,5.0,0.3100449697557283,1.641762028084775,9.714080892374772
2017-11-29,5.0,0.31067717030795355,1.646928245715255,9.700617768994551
2017-11-30,5.0,0.31132551464156144,1.6431357736187937,9.700617768994551
2017-12-01,5.0,0.30693192749582104,1.6354185464246742,9.636653921437981
2017-12-04,5.0,0.30741432862698065,1.6374635389582775,9.583797011879858
2017-12-05,5.0,0.30741432862698065,1.636644848914524,9.578968845075606
2017-12-06,5.0,0.30693192749582104,1.6636421435506337,9.579655744584024
2017-12-07,5.0,0.3042958707580237,1.6460597231706953,9.620255425875033
2017-12-08,5.0,0.2988769606009293,1.646350452212367,9.666637428757427
2017-12-11,5.0,0.2979067543557087,1.6665843464899752,9.702364165125562
2017-12-12,5.0,0.29340462153486163,1.6625208343960527,9.542429425701824
2017-12-13,5.0,0.29167599090351537,1.6669980852233601,9.362099486378602
2017-12-14,5.0,0.2926641825915687,1.6648523376028748,9.563056758046727
2017-12-15,5.0,0.2967022904623455,1.6648523376028748,9.674996764987926
2017-12-18,5.0,0.29276474166796,1.6692974794332134,9.541725289424685
2017-12-19,5.0,0.2967022904623455,1.6707347688103948,9.601012646524266
2017-12-20,5.0,0.2926969587432111,1.668726456714545,9.541725289424685
2017-12-21,5.0,0.2926487255996225,1.6682047956576966,9.532317465015769
2017-12-22,5.0,0.2971864717489606,1.6707347688103948,9.532317465015769
2017-12-26,5.0,0.29272809378759873,1.6673815776590937,9.554261242872485
2017-12-27,5.0,0.29272809378759873,1.6499157725806048,9.53865502737939
2017-12-28,5.0,0.29122237651887,1.634406859444596,9.55539504408498
2017-12-29,5.0,0.29714968866717606,1.6596551675876718,9.583360168353805
2018-01-02,5.0,0.2971722568502619,1.6554461237718572,9.580000731199155
2018-01-03,5.0,0.29837404921624777,1.6483278988761783,9.552035606930328
2018-01-04,5.0,0.2923804571784542,1.6736652894055999,9.479144610956094
2018-01-05,5.0,0.2933460288703491,1.6736652894055999,9.597560002232902
2018-01-08,5.0,0.2947376196059179,1.6863041072159484,9.747267901794132
2018-01-09,5.0,0.2959862819866612,1.6906789534151092,9.68974252753386
2018-01-10,5.0,0.2933953592338632,1.6990326533946511,9.68974252753386
2018-01-11,5.0,0.2933975912311964,1.6937907807731087,9.751528442938916
2018-01-12,5.0,0.2926786897117039,1.6833126789876625,9.751528442938916
2018-01-16,5.0,0.2924782288351202,1.68977826961126,9.747267901794132
2018-01-17,5.0,0.2881903104565345,1.6862955066093501,9.747267901794132
2018-01-18,5.0,0.2922334003008008,1.6909941671204156,9.751645387716371
2018-01-19,5.0,0.2920264429511374,1.6926715945389197,9.68974252753386
2018-01-22,5.0,0.27999500156374996,1.7011859461355745,9.747267901794132
2018-01-23,5.0,0.2855034709850164,1.7011859461355745,9.748298919679106
2018-01-24,5.0,0.2806335006086177,1.7011859461355745,9.795590010482632
2018-01-25,5.0,0.2800135677256524,1.7104916650890545,9.920504889886178
2018-01-26,5.0,0.2806335006086177,1.7096913203993962,10.352306938328057
2018-01-29,5.0,0.2806335006086177,1.7139267345277243,10.092270972912601
2018-01-30,5.0,0.2857769214069113,1.7034654618208598,10.092270972912601
2018-01-31,5.0,0.28590628995864215,1.7106636555988928,9.952748373573344
2018-02-01,5.0,0.28590628995864215,1.7022624929030366,9.843344404495463
2018-02-02,5.0,0.2850794241875049,1.7034661587418685,9.83455186721873
2018-02-05,5.0,0.2800274990856319,1.7095493079982371,9.83455186721873
2018-02-06,5.0,0.2796838477813307,1.7149698360538095,9.836296999013744
2018-02-07,5.0,0.2796838477813307,1.7212734907566545,9.912352971216015
2018-02-08,5.0,0.2796838477813307,1.7190391556568096,10.130372410575651
2018-02-09,5.0,0.2796838477813307,1.7209999054728269,10.022187077165729
2018-02-12,5.0,0.27615223082611995,1.7248799561943473,10.039054176467609
2018-02-13,5.0,0.27615223082611995,1.7303358474187207,10.039054176467609
2018-02-14,5.0,0.2828454347296599,1.7316814648921903,10.039054176467609
2018-02-15,5.0,0.2828454347296599,1.7351412344143164,10.039054176467609
2018-02-16,5.0,0.28291588148904545,1.7345883496491106,10.18380451767342
2018-02-20,5.0,0.2829080154205801,1.7317693043671794,10.365979216382343
2018-02-21,5.0,0.28625220487483266,1.733986765892511,10.182499776874211
2018-02-22,5.0,0.2862338252435477,1.7390506367614185,10.207792917786216
2018-02-23,5.0,0.29289792805010945,1.7410586512403123,9.987406315871821
2018-02-26,5.0,0.2866236390805578,1.7453267658542977,9.987406315871821
2018-02-27,5.0,0.2890102940402857,1.744885986531151,9.850451349362041
2018-02-28,5.0,0.28172253852524315,1.7444229863022747,9.978542163352872
2018-03-01,5.0,0.28615625747523826,1.7365981517097746,10.021840456290217
2018-03-02,5.0,0.28615625747523826,1.7396780676708936,10.021840456290217
2018-03-05,5.0,0.28615625747523826,1.7427321065025718,10.166377203509702
2018-03-06,5.0,0.2861832970522135,1.7387916952774494,10.267648685287812
2018-03-07,5.0,0.28678885553501393,1.733228550767029,10.267648685287812
2018-03-08,5.0,0.28678885553501393,1.735968145343934,10.19245062542444
2018-03-09,5.0,0.2886112388139982,1.7395223580004435,10.272974498710768
2018-03-12,5.0,0.2886112388139982,1.7418390984103906,10.19245062542444
2018-03-13,5.0,0.2886112388139982,1.7451508229934365,10.19245062542444
2018-03-14,5.0,0.2886112388139982,1.7458901039110504,10.187865663583853
2018-03-15,5.0,0.2886112388139982,1.7418390984103906,10.46509368437225
2018-03-16,5.0,0.2886112388139982,1.7372448036660963,10.47539502314129
2018-03-19,5.0,0.28653589670395413,1.737385730505463,10.709674208553917
2018-03-20,5.0,0.2865651406776328,1.7378456523553574,10.715752563935652
2018-03-21,5.0,0.2865651406776328,1.729547080630653,10.715752563935652
2018-03-22,5.0,0.28653589670395413,1.7265367980933342,10.712696268605159
2018-03-23,5.0,0.28653589670395413,1.7303456987528874,10.47670841957402
2018-03-26,5.0,0.28653589670395413,1.7336338860401472,11.020446509436919
2018-03-27,5.0,0.28653589670395413,1.748871104431424,10.963527977806676
2018-03-28,5.0,0.28653589670395413,1.7336338860401472,10.788897308495763
2018-03-29,5.0,0.28653589670395413,1.72971558448012,10.829176517501313
2018-04-02,5.0,0.2788128036643818,1.7589414467314928,10.963527977806676
2018-04-03,5.0,0.2770694053945975,1.759111693812204,10.921895885466935
2018-04-04,5.0,0.2770694053945975,1.762091384809045,10.963527977806676
2018-04-05,5.0,0.2760240983988985,1.7708754739585877,10.921895885466935
2018-04-06,5.0,0.2760240983988985,1.7640701090752071,10.921895885466935
2018-04-09,5.0,0.2760240983988985,1.7691964884258486,10.880955117280976
2018-04-10,5.0,0.2760222811888221,1.7691964884258486,10.831101548202291
2018-04-11,5.0,0.2770906943411673,1.7708754739585877,10.963214754549364
2018-04-12,5.0,0.2770906943411673,1.779009922434497,10.963214754549364
2018-04-13,5.0,0.2758769269384093,1.7743239595695606,10.963214754549364
2018-04-16,5.0,0.2758769269384093,1.7778529605217748,10.963214754549364
2018-04-17,5.0,0.2758769269384093,1.7699090093856662,10.963214754549364
2018-04-18,5.0,0.2821262228752502,1.754339441080735,10.963214754549364
2018-04-19,5.0,0.27598473101772153,1.753414901541169,10.853760487557265
2018-04-20,5.0,0.27598473101772153,1.75606001343161,10.964584460750482
2018-04-23,5.0,0.27598473101772153,1.75606001343161,11.020237500135881
2018-04-24,5.0,0.2735907733775949,1.766768825633776,11.423539557584895
2018-04-25,5.0,0.2723291553151145,1.7700953767544227,11.366457178073409
2018-04-26,5.0,0.2742808699465556,1.7761383290823916,11.058582613062878
2018-04-27,5.0,0.27619782381119207,1.7683859140850036,11.020237500135881
2018-04-30,5.0,0.2774053376420714,1.7680635751646565,10.965242027084912
2018-05-01,5.0,0.2774053376420714,1.7719854352577586,10.67963980364463
2018-05-02,5.0,0.2774053376420714,1.7851410126028127,10.67963980364463
2018-05-03,5.0,0.27925719925282977,1.7865478636042131,10.96796327944479
2018-05-04,5.0,0.2774053376420714,1.7856993612896486,11.263920707360498
2018-05-07,5.0,0.2711450275268513,1.7878362815736666,10.957888881691995
2018-05-08,5.0,0.2774053376420714,1.786086924375332,10.957888881691995
2018-05-09,5.0,0.2780823255502467,1.786784854593722,10.957759565338092
2018-05-10,5.0,0.2760249473925068,1.7897582192015666,10.957759565338092
2018-05-11,5.0,0.2760249473925068,1.7842630760590228,10.957759565338092
2018-05-14,5.0,0.2803555803210658,1.7848214247458587,10.95454122687516
2018-05-15,5.0,0.277109543840021,1.783611913045857,11.023939177815299
2018-05-16,5.0,0.277109543840021,1.783611913045857,11.159034836790777
2018-05-17,5.0,0.277121994716615,1.771106241213435,11.161182399108888
2018-05-18,5.0,0.2765705102480795,1.771106241213435,11.161182399108888
2018-05-21,5.0,0.277121994716615,1.7746257619060866,11.161182399108888
2018-05-22,5.0,0.28359239337558884,1.7781728189591872,11.500702788694012
2018-05-23,5.0,0.28359239337558884,1.7781728189591872,11.500702788694012
2018-05-24,5.0,0.28359239337558884,1.7768248299598264,11.282584490135099
2018-05-25,5.0,0.2836533976442961,1.7860838798903642,11.194351254950021
2018-05-29,5.0,0.2860771024229012,1.7847478235190661,11.282584490135099
2018-05-30,5.0,0.28663453270551786,1.7878622068785484,11.282584490135099
2018-05-31,5.0,0.28413916121859306,1.7871749991925008,11.71448048264674
2018-06-01,5.0,0.2837237354815834,1.7836316433164712,11.71448048264674
2018-06-04,5.0,0.2902676682874235,1.7831285019829282,11.711128651179514
2018-06-05,5.0,0.2898824995435285,1.7772408295104452,11.722628696922202
2018-06-06,5.0,0.28983917912989415,1.761601939679576,11.709556857533581
2018-06-07,5.0,0.2897386819060992,1.7739000386865644,11.698012609742522
2018-06-08,5.0,0.2867207870848568,1.7603031482671667,11.601659632663312
2018-06-11,5.0,0.2867427315746496,1.7603031482671667,11.601659632663312
2018-06-12,5.0,0.2814978175859302,1.7633182196278052,11.601659632663312
2018-06-13,5.0,0.2868312189481911,1.7647499005277685,11.709556857533581
2018-06-14,5.0,0.2859736536522734,1.7563498913030902,11.467856777040408
2018-06-15,5.0,0.2813173333109774,1.764058127178054,11.541088863291485
2018-06-18,5.0,0.281539868736216,1.7669547232463372,11.70139275051037
2018-06-19,5.0,0.281539868736216,1.7685931988010029,11.4527442104171
2018-06-20,5.0,0.27238186014668997,1.7727086263563319,11.701335774292625
2018-06-21,5.0,0.2837904903225672,1.7742738504434516,11.613131935590099
2018-06-22,5.0,0.28365940128759887,1.7703136134153266,11.541477458849675
2018-06-25,5.0,0.2698105115932271,1.7735869236671657,11.791301685346438
2018-06-26,5.0,0.2672636001033916,1.775222747497779,11.75910212706915
2018-06-27,5.0,0.27240966377261255,1.7778511351287456,11.934845352032244
2018-06-28,5.0,0.27240966377261255,1.7829889010255826,11.983868915902908
2018-06-29,5.0,0.27240966377261255,1.7847753159839188,11.981282850779385
2018-07-02,5.0,0.2671823089665492,1.7889082310873765,11.777502317726594
2018-07-03,5.0,0.2680834361462131,1.7969812028754029,11.934845352032244
2018-07-05,5.0,0.272431381112392,1.7963965871195078,12.277688336589444
2018-07-06,5.0,0.27029545053215104,1.8104806735305794,12.103369349655097
2018-07-09,5.0,0.2671855244393905,1.799426922973493,11.929807303075426
2018-07-10,5.0,0.26714222714393837,1.8049411262449442,12.26761251225591
2018-07-11,5.0,0.2679892033953376,1.805436574937077,12.267928669358716
2018-07-12,5.0,0.2699946300984906,1.8019987859695519,11.926297237743386
2018-07-13,5.0,0.2679984716822131,1.8019987859695519,11.92727019095843
2018-07-16,5.0,0.2679668234714199,1.799426922973493,12.167166282555993
2018-07-17,5.0,0.26252115138063054,1.7958204167287588,12.177854528036688
2018-07-18,5.0,0.2679668234714199,1.80106514117967,12.220452935892133
2018-07-19,5.0,0.2699946300984906,1.8005002736363083,12.450599078309443
2018-07-20,5.0,0.2624211771881585,1.8120008452595675,12.450599078309443
2018-07-23,5.0,0.26255370796550404,1.8106320286884576,12.546161484981997
2018-07-24,5.0,0.26255703050609136,1.8030567698005395,12.502076435243632
2018-07-25,5.0,0.26804927004827594,1.8107227990990058,12.502076435243632
2018-07-26,5.0,0.2618043821436002,1.806353524133804,12.548076690859748
2018-07-27,5.0,0.2680114967921313,1.8081964274218818,12.647031342358913
2018-07-30,5.0,0.2680114967921313,1.8097501191796703,12.647031342358913
2018-07-31,5.0,0.2680114967921313,1.8097501191796703,12.573702390134892
2018-08-01,5.0,0.2732509463702928,1.8129568730464798,12.573702390134892
2018-08-02,5.0,0.2732509463702928,1.8001273731263856,12.54631647000898
2018-08-03,5.0,0.2732683632056788,1.803926477094197,12.548863863181792
2018-08-06,5.0,0.2732683632056788,1.8111519503662827,12.45127592204855
2018-08-07,5.0,0.2777875818401605,1.8203186702670382,12.45127592204855
2018-08-08,5.0,0.28017921381830496,1.8181265722921331,12.45127592204855
2018-08-09,5.0,0.2801821765980218,1.8254966278492186,12.866644694859048
2018-08-10,5.0,0.2732204673235145,1.82830236555148,12.866644694859048
2018-08-13,5.0,0.2690399618315791,1.8312745628170264,12.881052623411621
2018-08-14,5.0,0.2688162225440485,1.825721051841018,12.874336959777377
2018-08-15,5.0,0.27561510479418905,1.8273661573040987,13.185708661267713
2018-08-16,5.0,0.26990313708334107,1.833719587631704,13.185252857811353
2018-08-17,5.0,0.26990313708334107,1.8350768458302662,13.145484993219167
2018-08-20,5.0,0.27487297678512684,1.833719587631704,12.8947180280311
2018-08-21,5.0,0.26822508137721807,1.8364807892303459,12.6040844273
2018-08-22,5.0,0.26822508137721807,1.8364807892303459,12.6040844273
2018-08-23,5.0,0.2656479190299108,1.843080111222548,12.6040844273
2018-08-24,5.0,0.2748731441560228,1.8523167519177641,12.624272736737264
2018-08-27,5.0,0.2656708988922919,1.8381539413253383,12.6040844273
2018-08-28,5.0,0.2656487791212083,1.8435471619807204,12.6040844273
2018-08-29,5.0,0.2656487791212083,1.8551942686462886,12.622468825896368
2018-08-30,5.0,0.26314292456539157,1.8640584073831488,12.52737539950936
2018-08-31,5.0,0.26198895331294664,1.8584774856904818,12.64083173641454
2018-09-04,5.0,0.26314292456539157,1.8490509774647568,12.683726663496625
2018-09-05,5.0,0.25692754344107394,1.846901572355769,12.796415682535823
2018-09-06,5.0,0.25692754344107394,1.8432740332186386,12.812741981384752
2018-09-07,5.0,0.2656487791212083,1.8366339658525654,12.812741981384752
2018-09-10,5.0,0.2618800413951626,1.8339164939270893,12.797209642481109
2018-09-11,5.0,0.2618800413951626,1.8339164939270893,12.687429202612424
2018-09-12,5.0,0.2644927380155433,1.8428098880483479,12.544718212756788
2018-09-13,5.0,0.26886879098553784,1.8391736159191954,12.54047048972901
2018-09-14,5.0,0.26427988236337335,1.8388149599777512,12.225680340021073
2018-09-17,5.0,0.2645525732148191,1.843718519047397,12.201521098288561
2018-09-18,5.0,0.2710244047653435,1.8470764307420544,12.201521098288561
2018-09-19,5.0,0.2692232336709451,1.8640015903085518,12.288614088626954
2018-09-20,5.0,0.2710244047653435,1.86475935054551,12.310081797031712
2018-09-21,5.0,0.26447637560512155,1.862272751206425,12.272506432451562
2018-09-24,5.0,0.26447637560512155,1.854882526595986,12.314384782489986
2018-09-25,5.0,0.26447637560512155,1.8630449895572936,12.51480048492489
2018-09-26,5.0,0.26397903323910604,1.8626973038699894,12.648482365620279
2018-09-27,5.0,0.26397903323910604,1.8626973038699894,12.517925438575249
2018-09-28,5.0,0.26405707483353197,1.8638000961673518,12.517925438575249
2018-10-01,5.0,0.26405707483353197,1.8560626796870068,12.798096211810803
2018-10-02,5.0,0.26405707483353197,1.862272751206425,12.685334994327365
2018-10-03,5.0,0.2622736490252172,1.8681365456193166,12.798096211810803
2018-10-04,5.0,0.26405707483353197,1.8651828056863367,12.77945076596694
2018-10-05,5.0,0.2623130806635997,1.8687814716529338,12.77945076596694
2018-10-08,5.0,0.2638824157673069,1.8615189325177952,12.79647819950523
2018-10-09,5.0,0.2643541127784929,1.8662032464039315,12.79647819950523
2018-10-10,5.0,0.265855455510541,1.8615707796071645,12.79647819950523
2018-10-11,5.0,0.270500537211985,1.8625791767811202,12.79647819950523
2018-10-12,5.0,0.2707632503919472,1.8615707796071645,12.79647819950523
2018-10-15,5.0,0.2707632503919472,1.8734969483705588,12.877490385970056
2018-10-16,5.0,0.274727487979134,1.8847053818843018,12.779294783850695
2018-10-17,5.0,0.2719765629672577,1.8775808148878763,12.779294783850695
2018-10-18,5.0,0.2716550976178802,1.8847053818843018,12.685334994327365
2018-10-19,5.0,0.2716550976178802,1.872462727583501,12.852464667327496
2018-10-22,5.0,0.27037221492424135,1.8623599188584254,12.887480583472602
2018-10-23,5.0,0.2658852210622565,1.8609397490815653,12.917434040304226
2018-10-24,5.0,0.2703563637150887,1.868697204414516,12.890471546662358
2018-10-25,5.0,0.2708763939220963,1.8647348090735982,13.102529631567085
2018-10-26,5.0,0.27038465668988837,1.8618610148412542,13.035278779169484
2018-10-29,5.0,0.2669729419218731,1.867656873490262,13.034179005307069
2018-10-30,5.0,0.2655265395332922,1.8950739087839081,13.034179005307069
2018-10-31,5.0,0.2655265395332922,1.8873224498386116,12.992857735494168
2018-11-01,5.0,0.2645141065869093,1.9000212995298416,12.899105748421166
2018-11-02,5.0,0.2626572579477662,1.8961084218891902,12.899105748421166
2018-11-05,5.0,0.2626572579477662,1.891147036707114,12.897865785455481
2018-11-06,5.0,0.26171775550072074,1.8919841401292694,12.747766293397014
2018-11-07,5.0,0.26171775550072074,1.8791289059822667,12.762411321542622
2018-11-08,5.0,0.2671874238230374,1.8655979273945418,12.762411321542622
2018-11-09,5.0,0.2671874238230374,1.8886255091042772,12.897865785455481
2018-11-12,5.0,0.26554217363839827,1.8942396106562713,12.879682759359467
2018-11-13,5.0,0.26368539853614087,1.8920932608061374,12.898922807742942
2018-11-14,5.0,0.26368539853614087,1.9027713639503379,12.898922807742942
2018-11-15,5.0,0.2655052906089135,1.9056432436796573,12.89559113855056
2018-11-16,5.0,0.2645639710424397,1.9048369313613063,12.902804911294483
2018-11-19,5.0,0.26488747209348124,1.9058123897083101,12.902804911294483
2018-11-20,5.0,0.26553489132164787,1.8939904549750097,13.035278779169484
2018-11-21,5.0,0.26553489132164787,1.8939904549750097,12.904146506201771
2018-11-23,5.0,0.26831753447161283,1.9056276469544247,12.964621718085738
2018-11-26,5.0,0.26998717782934606,1.9103673762637456,12.904146506201771
2018-11-27,5.0,0.2702985634711416,1.9093104538575827,13.035278779169484
2018-11-28,5.0,0.2703050539597017,1.9091824092452194,13.45418768973977
2018-11-29,5.0,0.2710648734644549,1.9116751990347374,13.45418768973977
2018-11-30,5.0,0.2703122713027248,1.9114462146454123,13.15318358174602
2018-12-03,5.0,0.2702985634711416,1.9101383918744208,13.15318358174602
2018-12-04,5.0,0.27287505224231573,1.9101383918744208,13.15318358174602
2018-12-06,5.0,0.2699908727615942,1.923439313703052,13.15318358174602
2018-12-07,5.0,0.26793487609385774,1.9114462146454123,13.10255578532317
2018-12-10,5.0,0.26793487609385774,1.9100069198796086,13.10255578532317
2018-12-11,5.0,0.26804309953444355,1.9109037263784465,13.124785683700653
2018-12-12,5.0,0.26719755518019633,1.9104818994613493,13.124785683700653
2018-12-13,5.0,0.2629744190425496,1.9112607826980654,13.124785683700653
2018-12-14,5.0,0.2629744190425496,1.911772797842811,13.451673894160294
2018-12-17,5.0,0.26275167664054494,1.9104818994613493,13.353939839008643
2018-12-18,5.0,0.26275187498252395,1.9169869592850919,13.353939839008643
2018-12-19,5.0,0.26264053087295075,1.9162953046166535,13.353939839008643
2018-12-20,5.0,0.26264053087295075,1.922020964881852,13.451673894160294
2018-12-21,5.0,0.2563554154485428,1.9246798614473046,13.309927782318686
2018-12-24,5.0,0.26276579602663963,1.9229942223270982,13.069572885162472
2018-12-26,5.0,0.26113820901969576,1.922320363537309,13.35559246488389
2018-12-27,5.0,0.26113820901969576,1.9301427069882064,13.099447181977576
2018-12-28,5.0,0.2531541731599517,1.9285392005648028,12.9070863775667
2018-12-31,5.0,0.25314262321606806,1.9451545956810923,12.693997429494477
2019-01-02,5.0,0.26162155511076346,1.942453638809033,12.846504575985307
2019-01-03,5.0,0.26162741941684803,1.935623462367489,13.092764884428519
2019-01-04,5.0,0.26452779372026225,1.9264478693843334,13.049130451603425
2019-01-07,5.0,0.262858781990032,1.932477628269302,13.092764884428519
2019-01-08,5.0,0.262858781990032,1.932477628269302,13.092764884428519
2019-01-09,5.0,0.2618119632573673,1.9341295528837654,13.095566805814217
2019-01-10,5.0,0.262858781990032,1.9128844221180124,13.095566805814217
2019-01-11,5.0,0.262858781990032,1.9227890825808185,13.409792865163148
2019-01-14,5.0,0.2617654505266127,1.9094073951264896,13.409792865163148
2019-01-15,5.0,0.2617654505266127,1.9157309412938393,13.409792865163148
2019-01-16,5.0,0.26277715372792537,1.9094073951264896,13.402649776301805
2019-01-17,5.0,0.26277715372792537,1.913234049410109,13.402649776301805
2019-01-18,5.0,0.2623112571052451,1.9198270731210911,13.398196868573834
2019-01-22,5.0,0.2638431680466661,1.925624247296391,13.398196868573834
2019-01-23,5.0,0.2638431680466661,1.934661486062995,13.376225252342552
2019-01-24,5.0,0.25951291221331485,1.934661486062995,13.425944103691588
2019-01-25,5.0,0.25951291221331485,1.9401356790562532,13.84792102145487
2019-01-28,5.0,0.25951291221331485,1.9464393274785332,13.84792102145487
2019-01-29,5.0,0.2612948397168474,1.949044915764762,13.84792102145487
2019-01-30,5.0,0.2612948397168474,1.949044915764762,13.994458554348173
2019-01-31,5.0,0.2627926912679513,1.9443836519352775,13.651807403948698
2019-02-01,5.0,0.2627926912679513,1.9260118640241253,13.738392968057154
2019-02-04,5.0,0.25945568395332796,1.9260118640241253,13.73498739065519
2019-02-05,5.0,0.2638191729527918,1.9095811000055196,13.501952416210733
2019-02-06,5.0,0.26915212984055786,1.918354000575327,13.74033245121125
2019-02-07,5.0,0.26536768587888665,1.9149966047187614,13.571772366972159
2019-02-08,5.0,0.26536768587888665,1.9258274805733024,13.52562881361996
2019-02-11,5.0,0.26535306915772416,1.9270558667653197,13.389871279430654
2019-02-12,5.0,0.2643158446513441,1.9273978140211512,13.339576475347123
2019-02-13,5.0,0.2643158446513441,1.927465412171069,13.339576475347123
2019-02-14,5.0,0.2631849410980028,1.9241626865059427,13.30408367237653
2019-02-15,5.0,0.2632682393857947,1.930511160059715,13.37385420994191
2019-02-19,5.0,0.2632682393857947,1.9330315543550087,13.37385420994191
2019-02-20,5.0,0.2632682393857947,1.9341948946773644,13.337050217293784
2019-02-21,5.0,0.2632682393857947,1.930511160059715,13.337050217293784
2019-02-22,5.0,0.2631849410980028,1.9115898839443237,13.337050217293784
2019-02-25,5.0,0.26492092283208185,1.931508319804279,13.337050217293784
2019-02-26,5.0,0.26492092283208185,1.9239260699643606,13.37510490366017
2019-02-27,5.0,0.26492092283208185,1.9281574684149418,13.37510490366017
2019-02-28,5.0,0.26492092283208185,1.9076181256861495,13.37510490366017
2019-03-01,5.0,0.26492092283208185,1.9257968467591264,13.523282973288184
2019-03-04,5.0,0.26492092283208185,1.925057414361774,13.52638331753633
2019-03-05,5.0,0.26492092283208185,1.934177324852449,13.532585549900405
2019-03-06,5.0,0.26500750413840923,1.934177324852449,13.34480446384841
2019-03-07,5.0,0.26295317435963717,1.9405956815458254,13.337033235391534
2019-03-08,5.0,0.26295317435963717,1.934177324852449,13.6816556661837
2019-03-11,5.0,0.26500750413840923,1.9346825634275666,13.355583030942071
2019-03-12,5.0,0.2650553505419662,1.9379185430418453,13.692679109859117
2019-03-13,5.0,0.26295501153817363,1.9335512836583424,13.885977512972696
2019-03-14,5.0,0.26295317435963717,1.9335512836583424,13.885977512972696
2019-03-15,5.0,0.2648403917041725,1.9155391564630975,13.885977512972696
2019-03-18,5.0,0.2648403917041725,1.9195785628355724,14.043140436745505
2019-03-19,5.0,0.2648403917041725,1.9321109744826448,13.886491475503906
2019-03-20,5.0,0.2654429542058564,1.9321109744826448,14.078207352479467
2019-03-21,5.0,0.2654429542058564,1.9339422787940928,14.241309210413613
2019-03-22,5.0,0.26536069570021026,1.933740773775133,14.047114009499866
2019-03-25,5.0,0.26536069570021026,1.9405687749224734,14.047114009499866
2019-03-26,5.0,0.2629426616727432,1.9478959108845537,14.050116372694461
2019-03-27,5.0,0.2629426616727432,1.9478959108845537,14.050116372694461
2019-03-28,5.0,0.2629426616727432,1.9565137662356724,14.050116372694461
2019-03-29,5.0,0.26659761753963174,1.943701062073713,14.050116372694461
2019-04-01,5.0,0.26659761753963174,1.9565137662356724,14.050116372694461
2019-04-02,5.0,0.26659761753963174,1.9480276400342882,14.361083861169666
2019-04-03,5.0,0.26371317633740876,1.943701062073713,14.361083861169666
2019-04-04,5.0,0.2629656461946646,1.9480276400342882,14.378803081415395
2019-04-05,5.0,0.26254436378693996,1.9543980144228206,14.199721869363023
2019-04-08,5.0,0.2659992292966434,1.9451659625765703,14.366228581627064
2019-04-09,5.0,0.2629150094758058,1.9572774177538053,14.21397559265569
2019-04-10,5.0,0.2605695317514456,1.9598984107080946,14.21397559265569
2019-04-11,5.0,0.2605695317514456,1.9529860682554299,14.300401626842822
2019-04-12,5.0,0.2605695317514456,1.9616100459620283,14.634068481459332
2019-04-15,5.0,0.25938846130068116,1.9605932233848176,14.32100344055986
2019-04-16,5.0,0.25938846130068116,1.9637364289512915,14.445792821820296
2019-04-17,5.0,0.2605695317514456,1.9722794098052496,14.416806289254746
2019-04-18,5.0,0.2605695317514456,1.9688303430499934,14.416806289254746
2019-04-22,5.0,0.2628850588475637,1.9714147715682229,14.416806289254746
2019-04-23,5.0,0.26478113027524086,1.9773679447245276,14.327793808885724
2019-04-24,5.0,0.26478113027524086,1.9729367745424442,14.704462515325087
2019-04-25,5.0,0.26478113027524086,1.9707752932726046,14.556781563227238
2019-04-26,5.0,0.2653996129595947,1.9717703635182002,14.556781563227238
2019-04-29,5.0,0.2646799020656191,1.9717703635182002,14.704462515325087
2019-04-30,5.0,0.2623621017782811,1.9707021314141109,14.711095271272312
2019-05-01,5.0,0.2653395370989706,1.9686267491829308,14.704462515325087
2019-05-02,5.0,0.26241636485924535,1.9707021314141109,14.55833999624084
2019-05-03,5.0,0.26241636485924535,1.978999985697993,14.704462515325087
2019-05-06,5.0,0.2599090561867926,1.9750213272012307,14.691856701695064
2019-05-07,5.0,0.2623621017782811,1.9750213272012307,14.704462515325087
2019-05-08,5.0,0.2623621017782811,1.9802276763176694,14.190230256026089
2019-05-09,5.0,0.2664198131376773,1.9824619125907708,14.55354692466638
2019-05-10,5.0,0.25862883541353854,1.9934047129451828,14.331964797061108
2019-05-13,5.0,0.256369541292743,1.9936673171932595,14.55354692466638
2019-05-14,5.0,0.256369541292743,1.9967113129879783,14.633695261701671
2019-05-15,5.0,0.25837993121941594,1.9973856184411762,14.633695261701671
2019-05-16,5.0,0.25592934996895483,2.005903666544868,14.633695261701671
2019-05-17,5.0,0.2550107431076672,1.998455012176191,14.646476652422695
2019-05-20,5.0,0.2550115048421683,1.989576909421281,14.896693753968732
2019-05-21,5.0,0.2543218498714741,1.9856321239809207,14.509179531952041
2019-05-22,5.0,0.2543542300108678,1.9882144240335111,15.215620674367367
2019-05-23,5.0,0.2543218498714741,1.986794833345951,15.215620674367367
2019-05-24,5.0,0.2542152894485937,1.9847990987883712,15.295663525233772
2019-05-28,5.0,0.2543218498714741,1.9862846820786193,15.302344103176045
2019-05-29,5.0,0.2543218498714741,1.9918989464604038,15.449450544960307
2019-05-30,5.0,0.2543218498714741,1.989158432533475,15.449450544960307
2019-05-31,5.0,0.2543218498714741,1.989824337887458,15.30954251433291
2019-06-03,5.0,0.25469841813872346,1.989158432533475,15.008521135999958
2019-06-04,5.0,0.2543218498714741,1.9952087108805503,15.130859453729034
2019-06-05,5.0,0.2541386254015892,1.9881760161259494,14.935218607904636
2019-06-06,5.0,0.2541386254015892,1.991251890996486,14.916057290018731
2019-06-07,5.0,0.250615014364126,1.9870051034111205,14.880634829037716
2019-06-10,5.0,0.25000849391856755,1.996535216454591,14.922645202990704
2019-06-11,5.0,0.25000849391856755,2.00769172601526,14.922645202990704
2019-06-12,5.0,0.2485136021210384,2.0005985792978698,15.023544197867647
2019-06-13,5.0,0.2485136021210384,2.00451463357083,14.916057290018731
2019-06-14,5.0,0.2506044828014762,2.00451463357083,14.916057290018731
2019-06-17,5.0,0.2482677423048488,2.0116797601036893,14.916057290018731
2019-06-18,5.0,0.2473093848570983,2.0080222013242865,14.916057290018731
2019-06-19,5.0,0.24342067261770198,2.0111992937687164,14.926027791666757
2019-06-20,5.0,0.24046623093984992,2.005819226755829,14.916057290018731
2019-06-21,5.0,0.23936598828643085,2.012308306649496,14.926027791666757
2019-06-24,5.0,0.23936598828643085,2.0279819501515854,14.923126449937584
2019-06-25,5.0,0.23805072523254853,2.036976540988566,15.06363250876815
2019-06-26,5.0,0.23804242827584662,2.021362827528411,15.06363250876815
2019-06-27,5.0,0.23890437552014782,2.0309481927650785,15.06363250876815
2019-06-28,5.0,0.23803975366683908,2.0453682194748937,14.997255781957323
2019-07-01,5.0,0.23890437552014782,2.057355481081049,15.053782815687697
2019-07-02,5.0,0.2395814715473917,2.0547827014381,15.375356116054538
2019-07-03,5.0,0.23996063013885807,2.0547827014381,15.654792010730263
2019-07-05,5.0,0.24346782856047264,2.0547827014381,15.47557185029332
2019-07-08,5.0,0.24368875304324542,2.048787490650726,15.472478563555736
2019-07-09,5.0,0.23996063013885807,2.060994401717968,14.997822063601694
2019-07-10,5.0,0.24368875304324542,2.0646519248792607,14.997822063601694
2019-07-11,5.0,0.24804973926075655,2.061345302226898,15.075663600380302
2019-07-12,5.0,0.24235378520798678,2.0646519248792607,15.088981950472833
2019-07-15,5.0,0.24235378520798678,2.060789368226944,15.096345851546651
2019-07-16,5.0,0.24238842089430299,2.0474762027505973,15.55706642249648
2019-07-17,5.0,0.25076302999415967,2.0474762027505973,15.554046360887089
2019-07-18,5.0,0.2466810001653631,2.0500913553834703,15.730455121245258
2019-07-19,5.0,0.25340375228981005,2.0500913553834703,15.852566731683362
2019-07-22,5.0,0.24722770816576725,2.038864237560847,16.02252420586372
2019-07-23,5.0,0.24773590101850895,2.047237063393329,15.657914830979282
2019-07-24,5.0,0.24773590101850895,2.0644507298224104,15.650274137595801
2019-07-25,5.0,0.25359759606890714,2.075456745095835,15.880857021433215
2019-07-26,5.0,0.25346161445522325,2.083688574138843,15.955729685762227
2019-07-29,5.0,0.24795489059637837,2.081462337243439,15.955729685762227
2019-07-30,5.0,0.24562436557187736,2.0811031763886554,15.868244410856061
2019-07-31,5.0,0.24562436557187736,2.0811031763886554,15.961237255754574
2019-08-01,5.0,0.24837053335533374,2.0811031763886554,15.862556360240426
2019-08-02,5.0,0.24565749154949784,2.0811031763886554,15.863961645847832
2019-08-05,5.0,0.24682068935941187,2.08699168962019,16.01604339444375
2019-08-06,5.0,0.24682068935941187,2.07830289082126,16.021657650781382
2019-08-07,5.0,0.24831786747124088,2.088301748624948,16.021657650781382
2019-08-08,5.0,0.2468143076773453,2.0873156449202375,16.021657650781382
2019-08-09,5.0,0.24576656506266112,2.085477149531423,16.034624906175594
2019-08-12,5.0,0.24208766275205948,2.082688397892903,16.034624906175594
2019-08-13,5.0,0.2453787743412921,2.0828917517812346,16.034624906175594
2019-08-14,5.0,0.24576656506266112,2.085477149531423,16.33295666383091
2019-08-15,5.0,0.2453266705222436,2.0873156449202375,16.327628931846302
2019-08-16,5.0,0.2453266705222436,2.0954044959648552,16.34212467463589
2019-08-19,5.0,0.2434580376015931,2.0962905417238207,16.024879295930454
2019-08-20,5.0,0.24576656506266112,2.096086521949611,16.34212467463589
2019-08-21,5.0,0.24178807907312744,2.089791446517877,16.709096477126796
2019-08-22,5.0,0.24090925564391222,2.0784665512260854,16.709096477126796
2019-08-23,5.0,0.24090925564391222,2.0737639916938253,16.797321743370947
2019-08-26,5.0,0.24090925564391222,2.0776708824450094,16.797321743370947
2019-08-27,5.0,0.24090925564391222,2.0846833967370486,16.93339401192307
2019-08-28,5.0,0.24038711882462807,2.087850238113578,16.93339401192307
2019-08-29,5.0,0.24038711882462807,2.0846833967370486,16.934567090298614
2019-08-30,5.0,0.24038711882462807,2.088069101552973,17.157111559992718
2019-09-03,5.0,0.2389582940099325,2.098496179760262,17.195829394586557
2019-09-04,5.0,0.24038711882462807,2.1122767716120285,17.440001360805226
2019-09-05,5.0,0.24014920948730406,2.110800119196659,17.440001360805226
2019-09-06,5.0,0.24014920948730406,2.116504305491881,17.440001360805226
2019-09-09,5.0,0.23884527147389278,2.1192117960081265,17.518827314775862
2019-09-10,5.0,0.24014920948730406,2.120494087120089,17.610447093893626
2019-09-11,5.0,0.24087347329620923,2.1192117960081265,17.67281632764005
2019-09-12,5.0,0.24072713750589037,2.116504305491881,17.611205922615
2019-09-13,5.0,0.23311403104088596,2.121337577317986,17.611205922615
2019-09-16,5.0,0.23311403104088596,2.12215275949731,17.465784441418993
2019-09-17,5.0,0.23311403104088596,2.1168746684017883,17.465784441418993
2019-09-18,5.0,0.2446707944961661,2.121468466088028,17.465784441418993
2019-09-19,5.0,0.24140441977295918,2.1226992384495924,17.518827314775862
2019-09-20,5.0,0.24140097800609042,2.1083234268224826,17.518827314775862
2019-09-23,5.0,0.2415506984069822,2.105439636121036,17.518827314775862
2019-09-24,5.0,0.24502906574467473,2.1227011738207366,17.465784441418993
2019-09-25,5.0,0.24502906574467473,2.129681164735067,17.465784441418993
2019-09-26,5.0,0.24290430310507063,2.1322790734911514,17.52037339702301
2019-09-27,5.0,0.24290430310507063,2.1366516774388646,17.465784441418993
2019-09-30,5.0,0.24290430310507063,2.1371597563542615,17.12657544759382
2019-10-01,5.0,0.24153776613955144,2.1371597563542615,17.310973164326104
2019-10-02,5.0,0.23956703698995516,2.1366516774388646,17.310973164326104
2019-10-03,5.0,0.23957089700530906,2.1371597563542615,17.310973164326104
2019-10-04,5.0,0.23779822786081065,2.1369778355341342,17.310973164326104
2019-10-07,5.0,0.23779822786081065,2.15039456807201,17.310035351230848
2019-10-08,5.0,0.23779822786081065,2.154336504480012,17.341094247905573
2019-10-09,5.0,0.23779822786081065,2.1348143621125093,17.38604416280696
2019-10-10,5.0,0.23779822786081065,2.133412567604569,17.1674678857779
2019-10-11,5.0,0.23851832279035373,2.135395523643931,17.19673430959634
2019-10-14,5.0,0.23779822786081065,2.134758478279998,17.19673430959634
2019-10-15,5.0,0.23779822786081065,2.135749579501151,17.741133600300856
2019-10-16,5.0,0.24343526888647496,2.12732171944643,17.741133600300856
2019-10-17,5.0,0.24343526888647496,2.131816467096107,17.72241736014911
2019-10-18,5.0,0.2433238894936292,2.1458978572253473,17.984392066723807
2019-10-21,5.0,0.2431945643609932,2.1145038342046654,17.835863534661506
2019-10-22,5.0,0.2433249525704083,2.1158666048584465,18.105702869305613
2019-10-23,5.0,0.2433249525704083,2.1275283383742467,18.105702869305613
2019-10-24,5.0,0.24330880412236322,2.1275283383742467,18.111190613229432
2019-10-25,5.0,0.24330880412236322,2.1249457299968606,18.105702869305613
2019-10-28,5.0,0.24424033632086595,2.1154484258459263,18.033653859475862
2019-10-29,5.0,0.24412444777587064,2.1337819778305196,17.412786480604385
2019-10-30,5.0,0.2395443638951292,2.1296874772107364,17.66723851681002
2019-10-31,5.0,0.23944849512426225,2.1296874772107364,17.66723851681002
2019-11-01,5.0,0.23949076575397396,2.1324248049709937,17.576901430160667
2019-11-04,5.0,0.23949076575397396,2.1332843796794285,17.574176863931434
2019-11-05,5.0,0.23949076575397396,2.138933061547676,17.574176863931434
2019-11-06,5.0,0.2417557861097937,2.138933061547676,17.576901430160667
2019-11-07,5.0,0.23949076575397396,2.139137381752951,17.576901430160667
2019-11-08,5.0,0.23949076575397396,2.138933061547676,17.576901430160667
2019-11-11,5.0,0.2401389080633864,2.155790313746537,17.576901430160667
2019-11-12,5.0,0.2373147000695159,2.155790313746537,17.574176863931434
2019-11-13,5.0,0.2332283109449161,2.1577806400231943,17.574176863931434
2019-11-14,5.0,0.2332283109449161,2.181143192437542,17.574176863931434
2019-11-15,5.0,0.2332283109449161,2.1775284424966315,17.574176863931434
2019-11-18,5.0,0.2332283109449161,2.1775284424966315,17.28439553259592
2019-11-19,5.0,0.2332283109449161,2.1820235244453765,17.1491369532089
2019-11-20,5.0,0.23322523469456122,2.173813069701409,17.141382096286303
2019-11-21,5.0,0.23322523469456122,2.1921268353566132,17.1491369532089
2019-11-22,5.0,0.23443952355997127,2.1885619163838435,17.608210384583536
2019-11-25,5.0,0.23559381687898223,2.1933894556107205,17.763558428570988
2019-11-26,5.0,0.23322837387550116,2.1933894556107205,17.87122814748595
2019-11-27,5.0,0.23322837387550116,2.1952975937808725,17.87122814748595
2019-11-29,5.0,0.23322837387550116,2.1931339169345616,18.320244242417743
2019-12-02,5.0,0.23322837387550116,2.168394448572122,17.868956676306404
2019-12-03,5.0,0.23453206701328386,2.1705386200941916,17.868238570610742
2019-12-04,5.0,0.23768485551928087,2.1778860928760846,17.868238570610742
2019-12-05,5.0,0.23269966010395132,2.1777091707961134,17.854410107711047
2019-12-06,5.0,0.23269966010395132,2.1791978918511425,17.854410107711047
2019-12-09,5.0,0.23269966010395132,2.1734529982456494,17.825261957572383
2019-12-10,5.0,0.23318284074570458,2.1697743147055966,17.675211302521443
2019-12-11,5.0,0.23578252354078996,2.186731605592824,17.579288115309406
2019-12-12,5.0,0.2325112430900956,2.17584210436576,17.708403728875066
2019-12-13,5.0,0.2331504836484183,2.1749136969683036,17.786744311694395
2019-12-16,5.0,0.23136785899808585,2.1856134883073532,17.809337802674765
2019-12-17,5.0,0.23136785899808585,2.1926430717951475,18.319974715091153
2019-12-18,5.0,0.23136785899808585,2.1928869363710453,18.05331168376336
2019-12-19,5.0,0.23316662540184113,2.1956268320728514,18.012173162690214
2019-12-20,5.0,0.23316662540184113,2.203544698212127,17.90456365293802
2019-12-23,5.0,0.23316662540184113,2.2013706497700296,18.012173162690214
2019-12-24,5.0,0.23203960541008878,2.1995496034196442,18.012173162690214
2019-12-26,5.0,0.2331504836484183,2.1938129769818877,18.012173162690214
2019-12-27,5.0,0.2331504836484183,2.1872444001930775,18.052840934152147
2019-12-30,5.0,0.23136785899808585,2.1794864941938297,18.301391514091303
2019-12-31,5.0,0.23616079265465004,2.169320759272404,18.304174478238025
2020-01-02,5.0,0.23618349568559266,2.1703748354289227,18.433713706035373
2020-01-03,5.0,0.23747186847020635,2.173469943985019,18.54125091424075
2020-01-06,5.0,0.23747186847020635,2.191428614663126,18.720644152499005
2020-01-07,5.0,0.23616079265465004,2.195422198514623,18.720644152499005
2020-01-08,5.0,0.2331604323572943,2.194364211818744,18.510250050849997
2020-01-09,5.0,0.2331604323572943,2.203777238723025,18.720644152499005
2020-01-10,5.0,0.234113464927867,2.2151950493672077,18.7018288247381
2020-01-13,5.0,0.23178835890581675,2.2151950493672077,18.510250050849997
2020-01-14,5.0,0.23178835890581675,2.2169337185086344,18.391205273250147
2020-01-15,5.0,0.23178835890581675,2.2169337185086344,18.510250050849997
2020-01-16,5.0,0.23931369882415113,2.249250991677753,18.391205273250147
2020-01-17,5.0,0.23630155686678508,2.248933892332942,18.306023975542114
2020-01-21,5.0,0.23628533926516518,2.2212014333314984,18.575796956569032
2020-01-22,5.0,0.23703937121028304,2.225949023601973,18.506042906174123
2020-01-23,5.0,0.23628189039096284,2.229431816765506,18.506042906174123
2020-01-24,5.0,0.23770934799768367,2.221087768508707,18.306023975542114
2020-01-27,5.0,0.23639341529296495,2.2253643265959413,17.825438875810562
2020-01-28,5.0,0.23639341529296495,2.229431816765506,17.825438875810562
2020-01-29,5.0,0.2354325791530396,2.219833985940701,18.264719301163463
2020-01-30,5.0,0.2354325791530396,2.2102699127876066,18.338209647479196
2020-01-31,5.0,0.23639341529296495,2.2008202704207536,18.338209647479196
2020-02-03,5.0,0.23770934799768367,2.204602761640171,18.684498227662782
2020-02-04,5.0,0.23639341529296495,2.205722397353377,18.65066794767968
2020-02-05,5.0,0.24110559274628526,2.217121116208454,18.65066794767968
2020-02-06,5.0,0.24110559274628526,2.210412382369215,18.65066794767968
2020-02-07,5.0,0.24027243601932766,2.1940990822755104,18.683671186334102
2020-02-10,5.0,0.23639341529296495,2.19012614345478,18.61124713048235
2020-02-11,5.0,0.2431585577990865,2.1935003267782562,18.507679423209325
2020-02-12,5.0,0.2375105385712708,2.1935003267782562,18.683671186334102
2020-02-13,5.0,0.2431585577990865,2.2011772436168204,18.26894415550016
2020-02-14,5.0,0.2377267697516263,2.217121116208454,18.50640220848135
2020-02-18,5.0,0.2377267697516263,2.2182512829888887,18.50640220848135
2020-02-19,5.0,0.2377456883286227,2.223004224922395,18.156594767739357
2020-02-20,5.0,0.23770934799768367,2.2214113736493575,18.50640220848135
2020-02-21,5.0,0.23770934799768367,2.2214113736493575,18.156594767739357
2020-02-24,5.0,0.2363416405771752,2.2281859268593935,18.50950784236578
2020-02-25,5.0,0.2363416405771752,2.230995155292292,18.50950784236578
2020-02-26,5.0,0.2363416405771752,2.213574466335487,18.683885404595596
2020-02-27,5.0,0.2377125454472158,2.217456497758076,18.85950623496395
2020-02-28,5.0,0.2377125454472158,2.2243453772149104,19.050926122138204
2020-03-02,5.0,0.2377125454472158,2.20996484151608,19.050926122138204
2020-03-03,5.0,0.2364162058982567,2.222639669094854,19.283579393566185
2020-03-04,5.0,0.2364162058982567,2.2177340467647655,19.283579393566185
2020-03-05,5.0,0.2363194213194231,2.2175309282582525,19.283579393566185
2020-03-06,5.0,0.2363194213194231,2.2201977198424014,19.283579393566185
2020-03-09,5.0,0.2363194213194231,2.2201977198424014,19.283579393566185
2020-03-10,5.0,0.23337652286345142,2.212502004178546,19.291050993690572
2020-03-11,5.0,0.23196615384661354,2.2210794795827518,19.15822028660436
2020-03-12,5.0,0.23196615384661354,2.220206436510585,19.2916143059955
2020-03-13,5.0,0.23475075729547842,2.220206436510585,19.079832058806353
2020-03-16,5.0,0.2336791842846626,2.227251197730393,19.137880655915055
2020-03-17,5.0,0.23184168262639407,2.2338789104318137,19.079832058806353
2020-03-18,5.0,0.2318318014554668,2.2428550548340427,19.079832058806353
2020-03-19,5.0,0.22342581213947488,2.2500146836843555,19.141869514466386
2020-03-20,5.0,0.21998182820642959,2.236633167764124,19.087724612572377
2020-03-23,5.0,0.21998182820642959,2.236888952463553,19.449996652108403
2020-03-24,5.0,0.2251520352473393,2.2433647824388494,19.22193775679403
2020-03-25,5.0,0.22357531786875812,2.2345036947516803,19.085727787738954
2020-03-26,5.0,0.22350646207867844,2.232215365720694,19.076614395831427
2020-03-27,5.0,0.2235989995724696,2.2229135829620246,19.079092868806253
2020-03-30,5.0,0.22656571545271476,2.222281365856409,19.203618903581983
2020-03-31,5.0,0.22863189014316282,2.2229135829620246,19.202867202228205
2020-04-01,5.0,0.2289589145909519,2.2229135829620246,19.079092868806253
2020-04-02,5.0,0.22962697922161096,2.2191870160734144,19.200517972061288
2020-04-03,5.0,0.22962697922161096,2.2211027545059405,19.34526184453304
2020-04-06,5.0,0.2364351427971391,2.242593484213918,19.617035025572072
2020-04-07,5.0,0.23353699197266045,2.2394172428864754,19.343578761686558
2020-04-08,5.0,0.22834143974940502,2.241923171258226,19.617035025572072
2020-04-09,5.0,0.23066774332087217,2.2404844152481047,19.975834341944488
2020-04-13,5.0,0.23066774332087217,2.2532576358298293,19.975983936827447
2020-04-14,5.0,0.23057595262171332,2.259112072455944,19.975983936827447
2020-04-15,5.0,0.23062484021219412,2.2719391944660443,19.979486511838076
2020-04-16,5.0,0.23062484021219412,2.275332963068189,19.96966288247731
2020-04-17,5.0,0.23058530802328214,2.273461114926504,20.416730452967546
2020-04-20,5.0,0.23346838605099438,2.2954455570048236,20.246112210564934
2020-04-21,5.0,0.2364322920784689,2.2715292914694523,20.246112210564934
2020-04-22,5.0,0.23636048687723735,2.272740067356005,20.36089574907975
2020-04-23,5.0,0.23652929782522833,2.273251846743631,20.36089574907975
2020-04-24,5.0,0.23636048687723735,2.2789306603859147,20.366934632027444
2020-04-27,5.0,0.23636048687723735,2.2719391944660443,20.667779356608747
2020-04-28,5.0,0.23066366253509343,2.284203803227813,20.705798599171953
2020-04-29,5.0,0.23245886888577533,2.273417144672054,20.661150580479784
2020-04-30,5.0,0.23418153255242954,2.280215946658471,20.617197025726348
2020-05-01,5.0,0.23423858924589475,2.2740973455084728,20.08927999466356
2020-05-04,5.0,0.23246039211135927,2.2750646110431383,19.940177788090555
2020-05-05,5.0,0.22981888472119638,2.2716372947488592,19.940177788090555
2020-05-06,5.0,0.2297208768462295,2.2668733326429003,19.940177788090555
2020-05-07,5.0,0.23243759050778273,2.287209057727253,19.92188130305449
2020-05-08,5.0,0.234001756965583,2.273677448379548,19.940684235815986
2020-05-11,5.0,0.23349021178715598,2.2668733326429003,19.971150071256307
2020-05-12,5.0,0.23425538056272294,2.264681507416547,19.989781294003368
2020-05-13,5.0,0.23359943451694026,2.2688262391629292,19.941035979177467
2020-05-14,5.0,0.23425538056272294,2.2706169158372966,19.950140057870154
2020-05-15,5.0,0.23611083849817138,2.2721295914410344,20.10156854094843
2020-05-18,5.0,0.23842259443416225,2.249962481586651,20.26893861159425
2020-05-19,5.0,0.2416461023949052,2.2719019653107084,20.363964023016134
2020-05-20,5.0,0.2416461023949052,2.2757840398626765,20.8482526354407
2020-05-21,5.0,0.2411351146315239,2.288399981232973,20.361904257374363
2020-05-22,5.0,0.24145124821840552,2.2994544651007747,20.625722485586145
2020-05-26,5.0,0.2411351146315239,2.315509757122799,20.767049221010588
2020-05-27,5.0,0.238193418660063,2.3019775290468267,20.767049221010588
2020-05-28,5.0,0.2377718010643694,2.316747413630404,20.770135303304773
2020-05-29,5.0,0.2377718010643694,2.3145546826340255,20.790297439444323
2020-06-01,5.0,0.24065439769547797,2.3083463515259877,20.82153025157651
2020-06-02,5.0,0.24065439769547797,2.3019775290468267,20.87246245897351
2020-06-03,5.0,0.2382115336822283,2.3145546826340255,20.87246245897351
2020-06-04,5.0,0.2411617764483288,2.3064889124209285,21.018151263847727
2020-06-05,5.0,0.2411617764483288,2.3212484582422697,20.87246245897351
2020-06-08,5.0,0.2382115336822283,2.32324322120803,20.82521070726838
2020-06-09,5.0,0.2382115336822283,2.3212484582422697,20.672111511684925
2020-06-10,5.0,0.2411617764483288,2.315703940502999,20.672111511684925
2020-06-11,5.0,0.24145124821840552,2.305924239195738,20.632114866850944
2020-06-12,5.0,0.24251482827826723,2.309934303144489,20.463700678393007
2020-06-15,5.0,0.24251482827826723,2.3194901191363932,20.461017829135063
2020-06-16,5.0,0.24121376804104686,2.3013422532518932,20.5265556313974
2020-06-17,5.0,0.23445883362606745,2.316783629226915,20.89614658425363
2020-06-18,5.0,0.23351595351662457,2.3114571373795734,20.5265556313974
2020-06-19,5.0,0.23355155708150696,2.318968585544921,20.647187861612274
2020-06-22,5.0,0.23353542414555867,2.31666415957937,20.650758116791156
2020-06-23,5.0,0.23404114155940356,2.306699202667063,20.862924155950413
2020-06-24,5.0,0.23681048783710157,2.313291096523953,20.687759528788526
2020-06-25,5.0,0.23808331218795412,2.3188238036691096,21.414410081365098
2020-06-26,5.0,0.24313202559145805,2.304513027951252,21.50469915132959
2020-06-29,5.0,0.2430781002813833,2.2977339595331774,21.834415766041573
2020-06-30,5.0,0.23864303945277515,2.3104652385158815,21.952279412391583
2020-07-01,5.0,0.23810283679641608,2.2964699930349903,21.5964683591885
2020-07-02,5.0,0.23809677197496962,2.299255569035297,21.430634201843915
2020-07-06,5.0,0.2375211757401517,2.299255569035297,21.591856365330553
2020-07-07,5.0,0.2375211757401517,2.299255569035297,21.5964683591885
2020-07-08,5.0,0.2380917639682997,2.299255569035297,21.836630967764318
2020-07-09,5.0,0.2380917639682997,2.309631654602855,21.721813599500827
2020-07-10,5.0,0.2380917639682997,2.306384017120823,22.22587414108944
2020-07-13,5.0,0.2374525869813093,2.3070527916234314,22.22587414108944
2020-07-14,5.0,0.23442472435480244,2.3070915163205417,22.2937188999512
2020-07-15,5.0,0.23805614047459428,2.306384017120823,22.119686531065042
2020-07-16,5.0,0.23188898026051716,2.3094519728970573,22.119686531065042
2020-07-17,5.0,0.23347819701148198,2.317275953258785,21.928038188845036
2020-07-20,5.0,0.2381174390709943,2.3372404159639917,21.79924752350419
2020-07-21,5.0,0.24164497705663068,2.339313516461588,21.79924752350419
2020-07-22,5.0,0.24089801423044108,2.340753556515688,21.92597355657022
2020-07-23,5.0,0.2381174390709943,2.344767610864028,22.203406791724312
2020-07-24,5.0,0.2381174390709943,2.3543945128438275,21.929727032977848
2020-07-27,5.0,0.2371102429072899,2.3460133630257882,21.938044252102223
2020-07-28,5.0,0.2361804963420269,2.350826647427631,22.203406791724312
2020-07-29,5.0,0.23684135175691404,2.339811034753674,22.203406791724312
2020-07-30,5.0,0.22852510772630194,2.344571877908244,22.204099479913538
2020-07-31,5.0,0.22852510772630194,2.344060558908857,22.260001502305602
2020-08-03,5.0,0.23001394751280296,2.3442798650830436,22.28848755359228
2020-08-04,5.0,0.23696764177089455,2.344571877908244,22.205429354822375
2020-08-05,5.0,0.23691486924926997,2.3413443756040646,22.555808960905868
2020-08-06,5.0,0.23704368694983724,2.343049235261683,22.555808960905868
2020-08-07,5.0,0.2378832838842796,2.3266930665604093,22.445703191402163
2020-08-10,5.0,0.24003556004475285,2.3260524032940326,22.31467870811965
2020-08-11,5.0,0.2393179493663183,2.3319538837684908,22.31467870811965
2020-08-12,5.0,0.2378832838842796,2.3416091952075826,22.125173601270095
2020-08-13,5.0,0.23593558852817365,2.3258573574536077,22.121131399734665
2020-08-14,5.0,0.2341072759586036,2.3176168519815272,22.30776155729755
2020-08-17,5.0,0.23344768476392963,2.3126248361764645,22.30776155729755
2020-08-18,5.0,0.23701910303433002,2.3184089295294,22.557112779892872
2020-08-19,5.0,0.23334207763857967,2.3075085632755448,22.4138939589878
2020-08-20,5.0,0.23701910303433002,2.3126248361764645,22.415538008695595
2020-08-21,5.0,0.23701910303433002,2.315962498547403,22.62823961863885
2020-08-24,5.0,0.2337062594500053,2.325575205578434,22.903338485432105
2020-08-25,5.0,0.23298232542735497,2.3347480847770097,22.903338485432105
2020-08-26,5.0,0.23337092668417067,2.341116502433004,22.903338485432105
2020-08-27,5.0,0.23298232542735497,2.3530556967554954,22.9760733652974
2020-08-28,5.0,0.23298232542735497,2.34225947483181,22.97944881694436
2020-08-31,5.0,0.23298232542735497,2.3629314235543535,23.284191740958157
2020-09-01,5.0,0.23516632789395178,2.367448798665407,22.983418630870467
2020-09-02,5.0,0.2467369077195336,2.3535491160050857,22.983418630870467
2020-09-03,5.0,0.2433627562166929,2.3535491160050857,22.972587025400813
2020-09-04,5.0,0.24333469979989,2.3566038931872755,22.903338485432105
2020-09-08,5.0,0.23520799217992253,2.3497120491091463,22.903338485432105
2020-09-09,5.0,0.23520799217992253,2.3423345369660016,22.97511159364501
2020-09-10,5.0,0.23520799217992253,2.3609157292620155,22.972955256925783
2020-09-11,5.0,0.23520799217992253,2.359964134836506,22.90679290400481
2020-09-14,5.0,0.24283448207720731,2.362432416670808,23.07053864168754
2020-09-15,5.0,0.24283448207720731,2.3733831218958903,23.07053864168754
2020-09-16,5.0,0.23876998801229676,2.3733831218958903,22.87372347453527
2020-09-17,5.0,0.23884343734688313,2.3717690904989626,22.87372347453527
2020-09-18,5.0,0.239330043735239,2.3659518734516825,22.650697125668614
2020-09-21,5.0,0.24279871730076763,2.36443518604289,22.650697125668614
2020-09-22,5.0,0.24280212630786574,2.374727579295774,22.400288484068092
2020-09-23,5.0,0.24273951543611658,2.37560287997843,22.650697125668614
2020-09-24,5.0,0.2389112591248123,2.378037326791396,22.728585033617563
2020-09-25,5.0,0.23872845903483006,2.3740868003110265,23.07372960068158
2020-09-28,5.0,0.23675151766110972,2.3740868003110265,22.880225303112987
2020-09-29,5.0,0.23867684866336664,2.363166432397498,22.72854244117745
2020-09-30,5.0,0.2351372256819978,2.366444706394665,22.735801304493325
2020-10-01,5.0,0.23867684866336664,2.3692584585172747,22.402256440281295
2020-10-02,5.0,0.23500829419351443,2.377782832624065,22.402256440281295
2020-10-05,5.0,0.23573530893804664,2.4161399546200175,22.468739683738505
2020-10-06,5.0,0.23571538605152664,2.3850557227196747,22.770494960752693
2020-10-07,5.0,0.22994302259495705,2.377782832624065,22.565154656576908
2020-10-08,5.0,0.22844517140257678,2.4090085005869124,22.770494960752693
2020-10-09,5.0,0.2292769158039032,2.3975487128434323,22.822159264044018
2020-10-12,5.0,0.2292769158039032,2.420426739776925,23.045853702251154
2020-10-13,5.0,0.23074627336091216,2.4128243943470755,23.04650074874271
2020-10-14,5.0,0.23074627336091216,2.3950689817968325,23.04419828450589
2020-10-15,5.0,0.22844517140257678,2.4175307133365527,23.09125480371317
2020-10-16,5.0,0.22844517140257678,2.4150885800941277,23.182541072585014
2020-10-19,5.0,0.22844517140257678,2.384549247628312,23.182541072585014
2020-10-20,5.0,0.22844517140257678,2.377481702694568,23.182708749694655
2020-10-21,5.0,0.23206306784460712,2.372392793992086,23.182708749694655
2020-10-22,5.0,0.23206306784460712,2.390312222407476,23.182127814318395
2020-10-23,5.0,0.23377893765929922,2.380434782476439,23.182708749694655
2020-10-26,5.0,0.2321423744947358,2.40029232105117,23.182708749694655
2020-10-27,5.0,0.23111604659388693,2.4018677080448088,23.18170612351868
2020-10-28,5.0,0.23258254008357845,2.3935304595010667,23.18170612351868
2020-10-29,5.0,0.2325601383061191,2.3955792055434033,23.18170612351868
2020-10-30,5.0,0.23263385609757664,2.3956292304081663,23.18170612351868
2020-11-02,5.0,0.2325601383061191,2.395976980669313,23.1464545862571
2020-11-03,5.0,0.2325601383061191,2.3764261231909085,23.1464545862571
2020-11-04,5.0,0.23263385609757664,2.3833989345113045,23.1464545862571
2020-11-05,5.0,0.23263385609757664,2.3909470361606706,23.1464545862571
2020-11-06,5.0,0.23263385609757664,2.3837489274021246,23.18170612351868
2020-11-09,5.0,0.2325601383061191,2.3736492499983415,23.214335060894207
2020-11-10,5.0,0.23257565279172998,2.3822556110067925,23.21566907386745
2020-11-11,5.0,0.23621895227184833,2.384045270460704,23.54775885091123
2020-11-12,5.0,0.24123881015707785,2.376390474166531,23.54775885091123
2020-11-13,5.0,0.24123881015707785,2.3862276838581913,23.717949063027767
2020-11-16,5.0,0.24123881015707785,2.3862276838581913,23.54775885091123
2020-11-17,5.0,0.2398951467631739,2.3739881402016807,23.19011570567254
2020-11-18,5.0,0.23766328101394926,2.364789654671292,23.54775885091123
2020-11-19,5.0,0.23766328101394926,2.372570720953002,23.233887228163326
2020-11-20,5.0,0.23952597384409374,2.3815686285470816,23.554726377703
2020-11-23,5.0,0.23764687594536854,2.3822152741126557,23.710762113791276
2020-11-24,5.0,0.23764687594536854,2.3750553481633903,23.72108672107
2020-11-25,5.0,0.23780874376213312,2.3750553481633903,23.72108672107
2020-11-27,5.0,0.23765421928480476,2.3772065598501078,23.72814451047205
2020-11-30,5.0,0.23707783450243958,2.372031185143566,24.22933452617584
2020-12-01,5.0,0.2370133403298034,2.372031185143566,24.340907004628708
2020-12-02,5.0,0.23765421928480476,2.3703970831038843,24.31534864247156
2020-12-03,5.0,0.23713737670769203,2.367799366046305,24.27055793958492
2020-12-04,5.0,0.23713737670769203,2.3651200088777773,23.72158126533005
2020-12-07,5.0,0.23534256944793044,2.3627492490667397,24.27055793958492
2020-12-08,5.0,0.23534256944793044,2.3692260040663466,24.27055793958492
2020-12-09,5.0,0.23534256944793044,2.3735289495347702,23.72937301917945
2020-12-10,5.0,0.2355307252591898,2.372065230038772,23.72937301917945
2020-12-11,5.0,0.2355307252591898,2.4059606394449466,23.723421471023116
2020-12-14,5.0,0.2355307252591898,2.419233110699962,24.033984908866785
2020-12-15,5.0,0.23536612448534097,2.4219385833266145,23.950168616083044
2020-12-16,5.0,0.23530638830499243,2.416178702533128,24.22331773028928
2020-12-17,5.0,0.2324899840869034,2.4186024128329704,24.033984908866785
2020-12-18,5.0,0.23530638830499243,2.4186024128329704,24.032091088085398
2020-12-21,5.0,0.23552776844044584,2.417271235177274,24.032091088085398
2020-12-22,5.0,0.23551445157419118,2.420030614017994,24.582715820375483
2020-12-23,5.0,0.2348806495304869,2.4231004856181966,24.43268627578668
2020-12-24,5.0,0.23688818139341866,2.428500643233135,24.434756936182247
2020-12-28,5.0,0.23357244208583183,2.4552021686314593,24.66764664425418
2020-12-29,5.0,0.23357244208583183,2.425180626147047,24.664781470581158
2020-12-30,5.0,0.2320475675797708,2.417529125826982,24.092992660900787
2020-12-31,5.0,0.2320475675797708,2.4142500609744526,24.092992660900787
