day,stress,balance
2014-01-02,1,994.2524163389122
2014-01-03,1,993.4372326141196
2014-01-06,1,991.2634093480057
2014-01-07,1,996.915349839902
2014-01-08,1,997.4044600747776
2014-01-09,1,997.947915891306
2014-01-10,1,1000.3391214840315
2014-01-13,1,987.6222553772643
2014-01-14,1,998.2196437995705
2014-01-15,1,1003.5998563832028
2014-01-16,1,1002.1325256785757
2014-01-17,1,997.8392247280004
2014-01-21,1,1000.9912684638658
2014-01-22,1,1001.8607977703115
2014-01-23,1,993.3285414508139
2014-01-24,1,972.1337646062019
2014-01-27,1,967.4056990024037
2014-01-28,1,973.1663306576058
2014-01-29,1,963.6558538683569
2014-01-30,1,974.5249701989273
2014-01-31,1,967.8948092372793
2014-02-03,1,946.5369956477087
2014-02-04,1,953.1671566093564
2014-02-05,1,951.8085170680354
2014-02-06,1,964.2536552665384
2014-02-07,1,976.5357567200828
2014-02-10,1,978.220469751321
2014-02-11,1,988.8178581736271
2014-02-12,1,989.5243507351144
2014-02-13,1,994.7958721554406
2014-02-14,1,1000.0130479941142
2014-02-18,1,1001.3173419537831
2014-02-19,1,994.6328354104824
2014-02-20,1,1000.8282317189074
2014-02-21,1,999.469592177586
2014-02-24,1,1005.3389149960939
2014-02-25,1,1004.3063489446898
2014-02-26,1,1004.4693856896484
2014-02-27,1,1009.9582894365863
2014-02-28,1,1012.6212229375759
2014-03-03,1,1004.9584959245238
2014-03-04,1,1020.0122220423636
2014-03-05,1,1020.2296043689752
2014-03-06,1,1022.6751555433534
2014-03-07,1,1022.8381922883121
2014-03-10,1,1022.6751555433534
2014-03-11,1,1017.3492885413739
2014-03-12,1,1017.675362031291
2014-03-13,1,1006.425826629151
2014-03-14,1,1003.2737828932857
2014-03-17,1,1012.6755685192287
2014-03-18,1,1020.0122220423636
2014-03-19,1,1014.5233182954256
2014-03-20,1,1020.3926411139337
2014-03-21,1,1011.9690759577418
2014-03-24,1,1007.6214294255137
2014-03-25,1,1012.6755685192287
2014-03-26,1,1005.1758782511355
2014-03-27,1,1003.3281284749385
2014-03-28,1,1008.0018484970836
2014-03-31,1,1016.3710680716227
2014-04-01,1,1023.0555746149234
2014-04-02,1,1026.4793462590528
2014-04-03,1,1025.1207067177318
2014-04-04,1,1012.947296427493
2014-04-07,1,1001.6434154437001
2014-04-08,1,1005.9910619759282
2014-04-09,1,1016.914523888151
2014-04-10,1,995.3393279719694
2014-04-11,1,986.2636158359433
2014-04-14,1,994.2524163389122
2014-04-15,1,1001.2086507904773
2014-04-16,1,1011.534311304519
2014-04-17,1,1012.947296427493
2014-04-21,1,1016.5341048165814
2014-04-22,1,1020.9360969304623
2014-04-23,1,1018.7622736643482
2014-04-24,1,1020.7187146038508
2014-04-25,1,1012.4581861926174
2014-04-28,1,1015.7189210917887
2014-04-29,1,1020.2296043689752
2014-04-30,1,1023.8164127580633
2014-05-01,1,1023.4359936864935
2014-05-02,1,1022.0773541451719
2014-05-05,1,1024.0881406663275
2014-05-06,1,1015.2841564385656
2014-05-07,1,1021.1534792570736
2014-05-08,1,1020.0122220423636
2014-05-09,1,1021.8056262369079
2014-05-12,1,1031.3704486078097
2014-05-13,1,1032.294323495908
2014-05-14,1,1027.4032211471515
2014-05-15,1,1018.3275090111254
2014-05-16,1,1022.131699726825
2014-05-19,1,1025.7185081159132
2014-05-20,1,1019.1426927359182
2014-05-21,1,1027.7836402187215
2014-05-22,1,1030.3378825564057
2014-05-23,1,1034.5768379253277
2014-05-27,1,1040.9352709787115
2014-05-28,1,1039.9027049273075
2014-05-29,1,1045.500299837551
2014-05-30,1,1046.9676305421779
2014-06-02,1,1048.3262700834991
2014-06-03,1,1047.8371598486237
2014-06-04,1,1049.7936007881262
2014-06-05,1,1056.749835239691
2014-06-06,1,1061.8039743334061
2014-06-09,1,1062.8908859664634
2014-06-10,1,1062.999577129769
2014-06-11,1,1059.4127687406808
2014-06-12,1,1051.7500417276287
2014-06-13,1,1055.0651222084527
2014-06-16,1,1055.9346515148982
2014-06-17,1,1058.7606217608463
2014-06-18,1,1066.5320399372042
2014-06-19,1,1067.836333896873
2014-06-20,1,1064.9016724876187
2014-06-23,1,1064.521253416049
2014-06-24,1,1058.1084747810123
2014-06-25,1,1062.7821948031576
2014-06-26,1,1062.1300478233234
2014-06-27,1,1064.086488762826
2014-06-30,1,1063.5973785279505
2014-07-01,1,1070.934032051085
2014-07-02,1,1071.9122525208368
2014-07-03,1,1077.346810686122
2014-07-07,1,1073.542619970422
2014-07-08,1,1066.64073110051
2014-07-09,1,1071.314451122655
2014-07-10,1,1067.0211501720803
2014-07-11,1,1068.3797897134014
2014-07-14,1,1073.8143478786862
2014-07-15,1,1071.8579069391837
2014-07-16,1,1075.8794799814948
2014-07-17,1,1063.6517241096033
2014-07-18,1,1074.5208404401737
2014-07-21,1,1072.2383260107538
2014-07-22,1,1077.0750827778575
2014-07-23,1,1079.5749795338888
2014-07-24,1,1079.5749795338888
2014-07-25,1,1074.466494858521
2014-07-28,1,1074.9012595117435
2014-07-29,1,1070.3362306529036
2014-07-30,1,1070.5536129795153
2014-07-31,1,1049.141453808292
2014-08-01,1,1046.0981012357322
2014-08-04,1,1053.6521370854784
2014-08-05,1,1043.3264765714368
2014-08-06,1,1043.7068956430066
2014-08-07,1,1038.0549551511103
2014-08-08,1,1050.1740198596963
2014-08-11,1,1053.1630268506028
2014-08-12,1,1051.8043873092815
2014-08-13,1,1059.2497319957222
2014-08-14,1,1063.7604152729089
2014-08-15,1,1063.706069691256
2014-08-18,1,1072.5643995006708
2014-08-19,1,1078.1619944109143
2014-08-20,1,1080.9879646568627
2014-08-21,1,1084.140008392728
2014-08-22,1,1082.346604198184
2014-08-25,1,1087.835507945122
2014-08-26,1,1088.7593828332206
2014-08-27,1,1088.3789637616505
2014-08-28,1,1087.6724712001633
2014-08-29,1,1090.7158237727228
2014-09-02,1,1090.1180223745419
2014-09-03,1,1089.6832577213188
2014-09-04,1,1088.1072358533863
2014-09-05,1,1093.0526837837956
2014-09-08,1,1090.1723679561946
2014-09-09,1,1083.2704790862826
2014-09-10,1,1087.3463977102465
2014-09-11,1,1088.4333093433033
2014-09-12,1,1082.1835674532256
2014-09-15,1,1081.4227293100855
2014-09-16,1,1089.5745665580134
2014-09-17,1,1090.8788605176815
2014-09-18,1,1096.5308010095785
2014-09-19,1,1090.8788605176815
2014-09-22,1,1082.2379130348784
2014-09-23,1,1076.0425167264532
2014-09-24,1,1084.574773045951
2014-09-25,1,1066.9124590087742
2014-09-26,1,1075.7707888181887
2014-09-29,1,1073.4339288071164
2014-09-30,1,1070.607958561168
2014-10-01,1,1056.1520338415098
2014-10-02,1,1056.4237617497738
2014-10-03,1,1068.0537162234843
2014-10-06,1,1066.586385518857
2014-10-07,1,1050.2827110230019
2014-10-08,1,1068.6515176216653
2014-10-09,1,1047.1306672871365
2014-10-10,1,1035.3920216501208
2014-10-13,1,1018.3275090111254
2014-10-14,1,1020.3382955322808
2014-10-15,1,1012.4038406109645
2014-10-16,1,1012.1321127027002
2014-10-17,1,1024.6315964828561
2014-10-20,1,1034.3051100170635
2014-10-21,1,1054.5760119735771
2014-10-22,1,1047.293704032095
2014-10-23,1,1059.4671143223336
2014-10-24,1,1067.2385324986915
2014-10-27,1,1065.7712017940644
2014-10-28,1,1078.0533032476087
2014-10-29,1,1076.8033548695932
2014-10-30,1,1083.8682804844639
2014-10-31,1,1095.9329996113968
2014-11-03,1,1096.4221098462724
2014-11-04,1,1092.94399262049
2014-11-05,1,1099.7915359087492
2014-11-06,1,1104.1935280226303
2014-11-07,1,1105.2260940740343
2014-11-10,1,1108.4868289732055
2014-11-11,1,1109.5737406062624
2014-11-12,1,1108.5411745548583
2014-11-13,1,1109.5737406062624
2014-11-14,1,1110.008505259485
2014-11-17,1,1110.7149978209723
2014-11-18,1,1117.0734308743558
2014-11-19,1,1115.116989934853
2014-11-20,1,1117.2908132009672
2014-11-21,1,1123.2144816011282
2014-11-24,1,1126.4752165002992
2014-11-25,1,1125.9317606837708
2014-11-26,1,1128.5403486031078
2014-11-28,1,1126.0947974287294
2014-12-01,1,1118.4320704156773
2014-12-02,1,1125.4426504488952
2014-12-03,1,1129.8989881444288
2014-12-04,1,1128.5403486031078
2014-12-05,1,1130.3880983793044
2014-12-08,1,1122.888408111211
2014-12-09,1,1122.0188788047653
2014-12-10,1,1104.1391824409775
2014-12-11,1,1109.5737406062624
2014-12-12,1,1091.6396986608218
2014-12-15,1,1084.0856628110753
2014-12-16,1,1075.716443236536
2014-12-17,1,1097.2372935710653
2014-12-18,1,1123.8666285809625
2014-12-19,1,1122.3992978763354
2014-12-22,1,1127.3990913883974
2014-12-23,1,1129.0294588379832
2014-12-24,1,1129.3011867462474
2014-12-26,1,1132.6706128087242
2014-12-29,1,1134.3553258399625
2014-12-30,1,1128.2686206948433
2014-12-31,1,1116.9103941293974
2015-01-02,1,1116.3125927312162
2015-01-05,1,1096.6938377545368
2015-01-06,1,1085.933412587272
2015-01-07,1,1099.6284991637908
2015-01-08,1,1119.0842173955114
2015-01-09,1,1109.6280861879152
2015-01-12,1,1101.1501754500705
2015-01-13,1,1098.1611684591635
2015-01-14,1,1091.8027354057804
2015-01-15,1,1081.5857660550444
2015-01-16,1,1095.3351982132153
2015-01-20,1,1097.998131714205
2015-01-21,1,1103.7044177877547
2015-01-22,1,1120.0080922836098
2015-01-23,1,1113.8126959751849
2015-01-26,1,1116.5843206394802
2015-01-27,1,1101.8566680115578
2015-01-28,1,1087.2920521285935
2015-01-29,1,1097.6720582242879
2015-01-30,1,1083.9226260661167
2015-02-02,1,1097.0742568261066
2015-02-03,1,1112.997512250392
2015-02-04,1,1109.030284789734
2015-02-05,1,1120.4972025184854
2015-02-06,1,1116.8560485477444
2015-02-09,1,1111.8562550356824
2015-02-10,1,1123.9209741626153
2015-02-11,1,1124.627466724102
2015-02-12,1,1135.2792007280611
2015-02-13,1,1140.1703030768176
2015-02-17,1,1142.1267440163203
2015-02-18,1,1142.0723984346675
2015-02-19,1,1141.3115602915275
2015-02-20,1,1148.1591035797871
2015-02-23,1,1147.83303008987
2015-02-24,1,1151.2568017339995
2015-02-25,1,1150.0068533559838
2015-02-26,1,1148.9199417229268
2015-02-27,1,1145.0070598439213
2015-03-02,1,1152.126331040445
2015-03-03,1,1147.4526110182996
2015-03-04,1,1142.5071630878904
2015-03-05,1,1143.8114570475586
2015-03-06,1,1127.562128133356
2015-03-09,1,1132.4532304821128
2015-03-10,1,1113.9757327201437
2015-03-11,1,1111.4214903824595
2015-03-12,1,1125.5513416122008
2015-03-13,1,1118.6494527422888
2015-03-16,1,1133.9205611867399
2015-03-17,1,1130.2794072159988
2015-03-18,1,1143.6484203026002
2015-03-19,1,1138.4312444639265
2015-03-20,1,1143.5397291392944
2015-03-23,1,1141.474597036486
2015-03-24,1,1134.7900904931853
2015-03-25,1,1118.160342507413
2015-03-26,1,1115.606100169729
2015-03-27,1,1117.9973057624543
2015-03-30,1,1131.8010835022783
2015-03-31,1,1121.9101876414595
2015-04-01,1,1118.2146880890657
2015-04-02,1,1121.5841141515425
2015-04-06,1,1129.5185690728588
2015-04-07,1,1126.3665253369934
2015-04-08,1,1130.3337527976516
2015-04-09,1,1135.4422374730198
2015-04-10,1,1141.474597036486
2015-04-13,1,1136.2574211978124
2015-04-14,1,1138.4312444639265
2015-04-15,1,1143.7027658842528
2015-04-16,1,1143.2136556493774
2015-04-17,1,1130.0076793077344
2015-04-20,1,1140.442030985082
2015-04-21,1,1139.1920826070661
2015-04-22,1,1144.735331935657
2015-04-23,1,1147.669993344911
2015-04-24,1,1150.2242356825955
2015-04-27,1,1145.3874789154913
2015-04-28,1,1148.9742873045795
2015-04-29,1,1144.2462217007815
2015-04-30,1,1132.8879951353358
2015-05-01,1,1145.0070598439213
2015-05-04,1,1148.5395226513567
2015-05-05,1,1135.2792007280611
2015-05-06,1,1130.5511351242633
2015-05-07,1,1135.1161639831025
2015-05-08,1,1150.1155445192894
2015-05-11,1,1144.5722951906985
2015-05-12,1,1141.094177964916
2015-05-13,1,1141.474597036486
2015-05-14,1,1153.2675882551548
2015-05-15,1,1154.6805733781289
2015-05-18,1,1158.049999440606
2015-05-19,1,1157.6152347873829
2015-05-20,1,1156.80005106259
2015-05-21,1,1160.1151315434142
2015-05-22,1,1157.3978524607717
2015-05-26,1,1145.224442170533
2015-05-27,1,1155.8218305928388
2015-05-28,1,1154.7892645414347
2015-05-29,1,1147.2352286916882
2015-06-01,1,1149.7894710293722
2015-06-02,1,1148.702559396315
2015-06-03,1,1151.745911968875
2015-06-04,1,1142.4528175062374
2015-06-05,1,1140.1159574951648
2015-06-08,1,1132.9423407169886
2015-06-09,1,1132.8336495536828
2015-06-10,1,1146.4200449668954
2015-06-11,1,1149.952507774331
2015-06-12,1,1141.2572147098745
2015-06-15,1,1136.3117667794652
2015-06-16,1,1142.6701998328488
2015-06-17,1,1144.6266407723515
2015-06-18,1,1156.2022496644088
2015-06-19,1,1143.7571114659058
2015-06-22,1,1151.5828752239165
2015-06-23,1,1152.2893677854036
2015-06-24,1,1143.9201482108645
2015-06-25,1,1140.2246486584704
2015-06-26,1,1140.3333398217765
2015-06-29,1,1116.4756294761746
2015-06-30,1,1118.921180650553
2015-07-01,1,1127.7795104599677
2015-07-02,1,1126.6382532452576
2015-07-06,1,1123.3231727644338
2015-07-07,1,1129.844642562776
2015-07-08,1,1111.258453637501
2015-07-09,1,1113.4322769036148
2015-07-10,1,1127.4534369700507
2015-07-13,1,1140.0072663318592
2015-07-14,1,1144.9527142622685
2015-07-15,1,1144.6809863540043
2015-07-16,1,1153.484970581766
2015-07-17,1,1154.571882214823
2015-07-20,1,1155.441411521269
2015-07-21,1,1150.7676914991239
2015-07-22,1,1148.5395226513567
2015-07-23,1,1142.1810895979731
2015-07-24,1,1130.2250616343458
2015-07-27,1,1123.649246254351
2015-07-28,1,1137.453023994175
2015-07-29,1,1145.2787877521857
2015-07-30,1,1145.4961700787974
2015-07-31,1,1143.8114570475586
2015-08-03,1,1140.0072663318592
2015-08-04,1,1137.7247519024395
2015-08-05,1,1141.7463249447503
2015-08-06,1,1132.9423407169886
2015-08-07,1,1129.9533337260816
2015-08-10,1,1144.4636040273929
2015-08-11,1,1133.811870023434
2015-08-12,1,1135.1705095647553
2015-08-13,1,1133.811870023434
2015-08-14,1,1137.996479810704
2015-08-17,1,1144.354912864087
2015-08-18,1,1141.094177964916
2015-08-19,1,1132.1271569921955
2015-08-20,1,1108.215101064941
2015-08-21,1,1073.4882743887692
2015-08-24,1,1029.6313899949184
2015-08-25,1,1017.5666708679854
2015-08-26,1,1057.3476366378725
2015-08-27,1,1082.9987511780182
2015-08-28,1,1082.9987511780182
2015-08-31,1,1073.868693460339
2015-09-01,1,1041.2613444686285
2015-09-02,1,1062.2387389866294
2015-09-03,1,1062.6735036398522
2015-09-04,1,1046.478520307302
2015-09-08,1,1073.3795832254634
2015-09-09,1,1058.597585015888
2015-09-10,1,1064.521253416049
2015-09-11,1,1069.3580101831528
2015-09-14,1,1065.173400395883
2015-09-15,1,1078.705450227443
2015-09-16,1,1087.9441991084275
2015-09-17,1,1085.607339097355
2015-09-18,1,1062.0213566600178
2015-09-21,1,1067.6732971519143
2015-09-22,1,1053.6521370854784
2015-09-23,1,1051.9674240542402
2015-09-24,1,1048.4893068284578
2015-09-25,1,1047.8371598486237
2015-09-28,1,1021.3165160020322
2015-09-29,1,1021.9686629818663
2015-09-30,1,1041.6417635401983
2015-10-01,1,1044.2503514595355
2015-10-02,1,1059.6301510672924
2015-10-05,1,1078.7597958090957
2015-10-06,1,1075.064296256702
2015-10-07,1,1083.759589321158
2015-10-08,1,1093.5417940186712
2015-10-09,1,1094.3026321618115
2015-10-12,1,1095.3351982132153
2015-10-13,1,1088.1072358533863
2015-10-14,1,1082.9444055963654
2015-10-15,1,1099.574153582138
2015-10-16,1,1103.9761456960189
2015-10-19,1,1105.008711747423
2015-10-20,1,1103.5957266244488
2015-10-21,1,1096.7481833361896
2015-10-22,1,1115.280026679812
2015-10-23,1,1127.7251648783147
2015-10-26,1,1124.7905034690607
2015-10-27,1,1122.6710257845996
2015-10-28,1,1135.4422374730198
2015-10-29,1,1135.1161639831025
2015-10-30,1,1129.5729146545116
2015-11-02,1,1143.2680012310302
2015-11-03,1,1146.4743905485486
2015-11-04,1,1143.3223468126832
2015-11-05,1,1141.9093616897087
2015-11-06,1,1141.3659058731805
2015-11-09,1,1130.7141718692217
2015-11-10,1,1133.1597230435998
2015-11-11,1,1128.8120765113717
2015-11-12,1,1113.4866224852676
2015-11-13,1,1100.7154107968477
2015-11-16,1,1117.34515878262
2015-11-17,1,1116.1495559862574
2015-11-18,1,1134.2466346766569
2015-11-19,1,1133.2684142069058
2015-11-20,1,1137.7247519024395
2015-11-23,1,1136.1487300345066
2015-11-24,1,1137.8877886473979
2015-11-25,1,1137.5617151574806
2015-11-27,1,1138.7029723721907
2015-11-30,1,1134.0292523500455
2015-12-01,1,1145.2787877521857
2015-12-02,1,1133.1597230435998
2015-12-03,1,1117.34515878262
2015-12-04,1,1139.246428188719
2015-12-07,1,1131.9641202472371
2015-12-08,1,1124.736157887408
2015-12-09,1,1116.0408648229518
2015-12-10,1,1118.540761578983
2015-12-11,1,1096.9655656628013
2015-12-14,1,1103.160961971226
2015-12-15,1,1114.573534118325
2015-12-16,1,1130.2250616343458
2015-12-17,1,1113.4866224852676
2015-12-18,1,1086.6399051487592
2015-12-21,1,1095.9329996113968
2015-12-22,1,1105.9869322171742
2015-12-23,1,1119.62767321204
2015-12-24,1,1117.1821220376614
2015-12-28,1,1115.116989934853
2015-12-29,1,1127.2904002250918
2015-12-30,1,1119.1929085588172
2015-12-31,1,1108.1064099016355
2016-01-04,1,1092.2918456406558
2016-01-05,1,1094.5743600700755
2016-01-06,1,1080.3358176770284
2016-01-07,1,1054.3042840653127
2016-01-08,1,1042.8373663365612
2016-01-11,1,1043.8699323879655
2016-01-12,1,1052.4021887074632
2016-01-13,1,1026.2619639324416
2016-01-14,1,1042.8373663365612
2016-01-15,1,1020.5013322772396
2016-01-19,1,1021.8056262369079
2016-01-20,1,1009.6865615283219
2016-01-21,1,1014.5233182954256
2016-01-22,1,1035.2289849051622
2016-01-25,1,1019.8491852974053
2016-01-26,1,1033.5442718739237
2016-01-27,1,1022.3490820534363
2016-01-28,1,1027.8923313820271
2016-01-29,1,1052.6195710340744
2016-02-01,1,1052.6195710340744
2016-02-02,1,1033.2181983840067
2016-02-03,1,1039.0331756208614
2016-02-04,1,1040.9896165603643
2016-02-05,1,1021.4252071653378
2016-02-08,1,1007.4040470989021
2016-02-09,1,1007.458392680555
2016-02-10,1,1006.9692824456795
2016-02-11,1,994.8502177370934
2016-02-12,1,1014.3059359688142
2016-02-16,1,1031.316103026157
2016-02-17,1,1048.2175789201935
2016-02-18,1,1043.652550061354
2016-02-19,1,1043.5438588980485
2016-02-22,1,1058.597585015888
2016-02-23,1,1045.4459542558982
2016-02-24,1,1050.0653286963907
2016-02-25,1,1062.6191580581992
2016-02-26,1,1060.3909892104323
2016-02-29,1,1051.4783138193645
2016-03-01,1,1077.0207371962047
2016-03-02,1,1081.4770748917383
2016-03-03,1,1085.607339097355
2016-03-04,1,1088.9767651598318
2016-03-07,1,1090.1180223745419
2016-03-08,1,1077.9989576659557
2016-03-09,1,1083.759589321158
2016-03-10,1,1084.4117363009925
2016-03-11,1,1101.7479768482522
2016-03-14,1,1100.4436828885835
2016-03-15,1,1098.7589698573452
2016-03-16,1,1105.33478523734
2016-03-17,1,1112.1823285255994
2016-03-18,1,1111.0410713108895
2016-03-21,1,1112.3453652705577
2016-03-22,1,1111.8562550356824
2016-03-23,1,1104.5196015125473
2016-03-24,1,1103.9761456960189
2016-03-28,1,1104.628292675853
2016-03-29,1,1114.9539531898947
2016-03-30,1,1119.953746701957
2016-03-31,1,1117.0734308743558
2016-04-01,1,1124.3557388158379
2016-04-04,1,1120.9863127533615
2016-04-05,1,1109.682431769568
2016-04-06,1,1121.801496478154
2016-04-07,1,1108.323792228247
2016-04-08,1,1111.4758359641125
2016-04-11,1,1108.5411745548583
2016-04-12,1,1119.1929085588172
2016-04-13,1,1130.4967895426103
2016-04-14,1,1130.4424439609572
2016-04-15,1,1129.409877909553
2016-04-18,1,1137.3443328308695
2016-04-19,1,1140.5507221483876
2016-04-20,1,1141.5832881997917
2016-04-21,1,1135.6052742179784
2016-04-22,1,1135.7683109629368
2016-04-25,1,1133.7031788601284
2016-04-26,1,1135.713965381284
2016-04-27,1,1137.6704063207867
2016-04-28,1,1127.562128133356
2016-04-29,1,1121.3123862432788
2016-05-02,1,1130.2794072159988
2016-05-03,1,1120.334165773527
2016-05-04,1,1114.0300783017965
2016-05-05,1,1113.9757327201437
2016-05-06,1,1117.8886145991485
2016-05-09,1,1118.921180650553
2016-05-10,1,1132.724958390377
2016-05-11,1,1122.5623346212938
2016-05-12,1,1122.5623346212938
2016-05-13,1,1112.7801299237806
2016-05-16,1,1123.7579374176569
2016-05-17,1,1113.4322769036148
2016-05-18,1,1113.867041556838
2016-05-19,1,1109.8454685145266
2016-05-20,1,1116.638666221133
2016-05-23,1,1114.899607608242
2016-05-24,1,1129.5729146545116
2016-05-25,1,1137.072604922605
2016-05-26,1,1137.616060739134
2016-05-27,1,1142.3441263429315
2016-05-31,1,1140.7137588933465
2016-06-01,1,1142.7245454145018
2016-06-02,1,1146.2026626402842
2016-06-03,1,1142.8875821594604
2016-06-06,1,1148.5938682330095
2016-06-07,1,1150.332926845901
2016-06-08,1,1153.9740808166418
2016-06-09,1,1152.1806766220977
2016-06-10,1,1141.5832881997917
2016-06-13,1,1132.8336495536828
2016-06-14,1,1130.8228630325275
2016-06-15,1,1129.0294588379832
2016-06-16,1,1132.6706128087242
2016-06-17,1,1122.6710257845996
2016-06-20,1,1129.6272602361644
2016-06-21,1,1132.5075760637656
2016-06-22,1,1130.6598262875689
2016-06-23,1,1145.7678979870616
2016-06-24,1,1104.4109103492417
2016-06-27,1,1084.683464209257
2016-06-28,1,1104.1391824409775
2016-06-29,1,1123.1601360194754
2016-06-30,1,1138.5399356272324
2016-07-01,1,1140.3333398217765
2016-07-05,1,1132.724958390377
2016-07-06,1,1139.8985751685534
2016-07-07,1,1138.7029723721907
2016-07-08,1,1155.6587938478806
2016-07-11,1,1159.789058053497
2016-07-12,1,1168.103932046383
2016-07-13,1,1168.0495864647303
2016-07-14,1,1174.2449827731552
2016-07-15,1,1172.8319976501814
2016-07-18,1,1176.0927325493521
2016-07-19,1,1174.6797474263783
2016-07-20,1,1179.7882321017464
2016-07-21,1,1175.2232032429067
2016-07-22,1,1180.6034158265388
2016-07-25,1,1177.5057176723267
2016-07-26,1,1177.8317911622435
2016-07-27,1,1176.7448795291866
2016-07-28,1,1178.103519070508
2016-07-29,1,1180.0599600100104
2016-08-01,1,1178.701320468689
2016-08-02,1,1171.419012527207
2016-08-03,1,1175.0058209162955
2016-08-04,1,1176.0927325493521
2016-08-05,1,1185.657554920254
2016-08-08,1,1184.8967167771145
2016-08-09,1,1185.657554920254
2016-08-10,1,1182.777239092653
2016-08-11,1,1188.2661428395909
2016-08-12,1,1187.179231206534
2016-08-15,1,1190.8747307589276
2016-08-16,1,1184.62498886885
2016-08-17,1,1186.7444665533112
2016-08-18,1,1189.4617456359538
2016-08-19,1,1187.831378186368
2016-08-22,1,1187.4509591147983
2016-08-23,1,1189.8421647075238
2016-08-24,1,1184.0815330523214
2016-08-25,1,1182.6142023476946
2016-08-26,1,1180.6577614081916
2016-08-29,1,1186.6901209716584
2016-08-30,1,1184.5706432871973
2016-08-31,1,1181.4185995513315
2016-09-01,1,1181.5272907146373
2016-09-02,1,1186.7444665533112
2016-09-06,1,1190.5486572690104
2016-09-07,1,1190.4943116873578
2016-09-08,1,1187.6139958597566
2016-09-09,1,1159.08256549201
2016-09-12,1,1175.7123134777823
2016-09-13,1,1158.8108375837455
2016-09-14,1,1158.32172734887
2016-09-15,1,1170.0060274042332
2016-09-16,1,1159.408638981927
2016-09-19,1,1159.6803668901912
2016-09-20,1,1159.8977492168026
2016-09-21,1,1172.7233064868758
2016-09-22,1,1180.1143055916637
2016-09-23,1,1173.7558725382796
2016-09-26,1,1164.136704585725
2016-09-27,1,1171.419012527207
2016-09-28,1,1177.5600632539795
2016-09-29,1,1166.7452925050618
2016-09-30,1,1175.821004641088
2016-10-03,1,1172.179850670347
2016-10-04,1,1166.9083292500204
2016-10-05,1,1172.0168139253885
2016-10-06,1,1172.940688813487
2016-10-07,1,1168.7017334445645
2016-10-10,1,1174.4623650997669
2016-10-11,1,1160.0064403801084
2016-10-12,1,1161.4737710847353
2016-10-13,1,1157.7782715323417
2016-10-14,1,1158.049999440606
2016-10-17,1,1154.300154306559
2016-10-18,1,1161.3107343397767
2016-10-19,1,1164.3540869123365
2016-10-20,1,1162.3976459728337
2016-10-21,1,1162.6693738810982
2016-10-24,1,1167.6148218115077
2016-10-25,1,1163.9736678407664
2016-10-26,1,1161.5824622480409
2016-10-27,1,1158.4847640938285
2016-10-28,1,1154.9523012863933
2016-10-31,1,1154.8979557047403
2016-11-01,1,1146.6917728751596
2016-11-02,1,1139.626847260289
2016-11-03,1,1134.953127238144
2016-11-04,1,1133.214068625253
2016-11-07,1,1158.1043450222587
2016-11-08,1,1163.375866442585
2016-11-09,1,1176.0927325493521
2016-11-10,1,1178.5382837237305
2016-11-11,1,1176.3644604576166
2016-11-14,1,1176.8535706924922
2016-11-15,1,1186.0923195734767
2016-11-16,1,1184.3532609605857
2016-11-17,1,1189.8965102891766
2016-11-18,1,1187.5596502781038
2016-11-21,1,1196.2005977609072
2016-11-22,1,1198.4831121903271
2016-11-23,1,1199.5700238233842
2016-11-25,1,1203.972015937265
2016-11-28,1,1198.5374577719797
2016-11-29,1,1200.4395531298294
2016-11-30,1,1197.39620055727
2016-12-01,1,1192.994208443389
2016-12-02,1,1193.7550465865288
2016-12-05,1,1200.602589874788
2016-12-06,1,1204.7871996620577
2016-12-07,1,1220.4387271780788
2016-12-08,1,1223.5364253322914
2016-12-09,1,1230.8730788554262
2016-12-12,1,1229.4057481507994
2016-12-13,1,1237.5032398170742
2016-12-14,1,1227.7753807012136
2016-12-15,1,1232.3947551417061
2016-12-16,1,1223.1560062607214
2016-12-19,1,1225.438520690141
2016-12-20,1,1230.220931875592
2016-12-21,1,1227.1775793030324
2016-12-22,1,1225.1667927818767
2016-12-23,1,1226.5254323231982
2016-12-27,1,1229.514439314105
2016-12-28,1,1219.677889034939
2016-12-29,1,1219.3518155450217
2016-12-30,1,1214.895477849488
2017-01-03,1,1223.8081532405556
2017-01-04,1,1231.0904611820379
2017-01-05,1,1230.1665862939392
2017-01-06,1,1234.94899747939
2017-01-09,1,1230.8730788554262
2017-01-10,1,1230.5470053655092
2017-01-11,1,1233.970777009639
2017-01-12,1,1231.307843508649
2017-01-13,1,1233.8077402646804
2017-01-17,1,1229.7861672223692
2017-01-18,1,1232.2317183967475
2017-01-19,1,1227.9384174461723
2017-01-20,1,1232.014336070136
2017-01-23,1,1229.188365824188
2017-01-24,1,1236.7967472555872
2017-01-25,1,1247.1767533512816
2017-01-26,1,1246.1441872998776
2017-01-27,1,1244.4594742686388
2017-01-30,1,1237.0141295821984
2017-01-31,1,1236.6880560922812
2017-02-01,1,1237.122820745504
2017-02-02,1,1237.8293133069915
2017-02-03,1,1246.5246063714474
2017-02-06,1,1244.3507831053334
2017-02-07,1,1244.3507831053334
2017-02-08,1,1245.9268049732661
2017-02-09,1,1253.0460761697896
2017-02-10,1,1257.991524100199
2017-02-13,1,1264.7847218068055
2017-02-14,1,1270.110588808785
2017-02-15,1,1276.4146762805153
2017-02-16,1,1275.6538381373755
2017-02-17,1,1277.4472423319198
2017-02-21,1,1285.001278181666
2017-02-22,1,1284.1860944568732
2017-02-23,1,1285.001278181666
2017-02-24,1,1286.7946823762102
2017-02-27,1,1288.6967777340597
2017-02-28,1,1285.3816972532363
2017-03-01,1,1302.935320127107
2017-03-02,1,1295.218247532402
2017-03-03,1,1296.0334312571947
2017-03-06,1,1292.1205493781895
2017-03-07,1,1288.262013080837
2017-03-08,1,1285.7621163248061
2017-03-09,1,1287.0120647028216
2017-03-10,1,1291.4684023983552
2017-03-13,1,1292.1205493781895
2017-03-14,1,1287.609866101003
2017-03-15,1,1298.3159456866147
2017-03-16,1,1296.2508135838063
2017-03-17,1,1288.4250498257957
2017-03-20,1,1286.5773000495988
2017-03-21,1,1270.5453534620078
2017-03-22,1,1273.1539413813448
2017-03-23,1,1271.7409562583703
2017-03-24,1,1271.143154860189
2017-03-27,1,1269.404096247298
2017-03-28,1,1278.5884995466297
2017-03-29,1,1280.3275581595212
2017-03-30,1,1284.0230577119148
2017-03-31,1,1280.9797051393552
2017-04-03,1,1279.131955363158
2017-04-04,1,1279.892793506298
2017-04-05,1,1275.816874882334
2017-04-06,1,1279.2406465264637
2017-04-07,1,1278.0450437301013
2017-04-10,1,1278.8602274548937
2017-04-11,1,1277.3385511686142
2017-04-12,1,1272.230066493246
2017-04-13,1,1263.7521557554012
2017-04-17,1,1274.78430883093
2017-04-18,1,1270.9257725335776
2017-04-19,1,1268.7519492674637
2017-04-20,1,1278.751536291588
2017-04-21,1,1274.8929999942359
2017-04-24,1,1288.6424321524069
2017-04-25,1,1296.3051591654591
2017-04-26,1,1295.8160489305833
2017-04-27,1,1296.739923818682
2017-04-28,1,1293.9682991543866
2017-05-01,1,1296.9573061452936
2017-05-02,1,1297.7181442884332
2017-05-03,1,1296.2508135838063
2017-05-04,1,1297.500761961822
2017-05-05,1,1302.7179378004955
2017-05-08,1,1302.5005554738843
2017-05-09,1,1301.3592982591742
2017-05-10,1,1303.4787759436354
2017-05-11,1,1301.1419159325628
2017-05-12,1,1299.0224382481017
2017-05-15,1,1305.6525992097493
2017-05-16,1,1304.8374154849569
2017-05-17,1,1281.7405432824949
2017-05-18,1,1286.1968809780287
2017-05-19,1,1295.0552107874437
2017-05-22,1,1301.7397173307443
2017-05-23,1,1304.4026508317343
2017-05-24,1,1307.5003489859464
2017-05-25,1,1313.5870541310658
2017-05-26,1,1313.7500908760244
2017-05-30,1,1312.5544880796617
2017-05-31,1,1312.0110322631333
2017-06-01,1,1322.3366927771747
2017-06-02,1,1326.7386848910558
2017-06-05,1,1325.86915558461
2017-06-06,1,1321.9562737056049
2017-06-07,1,1324.1300969717192
2017-06-08,1,1324.7278983699
2017-06-09,1,1323.0431853386617
2017-06-12,1,1322.4453839404805
2017-06-13,1,1328.858162575517
2017-06-14,1,1327.3908318708898
2017-06-15,1,1324.8909351148588
2017-06-16,1,1318.586847643128
2017-06-19,1,1329.510309555351
2017-06-20,1,1320.815016490895
2017-06-21,1,1320.3259062560192
2017-06-22,1,1319.6737592761851
2017-06-23,1,1321.4671634707292
2017-06-26,1,1322.064964868911
2017-06-27,1,1311.684958773216
2017-06-28,1,1323.0975309203147
2017-06-29,1,1311.8479955181745
2017-06-30,1,1313.913127620983
2017-07-03,1,1316.7934434485842
2017-07-05,1,1319.3476857862684
2017-07-06,1,1307.4460034042936
2017-07-07,1,1315.706531815527
2017-07-10,1,1317.1195169385012
2017-07-11,1,1316.032605305444
2017-07-12,1,1325.9235011662631
2017-07-13,1,1328.2603611773354
2017-07-14,1,1334.4014119041078
2017-07-17,1,1334.2383751591492
2017-07-18,1,1335.2165956289004
2017-07-19,1,1342.281521243771
2017-07-20,1,1342.716285896994
2017-07-21,1,1341.7380654272424
2017-07-24,1,1341.30330077402
2017-07-25,1,1344.455344509885
2017-07-26,1,1344.781417999802
2017-07-27,1,1343.531469621787
2017-07-28,1,1341.7924110088957
2017-07-31,1,1340.92288170245
2017-08-01,1,1344.0205798566626
2017-08-02,1,1344.7270724181492
2017-08-03,1,1342.1728300804655
2017-08-04,1,1344.5096900915382
2017-08-07,1,1346.9552412659164
2017-08-08,1,1343.911888693357
2017-08-09,1,1343.5858152034398
2017-08-10,1,1324.8909351148588
2017-08-11,1,1326.6299937277502
2017-08-14,1,1339.7272789060873
2017-08-15,1,1339.7816244877401
2017-08-16,1,1341.9011021722013
2017-08-17,1,1321.3041267257706
2017-08-18,1,1318.912921133045
2017-08-21,1,1320.2172150927136
2017-08-22,1,1333.640573760968
2017-08-23,1,1328.966853738823
2017-08-24,1,1326.1952290745273
2017-08-25,1,1328.966853738823
2017-08-28,1,1329.2385816470871
2017-08-29,1,1330.651566770061
2017-08-30,1,1337.1186909867504
2017-08-31,1,1344.6183812548438
2017-09-01,1,1347.1182780108747
2017-09-05,1,1337.4447644766674
2017-09-06,1,1341.8467565905485
2017-09-07,1,1341.7380654272424
2017-09-08,1,1339.8903156510455
2017-09-11,1,1354.1288580440928
2017-09-12,1,1359.0199603928493
2017-09-13,1,1359.6177617910305
2017-09-14,1,1359.182997137808
2017-09-15,1,1354.5636226973154
2017-09-18,1,1356.9548282900407
2017-09-19,1,1358.4221589946683
2017-09-20,1,1359.128651556155
2017-09-21,1,1355.3788064221085
2017-09-22,1,1355.5418431670669
2017-09-25,1,1352.8245640844243
2017-09-26,1,1353.4767110642586
2017-09-27,1,1358.8025780662383
2017-09-28,1,1360.5416366791294
2017-09-29,1,1365.1610111196214
2017-10-02,1,1371.0846795197822
2017-10-03,1,1374.128032092342
2017-10-04,1,1375.8127451235807
2017-10-05,1,1383.9102367898552
2017-10-06,1,1382.551597248534
2017-10-09,1,1380.1060460741555
2017-10-10,1,1383.638508881591
2017-10-11,1,1385.8123321477049
2017-10-12,1,1383.6928544632437
2017-10-13,1,1385.3232219128295
2017-10-16,1,1387.4426995972906
2017-10-17,1,1388.3122289037362
2017-10-18,1,1389.5621772817517
2017-10-19,1,1390.2686698432387
2017-10-20,1,1397.1705587131507
2017-10-23,1,1392.00772845613
2017-10-24,1,1394.235897303897
2017-10-25,1,1387.4970451789434
2017-10-26,1,1389.0187214652233
2017-10-27,1,1400.431293612322
2017-10-30,1,1395.5945368452187
2017-10-31,1,1397.2792498764566
2017-11-01,1,1399.4530731425707
2017-11-02,1,1399.996528959099
2017-11-03,1,1404.5615578179388
2017-11-06,1,1406.5723443390941
2017-11-07,1,1405.8115061959547
2017-11-08,1,1408.2027117886794
2017-11-09,1,1403.148572694965
2017-11-10,1,1402.550771296783
2017-11-13,1,1403.963756419757
2017-11-14,1,1400.7030215205864
2017-11-15,1,1393.5837503240632
2017-11-16,1,1405.431087124384
2017-11-17,1,1401.4638596637262
2017-11-20,1,1403.6920285114932
2017-11-21,1,1412.767740647519
2017-11-22,1,1411.7351745961148
2017-11-24,1,1414.7785271686746
2017-11-27,1,1414.3981080971046
2017-11-28,1,1428.4736137451932
2017-11-29,1,1427.8214667653592
2017-11-30,1,1439.505766820722
2017-12-01,1,1437.1145612279965
2017-12-04,1,1435.4841937784108
2017-12-05,1,1430.3757091030434
2017-12-06,1,1430.4844002663488
2017-12-07,1,1434.9950835435354
2017-12-08,1,1442.8208473015459
2017-12-11,1,1447.4402217420381
2017-12-12,1,1449.8857729164167
2017-12-13,1,1449.6140450081525
2017-12-14,1,1443.8534133529504
2017-12-15,1,1448.4727877934424
2017-12-18,1,1457.4398087661627
2017-12-19,1,1452.059596182531
2017-12-20,1,1451.298758039391
2017-12-21,1,1454.1247282853387
2017-12-22,1,1453.6899636321157
2017-12-26,1,1451.8965594375723
2017-12-27,1,1452.874779907323
2017-12-28,1,1455.7007501532719
2017-12-29,1,1450.3748831512921
2018-01-02,1,1460.7548892469867
2018-01-03,1,1469.8849469646657
2018-01-04,1,1476.1890344363967
2018-01-05,1,1485.7538568072982
2018-01-08,1,1488.6885182165522
2018-01-09,1,1491.8405619524176
2018-01-10,1,1489.612393104651
2018-01-11,1,1500.4271638535683
2018-01-12,1,1510.3180597143876
2018-01-16,1,1505.155229457366
2018-01-17,1,1519.502463013719
2018-01-18,1,1517.2199485842996
2018-01-19,1,1523.7414183826413
2018-01-22,1,1536.1865565811443
2018-01-23,1,1539.392945898662
2018-01-24,1,1538.9581812454398
2018-01-25,1,1539.5559826436215
2018-01-26,1,1557.3269878441038
2018-01-29,1,1547.1100184933678
2018-01-30,1,1530.6433072525535
2018-01-31,1,1532.0019467938746
2018-02-01,1,1530.2628881809833
2018-02-02,1,1497.2751201177027
2018-02-05,1,1435.7015761050225
2018-02-06,1,1462.8743669314479
2018-02-07,1,1454.5594929385613
2018-02-08,1,1400.5943303572808
2018-02-09,1,1422.169526273463
2018-02-12,1,1441.5165533418774
2018-02-13,1,1445.5924719658412
2018-02-14,1,1465.7003371773962
2018-02-15,1,1483.6887247044897
2018-02-16,1,1484.1234893577127
2018-02-20,1,1475.1021228033394
2018-02-21,1,1467.3307046269815
2018-02-22,1,1469.0697632398735
2018-02-23,1,1492.8187824221689
2018-02-26,1,1510.2093685510813
2018-02-27,1,1491.1340693909303
2018-02-28,1,1474.6130125684635
2018-03-01,1,1454.9942575917844
2018-03-02,1,1462.6569846048365
2018-03-05,1,1479.3410781722619
2018-03-06,1,1483.0909233063085
2018-03-07,1,1482.54746748978
2018-03-08,1,1489.5580475229976
2018-03-09,1,1515.209162063144
2018-03-12,1,1513.4701034502523
2018-03-13,1,1503.6878987527393
2018-03-14,1,1495.9708261580345
2018-03-15,1,1494.5034954534074
2018-03-16,1,1490.1558489211793
2018-03-19,1,1470.102329291277
2018-03-20,1,1472.4391893023496
2018-03-21,1,1469.6675646380543
2018-03-22,1,1433.0386426040327
2018-03-23,1,1402.170352225213
2018-03-26,1,1440.9187519436962
2018-03-27,1,1415.7567476384256
2018-03-28,1,1412.1155936676846
2018-03-29,1,1431.9517309709759
2018-04-02,1,1399.6161098875293
2018-04-03,1,1417.2240783430525
2018-04-04,1,1433.7994807471725
2018-04-05,1,1443.6360310263385
2018-04-06,1,1411.8438657594209
2018-04-09,1,1417.6588429962756
2018-04-10,1,1440.8644063620432
2018-04-11,1,1433.4190616756025
2018-04-12,1,1445.0490161493128
2018-04-13,1,1440.9730975253487
2018-04-16,1,1452.7660887440175
2018-04-17,1,1468.1458883517746
2018-04-18,1,1469.341491148137
2018-04-19,1,1461.1353083185563
2018-04-20,1,1448.9075524466648
2018-04-23,1,1448.7445157017069
2018-04-24,1,1429.5061797965977
2018-04-25,1,1432.386495624199
2018-04-26,1,1447.2771849970802
2018-04-27,1,1448.7445157017069
2018-04-30,1,1437.1145612279965
2018-05-01,1,1440.1579138005563
2018-05-02,1,1430.4300546846955
2018-05-03,1,1427.169319785525
2018-05-04,1,1445.646817547494
2018-05-07,1,1450.4835743145977
2018-05-08,1,1450.429228732945
2018-05-09,1,1464.5047343810338
2018-05-10,1,1478.2541665392043
2018-05-11,1,1481.6779381833342
2018-05-14,1,1483.1996144696147
2018-05-15,1,1472.9282995372255
2018-05-16,1,1479.3410781722619
2018-05-17,1,1478.3085121208576
2018-05-18,1,1474.6130125684635
2018-05-21,1,1485.5908200623394
2018-05-22,1,1481.2431735301116
2018-05-23,1,1485.5908200623394
2018-05-24,1,1482.8191953980447
2018-05-25,1,1479.178041427304
2018-05-29,1,1462.439602278225
2018-05-30,1,1481.3518646934174
2018-05-31,1,1471.4066232509458
2018-06-01,1,1487.1668419302723
2018-06-04,1,1493.9056940552257
2018-06-05,1,1495.5904070864642
2018-06-06,1,1508.1442364482725
2018-06-07,1,1507.1660159785217
2018-06-08,1,1511.839736000667
2018-06-11,1,1513.8505225218223
2018-06-12,1,1516.133036951242
2018-06-13,1,1510.4810964593455
2018-06-14,1,1514.7200518282682
2018-06-15,1,1506.4595234170345
2018-06-18,1,1503.0357517729049
2018-06-19,1,1497.3294656993555
2018-06-20,1,1499.8837080370397
2018-06-21,1,1490.3732312477903
2018-06-22,1,1492.9274735854744
2018-06-25,1,1472.8739539555725
2018-06-26,1,1475.8086153648264
2018-06-27,1,1463.3091315846707
2018-06-28,1,1472.4391893023496
2018-06-29,1,1473.797828843671
2018-07-02,1,1477.8194018859822
2018-07-03,1,1471.8413879041689
2018-07-05,1,1484.1234893577127
2018-07-06,1,1496.514281974563
2018-07-09,1,1510.2093685510813
2018-07-10,1,1515.209162063144
2018-07-11,1,1504.829155967449
2018-07-12,1,1517.8720955641338
2018-07-13,1,1519.3937718504133
2018-07-16,1,1518.1438234723973
2018-07-17,1,1524.3935653624756
2018-07-18,1,1527.3825723533823
2018-07-19,1,1521.8393230247914
2018-07-20,1,1520.2089555752061
2018-07-23,1,1522.9805802395015
2018-07-24,1,1530.1541970176777
2018-07-25,1,1544.1753570841129
2018-07-26,1,1539.5559826436215
2018-07-27,1,1529.6650867828023
2018-07-30,1,1521.1328304633041
2018-07-31,1,1528.3607928231336
2018-08-01,1,1526.6760797918953
2018-08-02,1,1534.3931523866
2018-08-03,1,1541.5124235831236
2018-08-06,1,1547.1100184933678
2018-08-07,1,1551.783738515513
2018-08-08,1,1551.1315915356784
2018-08-09,1,1549.1751505961756
2018-08-10,1,1538.5777621738696
2018-08-13,1,1532.8171305186675
2018-08-14,1,1542.5993352161804
2018-08-15,1,1531.2411086507345
2018-08-16,1,1543.9579747575021
2018-08-17,1,1548.9034226879114
2018-08-20,1,1552.7076134036108
2018-08-21,1,1555.6966203945176
2018-08-22,1,1555.3162013229478
2018-08-23,1,1553.0336868935278
2018-08-24,1,1562.489818101124
2018-08-27,1,1574.5001916464041
2018-08-28,1,1575.3697209528498
2018-08-29,1,1583.9563228540003
2018-08-30,1,1577.2718163106995
2018-08-31,1,1577.2718163106995
2018-09-04,1,1575.3153753711972
2018-09-05,1,1570.9133832573161
2018-09-06,1,1566.1853176535178
2018-09-07,1,1562.7072004277354
2018-09-10,1,1565.6962074186424
2018-09-11,1,1571.2394567472334
2018-09-12,1,1571.5111846554976
2018-09-13,1,1580.478205628218
2018-09-14,1,1580.9129702814407
2018-09-17,1,1572.4350595435958
2018-09-18,1,1580.9129702814407
2018-09-19,1,1582.8150656392904
2018-09-20,1,1595.3145494194464
2018-09-21,1,1586.9453298449068
2018-09-24,1,1581.8368451695392
2018-09-25,1,1579.8260586483834
2018-09-26,1,1575.2066842078914
2018-09-27,1,1579.5543307401194
2018-09-28,1,1579.3369484135083
2018-10-01,1,1585.0975800687104
2018-10-02,1,1584.5541242521822
2018-10-03,1,1585.6953814668914
2018-10-04,1,1573.141552105083
2018-10-05,1,1564.5549502039325
2018-10-08,1,1564.0114943874046
2018-10-09,1,1562.0550534479014
2018-10-10,1,1512.5462285621543
2018-10-11,1,1479.558460498873
2018-10-12,1,1500.1010903636509
2018-10-15,1,1491.5688340441534
2018-10-16,1,1523.2523081477657
2018-10-17,1,1523.9044551276
2018-10-18,1,1502.655332701335
2018-10-19,1,1501.0249652517496
2018-10-22,1,1494.8295689433246
2018-10-23,1,1486.5146949504383
2018-10-24,1,1441.299171015266
2018-10-25,1,1468.037197188469
2018-10-26,1,1441.6795900868356
2018-10-29,1,1433.690789583867
2018-10-30,1,1455.4290222450072
2018-10-31,1,1471.0805497610288
2018-11-01,1,1486.4060037871327
2018-11-02,1,1477.112909324495
2018-11-05,1,1485.97123913391
2018-11-06,1,1495.046951269936
2018-11-07,1,1526.6760797918953
2018-11-08,1,1524.0131462909055
2018-11-09,1,1509.9376406428169
2018-11-12,1,1480.8627544585418
2018-11-13,1,1478.5258944474695
2018-11-14,1,1468.0915427701216
2018-11-15,1,1483.8517614494492
2018-11-16,1,1487.329878675231
2018-11-19,1,1462.5482934415306
2018-11-20,1,1435.7015761050225
2018-11-21,1,1440.592678453779
2018-11-23,1,1431.2452384094888
2018-11-26,1,1453.4725813055047
2018-11-27,1,1458.3093380726084
2018-11-28,1,1491.7862163707646
2018-11-29,1,1488.797209379858
2018-11-30,1,1498.579414077371
2018-12-03,1,1517.6003676558687
2018-12-04,1,1469.5045278930959
2018-12-06,1,1467.11332230037
2018-12-07,1,1432.8212602774213
2018-12-10,1,1435.103774706841
2018-12-11,1,1435.2124658701466
2018-12-12,1,1442.9838840465043
2018-12-13,1,1442.3317370666698
2018-12-14,1,1415.64805647512
2018-12-17,1,1387.334008433985
2018-12-18,1,1386.6818614541505
2018-12-19,1,1365.0523199563158
2018-12-20,1,1343.5858152034398
2018-12-21,1,1308.1524959657806
2018-12-24,1,1274.0778162694428
2018-12-26,1,1336.6295807518748
2018-12-27,1,1348.694299878808
2018-12-28,1,1346.6835133576521
2018-12-31,1,1358.9656148111965
2019-01-02,1,1360.0525264442533
2019-01-03,1,1326.684339309403
2019-01-04,1,1371.8998632445748
2019-01-07,1,1381.8994502686996
2019-01-08,1,1395.05108102869
2019-01-09,1,1401.4095140820732
2019-01-10,1,1407.333182482234
2019-01-11,1,1407.1701457372758
2019-01-14,1,1399.1269996526535
2019-01-15,1,1415.050255076939
2019-01-16,1,1418.1479532311519
2019-01-17,1,1429.1801063066803
2019-01-18,1,1447.8206408136084
2019-01-22,1,1428.7996872351105
2019-01-23,1,1430.9735105012242
2019-01-24,1,1432.5495323691569
2019-01-25,1,1444.6142514960904
2019-01-28,1,1433.527752838908
2019-01-29,1,1431.6256574810589
2019-01-30,1,1454.2334194486446
2019-01-31,1,1466.7329032288005
2019-02-01,1,1467.7654692802043
2019-02-04,1,1478.199820957552
2019-02-05,1,1484.6669451742412
2019-02-06,1,1482.2757395815158
2019-02-07,1,1468.3089250967334
2019-02-08,1,1469.9392925463187
2019-02-11,1,1470.863167434417
2019-02-12,1,1489.6667386863035
2019-02-13,1,1494.3948042901018
2019-02-14,1,1491.1340693909303
2019-02-15,1,1507.4920894684383
2019-02-19,1,1509.99198622447
2019-02-20,1,1513.1983755419885
2019-02-21,1,1507.872508540009
2019-02-22,1,1517.0025662576877
2019-02-25,1,1519.3394262687602
2019-02-26,1,1518.089477890745
2019-02-27,1,1517.491676492563
2019-02-28,1,1514.067904848434
2019-03-01,1,1524.28487419917
2019-03-04,1,1518.415551380662
2019-03-05,1,1516.5678016044649
2019-03-06,1,1507.002979233563
2019-03-07,1,1494.9382601066302
2019-03-08,1,1491.8949075340702
2019-03-11,1,1513.5244490319055
2019-03-12,1,1518.6329337072732
2019-03-13,1,1528.904248639662
2019-03-14,1,1528.1434104965224
2019-03-15,1,1529.0129398029678
2019-03-18,1,1534.6648802948644
2019-03-19,1,1535.0996449480874
2019-03-20,1,1529.991160272719
2019-03-21,1,1547.0556729117145
2019-03-22,1,1517.6003676558687
2019-03-25,1,1516.3504192778532
2019-03-26,1,1527.273881190076
2019-03-27,1,1520.1546099935529
2019-03-28,1,1525.9695872304083
2019-03-29,1,1535.8061375095742
2019-04-01,1,1553.685833873362
2019-04-02,1,1554.1749441082377
2019-04-03,1,1557.109605517492
2019-04-04,1,1560.8594506515385
2019-04-05,1,1568.0330674297147
2019-04-08,1,1569.5547437159953
2019-04-09,1,1561.3485608864146
2019-04-10,1,1566.7287734700467
2019-04-11,1,1566.4026999801292
2019-04-12,1,1577.000088402436
2019-04-15,1,1576.0218679326842
2019-04-16,1,1577.000088402436
2019-04-17,1,1573.195897686736
2019-04-18,1,1576.0762135143366
2019-04-22,1,1577.7065809639223
2019-04-23,1,1591.6190498670521
2019-04-24,1,1588.1952782229223
2019-04-25,1,1587.325748916477
2019-04-26,1,1594.7167480212647
2019-04-29,1,1596.7818801240737
2019-04-30,1,1597.542718267213
2019-05-01,1,1586.021454956809
2019-05-02,1,1582.8694112209434
2019-05-03,1,1597.923137338783
2019-05-06,1,1591.5647042853998
2019-05-07,1,1565.3701339287252
2019-05-08,1,1562.7615460093884
2019-05-09,1,1558.3595538955074
2019-05-10,1,1565.3157883470724
2019-05-13,1,1526.8934621185065
2019-05-14,1,1539.7190193885795
2019-05-15,1,1549.1751505961756
2019-05-16,1,1563.1419650809582
2019-05-17,1,1553.740179455015
2019-05-20,1,1543.305827777668
2019-05-21,1,1556.946568772533
2019-05-22,1,1552.2185031687354
2019-05-23,1,1534.01273331503
2019-05-24,1,1536.947394724284
2019-05-28,1,1522.7631979128903
2019-05-29,1,1512.6549197254599
2019-05-30,1,1516.513456022812
2019-05-31,1,1496.514281974563
2019-06-03,1,1492.1122898606818
2019-06-04,1,1524.5022565257811
2019-06-05,1,1537.4908505408127
2019-06-06,1,1547.4904375649369
2019-06-07,1,1563.1419650809582
2019-06-10,1,1570.2612362774817
2019-06-11,1,1569.9895083692174
2019-06-12,1,1567.0548469599635
2019-06-13,1,1574.1197725748343
2019-06-14,1,1571.6198758188032
2019-06-17,1,1572.9785153601244
2019-06-18,1,1588.4670061311874
2019-06-19,1,1592.6516159184566
2019-06-20,1,1607.7596876179489
2019-06-21,1,1598.2492108287004
2019-06-24,1,1595.803659654322
2019-06-25,1,1580.3151688832595
2019-06-26,1,1578.521764688715
2019-06-27,1,1584.4454330888766
2019-06-28,1,1592.8689982450683
2019-07-01,1,1606.5097392399334
2019-07-02,1,1611.1291136804264
2019-07-03,1,1623.6829430422347
2019-07-05,1,1621.4547741944677
2019-07-08,1,1613.357282528193
2019-07-09,1,1615.4767602126542
2019-07-10,1,1622.813413735789
2019-07-11,1,1626.5632588698359
2019-07-12,1,1634.062949137929
2019-07-15,1,1634.4433682094993
2019-07-16,1,1628.9001188809084
2019-07-17,1,1618.2483848769496
2019-07-18,1,1624.1177076954575
2019-07-19,1,1614.7159220695141
2019-07-22,1,1619.1179141833952
2019-07-23,1,1630.150067258924
2019-07-24,1,1637.8671398536285
2019-07-25,1,1630.2044128405764
2019-07-26,1,1641.1822203344525
2019-07-29,1,1638.4105956701571
2019-07-30,1,1634.7694416994161
2019-07-31,1,1616.1289071924884
2019-08-01,1,1602.5425117792756
2019-08-02,1,1591.0212484688711
2019-08-05,1,1543.631901267585
2019-08-06,1,1563.9028032240983
2019-08-07,1,1565.3157883470724
2019-08-08,1,1595.3145494194464
2019-08-09,1,1584.6628154154873
2019-08-12,1,1565.6962074186424
2019-08-13,1,1589.2278442743275
2019-08-14,1,1543.0884454510563
2019-08-15,1,1547.16436407502
2019-08-16,1,1569.8264716242588
2019-08-19,1,1588.5756972944932
2019-08-20,1,1576.3479414226017
2019-08-21,1,1589.2278442743275
2019-08-22,1,1588.5756972944932
2019-08-23,1,1547.8165110548543
2019-08-26,1,1564.9897148571558
2019-08-27,1,1558.9030097120362
2019-08-28,1,1569.663434879301
2019-08-29,1,1589.9343368358138
2019-08-30,1,1589.3908810192854
2019-09-03,1,1580.2064777199537
2019-09-04,1,1597.5970638488661
2019-09-05,1,1618.6288039485194
2019-09-06,1,1619.878752326535
2019-09-09,1,1620.3135169797572
2019-09-10,1,1620.5852448880225
2019-09-11,1,1631.943471453468
2019-09-12,1,1637.2693384554473
2019-09-13,1,1636.0737356590846
2019-09-16,1,1631.236978891981
2019-09-17,1,1635.4759342609038
2019-09-18,1,1636.345463567349
2019-09-19,1,1636.0737356590846
2019-09-20,1,1620.2048258164516
2019-09-23,1,1620.9113183779393
2019-09-24,1,1607.5966508729907
2019-09-25,1,1617.3245099888513
2019-09-26,1,1613.9007383447217
2019-09-27,1,1605.1510996986124
2019-09-30,1,1613.031209038276
2019-10-01,1,1593.521145224902
2019-10-02,1,1565.3701339287252
2019-10-03,1,1578.0326544538395
2019-10-04,1,1599.77088711498
2019-10-07,1,1592.9233438267208
2019-10-08,1,1568.1961041746736
2019-10-09,1,1582.7063744759848
2019-10-10,1,1593.684181969861
2019-10-11,1,1610.0422020473688
2019-10-14,1,1608.6292169243945
2019-10-15,1,1624.3894356037215
2019-10-16,1,1621.726502102732
2019-10-17,1,1626.2371853799186
2019-10-18,1,1619.3896420916594
2019-10-21,1,1630.6391774937997
2019-10-22,1,1625.095928165208
2019-10-23,1,1629.6066114423954
2019-10-24,1,1632.649964014955
2019-10-25,1,1639.2801249766028
2019-10-28,1,1648.5732194392406
2019-10-29,1,1647.7580357144477
2019-10-30,1,1652.8665203898154
2019-10-31,1,1648.0841092043645
2019-11-01,1,1663.9530190469977
2019-11-04,1,1670.2571065187278
2019-11-05,1,1668.409356742531
2019-11-06,1,1669.1158493040177
2019-11-07,1,1675.0395177041794
2019-11-08,1,1679.0610907464902
2019-11-11,1,1675.9633925922774
2019-11-12,1,1678.9523995831846
2019-11-13,1,1679.6588921446712
2019-11-14,1,1682.1587889007026
2019-11-15,1,1694.603927099206
2019-11-18,1,1695.5821475689568
2019-11-19,1,1694.984346170775
2019-11-20,1,1689.0063321889618
2019-11-21,1,1686.2890531063197
2019-11-22,1,1689.984552658713
2019-11-25,1,1702.9188010920918
2019-11-26,1,1706.5599550628322
2019-11-27,1,1714.2770276575382
2019-11-29,1,1707.9729401858067
2019-12-02,1,1693.4083243028429
2019-12-03,1,1681.9414065740912
2019-12-04,1,1692.7018317413558
2019-12-05,1,1695.7995298955684
2019-12-06,1,1710.961947176714
2019-12-09,1,1705.74477133804
2019-12-10,1,1704.0057127251487
2019-12-11,1,1708.679432747294
2019-12-12,1,1723.461430956869
2019-12-13,1,1724.222269100009
2019-12-16,1,1736.3956793902478
2019-12-17,1,1736.667407298512
2019-12-18,1,1736.721752880165
2019-12-19,1,1744.0584064033
2019-12-20,1,1744.2757887299113
2019-12-23,1,1745.797465016191
2019-12-24,1,1745.9061561794965
2019-12-26,1,1754.8731771522177
2019-12-27,1,1754.7101404072582
2019-12-30,1,1745.0909724547043
2019-12-31,1,1749.3299278236263
2020-01-02,1,1765.3618744112175
2020-01-03,1,1752.3189348145336
2020-01-06,1,1759.003441357834
2020-01-07,1,1754.0579934274247
2020-01-08,1,1763.0250144001452
2020-01-09,1,1775.0353879454249
2020-01-10,1,1770.0355944333628
2020-01-13,1,1782.3176958869076
2020-01-14,1,1779.546071222612
2020-01-15,1,1783.458953101617
2020-01-16,1,1798.3496424744983
2020-01-17,1,1804.327656456312
2020-01-21,1,1800.577811322265
2020-01-22,1,1800.9582303938348
2020-01-23,1,1802.860325751685
2020-01-24,1,1786.6653424191352
2020-01-27,1,1758.1882576330413
2020-01-28,1,1776.5027186500517
2020-01-29,1,1775.0353879454249
2020-01-30,1,1780.6873284373216
2020-01-31,1,1748.5690896804863
2020-02-03,1,1761.5576836955179
2020-02-04,1,1788.5130921953323
2020-02-05,1,1808.7296485701927
2020-02-06,1,1814.979390460271
2020-02-07,1,1805.360222507716
2020-02-10,1,1818.8922723392764
2020-02-11,1,1822.098661656794
2020-02-12,1,1833.674270548852
2020-02-13,1,1831.8808663543073
2020-02-14,1,1834.7068366002557
2020-02-18,1,1829.870079833152
2020-02-19,1,1838.5653728976085
2020-02-20,1,1831.2830649561258
2020-02-21,1,1812.4794937042393
2020-02-24,1,1752.1558980695747
2020-02-25,1,1699.3863382846566
2020-02-26,1,1693.1909419762312
2020-02-27,1,1616.9440909172808
2020-02-28,1,1607.8140331996021
2020-03-02,1,1679.7132377263247
2020-03-03,1,1632.0521626167736
2020-03-04,1,1700.4189043360602
2020-03-05,1,1643.6277715088308
2020-03-06,1,1616.291943937447
2020-03-09,1,1491.4601428808478
2020-03-10,1,1567.8700306847566
2020-03-11,1,1491.0253782276245
2020-03-12,1,1348.2051896439323
2020-03-13,1,1472.384843720697
2020-03-16,1,1301.794062912397
2020-03-17,1,1381.4103400338238
2020-03-18,1,1309.7828634153664
2020-03-19,1,1310.6523927218118
2020-03-20,1,1243.8073272888048
2020-03-23,1,1209.0805006126332
2020-03-24,1,1323.5322955735376
2020-03-25,1,1340.9772272841028
2020-03-26,1,1420.5391588238765
2020-03-27,1,1377.008347919943
2020-03-30,1,1422.1151806918094
2020-03-31,1,1400.268256867364
2020-04-01,1,1337.6078012216258
2020-04-02,1,1368.9652018353213
2020-04-03,1,1348.966027787072
2020-04-06,1,1440.0492226372508
2020-04-07,1,1440.7557151987376
2020-04-08,1,1489.6667386863035
2020-04-09,1,1512.0571183272784
2020-04-13,1,1497.546848025967
2020-04-14,1,1542.708026379486
2020-04-15,1,1509.3941848262887
2020-04-16,1,1517.3829853292575
2020-04-17,1,1558.3595538955074
2020-04-20,1,1530.3172337626365
2020-04-21,1,1483.743070286143
2020-04-22,1,1517.2199485842996
2020-04-23,1,1516.6764927677705
2020-04-24,1,1538.1973431022998
2020-04-27,1,1560.31599483501
2020-04-28,1,1553.0336868935278
2020-04-29,1,1593.358108479944
2020-04-30,1,1577.434853055658
2020-05-01,1,1536.5126300710615
2020-05-04,1,1541.6754603280824
2020-05-05,1,1555.3705469046004
2020-05-06,1,1544.9905408089066
2020-05-07,1,1563.5223841525285
2020-05-08,1,1589.3908810192854
2020-05-11,1,1589.8799912541613
2020-05-12,1,1557.5987157523675
2020-05-13,1,1530.7519984158591
2020-05-14,1,1549.1208050145233
2020-05-15,1,1555.6966203945176
2020-05-18,1,1603.1946587591094
2020-05-19,1,1586.9453298449068
2020-05-20,1,1613.8463927630685
2020-05-21,1,1601.9990559627468
2020-05-22,1,1605.4771731885298
2020-05-26,1,1625.8024207266965
2020-05-27,1,1649.2797120007276
2020-05-28,1,1646.4537417547792
2020-05-29,1,1652.3774101549404
2020-06-01,1,1660.692284147826
2020-06-02,1,1674.4960618876505
2020-06-03,1,1696.7234047836669
2020-06-04,1,1691.8323024349104
2020-06-05,1,1735.1457310122319
2020-06-08,1,1756.7209269284144
2020-06-09,1,1743.4606050051186
2020-06-10,1,1733.678400307605
2020-06-11,1,1633.5738389030532
2020-06-12,1,1653.5730129513026
2020-06-15,1,1668.5723934874895
2020-06-16,1,1700.636286662672
2020-06-17,1,1693.1909419762312
2020-06-18,1,1694.1691624459827
2020-06-19,1,1676.9959586436814
2020-06-22,1,1688.2998396274747
2020-06-23,1,1695.7451843139152
2020-06-24,1,1652.7034836448574
2020-06-25,1,1669.8766874471578
2020-06-26,1,1630.4217951671878
2020-06-29,1,1654.4425422577483
2020-06-30,1,1677.7567967868215
2020-07-01,1,1687.8650749742517
2020-07-02,1,1696.560368038708
2020-07-06,1,1722.7005928137294
2020-07-07,1,1704.875242031594
2020-07-08,1,1718.0268727915839
2020-07-09,1,1708.7337783289472
2020-07-10,1,1726.2330556211643
2020-07-13,1,1710.798910431755
2020-07-14,1,1733.080598909424
2020-07-15,1,1749.2212366603208
2020-07-16,1,1743.4606050051186
2020-07-17,1,1748.134325027264
2020-07-20,1,1762.6445953285754
2020-07-21,1,1766.0140213910515
2020-07-22,1,1776.122299578482
2020-07-23,1,1754.9818683155236
2020-07-24,1,1743.6779873317298
2020-07-27,1,1756.3948534384972
2020-07-28,1,1745.5257371079274
2020-07-29,1,1766.7205139525388
2020-07-30,1,1760.6881543890722
2020-07-31,1,1774.5462777105495
2020-08-03,1,1786.6653424191352
2020-08-04,1,1793.5128857073942
2020-08-05,1,1804.7080755278819
2020-08-06,1,1816.8271402364678
2020-08-07,1,1818.1314341961365
2020-08-10,1,1823.5659923614216
2020-08-11,1,1808.7296485701927
2020-08-12,1,1833.7286161305044
2020-08-13,1,1830.6309179762916
2020-08-14,1,1830.6852635579448
2020-08-17,1,1836.1741673048825
2020-08-18,1,1840.1957403471936
2020-08-19,1,1832.6417044974473
2020-08-20,1,1838.239299407691
2020-08-21,1,1844.7064236243802
2020-08-24,1,1863.727377202878
2020-08-25,1,1870.0314646746092
2020-08-26,1,1888.8350359264957
2020-08-27,1,1892.8022633871542
2020-08-28,1,1905.1387104223513
2020-08-31,1,1900.0845713286353
2020-09-01,1,1916.0621723345741
2020-09-02,1,1943.941455722487
2020-09-03,1,1877.2050814527854
2020-09-04,1,1861.8252818450283
2020-09-08,1,1811.066508581265
2020-09-09,1,1846.4998278189241
2020-09-10,1,1814.6533169703537
2020-09-11,1,1815.5228462767993
2020-09-14,1,1839.1631742957893
2020-09-15,1,1848.6193055033857
2020-09-16,1,1841.2826519802509
2020-09-17,1,1825.2507053926597
2020-09-18,1,1797.04534851483
2020-09-21,1,1777.154865629886
2020-09-22,1,1795.197598738633
2020-09-23,1,1753.5145376108962
2020-09-24,1,1758.133912051388
2020-09-25,1,1786.393614510871
2020-09-28,1,1816.120647674981
2020-09-29,1,1806.3384429774674
2020-09-30,1,1819.979183972333
2020-10-01,1,1831.5547928643905
2020-10-02,1,1814.3815890620892
2020-10-05,1,1846.282445492313
2020-10-06,1,1820.2509118805972
2020-10-07,1,1851.717003657598
2020-10-08,1,1868.075023735106
2020-10-09,1,1884.8678084658372
2020-10-12,1,1915.3013341914339
2020-10-13,1,1902.9105415745837
2020-10-14,1,1891.0632047742624
2020-10-15,1,1888.5089624365783
2020-10-16,1,1887.2046684769095
2020-10-19,1,1858.6732381091629
2020-10-20,1,1866.0642372139507
2020-10-21,1,1862.2600464982518
2020-10-22,1,1872.857434920557
2020-10-23,1,1878.9441400656765
2020-10-26,1,1844.5977324610747
2020-10-27,1,1838.239299407691
2020-10-28,1,1775.5244981803007
2020-10-29,1,1793.349848962436
2020-10-30,1,1775.9049172518705
2020-11-02,1,1794.4911061771459
2020-11-03,1,1825.902852372494
2020-11-04,1,1866.770729775438
2020-11-05,1,1903.236615064501
2020-11-06,1,1903.1279239011953
2020-11-09,1,1926.7682519201858
2020-11-10,1,1924.1596640008493
2020-11-11,1,1938.126478485631
2020-11-12,1,1919.8120174686208
2020-11-13,1,1945.897896661989
2020-11-16,1,1969.7012614259381
2020-11-17,1,1959.9190567284245
2020-11-18,1,1936.3330742910875
2020-11-19,1,1944.2675292124038
2020-11-20,1,1931.1158984524134
2020-11-23,1,1942.691507344471
2020-11-24,1,1973.7771800499017
2020-11-25,1,1970.842518640648
2020-11-27,1,1976.059694479322
2020-11-30,1,1967.3644014148651
2020-12-01,1,1988.8852517493945
2020-12-02,1,1993.1242071183167
2020-12-03,1,1992.6350968834417
2020-12-04,1,2009.9169918490477
2020-12-07,1,2006.0584555516955
2020-12-08,1,2011.6560504619397
2020-12-09,1,1993.830699679804
2020-12-10,1,1992.9611703733588
2020-12-11,1,1990.5699647806325
2020-12-14,1,1981.4942526446068
2020-12-15,1,2008.4496611444208
2020-12-16,1,2011.6017048802858
2020-12-17,1,2022.7968947007732
2020-12-18,1,2006.9279848581411
2020-12-21,1,1999.5369857533537
2020-12-22,1,1995.6784494560009
2020-12-23,1,1997.3631624872387
2020-12-24,1,2005.2432718269026
2020-12-28,1,2022.3621300475506
2020-12-29,1,2018.8840128217685
2020-12-30,1,2021.275218414494
2020-12-31,1,2031.8182612551466
2014-01-02,2,994.1032896592847
2014-01-03,2,993.288228202882
2014-01-06,2,991.114730985808
2014-01-07,2,996.7658237502006
2014-01-08,2,997.2548606240425
2014-01-09,2,997.7982349283108
2014-01-10,2,1000.1890818670922
2014-01-13,2,987.4741231472088
2014-01-14,2,998.069922080445
2014-01-15,2,1003.4493276927037
2014-01-16,2,1001.9822170711788
2014-01-17,2,997.6895600674573
2014-01-21,2,1000.8411310322147
2014-01-22,2,1001.7105299190442
2014-01-23,2,993.1795533420283
2014-01-24,2,971.9879554755554
2014-01-27,2,967.260599028419
2014-01-28,2,973.0203666536657
2014-01-29,2,963.5113163289661
2014-01-30,2,974.3788024143371
2014-01-31,2,967.7496359022609
2014-02-03,2,946.3950257445073
2014-02-04,2,953.0241922565834
2014-02-05,2,951.665756495912
2014-02-06,2,964.1090280636616
2014-02-07,2,976.3892873401305
2014-02-10,2,978.0737476833632
2014-02-11,2,988.6695466165994
2014-02-12,2,989.3759332121485
2014-02-13,2,994.6466639635534
2014-02-14,2,999.8630572845314
2014-02-18,2,1001.1671556147759
2014-02-19,2,994.4836516722729
2014-02-20,2,1000.6781187409341
2014-02-21,2,999.3196829802628
2014-02-24,2,1005.1881254663629
2014-02-25,2,1004.1557142882527
2014-02-26,2,1004.3187265795334
2014-02-27,2,1009.8068070526458
2014-02-28,2,1012.4693411435612
2014-03-03,2,1004.8077634533752
2014-03-04,2,1019.8592316816133
2014-03-05,2,1020.0765814033207
2014-03-06,2,1022.5217657725291
2014-03-07,2,1022.6847780638099
2014-03-10,2,1022.5217657725291
2014-03-11,2,1017.1966975906977
2014-03-12,2,1017.5227221732586
2014-03-13,2,1006.2748740748999
2014-03-14,2,1003.1233031101425
2014-03-17,2,1012.523678573988
2014-03-18,2,1019.8592316816133
2014-03-19,2,1014.3711512085013
2014-03-20,2,1020.2395936946012
2014-03-21,2,1011.8172919784392
2014-03-24,2,1007.4702975442909
2014-03-25,2,1012.523678573988
2014-03-26,2,1005.0251131750825
2014-03-27,2,1003.1776405405693
2014-03-28,2,1007.8506595572787
2014-03-31,2,1016.2186238430141
2014-04-01,2,1022.9021277855171
2014-04-02,2,1026.325385902409
2014-04-03,2,1024.9669501417375
2014-04-04,2,1012.7953657261222
2014-04-07,2,1001.4931801973369
2014-04-08,2,1005.8401746314853
2014-04-09,2,1016.7619981472827
2014-04-10,2,995.1900382678223
2014-04-11,2,986.1156873865374
2014-04-14,2,994.1032896592847
2014-04-15,2,1001.0584807539223
2014-04-16,2,1011.3825925350242
2014-04-17,2,1012.7953657261222
2014-04-21,2,1016.3816361342948
2014-04-22,2,1020.78296799887
2014-04-23,2,1018.6094707817957
2014-04-24,2,1020.5656182771625
2014-04-25,2,1012.3063288522809
2014-04-28,2,1015.5665746778922
2014-04-29,2,1020.0765814033207
2014-04-30,2,1023.662851811493
2014-05-01,2,1023.2824897985053
2014-05-02,2,1021.9240540378338
2014-05-05,2,1023.9345389636273
2014-05-06,2,1015.1318752344771
2014-05-07,2,1021.0003177205772
2014-05-08,2,1019.8592316816133
2014-05-09,2,1021.6523668856997
2014-05-12,2,1031.2157546408257
2014-05-13,2,1032.1394909580822
2014-05-14,2,1027.2491222196654
2014-05-15,2,1018.174771338381
2014-05-16,2,1021.978391468261
2014-05-19,2,1025.564661876433
2014-05-20,2,1018.9898327947838
2014-05-21,2,1027.6294842326533
2014-05-22,2,1030.1833434627156
2014-05-23,2,1034.42166303601
2014-05-27,2,1040.7791423959518
2014-05-28,2,1039.7467312178417
2014-05-29,2,1045.3434865518077
2014-05-30,2,1046.8105971733328
2014-06-02,2,1048.169032934004
2014-06-03,2,1047.6799960601625
2014-06-04,2,1049.636143555529
2014-06-05,2,1056.5913346501661
2014-06-06,2,1061.6447156798636
2014-06-09,2,1062.7314642884007
2014-06-10,2,1062.8401391492544
2014-06-11,2,1059.253868741082
2014-06-12,2,1051.5922910508957
2014-06-13,2,1054.9068743069338
2014-06-16,2,1055.7762731937635
2014-06-17,2,1058.60181957596
2014-06-18,2,1066.372072127
2014-06-19,2,1067.6761704572446
2014-06-20,2,1064.7419492141944
2014-06-23,2,1064.3615872012062
2014-06-24,2,1057.9497704108373
2014-06-25,2,1062.622789427547
2014-06-26,2,1061.970740262425
2014-06-27,2,1063.9268877577915
2014-06-30,2,1063.4378508839502
2014-07-01,2,1070.7734039915752
2014-07-02,2,1071.7514777392585
2014-07-03,2,1077.1852207819438
2014-07-07,2,1073.3816006520642
2014-07-08,2,1066.4807469878538
2014-07-09,2,1071.1537660045628
2014-07-10,2,1066.8611090008417
2014-07-11,2,1068.2195447615131
2014-07-14,2,1073.6532878041983
2014-07-15,2,1071.6971403088316
2014-07-16,2,1075.718110160419
2014-07-17,2,1063.492188314377
2014-07-18,2,1074.3596743997475
2014-07-21,2,1072.0775023218198
2014-07-22,2,1076.9135336298095
2014-07-23,2,1079.4130554294452
2014-07-24,2,1079.4130554294452
2014-07-25,2,1074.3053369693207
2014-07-28,2,1074.7400364127354
2014-07-29,2,1070.1756922568795
2014-07-30,2,1070.393041978587
2014-07-31,2,1048.984094390407
2014-08-01,2,1045.941198286503
2014-08-04,2,1053.4941011158357
2014-08-05,2,1043.1699893347334
2014-08-06,2,1043.5503513477215
2014-08-07,2,1037.899258583329
2014-08-08,2,1050.0165055685172
2014-08-11,2,1053.005064241994
2014-08-12,2,1051.6466284813225
2014-08-13,2,1059.0908564498015
2014-08-14,2,1063.6008631752306
2014-08-15,2,1063.5465257448038
2014-08-18,2,1072.4035269043807
2014-08-19,2,1078.0002822383465
2014-08-20,2,1080.8258286205432
2014-08-21,2,1083.9773995853004
2014-08-22,2,1082.1842643812142
2014-08-25,2,1087.6723448543266
2014-08-26,2,1088.5960811715831
2014-08-27,2,1088.2157191585952
2014-08-28,2,1087.5093325630457
2014-08-29,2,1090.5522286669498
2014-09-02,2,1089.9545169322544
2014-09-03,2,1089.5198174888394
2014-09-04,2,1087.944032006461
2014-09-05,2,1092.8887381753045
2014-09-08,2,1090.0088543626814
2014-09-09,2,1083.1080006984712
2014-09-10,2,1087.1833079804849
2014-09-11,2,1088.2700565890218
2014-09-12,2,1082.0212520899338
2014-09-15,2,1081.2605280639577
2014-09-16,2,1089.411142627986
2014-09-17,2,1090.7152409582302
2014-09-18,2,1096.3663337226233
2014-09-19,2,1090.7152409582302
2014-09-22,2,1082.0755895203606
2014-09-23,2,1075.8811224516994
2014-09-24,2,1084.4120990287154
2014-09-25,2,1066.7524341399878
2014-09-26,2,1075.6094352995651
2014-09-29,2,1073.2729257912106
2014-09-30,2,1070.4473794090138
2014-10-01,2,1055.9936229154712
2014-10-02,2,1056.2653100676052
2014-10-03,2,1067.893520178952
2014-10-06,2,1066.4264095574267
2014-10-07,2,1050.1251804293709
2014-10-08,2,1068.4912319136472
2014-10-09,2,1046.9736094646132
2014-10-10,2,1035.2367244924133
2014-10-13,2,1018.174771338381
2014-10-14,2,1020.1852562641744
2014-10-15,2,1012.2519914218541
2014-10-16,2,1011.9803042697197
2014-10-17,2,1024.4779132678962
2014-10-20,2,1034.1499758838759
2014-10-21,2,1054.4178374330922
2014-10-22,2,1047.1366217558939
2014-10-23,2,1059.3082061715088
2014-10-24,2,1067.0784587225492
2014-10-27,2,1065.611348101024
2014-10-28,2,1077.8916073774928
2014-10-29,2,1076.6418464776752
2014-10-30,2,1083.7057124331661
2014-10-31,2,1095.7686219879276
2014-11-03,2,1096.2576588617694
2014-11-04,2,1092.780063314451
2014-11-05,2,1099.6265795482343
2014-11-06,2,1104.0279114128095
2014-11-07,2,1105.0603225909197
2014-11-10,2,1108.320568416531
2014-11-11,2,1109.4073170250679
2014-11-12,2,1108.3749058469577
2014-11-13,2,1109.4073170250679
2014-11-14,2,1109.8420164684828
2014-11-17,2,1110.5484030640316
2014-11-18,2,1116.9058824239737
2014-11-19,2,1114.949734928607
2014-11-20,2,1117.1232321456814
2014-11-21,2,1123.046012062208
2014-11-24,2,1126.3062578878194
2014-11-25,2,1125.762883583551
2014-11-26,2,1128.37108024404
2014-11-28,2,1125.9258958748317
2014-12-01,2,1118.2643181846452
2014-12-02,2,1125.2738467097092
2014-12-03,2,1129.7295160047115
2014-12-04,2,1128.37108024404
2014-12-05,2,1130.2185528785526
2014-12-08,2,1122.719987479647
2014-12-09,2,1121.8505885928175
2014-12-10,2,1103.9735739823827
2014-12-11,2,1109.4073170250679
2014-12-12,2,1091.4759649842063
2014-12-15,2,1083.9230621548736
2014-12-16,2,1075.5550978691383
2014-12-17,2,1097.0727203181723
2014-12-18,2,1123.6980612273305
2014-12-19,2,1122.2309506058057
2014-12-22,2,1127.2299942050759
2014-12-23,2,1128.8601171178814
2014-12-24,2,1129.1318042700157
2014-12-26,2,1132.5007249564806
2014-12-29,2,1134.185185299713
2014-12-30,2,1128.0993930919055
2014-12-31,2,1116.7428701326933
2015-01-02,2,1116.145158397998
2015-01-05,2,1096.5293460139037
2015-01-06,2,1085.7705347893866
2015-01-07,2,1099.4635672569536
2015-01-08,2,1118.9163673497671
2015-01-09,2,1109.4616544554947
2015-01-12,2,1100.9850153089055
2015-01-13,2,1097.9964566354288
2015-01-14,2,1091.6389772754872
2015-01-15,2,1081.4235403552386
2015-01-16,2,1095.1709102532325
2015-01-20,2,1097.8334443441483
2015-01-21,2,1103.538874538968
2015-01-22,2,1119.840103667024
2015-01-23,2,1113.6456365983624
2015-01-26,2,1116.416845550132
2015-01-27,2,1101.6914019044548
2015-01-28,2,1087.1289705500578
2015-01-29,2,1097.507419761587
2015-01-30,2,1083.760049863593
2015-02-02,2,1096.9097080268916
2015-02-03,2,1112.8305751419598
2015-02-04,2,1108.8639427207995
2015-02-05,2,1120.3291405408654
2015-02-06,2,1116.688532702266
2015-02-09,2,1111.6894891029958
2015-02-10,2,1123.752398657757
2015-02-11,2,1124.4587852533064
2015-02-12,2,1135.1089216169696
2015-02-13,2,1139.9992903553864
2015-02-17,2,1141.9554378507535
2015-02-18,2,1141.9011004203267
2015-02-19,2,1141.1403763943501
2015-02-20,2,1147.9868926281342
2015-02-23,2,1147.660868045573
2015-02-24,2,1151.0841261624646
2015-02-25,2,1149.834365262647
2015-02-26,2,1148.74761665411
2015-02-27,2,1144.8353216633764
2015-03-02,2,1151.953525049294
2015-03-03,2,1147.2805060325845
2015-03-04,2,1142.3357998637412
2015-03-05,2,1143.6398981939856
2015-03-06,2,1127.3930064963563
2015-03-09,2,1132.283375234773
2015-03-10,2,1113.8086488896433
2015-03-11,2,1111.254789659581
2015-03-12,2,1125.3825215705629
2015-03-13,2,1118.4816679063526
2015-03-16,2,1133.7504858562984
2015-03-17,2,1130.109878017699
2015-03-18,2,1143.4768859027051
2015-03-19,2,1138.2604925817275
2015-03-20,2,1143.3682110418513
2015-03-23,2,1141.303388685631
2015-03-24,2,1134.619884743128
2015-03-25,2,1117.9926310325106
2015-03-26,2,1115.4387718024486
2015-03-27,2,1117.8296187412302
2015-03-30,2,1131.6313260696509
2015-03-31,2,1121.7419137319637
2015-04-01,2,1118.0469684629375
2015-04-02,2,1121.4158891494026
2015-04-06,2,1129.3491539917234
2015-04-07,2,1126.1975830269655
2015-04-08,2,1130.1642154481258
2015-04-09,2,1135.2719339082503
2015-04-10,2,1141.303388685631
2015-04-13,2,1136.086995364653
2015-04-14,2,1138.2604925817275
2015-04-15,2,1143.5312233331317
2015-04-16,2,1143.0421864592904
2015-04-17,2,1129.8381908655647
2015-04-20,2,1140.270977507521
2015-04-21,2,1139.021216607703
2015-04-22,2,1144.563634511242
2015-04-23,2,1147.4978557542922
2015-04-24,2,1150.0517149843545
2015-04-27,2,1145.2156836763643
2015-04-28,2,1148.8019540845369
2015-04-29,2,1144.0745976374005
2015-04-30,2,1132.7180746781883
2015-05-01,2,1144.8353216633764
2015-05-04,2,1148.367254641122
2015-05-05,2,1135.1089216169696
2015-05-06,2,1130.3815651698335
2015-05-07,2,1134.9459093256892
2015-05-08,2,1149.9430401235006
2015-05-11,2,1144.4006222199619
2015-05-12,2,1140.923026672643
2015-05-13,2,1141.303388685631
2015-05-14,2,1153.094611088258
2015-05-15,2,1154.5073842793563
2015-05-18,2,1157.8763049658216
2015-05-19,2,1157.4416055224065
2015-05-20,2,1156.6265440660038
2015-05-21,2,1159.941127322042
2015-05-22,2,1157.224255800699
2015-05-26,2,1145.0526713850838
2015-05-27,2,1155.6484703183203
2015-05-28,2,1154.61605914021
2015-05-29,2,1147.0631563108773
2015-06-01,2,1149.6170155409395
2015-06-02,2,1148.5302669324024
2015-06-03,2,1151.5731630363064
2015-06-04,2,1142.2814624333143
2015-06-05,2,1139.9449529249596
2015-06-08,2,1132.772412108615
2015-06-09,2,1132.663737247761
2015-06-10,2,1146.2480948544744
2015-06-11,2,1149.7800278322202
2015-06-12,2,1141.0860389639233
2015-06-15,2,1136.1413327950797
2015-06-16,2,1142.4988121550216
2015-06-17,2,1144.4549596503887
2015-06-18,2,1156.0288323313082
2015-06-19,2,1143.5855607635588
2015-06-22,2,1151.410150745026
2015-06-23,2,1152.1165373405747
2015-06-24,2,1143.7485730548392
2015-06-25,2,1140.0536277858132
2015-06-26,2,1140.1623026466673
2015-06-29,2,1116.3081706892785
2015-06-30,2,1118.753355058487
2015-07-01,2,1127.610356218064
2015-07-02,2,1126.4692701790998
2015-07-06,2,1123.1546869230617
2015-07-07,2,1129.6751785742847
2015-07-08,2,1111.0917773683007
2015-07-09,2,1113.2652745853745
2015-07-10,2,1127.2843316355031
2015-07-13,2,1139.836278064106
2015-07-14,2,1144.7809842329495
2015-07-15,2,1144.5092970808153
2015-07-16,2,1153.3119608099653
2015-07-17,2,1154.3987094185024
2015-07-20,2,1155.2681083053324
2015-07-21,2,1150.5950892886228
2015-07-22,2,1148.367254641122
2015-07-23,2,1142.0097752811803
2015-07-24,2,1130.0555405872722
2015-07-27,2,1123.480711505623
2015-07-28,2,1137.2824188340437
2015-07-29,2,1145.1070088155107
2015-07-30,2,1145.3243585372184
2015-07-31,2,1143.6398981939856
2015-08-03,2,1139.836278064106
2015-08-04,2,1137.554105986178
2015-08-05,2,1141.5750758377653
2015-08-06,2,1132.772412108615
2015-08-07,2,1129.7838534351383
2015-08-10,2,1144.2919473591082
2015-08-11,2,1133.6418109954445
2015-08-12,2,1135.0002467561158
2015-08-13,2,1133.6418109954445
2015-08-14,2,1137.8257931383125
2015-08-17,2,1144.1832724982542
2015-08-18,2,1140.923026672643
2015-08-19,2,1131.9573506522122
2015-08-20,2,1108.0488812643964
2015-08-21,2,1073.3272632216374
2015-08-24,2,1029.4769568671666
2015-08-25,2,1017.4140473124049
2015-08-26,2,1057.1890463848617
2015-08-27,2,1082.8363135463367
2015-08-28,2,1082.8363135463367
2015-08-31,2,1073.707625234625
2015-09-01,2,1041.1051669785131
2015-09-02,2,1062.0794151232787
2015-09-03,2,1062.5141145666935
2015-09-04,2,1046.321560299491
2015-09-08,2,1073.2185883607835
2015-09-09,2,1058.4388072846796
2015-09-10,2,1064.3615872012062
2015-09-11,2,1069.1976185091964
2015-09-14,2,1065.0136363663285
2015-09-15,2,1078.543656542615
2015-09-16,2,1087.7810197151803
2015-09-17,2,1085.4445102068255
2015-09-18,2,1061.862065401571
2015-09-21,2,1067.513158165964
2015-09-22,2,1053.4941011158357
2015-09-23,2,1051.8096407726032
2015-09-24,2,1048.3320452252844
2015-09-25,2,1047.6799960601625
2015-09-28,2,1021.1633300118579
2015-09-29,2,1021.8153791769802
2015-09-30,2,1041.4855289915013
2015-10-01,2,1044.0937256519903
2015-10-02,2,1059.4712184627897
2015-10-05,2,1078.5979939730419
2015-10-06,2,1074.9030487040159
2015-10-07,2,1083.5970375723125
2015-10-08,2,1093.377775049146
2015-10-09,2,1094.1384990751224
2015-10-12,2,1095.1709102532325
2015-10-13,2,1087.944032006461
2015-10-14,2,1082.7819761159099
2015-10-15,2,1099.4092298265268
2015-10-16,2,1103.810561691102
2015-10-19,2,1104.8429728692124
2015-10-20,2,1103.430199678114
2015-10-21,2,1096.5836834443307
2015-10-22,2,1115.1127472198878
2015-10-23,2,1127.556018787637
2015-10-26,2,1124.6217975445873
2015-10-27,2,1122.5026377579395
2015-10-28,2,1135.2719339082503
2015-10-29,2,1134.9459093256892
2015-10-30,2,1129.4034914221502
2015-11-02,2,1143.0965238897172
2015-11-03,2,1146.3024322849017
2015-11-04,2,1143.150861320144
2015-11-05,2,1141.7380881290458
2015-11-06,2,1141.1947138247774
2015-11-09,2,1130.544577461114
2015-11-10,2,1132.9897618303223
2015-11-11,2,1128.6427673961741
2015-11-12,2,1113.3196120158013
2015-11-13,2,1100.5503158654906
2015-11-16,2,1117.1775695761082
2015-11-17,2,1115.9821461067172
2015-11-18,2,1134.0765104388595
2015-11-19,2,1133.0984366911762
2015-11-20,2,1137.554105986178
2015-11-23,2,1135.9783205037993
2015-11-24,2,1137.7171182774584
2015-11-25,2,1137.3910936948973
2015-11-27,2,1138.5321797338613
2015-11-30,2,1133.859160717152
2015-12-01,2,1145.1070088155107
2015-12-02,2,1132.9897618303223
2015-12-03,2,1117.1775695761082
2015-12-04,2,1139.07555403813
2015-12-07,2,1131.7943383609318
2015-12-08,2,1124.5674601141602
2015-12-09,2,1115.8734712458636
2015-12-10,2,1118.3729930454988
2015-12-11,2,1096.801033166038
2015-12-14,2,1102.9955002346992
2015-12-15,2,1114.4063606243385
2015-12-16,2,1130.0555405872722
2015-12-17,2,1113.3196120158013
2015-12-18,2,1086.4769213849356
2015-12-21,2,1095.7686219879276
2015-12-22,2,1105.8210466168955
2015-12-23,2,1119.459741654036
2015-12-24,2,1117.0145572848273
2015-12-28,2,1114.949734928607
2015-12-29,2,1127.1213193442222
2015-12-30,2,1119.025042210621
2015-12-31,2,1107.9402064035428
2016-01-04,2,1092.1280141493285
2016-01-05,2,1094.4101862272562
2016-01-06,2,1080.1737794554208
2016-01-07,2,1054.146150280958
2016-01-08,2,1042.6809524608918
2016-01-11,2,1043.7133636390022
2016-01-12,2,1052.2443402160181
2016-01-13,2,1026.1080361807014
2016-01-14,2,1042.6809524608918
2016-01-15,2,1020.3482685554552
2016-01-19,2,1021.6523668856997
2016-01-20,2,1009.5351199005113
2016-01-21,2,1014.3711512085013
2016-01-22,2,1035.0737122011324
2016-01-25,2,1019.696219390333
2016-01-26,2,1033.3892518578998
2016-01-27,2,1022.195741189968
2016-01-28,2,1027.738159093507
2016-01-29,2,1052.4616899377256
2016-02-01,2,1052.4616899377256
2016-02-02,2,1033.063227275339
2016-02-03,2,1038.8773323310122
2016-02-04,2,1040.8334798263788
2016-02-05,2,1021.2720048727115
2016-02-08,2,1007.2529478225835
2016-02-09,2,1007.3072852530103
2016-02-10,2,1006.8182483791686
2016-02-11,2,994.7010013939802
2016-02-12,2,1014.1538014867936
2016-02-16,2,1031.161417210399
2016-02-17,2,1048.0603580731502
2016-02-18,2,1043.4960139172947
2016-02-19,2,1043.387339056441
2016-02-22,2,1058.4388072846796
2016-02-23,2,1045.289149121381
2016-02-24,2,1049.9078307076636
2016-02-25,2,1062.459777136267
2016-02-26,2,1060.2319424887655
2016-02-29,2,1051.3206038987616
2016-03-01,2,1076.8591961993827
2016-03-02,2,1081.3148654943845
2016-03-03,2,1085.4445102068255
2016-03-04,2,1088.8134308932904
2016-03-07,2,1089.9545169322544
2016-03-08,2,1077.837269947066
2016-03-09,2,1083.5970375723125
2016-03-10,2,1084.249086737435
2016-03-11,2,1101.5827270436014
2016-03-14,2,1100.2786287133567
2016-03-15,2,1098.5941683701242
2016-03-16,2,1105.1689974517735
2016-03-17,2,1112.015513685557
2016-03-18,2,1110.874427646593
2016-03-21,2,1112.1785259768376
2016-03-22,2,1111.6894891029958
2016-03-23,2,1104.3539359953706
2016-03-24,2,1103.810561691102
2016-03-28,2,1104.462610856224
2016-03-29,2,1114.7867226373266
2016-03-30,2,1119.7857662365973
2016-03-31,2,1116.9058824239737
2016-04-01,2,1124.1870981011718
2016-04-04,2,1120.8181774147074
2016-04-05,2,1109.5159918859215
2016-04-06,2,1121.6332388711098
2016-04-07,2,1108.1575561252503
2016-04-08,2,1111.3091270900081
2016-04-11,2,1108.3749058469577
2016-04-12,2,1119.025042210621
2016-04-13,2,1130.3272277394067
2016-04-14,2,1130.2728903089796
2016-04-15,2,1129.2404791308693
2016-04-18,2,1137.1737439731903
2016-04-19,2,1140.3796523683745
2016-04-20,2,1141.4120635464847
2016-04-21,2,1135.434946199531
2016-04-22,2,1135.5979584908114
2016-04-25,2,1133.533136134591
2016-04-26,2,1135.5436210603846
2016-04-27,2,1137.4997685557512
2016-04-28,2,1127.3930064963563
2016-04-29,2,1121.1442019972687
2016-05-02,2,1130.109878017699
2016-05-03,2,1120.166128249585
2016-05-04,2,1113.8629863200701
2016-05-05,2,1113.8086488896433
2016-05-06,2,1117.7209438803764
2016-05-09,2,1118.753355058487
2016-05-10,2,1132.5550623869074
2016-05-11,2,1122.393962897086
2016-05-12,2,1122.393962897086
2016-05-13,2,1112.6132254202523
2016-05-16,2,1123.589386366477
2016-05-17,2,1113.2652745853745
2016-05-18,2,1113.6999740287897
2016-05-19,2,1109.6790041772024
2016-05-20,2,1116.4711829805588
2016-05-23,2,1114.7323852068998
2016-05-24,2,1129.4034914221502
2016-05-25,2,1136.902056821056
2016-05-26,2,1137.4454311253244
2016-05-27,2,1142.1727875724605
2016-05-31,2,1140.5426646596552
2016-06-01,2,1142.5531495854486
2016-06-02,2,1146.0307451327672
2016-06-03,2,1142.716161876729
2016-06-06,2,1148.4215920715487
2016-06-07,2,1150.160389845208
2016-06-08,2,1153.8009976838075
2016-06-09,2,1152.0078624797209
2016-06-10,2,1141.4120635464847
2016-06-13,2,1132.663737247761
2016-06-14,2,1130.653252321968
2016-06-15,2,1128.8601171178814
2016-06-16,2,1132.5007249564806
2016-06-17,2,1122.5026377579395
2016-06-20,2,1129.457828852577
2016-06-21,2,1132.3377126652
2016-06-22,2,1130.4902400306871
2016-06-23,2,1145.5960456893526
2016-06-24,2,1104.2452611345168
2016-06-27,2,1084.5207738895695
2016-06-28,2,1103.9735739823827
2016-06-29,2,1122.9916746317813
2016-06-30,2,1138.3691674425809
2016-07-01,2,1140.1623026466673
2016-07-05,2,1132.5550623869074
2016-07-06,2,1139.727603203252
2016-07-07,2,1138.5321797338613
2016-07-08,2,1155.4854580270398
2016-07-11,2,1159.6151027394806
2016-07-12,2,1167.928729594789
2016-07-13,2,1167.8743921643622
2016-07-14,2,1174.0688592330234
2016-07-15,2,1172.6560860419254
2016-07-18,2,1175.9163318675369
2016-07-19,2,1174.5035586764386
2016-07-20,2,1179.6112771365629
2016-07-21,2,1175.0469329807072
2016-07-22,2,1180.4263385929655
2016-07-25,2,1177.329105058635
2016-07-26,2,1177.6551296411958
2016-07-27,2,1176.5683810326589
2016-07-28,2,1177.9268167933303
2016-07-29,2,1179.882964288697
2016-08-01,2,1178.5245285280257
2016-08-02,2,1171.2433128508274
2016-08-03,2,1174.829583259
2016-08-04,2,1175.9163318675369
2016-08-05,2,1185.479719622663
2016-08-08,2,1184.7189955966871
2016-08-09,2,1185.479719622663
2016-08-10,2,1182.5998358100394
2016-08-11,2,1188.087916283152
2016-08-12,2,1187.0011676746149
2016-08-15,2,1190.6961129436409
2016-08-16,2,1184.4473084445528
2016-08-17,2,1186.5664682312
2016-08-18,2,1189.2833397525426
2016-08-19,2,1187.6532168397368
2016-08-22,2,1187.2728548267492
2016-08-23,2,1189.6637017655307
2016-08-24,2,1183.9039341402838
2016-08-25,2,1182.4368235187592
2016-08-26,2,1180.4806760233923
2016-08-29,2,1186.512130800773
2016-08-30,2,1184.392971014126
2016-08-31,2,1181.2414000493682
2016-09-01,2,1181.3500749102218
2016-09-02,2,1186.5664682312
2016-09-06,2,1190.3700883610795
2016-09-07,2,1190.3157509306527
2016-09-08,2,1187.4358671180296
2016-09-09,2,1158.9087161439318
2016-09-12,2,1175.5359698545487
2016-09-13,2,1158.6370289917973
2016-09-14,2,1158.1479921179555
2016-09-15,2,1169.8305396597293
2016-09-16,2,1159.2347407264924
2016-09-19,2,1159.5064278786267
2016-09-20,2,1159.7237776003342
2016-09-21,2,1172.547411181072
2016-09-22,2,1179.9373017191242
2016-09-23,2,1173.5798223591821
2016-09-26,2,1163.9620971736292
2016-09-27,2,1171.2433128508274
2016-09-28,2,1177.3834424890617
2016-09-29,2,1166.5702938341178
2016-09-30,2,1175.6446447154024
2016-10-03,2,1172.0040368768032
2016-10-04,2,1166.7333061253983
2016-10-05,2,1171.8410245855227
2016-10-06,2,1172.764760902779
2016-10-07,2,1168.5264413294847
2016-10-10,2,1174.286208954731
2016-10-11,2,1159.8324524611878
2016-10-12,2,1161.2995630827133
2016-10-13,2,1157.6046178136871
2016-10-14,2,1157.8763049658216
2016-10-17,2,1154.1270222663686
2016-10-18,2,1161.1365507914325
2016-10-19,2,1164.1794468953362
2016-10-20,2,1162.2232993999694
2016-10-21,2,1162.494986552104
2016-10-24,2,1167.4396927209477
2016-10-25,2,1163.7990848823483
2016-10-26,2,1161.408237943567
2016-10-27,2,1158.3110044092361
2016-10-28,2,1154.7790714314908
2016-10-31,2,1154.7247340010636
2016-11-01,2,1146.519782006609
2016-11-02,2,1139.455916051118
2016-11-03,2,1134.7828970344085
2016-11-04,2,1133.0440992607494
2016-11-07,2,1157.9306423962482
2016-11-08,2,1163.2013731476527
2016-11-09,2,1175.9163318675369
2016-11-10,2,1178.361516236745
2016-11-11,2,1176.1880190196712
2016-11-14,2,1176.6770558935125
2016-11-15,2,1185.9144190660777
2016-11-16,2,1184.1756212924183
2016-11-17,2,1189.7180391959575
2016-11-18,2,1187.3815296876028
2016-11-21,2,1196.0211811254724
2016-11-22,2,1198.3033532034005
2016-11-23,2,1199.3901018119375
2016-11-25,2,1203.7914336765125
2016-11-28,2,1198.357690633827
2016-11-29,2,1200.259500698767
2016-11-30,2,1197.2166045948632
2016-12-01,2,1192.8152727302881
2016-12-02,2,1193.575996756264
2016-12-05,2,1200.4225129900476
2016-12-06,2,1204.6064951329151
2016-12-07,2,1220.2556750958493
2016-12-08,2,1223.3529086301796
2016-12-09,2,1230.688461737805
2016-12-12,2,1229.22135111628
2016-12-13,2,1237.3176282498814
2016-12-14,2,1227.5912282034747
2016-12-15,2,1232.2099097897571
2016-12-16,2,1222.9725466171915
2016-12-19,2,1225.2547186951197
2016-12-20,2,1230.0364125726828
2016-12-21,2,1226.9935164687788
2016-12-22,2,1224.9830315429854
2016-12-23,2,1226.3414673036568
2016-12-27,2,1229.3300259771336
2016-12-28,2,1219.494951069873
2016-12-29,2,1219.1689264873119
2016-12-30,2,1214.71325719231
2017-01-03,2,1223.6245957823141
2017-01-04,2,1230.9058114595125
2017-01-05,2,1229.982075142256
2017-01-06,2,1234.7637690198192
2017-01-09,2,1230.688461737805
2017-01-10,2,1230.3624371552437
2017-01-11,2,1233.7856952721356
2017-01-12,2,1231.1231611812198
2017-01-13,2,1233.6226829808554
2017-01-17,2,1229.601713129268
2017-01-18,2,1232.0468974984763
2017-01-19,2,1227.7542404947546
2017-01-20,2,1231.8295477767688
2017-01-23,2,1229.0040013945725
2017-01-24,2,1236.6112416543322
2017-01-25,2,1246.9896908658611
2017-01-26,2,1245.957279687751
2017-01-27,2,1244.2728193445184
2017-01-30,2,1236.8285913760394
2017-01-31,2,1236.502566793478
2017-02-01,2,1236.937266236893
2017-02-02,2,1237.6436528324423
2017-02-03,2,1246.3376417007387
2017-02-06,2,1244.1641444836648
2017-02-07,2,1244.1641444836648
2017-02-08,2,1245.7399299660435
2017-02-09,2,1252.8581333519612
2017-02-10,2,1257.802839520805
2017-02-13,2,1264.5950183241614
2017-02-14,2,1269.9200865059934
2017-02-15,2,1276.2232284355082
2017-02-16,2,1275.4625044095321
2017-02-17,2,1277.2556396136183
2017-02-21,2,1284.808542442951
2017-02-22,2,1283.993480986548
2017-02-23,2,1284.808542442951
2017-02-24,2,1286.6016776470371
2017-02-27,2,1288.5034877119772
2017-02-28,2,1285.1889044559393
2017-03-01,2,1302.7398944838126
2017-03-02,2,1295.0239793631995
2017-03-03,2,1295.8390408196024
2017-03-06,2,1291.926745828869
2017-03-07,2,1288.0687882685622
2017-03-08,2,1285.569266468927
2017-03-09,2,1286.8190273687444
2017-03-10,2,1291.2746966637467
2017-03-13,2,1291.926745828869
2017-03-14,2,1287.4167391034402
2017-03-15,2,1298.1212128975303
2017-03-16,2,1296.05639054131
2017-03-17,2,1288.231800559843
2017-03-20,2,1286.38432792533
2017-03-21,2,1270.3547859494083
2017-03-22,2,1272.9629826098972
2017-03-23,2,1271.5502094187989
2017-03-24,2,1270.9524976841035
2017-03-27,2,1269.2136999104446
2017-03-28,2,1278.3967256525825
2017-03-29,2,1280.135523426242
2017-03-30,2,1283.830468695268
2017-03-31,2,1280.787572591364
2017-04-03,2,1278.940099956851
2017-04-04,2,1279.7008239828267
2017-04-05,2,1275.6255167008126
2017-04-06,2,1279.0487748177045
2017-04-07,2,1277.853351348314
2017-04-10,2,1278.6684128047166
2017-04-11,2,1277.1469647527647
2017-04-12,2,1272.0392462926404
2017-04-13,2,1263.5626071460513
2017-04-17,2,1274.5931055227024
2017-04-18,2,1270.7351479623958
2017-04-19,2,1268.561650745322
2017-04-20,2,1278.559737943863
2017-04-21,2,1274.7017803835563
2017-04-24,2,1288.4491502815504
2017-04-25,2,1296.1107279717369
2017-04-26,2,1295.6216910978949
2017-04-27,2,1296.5454274151514
2017-04-28,2,1293.774218463382
2017-05-01,2,1296.7627771368589
2017-05-02,2,1297.5235011628347
2017-05-03,2,1296.05639054131
2017-05-04,2,1297.3061514411274
2017-05-05,2,1302.5225447621053
2017-05-08,2,1302.305195040398
2017-05-09,2,1301.1641090014339
2017-05-10,2,1303.2832687880814
2017-05-11,2,1300.9467592797268
2017-05-12,2,1298.827599493079
2017-05-15,2,1305.4567660051555
2017-05-16,2,1304.6417045487528
2017-05-17,2,1281.5482966173397
2017-05-18,2,1286.003965912342
2017-05-19,2,1294.860967071919
2017-05-22,2,1301.544471014422
2017-05-23,2,1304.2070051053379
2017-05-24,2,1307.3042386396683
2017-05-25,2,1313.390030847476
2017-05-26,2,1313.5530431387565
2017-05-30,2,1312.3576196693657
2017-05-31,2,1311.8142453650973
2017-06-01,2,1322.1383571461993
2017-06-02,2,1326.5396890107745
2017-06-05,2,1325.6702901239448
2017-06-06,2,1321.7579951332116
2017-06-07,2,1323.931492350286
2017-06-08,2,1324.5292040849806
2017-06-09,2,1322.8447437417485
2017-06-12,2,1322.2470320070531
2017-06-13,2,1328.658848797422
2017-06-14,2,1327.1917381758967
2017-06-15,2,1324.6922163762615
2017-06-16,2,1318.3890744467462
2017-06-19,2,1329.3108979625438
2017-06-20,2,1320.6169090942478
2017-06-21,2,1320.1278722204058
2017-06-22,2,1319.4758230552836
2017-06-23,2,1321.2689582593698
2017-06-26,2,1321.8666699940654
2017-06-27,2,1311.4882207825362
2017-06-28,2,1322.8990811721756
2017-06-29,2,1311.6512330738167
2017-06-30,2,1313.7160554300372
2017-07-03,2,1316.5959392426605
2017-07-05,2,1319.1497984727228
2017-07-06,2,1307.2499012092414
2017-07-07,2,1315.5091906341236
2017-07-10,2,1316.9219638252216
2017-07-11,2,1315.8352152166842
2017-07-12,2,1325.7246275543716
2017-07-13,2,1328.0611370627264
2017-07-14,2,1334.2012667009608
2017-07-17,2,1334.0382544096803
2017-07-18,2,1335.0163281573637
2017-07-19,2,1342.0801941128548
2017-07-20,2,1342.5148935562695
2017-07-21,2,1341.5368198085857
2017-07-24,2,1341.1021203651715
2017-07-25,2,1344.2536913299286
2017-07-26,2,1344.5797159124897
2017-07-27,2,1343.3299550126724
2017-07-28,2,1341.591157239013
2017-07-31,2,1340.7217583521833
2017-08-01,2,1343.8189918865141
2017-08-02,2,1344.525378482063
2017-08-03,2,1341.971519252001
2017-08-04,2,1344.3080287603557
2017-08-07,2,1346.753213129564
2017-08-08,2,1343.7103170256605
2017-08-09,2,1343.3842924430992
2017-08-10,2,1324.6922163762615
2017-08-11,2,1326.4310141499209
2017-08-14,2,1339.5263348827928
2017-08-15,2,1339.5806723132196
2017-08-16,2,1341.6998320998666
2017-08-17,2,1321.1059459680891
2017-08-18,2,1318.7150990293076
2017-08-21,2,1320.0191973595522
2017-08-22,2,1333.440542674985
2017-08-23,2,1328.7675236582756
2017-08-24,2,1325.9963147065062
2017-08-25,2,1328.7675236582756
2017-08-28,2,1329.0392108104102
2017-08-29,2,1330.4519840015082
2017-08-30,2,1336.9181382223035
2017-08-31,2,1344.4167036212093
2017-09-01,2,1346.9162254208445
2017-09-05,2,1337.2441628048648
2017-09-06,2,1341.6454946694398
2017-09-07,2,1341.5368198085857
2017-09-08,2,1339.6893471740732
2017-09-11,2,1353.9257539459086
2017-09-12,2,1358.8161226843254
2017-09-13,2,1359.413834419021
2017-09-14,2,1358.979134975606
2017-09-15,2,1354.3604533893235
2017-09-18,2,1356.7513003281051
2017-09-19,2,1358.2184109496304
2017-09-20,2,1358.9247975451792
2017-09-21,2,1355.1755148457264
2017-09-22,2,1355.3385271370068
2017-09-25,2,1352.621655615664
2017-09-26,2,1353.2737047807866
2017-09-27,2,1358.5987729626183
2017-09-28,2,1360.3375707362775
2017-09-29,2,1364.9562523225597
2017-10-02,2,1370.8790322390869
2017-10-03,2,1373.921928342991
2017-10-04,2,1375.6063886862235
2017-10-05,2,1383.7026658198247
2017-10-06,2,1382.3442300591532
2017-10-09,2,1379.8990456899446
2017-10-10,2,1383.4309786676902
2017-10-11,2,1385.604475884764
2017-10-12,2,1383.485316098117
2017-10-13,2,1385.1154390109227
2017-10-16,2,1387.2345987975698
2017-10-17,2,1388.1039976843995
2017-10-18,2,1389.353758584217
2017-10-19,2,1390.0601451797663
2017-10-20,2,1396.9609988439765
2017-10-23,2,1391.7989429534255
2017-10-24,2,1394.0267776009266
2017-10-25,2,1387.2889362279968
2017-10-26,2,1388.810384279949
2017-10-27,2,1400.2212446695883
2017-10-30,2,1395.3852133615983
2017-10-31,2,1397.0696737048306
2017-11-01,2,1399.2431709219045
2017-11-02,2,1399.786545226173
2017-11-03,2,1404.3508893820288
2017-11-06,2,1406.3613743078222
2017-11-07,2,1405.600650281847
2017-11-08,2,1407.9914972206282
2017-11-09,2,1402.938116190931
2017-11-10,2,1402.3404044562353
2017-11-13,2,1403.7531776473331
2017-11-14,2,1400.4929318217223
2017-11-15,2,1393.3747284358049
2017-11-16,2,1405.2202882688587
2017-11-17,2,1401.253655847698
2017-11-20,2,1403.481490495199
2017-11-21,2,1412.5558413764838
2017-11-22,2,1411.5234301983733
2017-11-24,2,1414.5663263022773
2017-11-27,2,1414.1859642892894
2017-11-28,2,1428.2593587698443
2017-11-29,2,1427.6073096047223
2017-11-30,2,1439.2898571464955
2017-12-01,2,1436.8990102077144
2017-12-04,2,1435.2688872949082
2017-12-05,2,1430.1611688347843
2017-12-06,2,1430.2698436956377
2017-12-07,2,1434.7798504210673
2017-12-08,2,1442.6044404025333
2017-12-11,2,1447.2231219888165
2017-12-12,2,1449.6683063580253
2017-12-13,2,1449.3966192058906
2017-12-14,2,1443.636851580644
2017-12-15,2,1448.2555331669262
2017-12-18,2,1457.2212091873569
2017-12-19,2,1451.8418035750992
2017-12-20,2,1451.081079549123
2017-12-21,2,1453.9066259313195
2017-12-22,2,1453.4719264879043
2017-12-26,2,1451.6787912838188
2017-12-27,2,1452.6568650315012
2017-12-28,2,1455.482411413698
2017-12-29,2,1450.157343231866
2018-01-02,2,1460.5357924433954
2018-01-03,2,1469.6644807551065
2018-01-04,2,1475.9676226846216
2018-01-05,2,1485.5310104397477
2018-01-08,2,1488.4652316827985
2018-01-09,2,1491.6168026475552
2018-01-10,2,1489.3889680000545
2018-01-11,2,1500.2021166549985
2018-01-12,2,1510.091528992686
2018-01-16,2,1504.9294731021346
2018-01-17,2,1519.274554734824
2018-01-18,2,1516.9923826568963
2018-01-19,2,1523.5128743081182
2018-01-22,2,1535.9561458758678
2018-01-23,2,1539.162054271052
2018-01-24,2,1538.7273548276376
2018-01-25,2,1539.3250665623332
2018-01-26,2,1557.0934063119144
2018-01-29,2,1546.8779693916658
2018-01-30,2,1530.413727972329
2018-01-31,2,1531.7721637329998
2018-02-01,2,1530.0333659593412
2018-02-02,2,1497.0505456902408
2018-02-05,2,1435.4862370166156
2018-02-06,2,1462.6549522300425
2018-02-07,2,1454.341325374734
2018-02-08,2,1400.3842569608687
2018-02-09,2,1421.9562168403295
2018-02-12,2,1441.300342072289
2018-02-13,2,1445.375649354303
2018-02-14,2,1465.480498612239
2018-02-15,2,1483.4661880835274
2018-02-16,2,1483.9008875269426
2018-02-20,2,1474.8808740760846
2018-02-21,2,1467.1106215250443
2018-02-22,2,1468.8494192987043
2018-02-23,2,1492.594876395239
2018-02-26,2,1509.9828541318318
2018-02-27,2,1490.9104160520064
2018-02-28,2,1474.3918372022424
2018-03-01,2,1454.7760248181487
2018-03-02,2,1462.437602508335
2018-03-05,2,1479.1191936493794
2018-03-06,2,1482.8684763488318
2018-03-07,2,1482.3251020445637
2018-03-08,2,1489.3346305696273
2018-03-09,2,1514.981897731103
2018-03-12,2,1513.2430999574435
2018-03-13,2,1503.4623624806102
2018-03-14,2,1495.7464473599964
2018-03-15,2,1494.279336738471
2018-03-16,2,1489.9323423043231
2018-03-19,2,1469.881830476814
2018-03-20,2,1472.2183399851685
2018-03-21,2,1469.447131033399
2018-03-22,2,1432.8237029256998
2018-03-23,2,1401.9600424432472
2018-03-26,2,1440.7026303375935
2018-03-27,2,1415.5444000499601
2018-03-28,2,1411.9037922113614
2018-03-29,2,1431.7369543171628
2018-04-02,2,1399.4061832131852
2018-04-03,2,1417.0115106714854
2018-04-04,2,1433.5844269516758
2018-04-05,2,1443.4195018589364
2018-04-06,2,1411.6321050592273
2018-04-09,2,1417.4462101149006
2018-04-10,2,1440.6482929071667
2018-04-11,2,1433.204064938688
2018-04-12,2,1444.8322750500345
2018-04-13,2,1440.7569677680206
2018-04-16,2,1452.5481901706476
2018-04-17,2,1467.9256829814474
2018-04-18,2,1469.1211064508384
2018-04-19,2,1460.9161544563833
2018-04-20,2,1448.6902326103411
2018-04-23,2,1448.5272203190607
2018-04-24,2,1429.291769947955
2018-04-25,2,1432.1716537605782
2018-04-26,2,1447.060109697536
2018-04-27,2,1448.5272203190607
2018-04-30,2,1436.8990102077144
2018-05-01,2,1439.9419063116177
2018-05-02,2,1430.2155062652107
2018-05-03,2,1426.9552604396
2018-05-04,2,1445.4299867847299
2018-05-07,2,1450.2660180927196
2018-05-08,2,1450.2116806622928
2018-05-09,2,1464.2850751428484
2018-05-10,2,1478.032445040842
2018-05-11,2,1481.455703157734
2018-05-14,2,1482.977151209686
2018-05-15,2,1472.7073768590103
2018-05-16,2,1479.1191936493794
2018-05-17,2,1478.0867824712689
2018-05-18,2,1474.3918372022424
2018-05-21,2,1485.3679981484672
2018-05-22,2,1481.0210037143195
2018-05-23,2,1485.3679981484672
2018-05-24,2,1482.596789196698
2018-05-25,2,1478.9561813580992
2018-05-29,2,1462.2202527866277
2018-05-30,2,1481.129678575173
2018-05-31,2,1471.1859288070586
2018-06-01,2,1486.943783630846
2018-06-04,2,1493.6816250037762
2018-06-05,2,1495.3660853470085
2018-06-06,2,1507.9180317756116
2018-06-07,2,1506.939958027928
2018-06-08,2,1511.6129770446375
2018-06-11,2,1513.623461970431
2018-06-12,2,1515.9056340483587
2018-06-13,2,1510.2545412839665
2018-06-14,2,1514.4928608572611
2018-06-15,2,1506.2335714323788
2018-06-18,2,1502.8103133154875
2018-06-19,2,1497.1048831206676
2018-06-20,2,1499.6587423507299
2018-06-21,2,1490.1496920260304
2018-06-22,2,1492.7035512560926
2018-06-25,2,1472.6530394285835
2018-06-26,2,1475.5872606716339
2018-06-27,2,1463.0896516734574
2018-06-28,2,1472.2183399851685
2018-06-29,2,1473.5767757458405
2018-07-02,2,1477.5977455974273
2018-07-03,2,1471.6206282504738
2018-07-05,2,1483.9008875269426
2018-07-06,2,1496.2898216642645
2018-07-09,2,1509.9828541318318
2018-07-10,2,1514.981897731103
2018-07-11,2,1504.6034485195735
2018-07-12,2,1517.6444318220188
2018-07-13,2,1519.1658798739702
2018-07-16,2,1517.9161189741528
2018-07-17,2,1524.1649234732408
2018-07-18,2,1527.153482146718
2018-07-19,2,1521.6110642431786
2018-07-20,2,1519.980941330373
2018-07-23,2,1522.7521502821428
2018-07-24,2,1529.9246910984875
2018-07-25,2,1543.9437481486152
2018-07-26,2,1539.3250665623332
2018-07-27,2,1529.4356542246455
2018-07-30,2,1520.9046776476291
2018-07-31,2,1528.131555894401
2018-08-01,2,1526.4470955511686
2018-08-02,2,1534.1630106717819
2018-08-03,2,1541.2812140576996
2018-08-06,2,1546.8779693916658
2018-08-07,2,1551.5509884083751
2018-08-08,2,1550.8989392432527
2018-08-09,2,1548.942791747886
2018-08-10,2,1538.3469928146494
2018-08-13,2,1532.5872251894036
2018-08-14,2,1542.367962666237
2018-08-15,2,1531.011439707024
2018-08-16,2,1543.7263984269082
2018-08-17,2,1548.6711045957518
2018-08-20,2,1552.4747247256316
2018-08-21,2,1555.4632833991081
2018-08-22,2,1555.08292138612
2018-08-23,2,1552.8007493081923
2018-08-24,2,1562.255462202465
2018-08-27,2,1574.2640343268
2018-08-28,2,1575.1334332136291
2018-08-29,2,1583.7187472210724
2018-08-30,2,1577.035243278569
2018-08-31,2,1577.035243278569
2018-09-04,2,1575.0790957832023
2018-09-05,2,1570.6777639186273
2018-09-06,2,1565.9504074714912
2018-09-07,2,1562.4728119241722
2018-09-10,2,1565.4613705976494
2018-09-11,2,1571.0037885011884
2018-09-12,2,1571.2754756533232
2018-09-13,2,1580.2411516737534
2018-09-14,2,1580.6758511171681
2018-09-17,2,1572.1992119705787
2018-09-18,2,1580.6758511171681
2018-09-19,2,1582.5776611821082
2018-09-20,2,1595.0752701802846
2018-09-21,2,1586.7073058945493
2018-09-24,2,1581.5995874344253
2018-09-25,2,1579.589102508631
2018-09-26,2,1574.9704209223487
2018-09-27,2,1579.3174153564971
2018-09-28,2,1579.1000656347899
2018-10-01,2,1584.859833260036
2018-10-02,2,1584.3164589557678
2018-10-03,2,1585.457544994731
2018-10-04,2,1572.9055985661284
2018-10-05,2,1564.3202845586854
2018-10-08,2,1563.7769102544173
2018-10-09,2,1561.8207627590507
2018-10-10,2,1512.3193636401868
2018-10-11,2,1479.3365433710862
2018-10-12,2,1499.876092072437
2018-10-15,2,1491.3451154954214
2018-10-16,2,1523.0238374342775
2018-10-17,2,1523.675886599399
2018-10-18,2,1502.4299513024991
2018-10-19,2,1500.799828389694
2018-10-22,2,1494.6053613210324
2018-10-23,2,1486.291734465724
2018-10-24,2,1441.0829923505817
2018-10-25,2,1467.8170081205938
2018-10-26,2,1441.4633543635696
2018-10-29,2,1433.4757520908222
2018-10-30,2,1455.2107242615634
2018-10-31,2,1470.8599042244978
2018-11-01,2,1486.1830596048703
2018-11-02,2,1476.891359001878
2018-11-05,2,1485.7483601614556
2018-11-06,2,1494.8227110427401
2018-11-07,2,1526.4470955511686
2018-11-08,2,1523.7845614602527
2018-11-09,2,1509.7111669796977
2018-11-12,2,1480.640641701331
2018-11-13,2,1478.3041321929766
2018-11-14,2,1467.8713455510206
2018-11-15,2,1483.6292003748085
2018-11-16,2,1487.1067959221266
2018-11-19,2,1462.3289276474814
2018-11-20,2,1435.4862370166156
2018-11-21,2,1440.3766057550324
2018-11-23,2,1431.0305677216138
2018-11-26,2,1453.2545767661968
2018-11-27,2,1458.0906080741868
2018-11-28,2,1491.5624652171284
2018-11-29,2,1488.5739065436521
2018-11-30,2,1498.3546440204855
2018-12-03,2,1517.372744669884
2018-12-04,2,1469.2841187421186
2018-12-06,2,1466.8932718033368
2018-12-07,2,1432.6063532039925
2018-12-10,2,1434.888525281921
2018-12-11,2,1434.9972001427745
2018-12-12,2,1442.767452693814
2018-12-13,2,1442.115403528692
2018-12-14,2,1415.4357251891072
2018-12-17,2,1387.1259239367162
2018-12-18,2,1386.4738747715942
2018-12-19,2,1364.8475774617061
2018-12-20,2,1343.3842924430992
2018-12-21,2,1307.956287804791
2018-12-24,2,1273.8867189271537
2018-12-26,2,1336.429101348462
2018-12-27,2,1348.4920109032234
2018-12-28,2,1346.4815259774296
2018-12-31,2,1358.7617852538986
2019-01-02,2,1359.8485338624355
2019-01-03,2,1326.4853515803477
2019-01-04,2,1371.6940936954898
2019-01-07,2,1381.6921808940313
2019-01-08,2,1394.8418390573295
2019-01-09,2,1401.1993184172711
2019-01-10,2,1407.1220983337985
2019-01-11,2,1406.9590860425178
2019-01-14,2,1398.9171463393432
2019-01-15,2,1414.8380134544116
2019-01-16,2,1417.9352469887424
2019-01-17,2,1428.9657453653933
2019-01-18,2,1447.603484001804
2019-01-22,2,1428.5853833524056
2019-01-23,2,1430.7588805694795
2019-01-24,2,1432.3346660518587
2019-01-25,2,1444.3975756066202
2019-01-28,2,1433.3127397995415
2019-01-29,2,1431.410929734602
2019-01-30,2,1454.015300792173
2019-01-31,2,1466.5129097903493
2019-02-01,2,1467.5453209684592
2019-02-04,2,1477.978107610415
2019-02-05,2,1484.4442618312107
2019-02-06,2,1482.0534148924291
2019-02-07,2,1468.088695272728
2019-02-08,2,1469.7188181855333
2019-02-11,2,1470.6425545027898
2019-02-12,2,1489.4433054304814
2019-02-13,2,1494.1706618776175
2019-02-14,2,1490.9104160520064
2019-02-15,2,1507.2659826104891
2019-02-19,2,1509.7655044101245
2019-02-20,2,1512.9714128053095
2019-02-21,2,1507.6463446234775
2019-02-22,2,1516.7750329351886
2019-02-25,2,1519.1115424435434
2019-02-26,2,1517.861781543726
2019-02-27,2,1517.2640698090304
2019-02-28,2,1513.8408116921385
2019-03-01,2,1524.0562486123872
2019-03-04,2,1518.187806126287
2019-03-05,2,1516.3403334917737
2019-03-06,2,1506.7769457366476
2019-03-07,2,1494.714036181886
2019-03-08,2,1491.671140077982
2019-03-11,2,1513.2974373878703
2019-03-12,2,1518.405155847994
2019-03-13,2,1528.6749301986695
2019-03-14,2,1527.914206172694
2019-03-15,2,1528.7836050595233
2019-03-18,2,1534.434697823916
2019-03-19,2,1534.8693972673311
2019-03-20,2,1529.7616788072064
2019-03-21,2,1546.823631961239
2019-03-22,2,1517.372744669884
2019-03-25,2,1516.1229837700662
2019-03-26,2,1527.0448072858637
2019-03-27,2,1519.9266038999463
2019-03-28,2,1525.7407089556193
2019-03-29,2,1535.57578386288
2019-04-01,2,1553.4527984733147
2019-04-02,2,1553.9418353471565
2019-04-03,2,1556.8760565902066
2019-04-04,2,1560.6253392896592
2019-04-05,2,1567.797880106004
2019-04-08,2,1569.3193281579565
2019-04-09,2,1561.1143761635012
2019-04-10,2,1566.49378177576
2019-04-11,2,1566.1677571931984
2019-04-12,2,1576.7635561264356
2019-04-15,2,1575.7854823787513
2019-04-16,2,1576.7635561264356
2019-04-17,2,1572.9599359965553
2019-04-18,2,1575.8398198091782
2019-04-22,2,1577.469942721984
2019-04-23,2,1591.3803249112586
2019-04-24,2,1587.9570667943667
2019-04-25,2,1587.0876679075368
2019-04-26,2,1594.477558445589
2019-04-29,2,1596.54238080181
2019-04-30,2,1597.3031048277853
2019-05-01,2,1585.7835695772926
2019-05-02,2,1582.631998612535
2019-05-03,2,1597.6834668407732
2019-05-06,2,1591.3259874808318
2019-05-07,2,1565.1353460150883
2019-05-08,2,1562.527149354599
2019-05-09,2,1558.125817490024
2019-05-10,2,1565.081008584661
2019-05-13,2,1526.664445272876
2019-05-14,2,1539.4880788536136
2019-05-15,2,1548.942791747886
2019-05-16,2,1562.9075113675872
2019-05-17,2,1553.5071359037415
2019-05-20,2,1543.0743492617858
2019-05-21,2,1556.713044298926
2019-05-22,2,1551.9856878517899
2019-05-23,2,1533.7826486587937
2019-05-24,2,1536.7168699018441
2019-05-28,2,1522.5348005604355
2019-05-29,2,1512.4280385010404
2019-05-30,2,1516.2859960613469
2019-05-31,2,1496.2898216642645
2019-06-03,2,1491.8884897996898
2019-06-04,2,1524.2735983340945
2019-06-05,2,1537.260244206113
2019-06-06,2,1547.2583314046535
2019-06-07,2,1562.9075113675872
2019-06-10,2,1570.0257147535049
2019-06-11,2,1569.7540276013704
2019-06-12,2,1566.819806358321
2019-06-13,2,1573.8836723138115
2019-06-14,2,1571.3841505141768
2019-06-17,2,1572.7425862748478
2019-06-18,2,1588.2287539465015
2019-06-19,2,1592.4127360893688
2019-06-20,2,1607.518541748034
2019-06-21,2,1598.0094914233348
2019-06-24,2,1595.5643070541262
2019-06-25,2,1580.078139382473
2019-06-26,2,1578.2850041783868
2019-06-27,2,1584.2077840949146
2019-06-28,2,1592.6300858110762
2019-07-01,2,1606.2687808482167
2019-07-02,2,1610.8874624344992
2019-07-03,2,1623.439408863102
2019-07-05,2,1621.2115742156009
2019-07-08,2,1613.115297082
2019-07-09,2,1615.2344568686472
2019-07-10,2,1622.5700099762726
2019-07-11,2,1626.3192926757251
2019-07-12,2,1633.817858074631
2019-07-15,2,1634.1982200876191
2019-07-16,2,1628.65580218408
2019-07-17,2,1618.0056658204167
2019-07-18,2,1623.874108306517
2019-07-19,2,1614.4737328426713
2019-07-22,2,1618.875064707246
2019-07-23,2,1629.9055630838977
2019-07-24,2,1637.6214782045108
2019-07-25,2,1629.9599005143245
2019-07-26,2,1640.9360614605487
2019-07-29,2,1638.1648525087794
2019-07-30,2,1634.5242446701805
2019-07-31,2,1615.8865060337696
2019-08-01,2,1602.302148427056
2019-08-02,2,1590.782613176563
2019-08-05,2,1543.4003738443469
2019-08-06,2,1563.668235393563
2019-08-07,2,1565.081008584661
2019-08-08,2,1595.0752701802846
2019-08-09,2,1584.425133816621
2019-08-12,2,1565.4613705976494
2019-08-13,2,1588.9894779724775
2019-08-14,2,1542.856999540078
2019-08-15,2,1546.9323068220926
2019-08-16,2,1569.5910153100904
2019-08-19,2,1588.337428807355
2019-08-20,2,1576.111506961313
2019-08-21,2,1588.9894779724775
2019-08-22,2,1588.337428807355
2019-08-23,2,1547.5843559872148
2019-08-26,2,1564.7549840021004
2019-08-27,2,1558.6691917942926
2019-08-28,2,1569.4280030188102
2019-08-29,2,1589.6958645680259
2019-08-30,2,1589.152490263758
2019-09-03,2,1579.969464521619
2019-09-04,2,1597.3574422582126
2019-09-05,2,1618.386027833405
2019-09-06,2,1619.6357887332224
2019-09-09,2,1620.070488176637
2019-09-10,2,1620.3421753287716
2019-09-11,2,1631.698698287984
2019-09-12,2,1637.0237664698152
2019-09-13,2,1635.8283430004244
2019-09-16,2,1630.9923116924347
2019-09-17,2,1635.2306312657297
2019-09-18,2,1636.100030152559
2019-09-19,2,1635.8283430004244
2019-09-20,2,1619.9618133157833
2019-09-23,2,1620.6681999113327
2019-09-24,2,1607.3555294567536
2019-09-25,2,1617.0819295031604
2019-09-26,2,1613.6586713862687
2019-09-27,2,1604.9103450875452
2019-09-30,2,1612.789272499439
2019-10-01,2,1593.2821349761984
2019-10-02,2,1565.1353460150883
2019-10-03,2,1577.7959673045452
2019-10-04,2,1599.5309394752865
2019-10-07,2,1592.684423241503
2019-10-08,2,1567.9608923972846
2019-10-09,2,1582.4689863212545
2019-10-10,2,1593.445147267479
2019-10-11,2,1609.8007138259618
2019-10-14,2,1608.3879406348638
2019-10-15,2,1624.145795458651
2019-10-16,2,1621.4832613677354
2019-10-17,2,1625.993268093164
2019-10-18,2,1619.1467518593806
2019-10-21,2,1630.3945999577397
2019-10-22,2,1624.8521820542
2019-10-23,2,1629.3621887796292
2019-10-24,2,1632.4050848835334
2019-10-25,2,1639.034251395609
2019-10-28,2,1648.3259519986009
2019-10-29,2,1647.5108905421985
2019-10-30,2,1652.6186090023225
2019-10-31,2,1647.8369151247596
2019-11-01,2,1663.7034448094007
2019-11-04,2,1670.006586738915
2019-11-05,2,1668.1591141044025
2019-11-06,2,1668.8655006999516
2019-11-07,2,1674.7882806164791
2019-11-08,2,1678.809250468066
2019-11-11,2,1675.7120169337352
2019-11-12,2,1678.7005756072124
2019-11-13,2,1679.4069622027616
2019-11-14,2,1681.9064840023964
2019-11-15,2,1694.3497555701465
2019-11-18,2,1695.3278293178294
2019-11-19,2,1694.7301175831335
2019-11-20,2,1688.7530002361805
2019-11-21,2,1686.0361287148376
2019-11-22,2,1689.7310739838633
2019-11-25,2,1702.6633824254545
2019-11-26,2,1706.3039902640537
2019-11-27,2,1714.0199053846673
2019-11-29,2,1707.7167634551515
2019-12-02,2,1693.154332100755
2019-12-03,2,1681.6891342806891
2019-12-04,2,1692.447945505206
2019-12-05,2,1695.5451790395368
2019-12-06,2,1710.705322128629
2019-12-09,2,1705.4889288076508
2019-12-10,2,1703.7501310339921
2019-12-11,2,1708.4231500507015
2019-12-12,2,1723.2029311268052
2019-12-13,2,1723.9636551527808
2019-12-16,2,1736.135239568396
2019-12-17,2,1736.4069267205305
2019-12-18,2,1736.4612641509573
2019-12-19,2,1743.7968172585825
2019-12-20,2,1744.01416698029
2019-12-23,2,1745.535615032242
2019-12-24,2,1745.644289893096
2019-12-26,2,1754.6099659135268
2019-12-27,2,1754.4469536222457
2019-12-30,2,1744.8292284366928
2019-12-31,2,1749.0675480099874
2020-01-02,2,1765.0970899859096
2020-01-03,2,1752.0561066834646
2020-01-06,2,1758.7396106259673
2020-01-07,2,1753.7949044571235
2020-01-08,2,1762.760580477555
2020-01-09,2,1774.7691526018893
2020-01-10,2,1769.770109002619
2020-01-13,2,1782.0503682790877
2020-01-14,2,1779.2791593273182
2020-01-15,2,1783.1914543180515
2020-01-16,2,1798.0799102550095
2020-01-17,2,1804.0570276019632
2020-01-21,2,1800.3077449025102
2020-01-22,2,1800.6881069154979
2020-01-23,2,1802.589916980438
2020-01-24,2,1786.3973627132357
2020-01-27,2,1757.9245491695647
2020-01-28,2,1776.2362632234137
2020-01-29,2,1774.7691526018893
2020-01-30,2,1780.4202453662817
2020-01-31,2,1748.306823984011
2020-02-03,2,1761.2934698560293
2020-02-04,2,1788.244835347749
2020-02-05,2,1808.4583594665385
2020-02-06,2,1814.7071639656265
2020-02-07,2,1805.0894387800731
2020-02-10,2,1818.6194589563602
2020-02-11,2,1821.8253673515437
2020-02-12,2,1833.3992400324646
2020-02-13,2,1831.6061048283775
2020-02-14,2,1834.4316512105743
2020-02-18,2,1829.595619902584
2020-02-19,2,1838.2896087708814
2020-02-20,2,1831.0083930936828
2020-02-21,2,1812.2076421659908
2020-02-24,2,1751.8930943921841
2020-02-25,2,1699.1314494477094
2020-02-26,2,1692.9369823790478
2020-02-27,2,1616.701567490172
2020-02-28,2,1607.5728791784609
2020-03-02,2,1679.4612996331884
2020-03-03,2,1631.8073731488375
2020-03-04,2,1700.163860625819
2020-03-05,2,1643.381245829757
2020-03-06,2,1616.0495183250507
2020-03-09,2,1491.236440634568
2020-03-10,2,1567.6348678147233
2020-03-11,2,1490.8017411911528
2020-03-12,2,1348.002974029382
2020-03-13,2,1472.1640025547417
2020-03-16,2,1301.5988084448488
2020-03-17,2,1381.203144020189
2020-03-18,2,1309.5864107175964
2020-03-19,2,1310.4558096044261
2020-03-20,2,1243.620770179396
2020-03-23,2,1208.8991521366368
2020-03-24,2,1323.33378061559
2020-03-25,2,1340.7760957826101
2020-03-26,2,1420.326093927524
2020-03-27,2,1376.8018121556142
2020-03-30,2,1421.9018794099027
2020-03-31,2,1400.0582323783078
2020-04-01,2,1337.4071750961452
2020-04-02,2,1368.7598724524398
2020-04-03,2,1348.763698055358
2020-04-06,2,1439.8332314507645
2020-04-07,2,1440.539618046313
2020-04-08,2,1489.4433054304814
2020-04-09,2,1511.830326766345
2020-04-13,2,1497.3222328423751
2020-04-14,2,1542.4766375270906
2020-04-15,2,1509.1677926754292
2020-04-16,2,1517.1553949481768
2020-04-17,2,1558.125817490024
2020-04-20,2,1530.087703389768
2020-04-21,2,1483.5205255139542
2020-04-22,2,1516.9923826568963
2020-04-23,2,1516.4490083526273
2020-04-24,2,1537.9666308016613
2020-04-27,2,1560.0819649853906
2020-04-28,2,1552.8007493081923
2020-04-29,2,1593.119122684918
2020-04-30,2,1577.1982555698494
2020-05-01,2,1536.2821704584292
2020-05-04,2,1541.4442263489802
2020-05-05,2,1555.1372588165468
2020-05-06,2,1544.7588096050188
2020-05-07,2,1563.2878733805753
2020-05-08,2,1589.152490263758
2020-05-11,2,1589.641527137599
2020-05-12,2,1557.3650934640482
2020-05-13,2,1530.5224028331825
2020-05-14,2,1548.8884543174593
2020-05-15,2,1555.4632833991081
2020-05-18,2,1602.9541975921782
2020-05-19,2,1586.7073058945493
2020-05-20,2,1613.604333955842
2020-05-21,2,1601.7587741227871
2020-05-22,2,1605.2363696701063
2020-05-26,2,1625.55856864975
2020-05-27,2,1649.03233859415
2020-05-28,2,1646.2067922119536
2020-05-29,2,1652.1295721284812
2020-06-01,2,1660.443198983789
2020-06-02,2,1674.24490631221
2020-06-03,2,1696.4689153567936
2020-06-04,2,1691.5785466183768
2020-06-05,2,1734.8854786685783
2020-06-08,2,1756.4574385480394
2020-06-09,2,1743.1991055238877
2020-06-10,2,1733.4183680470537
2020-06-11,2,1633.328821200789
2020-06-12,2,1653.3249955978713
2020-06-15,2,1668.322126395683
2020-06-16,2,1700.3812103475268
2020-06-17,2,1692.9369823790478
2020-06-18,2,1693.9150561267313
2020-06-19,2,1676.7444281118458
2020-06-22,2,1688.046613640631
2020-06-23,2,1695.4908416091096
2020-06-24,2,1652.455596711042
2020-06-25,2,1669.6262247259276
2020-06-26,2,1630.177250236032
2020-06-29,2,1654.1943944847014
2020-06-30,2,1677.5051521378211
2020-07-01,2,1687.6119141972158
2020-07-02,2,1696.3059030655131
2020-07-06,2,1722.442207100829
2020-07-07,2,1704.619529920821
2020-07-08,2,1717.7691880841196
2020-07-09,2,1708.4774874811283
2020-07-10,2,1725.9741400785747
2020-07-13,2,1710.5423098373485
2020-07-14,2,1732.820656312358
2020-07-15,2,1748.9588731491338
2020-07-16,2,1743.1991055238877
2020-07-17,2,1747.8721245405973
2020-07-20,2,1762.3802184645667
2020-07-21,2,1765.7491391510312
2020-07-22,2,1775.855901210426
2020-07-23,2,1754.7186407743804
2020-07-24,2,1743.4164552455945
2020-07-27,2,1756.1314139654783
2020-07-28,2,1745.263927880108
2020-07-29,2,1766.4555257465804
2020-07-30,2,1760.4240709692
2020-07-31,2,1774.2801157280471
2020-08-03,2,1786.3973627132357
2020-08-04,2,1793.2438789470189
2020-08-05,2,1804.4373896149516
2020-08-06,2,1816.55463660014
2020-08-07,2,1817.8587349303841
2020-08-10,2,1823.2924779730697
2020-08-11,2,1808.4583594665385
2020-08-12,2,1833.4535774628914
2020-08-13,2,1830.3563439285601
2020-08-14,2,1830.4106813589872
2020-08-17,2,1835.8987618320994
2020-08-18,2,1839.9197316836862
2020-08-19,2,1832.3668288543536
2020-08-20,2,1837.9635841883196
2020-08-21,2,1844.4297384091153
2020-08-24,2,1863.4478390585139
2020-08-25,2,1869.7509809880291
2020-08-26,2,1888.5517319157204
2020-08-27,2,1892.5183643368814
2020-08-28,2,1904.8529610437768
2020-08-31,2,1899.7995800140793
2020-09-01,2,1915.774784559574
2020-09-02,2,1943.6498863685501
2020-09-03,2,1876.923521804374
2020-09-04,2,1861.546028993574
2020-09-08,2,1810.7948689748928
2020-09-09,2,1846.222873613201
2020-09-10,2,1814.3811393830651
2020-09-11,2,1815.250538269895
2020-09-14,2,1838.887320505576
2020-09-15,2,1848.3420333998495
2020-09-16,2,1841.006480292224
2020-09-17,2,1824.9769383163016
2020-09-18,2,1796.7758119247653
2020-09-21,2,1776.8883123885364
2020-09-22,2,1794.9283392902514
2020-09-23,2,1753.251530152855
2020-09-24,2,1757.8702117391379
2020-09-25,2,1786.1256755611014
2020-09-28,2,1815.8482500045907
2020-09-29,2,1806.0675125277567
2020-09-30,2,1819.7062075648967
2020-10-01,2,1831.2800802458169
2020-10-02,2,1814.1094522309313
2020-10-05,2,1846.0055238914945
2020-10-06,2,1819.9778947170312
2020-10-07,2,1851.4392669341794
2020-10-08,2,1867.7948334926625
2020-10-09,2,1884.5850994945604
2020-10-12,2,1915.0140605335978
2020-10-13,2,1902.625126396275
2020-10-14,2,1890.7795665632214
2020-10-15,2,1888.225707333159
2020-10-16,2,1886.9216090029147
2020-10-19,2,1858.3944580288162
2020-10-20,2,1865.7843485668684
2020-10-21,2,1861.9807284369892
2020-10-22,2,1872.5765273702254
2020-10-23,2,1878.662319578033
2020-10-26,2,1844.3210635482617
2020-10-27,2,1837.9635841883196
2020-10-28,2,1775.2581894757304
2020-10-29,2,1793.0808666557386
2020-10-30,2,1775.6385514887183
2020-11-02,2,1794.221952694703
2020-11-03,2,1825.628987481424
2020-11-04,2,1866.4907351624179
2020-11-05,2,1902.9511509788363
2020-11-06,2,1902.8424761179826
2020-11-09,2,1926.4792583536646
2020-11-10,2,1923.8710616931755
2020-11-11,2,1937.8357813128762
2020-11-12,2,1919.5240672590269
2020-11-13,2,1945.6060338639168
2020-11-16,2,1969.4058283908785
2020-11-17,2,1959.6250909140444
2020-11-18,2,1936.0426461087907
2020-11-19,2,1943.9759109511108
2020-11-20,2,1930.8262527878126
2020-11-23,2,1942.400125468732
2020-11-24,2,1973.4811356728922
2020-11-25,2,1970.5469144298422
2020-11-27,2,1975.7633077508203
2020-11-30,2,1967.0693188825235
2020-12-01,2,1988.5869413315577
2020-12-02,2,1992.8252609048525
2020-12-03,2,1992.336224031011
2020-12-04,2,2009.6155269067503
2020-12-07,2,2005.7575693464432
2020-12-08,2,2011.3543246804095
2020-12-09,2,1993.5316475004013
2020-12-10,2,1992.662248613572
2020-12-11,2,1990.2714016747902
2020-12-14,2,1981.1970507935055
2020-12-15,2,2008.1484162852248
2020-12-16,2,2011.2999872499822
2020-12-17,2,2022.4934979179138
2020-12-18,2,2006.6269682332734
2020-12-21,2,1999.2370776952212
2020-12-22,2,1995.3791201349145
2020-12-23,2,1997.0635804781466
2020-12-24,2,2004.9425078900408
2020-12-28,2,2022.0587984744996
2020-12-29,2,2018.5812029271806
2020-12-30,2,2020.9720498659624
2020-12-31,2,2031.513511368772
