control,variant,stress,risk_pct,capital,replicates,net_r_p2.5,net_r_p50,net_r_p97.5,pf_p2.5,pf_p50,pf_p97.5,return_pct_p2.5,return_pct_p50,return_pct_p97.5,marked_dd_pct_p2.5,marked_dd_pct_p50,marked_dd_pct_p97.5,final_balance_p2.5,final_balance_p50,final_balance_p97.5
random_direction,fixed60_stop2,1,1.0,500,2000,-22.89994824152451,-9.3803338736972,4.1983284599364845,0.6716090826585345,0.850509775556918,1.0751029021637883,-20.720156703353414,-9.246849559769194,3.9563069942698794,5.878092011682125,12.866443368156176,22.34767175320346,396.3992164832329,453.76575220115404,519.7815349713494
random_direction,fixed60_stop2,1,1.0,1000,2000,-22.89994824152451,-9.3803338736972,4.1983284599364845,0.6716090826585345,0.850509775556918,1.0751029021637883,-20.720156703353414,-9.246849559769194,3.9563069942698794,5.878092011682125,12.866443368156176,22.34767175320346,792.7984329664658,907.5315044023081,1039.5630699426988
random_direction,fixed60_stop2,1,1.0,1500,2000,-22.89994824152451,-9.3803338736972,4.1983284599364845,0.6716090826585345,0.850509775556918,1.0751029021637883,-20.720156703353414,-9.246849559769194,3.9563069942698794,5.878092011682125,12.866443368156176,22.34767175320346,1189.197649449699,1361.297256603462,1559.3446049140482
random_direction,fixed60_stop2,1,1.0,2000,2000,-22.89994824152451,-9.3803338736972,4.1983284599364845,0.6716090826585345,0.850509775556918,1.0751029021637883,-20.720156703353414,-9.246849559769194,3.9563069942698794,5.878092011682125,12.866443368156176,22.34767175320346,1585.5968659329317,1815.0630088046162,2079.1261398853976
random_direction,fixed60_stop2,1,1.0,2500,2000,-22.89994824152451,-9.3803338736972,4.1983284599364845,0.6716090826585345,0.850509775556918,1.0751029021637883,-20.720156703353414,-9.246849559769194,3.9563069942698794,5.878092011682125,12.866443368156176,22.34767175320346,1981.9960824161647,2268.82876100577,2598.9076748567472
random_direction,fixed60_stop2,1,1.0,3000,2000,-22.89994824152451,-9.3803338736972,4.1983284599364845,0.6716090826585345,0.850509775556918,1.0751029021637883,-20.720156703353414,-9.246849559769194,3.9563069942698794,5.878092011682125,12.866443368156176,22.34767175320346,2378.395298899398,2722.594513206924,3118.6892098280964
random_direction,fixed60_stop2,1,2.0,500,2000,-22.89994824152451,-9.3803338736972,4.1983284599364845,0.6716090826585345,0.850509775556918,1.0751029021637883,-37.55027323308091,-18.168792107902775,7.3840088414857075,11.55761641581564,24.376629899659218,39.9935253938501,312.2486338345954,409.1560394604861,536.9200442074285
random_direction,fixed60_stop2,1,2.0,1000,2000,-22.89994824152451,-9.3803338736972,4.1983284599364845,0.6716090826585345,0.850509775556918,1.0751029021637883,-37.55027323308091,-18.168792107902775,7.3840088414857075,11.55761641581564,24.376629899659218,39.9935253938501,624.4972676691908,818.3120789209722,1073.840088414857
random_direction,fixed60_stop2,1,2.0,1500,2000,-22.89994824152451,-9.3803338736972,4.1983284599364845,0.6716090826585345,0.850509775556918,1.0751029021637883,-37.55027323308091,-18.168792107902775,7.3840088414857075,11.55761641581564,24.376629899659218,39.9935253938501,936.7459015037863,1227.4681183814582,1610.7601326222857
random_direction,fixed60_stop2,1,2.0,2000,2000,-22.89994824152451,-9.3803338736972,4.1983284599364845,0.6716090826585345,0.850509775556918,1.0751029021637883,-37.55027323308091,-18.168792107902775,7.3840088414857075,11.55761641581564,24.376629899659218,39.9935253938501,1248.9945353383816,1636.6241578419445,2147.680176829714
random_direction,fixed60_stop2,1,2.0,2500,2000,-22.89994824152451,-9.3803338736972,4.1983284599364845,0.6716090826585345,0.850509775556918,1.0751029021637883,-37.55027323308091,-18.168792107902775,7.3840088414857075,11.55761641581564,24.376629899659218,39.9935253938501,1561.243169172977,2045.7801973024307,2684.6002210371425
random_direction,fixed60_stop2,1,2.0,3000,2000,-22.89994824152451,-9.3803338736972,4.1983284599364845,0.6716090826585345,0.850509775556918,1.0751029021637883,-37.55027323308091,-18.168792107902775,7.3840088414857075,11.55761641581564,24.376629899659218,39.9935253938501,1873.4918030075726,2454.9362367629165,3221.5202652445714
random_direction,fixed60_stop2,1,3.0,500,2000,-22.89994824152451,-9.3803338736972,4.1983284599364845,0.6716090826585345,0.850509775556918,1.0751029021637883,-51.11996947613664,-26.68981564025194,10.222233163174378,16.894431867627716,34.637833964521384,53.82962180999765,244.4001526193168,366.5509217987403,551.1111658158718
random_direction,fixed60_stop2,1,3.0,1000,2000,-22.89994824152451,-9.3803338736972,4.1983284599364845,0.6716090826585345,0.850509775556918,1.0751029021637883,-51.11996947613664,-26.68981564025194,10.222233163174378,16.894431867627716,34.637833964521384,53.82962180999765,488.8003052386336,733.1018435974806,1102.2223316317436
random_direction,fixed60_stop2,1,3.0,1500,2000,-22.89994824152451,-9.3803338736972,4.1983284599364845,0.6716090826585345,0.850509775556918,1.0751029021637883,-51.11996947613664,-26.68981564025194,10.222233163174378,16.894431867627716,34.637833964521384,53.82962180999765,733.2004578579505,1099.652765396221,1653.3334974476159
random_direction,fixed60_stop2,1,3.0,2000,2000,-22.89994824152451,-9.3803338736972,4.1983284599364845,0.6716090826585345,0.850509775556918,1.0751029021637883,-51.11996947613664,-26.68981564025194,10.222233163174378,16.894431867627716,34.637833964521384,53.82962180999765,977.6006104772672,1466.2036871949613,2204.444663263487
random_direction,fixed60_stop2,1,3.0,2500,2000,-22.89994824152451,-9.3803338736972,4.1983284599364845,0.6716090826585345,0.850509775556918,1.0751029021637883,-51.11996947613664,-26.68981564025194,10.222233163174378,16.894431867627716,34.637833964521384,53.82962180999765,1222.000763096584,1832.7546089937014,2755.5558290793597
random_direction,fixed60_stop2,1,3.0,3000,2000,-22.89994824152451,-9.3803338736972,4.1983284599364845,0.6716090826585345,0.850509775556918,1.0751029021637883,-51.11996947613664,-26.68981564025194,10.222233163174378,16.894431867627716,34.637833964521384,53.82962180999765,1466.400915715901,2199.305530792442,3306.6669948952317
random_direction,fixed60_stop2,1,4.0,500,2000,-22.89994824152451,-9.3803338736972,4.1983284599364845,0.6716090826585345,0.850509775556918,1.0751029021637883,-61.98977093199267,-34.74868973726353,12.419452714987866,22.007470027754444,43.763897830874114,64.75556811871836,190.05114534003664,326.25655131368234,562.0972635749393
random_direction,fixed60_stop2,1,4.0,1000,2000,-22.89994824152451,-9.3803338736972,4.1983284599364845,0.6716090826585345,0.850509775556918,1.0751029021637883,-61.98977093199267,-34.74868973726353,12.419452714987866,22.007470027754444,43.763897830874114,64.75556811871836,380.1022906800733,652.5131026273647,1124.1945271498787
random_direction,fixed60_stop2,1,4.0,1500,2000,-22.89994824152451,-9.3803338736972,4.1983284599364845,0.6716090826585345,0.850509775556918,1.0751029021637883,-61.98977093199267,-34.74868973726353,12.419452714987866,22.007470027754444,43.763897830874114,64.75556811871836,570.1534360201099,978.769653941047,1686.291790724818
random_direction,fixed60_stop2,1,4.0,2000,2000,-22.89994824152451,-9.3803338736972,4.1983284599364845,0.6716090826585345,0.850509775556918,1.0751029021637883,-61.98977093199267,-34.74868973726353,12.419452714987866,22.007470027754444,43.763897830874114,64.75556811871836,760.2045813601466,1305.0262052547293,2248.3890542997574
random_direction,fixed60_stop2,1,4.0,2500,2000,-22.89994824152451,-9.3803338736972,4.1983284599364845,0.6716090826585345,0.850509775556918,1.0751029021637883,-61.98977093199267,-34.74868973726353,12.419452714987866,22.007470027754444,43.763897830874114,64.75556811871836,950.2557267001831,1631.2827565684115,2810.4863178746964
random_direction,fixed60_stop2,1,4.0,3000,2000,-22.89994824152451,-9.3803338736972,4.1983284599364845,0.6716090826585345,0.850509775556918,1.0751029021637883,-61.98977093199267,-34.74868973726353,12.419452714987866,22.007470027754444,43.763897830874114,64.75556811871836,1140.3068720402198,1957.539307882094,3372.583581449636
random_direction,fixed60_stop2,1,5.0,500,2000,-22.89994824152451,-9.3803338736972,4.1983284599364845,0.6716090826585345,0.850509775556918,1.0751029021637883,-70.63467417911156,-42.298895492823874,13.935010026405648,27.195903728467982,51.92206748195881,73.17992581378398,146.8266291044422,288.50552253588063,569.6750501320282
random_direction,fixed60_stop2,1,5.0,1000,2000,-22.89994824152451,-9.3803338736972,4.1983284599364845,0.6716090826585345,0.850509775556918,1.0751029021637883,-70.63467417911156,-42.298895492823874,13.935010026405648,27.195903728467982,51.92206748195881,73.17992581378398,293.6532582088844,577.0110450717613,1139.3501002640564
random_direction,fixed60_stop2,1,5.0,1500,2000,-22.89994824152451,-9.3803338736972,4.1983284599364845,0.6716090826585345,0.850509775556918,1.0751029021637883,-70.63467417911156,-42.298895492823874,13.935010026405648,27.195903728467982,51.92206748195881,73.17992581378398,440.4798873133265,865.5165676076417,1709.0251503960847
random_direction,fixed60_stop2,1,5.0,2000,2000,-22.89994824152451,-9.3803338736972,4.1983284599364845,0.6716090826585345,0.850509775556918,1.0751029021637883,-70.63467417911156,-42.298895492823874,13.935010026405648,27.195903728467982,51.92206748195881,73.17992581378398,587.3065164177688,1154.0220901435225,2278.700200528113
random_direction,fixed60_stop2,1,5.0,2500,2000,-22.89994824152451,-9.3803338736972,4.1983284599364845,0.6716090826585345,0.850509775556918,1.0751029021637883,-70.63467417911156,-42.298895492823874,13.935010026405648,27.195903728467982,51.92206748195881,73.17992581378398,734.1331455222108,1442.5276126794029,2848.375250660141
random_direction,fixed60_stop2,1,5.0,3000,2000,-22.89994824152451,-9.3803338736972,4.1983284599364845,0.6716090826585345,0.850509775556918,1.0751029021637883,-70.63467417911156,-42.298895492823874,13.935010026405648,27.195903728467982,51.92206748195881,73.17992581378398,880.959774626653,1731.0331352152834,3418.0503007921693
random_entry,fixed60_stop2,1,1.0,500,2000,-27.009394401482616,-12.000132355908656,4.0283775184930155,0.6206073889932877,0.8132720792497237,1.0749503365413944,-23.92818186490148,-11.584624883065247,3.7952246383074564,6.653589165032348,15.159566224601017,26.25240591228897,380.3590906754926,442.07687558467376,518.9761231915372
random_entry,fixed60_stop2,1,1.0,1000,2000,-27.009394401482616,-12.000132355908656,4.0283775184930155,0.6206073889932877,0.8132720792497237,1.0749503365413944,-23.92818186490148,-11.584624883065247,3.7952246383074564,6.653589165032348,15.159566224601017,26.25240591228897,760.7181813509852,884.1537511693475,1037.9522463830745
random_entry,fixed60_stop2,1,1.0,1500,2000,-27.009394401482616,-12.000132355908656,4.0283775184930155,0.6206073889932877,0.8132720792497237,1.0749503365413944,-23.92818186490148,-11.584624883065247,3.7952246383074564,6.653589165032348,15.159566224601017,26.25240591228897,1141.0772720264779,1326.2306267540212,1556.9283695746117
random_entry,fixed60_stop2,1,1.0,2000,2000,-27.009394401482616,-12.000132355908656,4.0283775184930155,0.6206073889932877,0.8132720792497237,1.0749503365413944,-23.92818186490148,-11.584624883065247,3.7952246383074564,6.653589165032348,15.159566224601017,26.25240591228897,1521.4363627019704,1768.307502338695,2075.904492766149
random_entry,fixed60_stop2,1,1.0,2500,2000,-27.009394401482616,-12.000132355908656,4.0283775184930155,0.6206073889932877,0.8132720792497237,1.0749503365413944,-23.92818186490148,-11.584624883065247,3.7952246383074564,6.653589165032348,15.159566224601017,26.25240591228897,1901.795453377463,2210.384377923369,2594.8806159576866
random_entry,fixed60_stop2,1,1.0,3000,2000,-27.009394401482616,-12.000132355908656,4.0283775184930155,0.6206073889932877,0.8132720792497237,1.0749503365413944,-23.92818186490148,-11.584624883065247,3.7952246383074564,6.653589165032348,15.159566224601017,26.25240591228897,2282.1545440529558,2652.4612535080423,3113.8567391492234
random_entry,fixed60_stop2,1,2.0,500,2000,-27.009394401482616,-12.000132355908656,4.0283775184930155,0.6206073889932877,0.8132720792497237,1.0749503365413944,-42.52589887741614,-22.345096237605965,7.083061885142619,13.088787474249202,28.34885775311024,45.905142029068415,287.3705056129193,388.27451881197015,535.4153094257131
random_entry,fixed60_stop2,1,2.0,1000,2000,-27.009394401482616,-12.000132355908656,4.0283775184930155,0.6206073889932877,0.8132720792497237,1.0749503365413944,-42.52589887741614,-22.345096237605965,7.083061885142619,13.088787474249202,28.34885775311024,45.905142029068415,574.7410112258386,776.5490376239403,1070.8306188514262
random_entry,fixed60_stop2,1,2.0,1500,2000,-27.009394401482616,-12.000132355908656,4.0283775184930155,0.6206073889932877,0.8132720792497237,1.0749503365413944,-42.52589887741614,-22.345096237605965,7.083061885142619,13.088787474249202,28.34885775311024,45.905142029068415,862.111516838758,1164.8235564359106,1606.2459282771395
random_entry,fixed60_stop2,1,2.0,2000,2000,-27.009394401482616,-12.000132355908656,4.0283775184930155,0.6206073889932877,0.8132720792497237,1.0749503365413944,-42.52589887741614,-22.345096237605965,7.083061885142619,13.088787474249202,28.34885775311024,45.905142029068415,1149.4820224516773,1553.0980752478806,2141.6612377028523
random_entry,fixed60_stop2,1,2.0,2500,2000,-27.009394401482616,-12.000132355908656,4.0283775184930155,0.6206073889932877,0.8132720792497237,1.0749503365413944,-42.52589887741614,-22.345096237605965,7.083061885142619,13.088787474249202,28.34885775311024,45.905142029068415,1436.8525280645968,1941.372594059851,2677.0765471285654
random_entry,fixed60_stop2,1,2.0,3000,2000,-27.009394401482616,-12.000132355908656,4.0283775184930155,0.6206073889932877,0.8132720792497237,1.0749503365413944,-42.52589887741614,-22.345096237605965,7.083061885142619,13.088787474249202,28.34885775311024,45.905142029068415,1724.223033677516,2329.6471128718213,3212.491856554279
random_entry,fixed60_stop2,1,3.0,500,2000,-27.009394401482616,-12.000132355908656,4.0283775184930155,0.6206073889932877,0.8132720792497237,1.0749503365413944,-56.880850390762795,-32.25873806825628,9.826398579837642,19.147292074016477,39.83253500493021,60.55014399248028,215.595748046186,338.7063096587186,549.1319928991883
random_entry,fixed60_stop2,1,3.0,1000,2000,-27.009394401482616,-12.000132355908656,4.0283775184930155,0.6206073889932877,0.8132720792497237,1.0749503365413944,-56.880850390762795,-32.25873806825628,9.826398579837642,19.147292074016477,39.83253500493021,60.55014399248028,431.191496092372,677.4126193174372,1098.2639857983766
random_entry,fixed60_stop2,1,3.0,1500,2000,-27.009394401482616,-12.000132355908656,4.0283775184930155,0.6206073889932877,0.8132720792497237,1.0749503365413944,-56.880850390762795,-32.25873806825628,9.826398579837642,19.147292074016477,39.83253500493021,60.55014399248028,646.787244138558,1016.1189289761558,1647.3959786975645
random_entry,fixed60_stop2,1,3.0,2000,2000,-27.009394401482616,-12.000132355908656,4.0283775184930155,0.6206073889932877,0.8132720792497237,1.0749503365413944,-56.880850390762795,-32.25873806825628,9.826398579837642,19.147292074016477,39.83253500493021,60.55014399248028,862.382992184744,1354.8252386348745,2196.527971596753
random_entry,fixed60_stop2,1,3.0,2500,2000,-27.009394401482616,-12.000132355908656,4.0283775184930155,0.6206073889932877,0.8132720792497237,1.0749503365413944,-56.880850390762795,-32.25873806825628,9.826398579837642,19.147292074016477,39.83253500493021,60.55014399248028,1077.97874023093,1693.531548293593,2745.659964495941
random_entry,fixed60_stop2,1,3.0,3000,2000,-27.009394401482616,-12.000132355908656,4.0283775184930155,0.6206073889932877,0.8132720792497237,1.0749503365413944,-56.880850390762795,-32.25873806825628,9.826398579837642,19.147292074016477,39.83253500493021,60.55014399248028,1293.574488277116,2032.2378579523115,3294.791957395129
random_entry,fixed60_stop2,1,4.0,500,2000,-27.009394401482616,-12.000132355908656,4.0283775184930155,0.6206073889932877,0.8132720792497237,1.0749503365413944,-67.91693645913993,-41.27536032932618,12.002926412899631,24.930182965319197,49.71542899368528,71.43216152903545,160.41531770430035,293.6231983533691,560.0146320644982
random_entry,fixed60_stop2,1,4.0,1000,2000,-27.009394401482616,-12.000132355908656,4.0283775184930155,0.6206073889932877,0.8132720792497237,1.0749503365413944,-67.91693645913993,-41.27536032932618,12.002926412899631,24.930182965319197,49.71542899368528,71.43216152903545,320.8306354086007,587.2463967067382,1120.0292641289964
random_entry,fixed60_stop2,1,4.0,1500,2000,-27.009394401482616,-12.000132355908656,4.0283775184930155,0.6206073889932877,0.8132720792497237,1.0749503365413944,-67.91693645913993,-41.27536032932618,12.002926412899631,24.930182965319197,49.71542899368528,71.43216152903545,481.2459531129011,880.8695950601073,1680.0438961934944
random_entry,fixed60_stop2,1,4.0,2000,2000,-27.009394401482616,-12.000132355908656,4.0283775184930155,0.6206073889932877,0.8132720792497237,1.0749503365413944,-67.91693645913993,-41.27536032932618,12.002926412899631,24.930182965319197,49.71542899368528,71.43216152903545,641.6612708172014,1174.4927934134764,2240.0585282579927
random_entry,fixed60_stop2,1,4.0,2500,2000,-27.009394401482616,-12.000132355908656,4.0283775184930155,0.6206073889932877,0.8132720792497237,1.0749503365413944,-67.91693645913993,-41.27536032932618,12.002926412899631,24.930182965319197,49.71542899368528,71.43216152903545,802.0765885215018,1468.1159917668454,2800.073160322491
random_entry,fixed60_stop2,1,4.0,3000,2000,-27.009394401482616,-12.000132355908656,4.0283775184930155,0.6206073889932877,0.8132720792497237,1.0749503365413944,-67.91693645913993,-41.27536032932618,12.002926412899631,24.930182965319197,49.71542899368528,71.43216152903545,962.4919062258022,1761.7391901202145,3360.087792386989
random_entry,fixed60_stop2,1,5.0,500,2000,-27.009394401482616,-12.000132355908656,4.0283775184930155,0.6206073889932877,0.8132720792497237,1.0749503365413944,-76.31143128756145,-49.45458415478991,13.372324623075434,30.422751186612448,58.145465568091865,79.4161345528278,118.44284356219273,252.72707922605042,566.8616231153771
random_entry,fixed60_stop2,1,5.0,1000,2000,-27.009394401482616,-12.000132355908656,4.0283775184930155,0.6206073889932877,0.8132720792497237,1.0749503365413944,-76.31143128756145,-49.45458415478991,13.372324623075434,30.422751186612448,58.145465568091865,79.4161345528278,236.88568712438547,505.45415845210084,1133.7232462307543
random_entry,fixed60_stop2,1,5.0,1500,2000,-27.009394401482616,-12.000132355908656,4.0283775184930155,0.6206073889932877,0.8132720792497237,1.0749503365413944,-76.31143128756145,-49.45458415478991,13.372324623075434,30.422751186612448,58.145465568091865,79.4161345528278,355.32853068657823,758.1812376781513,1700.5848693461314
random_entry,fixed60_stop2,1,5.0,2000,2000,-27.009394401482616,-12.000132355908656,4.0283775184930155,0.6206073889932877,0.8132720792497237,1.0749503365413944,-76.31143128756145,-49.45458415478991,13.372324623075434,30.422751186612448,58.145465568091865,79.4161345528278,473.77137424877094,1010.9083169042017,2267.4464924615086
random_entry,fixed60_stop2,1,5.0,2500,2000,-27.009394401482616,-12.000132355908656,4.0283775184930155,0.6206073889932877,0.8132720792497237,1.0749503365413944,-76.31143128756145,-49.45458415478991,13.372324623075434,30.422751186612448,58.145465568091865,79.4161345528278,592.2142178109636,1263.635396130252,2834.308115576886
random_entry,fixed60_stop2,1,5.0,3000,2000,-27.009394401482616,-12.000132355908656,4.0283775184930155,0.6206073889932877,0.8132720792497237,1.0749503365413944,-76.31143128756145,-49.45458415478991,13.372324623075434,30.422751186612448,58.145465568091865,79.4161345528278,710.6570613731565,1516.3624753563026,3401.169738692263
random_direction,fixed60_stop1,1,1.0,500,2000,-37.060431379871716,-13.722250285780376,11.017031332190328,0.7127623251346905,0.8833187675078278,1.1058908041181483,-31.659481295779514,-13.728007430012646,10.480054193692773,10.144638867081502,20.455519657968303,34.37830843340766,341.7025935211024,431.3599628499368,552.4002709684639
random_direction,fixed60_stop1,1,1.0,1000,2000,-37.060431379871716,-13.722250285780376,11.017031332190328,0.7127623251346905,0.8833187675078278,1.1058908041181483,-31.659481295779514,-13.728007430012646,10.480054193692773,10.144638867081502,20.455519657968303,34.37830843340766,683.4051870422048,862.7199256998736,1104.8005419369279
random_direction,fixed60_stop1,1,1.0,1500,2000,-37.060431379871716,-13.722250285780376,11.017031332190328,0.7127623251346905,0.8833187675078278,1.1058908041181483,-31.659481295779514,-13.728007430012646,10.480054193692773,10.144638867081502,20.455519657968303,34.37830843340766,1025.1077805633074,1294.0798885498102,1657.2008129053916
random_direction,fixed60_stop1,1,1.0,2000,2000,-37.060431379871716,-13.722250285780376,11.017031332190328,0.7127623251346905,0.8833187675078278,1.1058908041181483,-31.659481295779514,-13.728007430012646,10.480054193692773,10.144638867081502,20.455519657968303,34.37830843340766,1366.8103740844097,1725.439851399747,2209.6010838738557
random_direction,fixed60_stop1,1,1.0,2500,2000,-37.060431379871716,-13.722250285780376,11.017031332190328,0.7127623251346905,0.8833187675078278,1.1058908041181483,-31.659481295779514,-13.728007430012646,10.480054193692773,10.144638867081502,20.455519657968303,34.37830843340766,1708.5129676055121,2156.799814249684,2762.001354842319
random_direction,fixed60_stop1,1,1.0,3000,2000,-37.060431379871716,-13.722250285780376,11.017031332190328,0.7127623251346905,0.8833187675078278,1.1058908041181483,-31.659481295779514,-13.728007430012646,10.480054193692773,10.144638867081502,20.455519657968303,34.37830843340766,2050.215561126615,2588.1597770996204,3314.401625810783
random_direction,fixed60_stop1,1,2.0,500,2000,-37.060431379871716,-13.722250285780376,11.017031332190328,0.7127623251346905,0.8833187675078278,1.1058908041181483,-54.224973027716565,-27.08145661782266,19.534171243946854,19.570085945809986,37.51154079644427,57.6754225104095,228.8751348614172,364.5927169108867,597.6708562197343
random_direction,fixed60_stop1,1,2.0,1000,2000,-37.060431379871716,-13.722250285780376,11.017031332190328,0.7127623251346905,0.8833187675078278,1.1058908041181483,-54.224973027716565,-27.08145661782266,19.534171243946854,19.570085945809986,37.51154079644427,57.6754225104095,457.7502697228344,729.1854338217734,1195.3417124394687
random_direction,fixed60_stop1,1,2.0,1500,2000,-37.060431379871716,-13.722250285780376,11.017031332190328,0.7127623251346905,0.8833187675078278,1.1058908041181483,-54.224973027716565,-27.08145661782266,19.534171243946854,19.570085945809986,37.51154079644427,57.6754225104095,686.6254045842516,1093.7781507326602,1793.012568659203
random_direction,fixed60_stop1,1,2.0,2000,2000,-37.060431379871716,-13.722250285780376,11.017031332190328,0.7127623251346905,0.8833187675078278,1.1058908041181483,-54.224973027716565,-27.08145661782266,19.534171243946854,19.570085945809986,37.51154079644427,57.6754225104095,915.5005394456688,1458.3708676435467,2390.6834248789373
random_direction,fixed60_stop1,1,2.0,2500,2000,-37.060431379871716,-13.722250285780376,11.017031332190328,0.7127623251346905,0.8833187675078278,1.1058908041181483,-54.224973027716565,-27.08145661782266,19.534171243946854,19.570085945809986,37.51154079644427,57.6754225104095,1144.375674307086,1822.9635845544335,2988.3542810986714
random_direction,fixed60_stop1,1,2.0,3000,2000,-37.060431379871716,-13.722250285780376,11.017031332190328,0.7127623251346905,0.8833187675078278,1.1058908041181483,-54.224973027716565,-27.08145661782266,19.534171243946854,19.570085945809986,37.51154079644427,57.6754225104095,1373.250809168503,2187.5563014653203,3586.025137318406
random_direction,fixed60_stop1,1,3.0,500,2000,-37.060431379871716,-13.722250285780376,11.017031332190328,0.7127623251346905,0.8833187675078278,1.1058908041181483,-69.94863734765505,-39.592394505480215,26.980884180046935,28.32168359707048,51.645870623628035,73.16953645681191,150.25681326172477,302.0380274725989,634.9044209002346
random_direction,fixed60_stop1,1,3.0,1000,2000,-37.060431379871716,-13.722250285780376,11.017031332190328,0.7127623251346905,0.8833187675078278,1.1058908041181483,-69.94863734765505,-39.592394505480215,26.980884180046935,28.32168359707048,51.645870623628035,73.16953645681191,300.51362652344955,604.0760549451978,1269.8088418004693
random_direction,fixed60_stop1,1,3.0,1500,2000,-37.060431379871716,-13.722250285780376,11.017031332190328,0.7127623251346905,0.8833187675078278,1.1058908041181483,-69.94863734765505,-39.592394505480215,26.980884180046935,28.32168359707048,51.645870623628035,73.16953645681191,450.77043978517435,906.1140824177967,1904.713262700704
random_direction,fixed60_stop1,1,3.0,2000,2000,-37.060431379871716,-13.722250285780376,11.017031332190328,0.7127623251346905,0.8833187675078278,1.1058908041181483,-69.94863734765505,-39.592394505480215,26.980884180046935,28.32168359707048,51.645870623628035,73.16953645681191,601.0272530468991,1208.1521098903956,2539.6176836009386
random_direction,fixed60_stop1,1,3.0,2500,2000,-37.060431379871716,-13.722250285780376,11.017031332190328,0.7127623251346905,0.8833187675078278,1.1058908041181483,-69.94863734765505,-39.592394505480215,26.980884180046935,28.32168359707048,51.645870623628035,73.16953645681191,751.284066308624,1510.1901373629944,3174.5221045011735
random_direction,fixed60_stop1,1,3.0,3000,2000,-37.060431379871716,-13.722250285780376,11.017031332190328,0.7127623251346905,0.8833187675078278,1.1058908041181483,-69.94863734765505,-39.592394505480215,26.980884180046935,28.32168359707048,51.645870623628035,73.16953645681191,901.5408795703487,1812.2281648355934,3809.426525401408
random_direction,fixed60_stop1,1,4.0,500,2000,-37.060431379871716,-13.722250285780376,11.017031332190328,0.7127623251346905,0.8833187675078278,1.1058908041181483,-80.66278297247057,-51.02983929252583,32.33005897497035,36.35726045269548,63.075750117162556,83.28105516999143,96.68608513764714,244.85080353737084,661.6502948748519
random_direction,fixed60_stop1,1,4.0,1000,2000,-37.060431379871716,-13.722250285780376,11.017031332190328,0.7127623251346905,0.8833187675078278,1.1058908041181483,-80.66278297247057,-51.02983929252583,32.33005897497035,36.35726045269548,63.075750117162556,83.28105516999143,193.37217027529428,489.7016070747417,1323.3005897497037
random_direction,fixed60_stop1,1,4.0,1500,2000,-37.060431379871716,-13.722250285780376,11.017031332190328,0.7127623251346905,0.8833187675078278,1.1058908041181483,-80.66278297247057,-51.02983929252583,32.33005897497035,36.35726045269548,63.075750117162556,83.28105516999143,290.05825541294143,734.5524106121126,1984.9508846245553
random_direction,fixed60_stop1,1,4.0,2000,2000,-37.060431379871716,-13.722250285780376,11.017031332190328,0.7127623251346905,0.8833187675078278,1.1058908041181483,-80.66278297247057,-51.02983929252583,32.33005897497035,36.35726045269548,63.075750117162556,83.28105516999143,386.74434055058856,979.4032141494833,2646.6011794994074
random_direction,fixed60_stop1,1,4.0,2500,2000,-37.060431379871716,-13.722250285780376,11.017031332190328,0.7127623251346905,0.8833187675078278,1.1058908041181483,-80.66278297247057,-51.02983929252583,32.33005897497035,36.35726045269548,63.075750117162556,83.28105516999143,483.43042568823574,1224.2540176868542,3308.251474374259
random_direction,fixed60_stop1,1,4.0,3000,2000,-37.060431379871716,-13.722250285780376,11.017031332190328,0.7127623251346905,0.8833187675078278,1.1058908041181483,-80.66278297247057,-51.02983929252583,32.33005897497035,36.35726045269548,63.075750117162556,83.28105516999143,580.1165108258829,1469.1048212242251,3969.9017692491107
random_direction,fixed60_stop1,1,5.0,500,2000,-37.060431379871716,-13.722250285780376,11.017031332190328,0.7127623251346905,0.8833187675078278,1.1058908041181483,-87.80400008525835,-61.14497742329296,34.782758809009735,43.8459982405426,72.30650839218752,89.81070906328418,60.979999573708255,194.27511288353523,673.9137940450487
random_direction,fixed60_stop1,1,5.0,1000,2000,-37.060431379871716,-13.722250285780376,11.017031332190328,0.7127623251346905,0.8833187675078278,1.1058908041181483,-87.80400008525835,-61.14497742329296,34.782758809009735,43.8459982405426,72.30650839218752,89.81070906328418,121.95999914741651,388.55022576707046,1347.8275880900974
random_direction,fixed60_stop1,1,5.0,1500,2000,-37.060431379871716,-13.722250285780376,11.017031332190328,0.7127623251346905,0.8833187675078278,1.1058908041181483,-87.80400008525835,-61.14497742329296,34.782758809009735,43.8459982405426,72.30650839218752,89.81070906328418,182.93999872112474,582.8253386506057,2021.741382135146
random_direction,fixed60_stop1,1,5.0,2000,2000,-37.060431379871716,-13.722250285780376,11.017031332190328,0.7127623251346905,0.8833187675078278,1.1058908041181483,-87.80400008525835,-61.14497742329296,34.782758809009735,43.8459982405426,72.30650839218752,89.81070906328418,243.91999829483302,777.1004515341409,2695.6551761801948
random_direction,fixed60_stop1,1,5.0,2500,2000,-37.060431379871716,-13.722250285780376,11.017031332190328,0.7127623251346905,0.8833187675078278,1.1058908041181483,-87.80400008525835,-61.14497742329296,34.782758809009735,43.8459982405426,72.30650839218752,89.81070906328418,304.8999978685412,971.3755644176761,3369.568970225243
random_direction,fixed60_stop1,1,5.0,3000,2000,-37.060431379871716,-13.722250285780376,11.017031332190328,0.7127623251346905,0.8833187675078278,1.1058908041181483,-87.80400008525835,-61.14497742329296,34.782758809009735,43.8459982405426,72.30650839218752,89.81070906328418,365.8799974422495,1165.6506773012113,4043.482764270292
random_entry,fixed60_stop1,1,1.0,500,2000,-51.14735997134182,-22.152949443066692,7.606087235034247,0.6242688952152945,0.8197871813136923,1.0693271569992109,-40.62182312401742,-20.694867551394395,6.6901906190638885,11.665140996676218,26.445799269483707,42.64915689540268,296.8908843799129,396.525662243028,533.4509530953195
random_entry,fixed60_stop1,1,1.0,1000,2000,-51.14735997134182,-22.152949443066692,7.606087235034247,0.6242688952152945,0.8197871813136923,1.0693271569992109,-40.62182312401742,-20.694867551394395,6.6901906190638885,11.665140996676218,26.445799269483707,42.64915689540268,593.7817687598258,793.051324486056,1066.901906190639
random_entry,fixed60_stop1,1,1.0,1500,2000,-51.14735997134182,-22.152949443066692,7.606087235034247,0.6242688952152945,0.8197871813136923,1.0693271569992109,-40.62182312401742,-20.694867551394395,6.6901906190638885,11.665140996676218,26.445799269483707,42.64915689540268,890.6726531397387,1189.576986729084,1600.3528592859582
random_entry,fixed60_stop1,1,1.0,2000,2000,-51.14735997134182,-22.152949443066692,7.606087235034247,0.6242688952152945,0.8197871813136923,1.0693271569992109,-40.62182312401742,-20.694867551394395,6.6901906190638885,11.665140996676218,26.445799269483707,42.64915689540268,1187.5635375196516,1586.102648972112,2133.803812381278
random_entry,fixed60_stop1,1,1.0,2500,2000,-51.14735997134182,-22.152949443066692,7.606087235034247,0.6242688952152945,0.8197871813136923,1.0693271569992109,-40.62182312401742,-20.694867551394395,6.6901906190638885,11.665140996676218,26.445799269483707,42.64915689540268,1484.4544218995645,1982.62831121514,2667.254765476597
random_entry,fixed60_stop1,1,1.0,3000,2000,-51.14735997134182,-22.152949443066692,7.606087235034247,0.6242688952152945,0.8197871813136923,1.0693271569992109,-40.62182312401742,-20.694867551394395,6.6901906190638885,11.665140996676218,26.445799269483707,42.64915689540268,1781.3453062794774,2379.153973458168,3200.7057185719163
random_entry,fixed60_stop1,1,2.0,500,2000,-51.14735997134182,-22.152949443066692,7.606087235034247,0.6242688952152945,0.8197871813136923,1.0693271569992109,-65.45845760600781,-38.40734288273181,10.9048766699664,22.31555585842643,46.71368601184457,67.59527533153924,172.70771196996097,307.96328558634093,554.5243833498321
random_entry,fixed60_stop1,1,2.0,1000,2000,-51.14735997134182,-22.152949443066692,7.606087235034247,0.6242688952152945,0.8197871813136923,1.0693271569992109,-65.45845760600781,-38.40734288273181,10.9048766699664,22.31555585842643,46.71368601184457,67.59527533153924,345.41542393992194,615.9265711726819,1109.0487666996642
random_entry,fixed60_stop1,1,2.0,1500,2000,-51.14735997134182,-22.152949443066692,7.606087235034247,0.6242688952152945,0.8197871813136923,1.0693271569992109,-65.45845760600781,-38.40734288273181,10.9048766699664,22.31555585842643,46.71368601184457,67.59527533153924,518.123135909883,923.8898567590228,1663.573150049496
random_entry,fixed60_stop1,1,2.0,2000,2000,-51.14735997134182,-22.152949443066692,7.606087235034247,0.6242688952152945,0.8197871813136923,1.0693271569992109,-65.45845760600781,-38.40734288273181,10.9048766699664,22.31555585842643,46.71368601184457,67.59527533153924,690.8308478798439,1231.8531423453637,2218.0975333993283
random_entry,fixed60_stop1,1,2.0,2500,2000,-51.14735997134182,-22.152949443066692,7.606087235034247,0.6242688952152945,0.8197871813136923,1.0693271569992109,-65.45845760600781,-38.40734288273181,10.9048766699664,22.31555585842643,46.71368601184457,67.59527533153924,863.5385598498048,1539.8164279317045,2772.62191674916
random_entry,fixed60_stop1,1,2.0,3000,2000,-51.14735997134182,-22.152949443066692,7.606087235034247,0.6242688952152945,0.8197871813136923,1.0693271569992109,-65.45845760600781,-38.40734288273181,10.9048766699664,22.31555585842643,46.71368601184457,67.59527533153924,1036.246271819766,1847.7797135180456,3327.146300098992
random_entry,fixed60_stop1,1,3.0,500,2000,-51.14735997134182,-22.152949443066692,7.606087235034247,0.6242688952152945,0.8197871813136923,1.0693271569992109,-80.25809926233123,-53.14907862177231,13.185227639896398,31.84116459387762,62.076964502890725,82.03525083368312,98.70950368834386,234.25460689113845,565.926138199482
random_entry,fixed60_stop1,1,3.0,1000,2000,-51.14735997134182,-22.152949443066692,7.606087235034247,0.6242688952152945,0.8197871813136923,1.0693271569992109,-80.25809926233123,-53.14907862177231,13.185227639896398,31.84116459387762,62.076964502890725,82.03525083368312,197.41900737668772,468.5092137822769,1131.852276398964
random_entry,fixed60_stop1,1,3.0,1500,2000,-51.14735997134182,-22.152949443066692,7.606087235034247,0.6242688952152945,0.8197871813136923,1.0693271569992109,-80.25809926233123,-53.14907862177231,13.185227639896398,31.84116459387762,62.076964502890725,82.03525083368312,296.12851106503155,702.7638206734154,1697.7784145984458
random_entry,fixed60_stop1,1,3.0,2000,2000,-51.14735997134182,-22.152949443066692,7.606087235034247,0.6242688952152945,0.8197871813136923,1.0693271569992109,-80.25809926233123,-53.14907862177231,13.185227639896398,31.84116459387762,62.076964502890725,82.03525083368312,394.83801475337543,937.0184275645538,2263.704552797928
random_entry,fixed60_stop1,1,3.0,2500,2000,-51.14735997134182,-22.152949443066692,7.606087235034247,0.6242688952152945,0.8197871813136923,1.0693271569992109,-80.25809926233123,-53.14907862177231,13.185227639896398,31.84116459387762,62.076964502890725,82.03525083368312,493.5475184417193,1171.2730344556921,2829.63069099741
random_entry,fixed60_stop1,1,3.0,3000,2000,-51.14735997134182,-22.152949443066692,7.606087235034247,0.6242688952152945,0.8197871813136923,1.0693271569992109,-80.25809926233123,-53.14907862177231,13.185227639896398,31.84116459387762,62.076964502890725,82.03525083368312,592.2570221300631,1405.5276413468307,3395.5568291968916
random_entry,fixed60_stop1,1,4.0,500,2000,-51.14735997134182,-22.152949443066692,7.606087235034247,0.6242688952152945,0.8197871813136923,1.0693271569992109,-88.94956805754609,-65.1092994136387,12.85641561236941,40.42262017232337,73.42731843192004,90.25600227219248,55.25215971226959,174.4535029318065,564.2820780618471
random_entry,fixed60_stop1,1,4.0,1000,2000,-51.14735997134182,-22.152949443066692,7.606087235034247,0.6242688952152945,0.8197871813136923,1.0693271569992109,-88.94956805754609,-65.1092994136387,12.85641561236941,40.42262017232337,73.42731843192004,90.25600227219248,110.50431942453918,348.907005863613,1128.5641561236941
random_entry,fixed60_stop1,1,4.0,1500,2000,-51.14735997134182,-22.152949443066692,7.606087235034247,0.6242688952152945,0.8197871813136923,1.0693271569992109,-88.94956805754609,-65.1092994136387,12.85641561236941,40.42262017232337,73.42731843192004,90.25600227219248,165.75647913680876,523.3605087954195,1692.846234185541
random_entry,fixed60_stop1,1,4.0,2000,2000,-51.14735997134182,-22.152949443066692,7.606087235034247,0.6242688952152945,0.8197871813136923,1.0693271569992109,-88.94956805754609,-65.1092994136387,12.85641561236941,40.42262017232337,73.42731843192004,90.25600227219248,221.00863884907835,697.814011727226,2257.1283122473883
random_entry,fixed60_stop1,1,4.0,2500,2000,-51.14735997134182,-22.152949443066692,7.606087235034247,0.6242688952152945,0.8197871813136923,1.0693271569992109,-88.94956805754609,-65.1092994136387,12.85641561236941,40.42262017232337,73.42731843192004,90.25600227219248,276.260798561348,872.2675146590324,2821.4103903092355
random_entry,fixed60_stop1,1,4.0,3000,2000,-51.14735997134182,-22.152949443066692,7.606087235034247,0.6242688952152945,0.8197871813136923,1.0693271569992109,-88.94956805754609,-65.1092994136387,12.85641561236941,40.42262017232337,73.42731843192004,90.25600227219248,331.5129582736175,1046.721017590839,3385.692468371082
random_entry,fixed60_stop1,1,5.0,500,2000,-51.14735997134182,-22.152949443066692,7.606087235034247,0.6242688952152945,0.8197871813136923,1.0693271569992109,-93.92606538949703,-74.58102138292418,10.383358654955744,49.34464801218583,81.68110385301635,94.78534261136666,30.369673052514862,127.09489308537911,551.9167932747787
random_entry,fixed60_stop1,1,5.0,1000,2000,-51.14735997134182,-22.152949443066692,7.606087235034247,0.6242688952152945,0.8197871813136923,1.0693271569992109,-93.92606538949703,-74.58102138292418,10.383358654955744,49.34464801218583,81.68110385301635,94.78534261136666,60.739346105029725,254.18978617075823,1103.8335865495574
random_entry,fixed60_stop1,1,5.0,1500,2000,-51.14735997134182,-22.152949443066692,7.606087235034247,0.6242688952152945,0.8197871813136923,1.0693271569992109,-93.92606538949703,-74.58102138292418,10.383358654955744,49.34464801218583,81.68110385301635,94.78534261136666,91.10901915754458,381.28467925613734,1655.750379824336
random_entry,fixed60_stop1,1,5.0,2000,2000,-51.14735997134182,-22.152949443066692,7.606087235034247,0.6242688952152945,0.8197871813136923,1.0693271569992109,-93.92606538949703,-74.58102138292418,10.383358654955744,49.34464801218583,81.68110385301635,94.78534261136666,121.47869221005945,508.37957234151645,2207.6671730991147
random_entry,fixed60_stop1,1,5.0,2500,2000,-51.14735997134182,-22.152949443066692,7.606087235034247,0.6242688952152945,0.8197871813136923,1.0693271569992109,-93.92606538949703,-74.58102138292418,10.383358654955744,49.34464801218583,81.68110385301635,94.78534261136666,151.8483652625743,635.4744654268956,2759.5839663738934
random_entry,fixed60_stop1,1,5.0,3000,2000,-51.14735997134182,-22.152949443066692,7.606087235034247,0.6242688952152945,0.8197871813136923,1.0693271569992109,-93.92606538949703,-74.58102138292418,10.383358654955744,49.34464801218583,81.68110385301635,94.78534261136666,182.21803831508916,762.5693585122747,3311.500759648672
random_direction,runner_stop1,1,1.0,500,2000,-38.900181925147145,-4.903730927492724,29.82358233097782,0.8046772698847054,0.9737433801614996,1.1734401352775523,-33.905572144097654,-7.2790662218693285,31.006178346126866,15.385011321182207,29.04529839039302,44.63795048675717,330.47213927951174,463.60466889065333,655.0308917306344
random_direction,runner_stop1,1,1.0,1000,2000,-38.900181925147145,-4.903730927492724,29.82358233097782,0.8046772698847054,0.9737433801614996,1.1734401352775523,-33.905572144097654,-7.2790662218693285,31.006178346126866,15.385011321182207,29.04529839039302,44.63795048675717,660.9442785590235,927.2093377813067,1310.0617834612688
random_direction,runner_stop1,1,1.0,1500,2000,-38.900181925147145,-4.903730927492724,29.82358233097782,0.8046772698847054,0.9737433801614996,1.1734401352775523,-33.905572144097654,-7.2790662218693285,31.006178346126866,15.385011321182207,29.04529839039302,44.63795048675717,991.4164178385353,1390.8140066719602,1965.092675191903
random_direction,runner_stop1,1,1.0,2000,2000,-38.900181925147145,-4.903730927492724,29.82358233097782,0.8046772698847054,0.9737433801614996,1.1734401352775523,-33.905572144097654,-7.2790662218693285,31.006178346126866,15.385011321182207,29.04529839039302,44.63795048675717,1321.888557118047,1854.4186755626133,2620.1235669225375
random_direction,runner_stop1,1,1.0,2500,2000,-38.900181925147145,-4.903730927492724,29.82358233097782,0.8046772698847054,0.9737433801614996,1.1734401352775523,-33.905572144097654,-7.2790662218693285,31.006178346126866,15.385011321182207,29.04529839039302,44.63795048675717,1652.3606963975587,2318.023344453267,3275.1544586531713
random_direction,runner_stop1,1,1.0,3000,2000,-38.900181925147145,-4.903730927492724,29.82358233097782,0.8046772698847054,0.9737433801614996,1.1734401352775523,-33.905572144097654,-7.2790662218693285,31.006178346126866,15.385011321182207,29.04529839039302,44.63795048675717,1982.8328356770705,2781.6280133439204,3930.185350383806
random_direction,runner_stop1,1,2.0,500,2000,-38.900181925147145,-4.903730927492724,29.82358233097782,0.8046772698847054,0.9737433801614996,1.1734401352775523,-58.33117104403604,-18.390541503527054,62.400741707796065,29.291389258176203,50.74626779779811,70.05180783832421,208.34414477981983,408.0472924823647,812.0037085389804
random_direction,runner_stop1,1,2.0,1000,2000,-38.900181925147145,-4.903730927492724,29.82358233097782,0.8046772698847054,0.9737433801614996,1.1734401352775523,-58.33117104403604,-18.390541503527054,62.400741707796065,29.291389258176203,50.74626779779811,70.05180783832421,416.68828955963966,816.0945849647294,1624.0074170779608
random_direction,runner_stop1,1,2.0,1500,2000,-38.900181925147145,-4.903730927492724,29.82358233097782,0.8046772698847054,0.9737433801614996,1.1734401352775523,-58.33117104403604,-18.390541503527054,62.400741707796065,29.291389258176203,50.74626779779811,70.05180783832421,625.0324343394595,1224.1418774470942,2436.011125616941
random_direction,runner_stop1,1,2.0,2000,2000,-38.900181925147145,-4.903730927492724,29.82358233097782,0.8046772698847054,0.9737433801614996,1.1734401352775523,-58.33117104403604,-18.390541503527054,62.400741707796065,29.291389258176203,50.74626779779811,70.05180783832421,833.3765791192793,1632.1891699294588,3248.0148341559216
random_direction,runner_stop1,1,2.0,2500,2000,-38.900181925147145,-4.903730927492724,29.82358233097782,0.8046772698847054,0.9737433801614996,1.1734401352775523,-58.33117104403604,-18.390541503527054,62.400741707796065,29.291389258176203,50.74626779779811,70.05180783832421,1041.720723899099,2040.2364624118236,4060.0185426949015
random_direction,runner_stop1,1,2.0,3000,2000,-38.900181925147145,-4.903730927492724,29.82358233097782,0.8046772698847054,0.9737433801614996,1.1734401352775523,-58.33117104403604,-18.390541503527054,62.400741707796065,29.291389258176203,50.74626779779811,70.05180783832421,1250.064868678919,2448.2837548941884,4872.022251233882
random_direction,runner_stop1,1,3.0,500,2000,-38.900181925147145,-4.903730927492724,29.82358233097782,0.8046772698847054,0.9737433801614996,1.1734401352775523,-74.85002422126287,-31.60523362477373,90.77824775428256,41.68784767568805,66.69043850224739,84.27635723833572,125.74987889368566,341.9738318761313,953.8912387714128
random_direction,runner_stop1,1,3.0,1000,2000,-38.900181925147145,-4.903730927492724,29.82358233097782,0.8046772698847054,0.9737433801614996,1.1734401352775523,-74.85002422126287,-31.60523362477373,90.77824775428256,41.68784767568805,66.69043850224739,84.27635723833572,251.49975778737132,683.9476637522627,1907.7824775428255
random_direction,runner_stop1,1,3.0,1500,2000,-38.900181925147145,-4.903730927492724,29.82358233097782,0.8046772698847054,0.9737433801614996,1.1734401352775523,-74.85002422126287,-31.60523362477373,90.77824775428256,41.68784767568805,66.69043850224739,84.27635723833572,377.2496366810569,1025.921495628394,2861.673716314238
random_direction,runner_stop1,1,3.0,2000,2000,-38.900181925147145,-4.903730927492724,29.82358233097782,0.8046772698847054,0.9737433801614996,1.1734401352775523,-74.85002422126287,-31.60523362477373,90.77824775428256,41.68784767568805,66.69043850224739,84.27635723833572,502.99951557474265,1367.8953275045253,3815.564955085651
random_direction,runner_stop1,1,3.0,2500,2000,-38.900181925147145,-4.903730927492724,29.82358233097782,0.8046772698847054,0.9737433801614996,1.1734401352775523,-74.85002422126287,-31.60523362477373,90.77824775428256,41.68784767568805,66.69043850224739,84.27635723833572,628.7493944684282,1709.8691593806566,4769.456193857064
random_direction,runner_stop1,1,3.0,3000,2000,-38.900181925147145,-4.903730927492724,29.82358233097782,0.8046772698847054,0.9737433801614996,1.1734401352775523,-74.85002422126287,-31.60523362477373,90.77824775428256,41.68784767568805,66.69043850224739,84.27635723833572,754.4992733621139,2051.842991256788,5723.347432628476
random_direction,runner_stop1,1,4.0,500,2000,-38.900181925147145,-4.903730927492724,29.82358233097782,0.8046772698847054,0.9737433801614996,1.1734401352775523,-85.58011300229705,-45.547490524162946,112.65935932431174,52.705482794922766,78.01554893923037,91.98256230951314,72.09943498851476,272.26254737918526,1063.2967966215585
random_direction,runner_stop1,1,4.0,1000,2000,-38.900181925147145,-4.903730927492724,29.82358233097782,0.8046772698847054,0.9737433801614996,1.1734401352775523,-85.58011300229705,-45.547490524162946,112.65935932431174,52.705482794922766,78.01554893923037,91.98256230951314,144.19886997702952,544.5250947583705,2126.593593243117
random_direction,runner_stop1,1,4.0,1500,2000,-38.900181925147145,-4.903730927492724,29.82358233097782,0.8046772698847054,0.9737433801614996,1.1734401352775523,-85.58011300229705,-45.547490524162946,112.65935932431174,52.705482794922766,78.01554893923037,91.98256230951314,216.29830496554428,816.7876421375558,3189.8903898646763
random_direction,runner_stop1,1,4.0,2000,2000,-38.900181925147145,-4.903730927492724,29.82358233097782,0.8046772698847054,0.9737433801614996,1.1734401352775523,-85.58011300229705,-45.547490524162946,112.65935932431174,52.705482794922766,78.01554893923037,91.98256230951314,288.39773995405903,1089.050189516741,4253.187186486234
random_direction,runner_stop1,1,4.0,2500,2000,-38.900181925147145,-4.903730927492724,29.82358233097782,0.8046772698847054,0.9737433801614996,1.1734401352775523,-85.58011300229705,-45.547490524162946,112.65935932431174,52.705482794922766,78.01554893923037,91.98256230951314,360.4971749425738,1361.3127368959263,5316.483983107793
random_direction,runner_stop1,1,4.0,3000,2000,-38.900181925147145,-4.903730927492724,29.82358233097782,0.8046772698847054,0.9737433801614996,1.1734401352775523,-85.58011300229705,-45.547490524162946,112.65935932431174,52.705482794922766,78.01554893923037,91.98256230951314,432.59660993108855,1633.5752842751117,6379.780779729353
random_direction,runner_stop1,1,5.0,500,2000,-38.900181925147145,-4.903730927492724,29.82358233097782,0.8046772698847054,0.9737433801614996,1.1734401352775523,-92.06861057125938,-58.48727571920966,125.26163795544035,62.246332248731164,85.7983473644572,96.02608163275042,39.65694714370305,207.5636214039517,1126.3081897772017
random_direction,runner_stop1,1,5.0,1000,2000,-38.900181925147145,-4.903730927492724,29.82358233097782,0.8046772698847054,0.9737433801614996,1.1734401352775523,-92.06861057125938,-58.48727571920966,125.26163795544035,62.246332248731164,85.7983473644572,96.02608163275042,79.3138942874061,415.1272428079034,2252.6163795544035
random_direction,runner_stop1,1,5.0,1500,2000,-38.900181925147145,-4.903730927492724,29.82358233097782,0.8046772698847054,0.9737433801614996,1.1734401352775523,-92.06861057125938,-58.48727571920966,125.26163795544035,62.246332248731164,85.7983473644572,96.02608163275042,118.97084143110915,622.6908642118551,3378.9245693316057
random_direction,runner_stop1,1,5.0,2000,2000,-38.900181925147145,-4.903730927492724,29.82358233097782,0.8046772698847054,0.9737433801614996,1.1734401352775523,-92.06861057125938,-58.48727571920966,125.26163795544035,62.246332248731164,85.7983473644572,96.02608163275042,158.6277885748122,830.2544856158067,4505.232759108807
random_direction,runner_stop1,1,5.0,2500,2000,-38.900181925147145,-4.903730927492724,29.82358233097782,0.8046772698847054,0.9737433801614996,1.1734401352775523,-92.06861057125938,-58.48727571920966,125.26163795544035,62.246332248731164,85.7983473644572,96.02608163275042,198.28473571851524,1037.8181070197584,5631.540948886009
random_direction,runner_stop1,1,5.0,3000,2000,-38.900181925147145,-4.903730927492724,29.82358233097782,0.8046772698847054,0.9737433801614996,1.1734401352775523,-92.06861057125938,-58.48727571920966,125.26163795544035,62.246332248731164,85.7983473644572,96.02608163275042,237.9416828622183,1245.3817284237102,6757.849138663211
random_entry,runner_stop1,1,1.0,500,2000,-61.5659920950441,-17.333812001268733,28.960528576104227,0.6971062199904345,0.9075233041600832,1.1653051433712207,-47.12506517037454,-18.227206155897093,29.703116483712233,15.278342801645532,31.402204649149503,51.548273551872526,264.3746741481273,408.86396922051455,648.5155824185612
random_entry,runner_stop1,1,1.0,1000,2000,-61.5659920950441,-17.333812001268733,28.960528576104227,0.6971062199904345,0.9075233041600832,1.1653051433712207,-47.12506517037454,-18.227206155897093,29.703116483712233,15.278342801645532,31.402204649149503,51.548273551872526,528.7493482962547,817.7279384410291,1297.0311648371223
random_entry,runner_stop1,1,1.0,1500,2000,-61.5659920950441,-17.333812001268733,28.960528576104227,0.6971062199904345,0.9075233041600832,1.1653051433712207,-47.12506517037454,-18.227206155897093,29.703116483712233,15.278342801645532,31.402204649149503,51.548273551872526,793.1240224443819,1226.5919076615437,1945.5467472556834
random_entry,runner_stop1,1,1.0,2000,2000,-61.5659920950441,-17.333812001268733,28.960528576104227,0.6971062199904345,0.9075233041600832,1.1653051433712207,-47.12506517037454,-18.227206155897093,29.703116483712233,15.278342801645532,31.402204649149503,51.548273551872526,1057.4986965925093,1635.4558768820582,2594.0623296742447
random_entry,runner_stop1,1,1.0,2500,2000,-61.5659920950441,-17.333812001268733,28.960528576104227,0.6971062199904345,0.9075233041600832,1.1653051433712207,-47.12506517037454,-18.227206155897093,29.703116483712233,15.278342801645532,31.402204649149503,51.548273551872526,1321.8733707406366,2044.3198461025727,3242.5779120928055
random_entry,runner_stop1,1,1.0,3000,2000,-61.5659920950441,-17.333812001268733,28.960528576104227,0.6971062199904345,0.9075233041600832,1.1653051433712207,-47.12506517037454,-18.227206155897093,29.703116483712233,15.278342801645532,31.402204649149503,51.548273551872526,1586.2480448887638,2453.1838153230874,3891.0934945113668
random_entry,runner_stop1,1,2.0,500,2000,-61.5659920950441,-17.333812001268733,28.960528576104227,0.6971062199904345,0.9075233041600832,1.1653051433712207,-73.21210038815526,-36.648924690031684,57.73166705671798,29.18517141042922,54.42311287900989,77.50865555231528,133.9394980592237,316.75537654984157,788.6583352835898
random_entry,runner_stop1,1,2.0,1000,2000,-61.5659920950441,-17.333812001268733,28.960528576104227,0.6971062199904345,0.9075233041600832,1.1653051433712207,-73.21210038815526,-36.648924690031684,57.73166705671798,29.18517141042922,54.42311287900989,77.50865555231528,267.8789961184474,633.5107530996831,1577.3166705671797
random_entry,runner_stop1,1,2.0,1500,2000,-61.5659920950441,-17.333812001268733,28.960528576104227,0.6971062199904345,0.9075233041600832,1.1653051433712207,-73.21210038815526,-36.648924690031684,57.73166705671798,29.18517141042922,54.42311287900989,77.50865555231528,401.8184941776711,950.2661296495247,2365.9750058507693
random_entry,runner_stop1,1,2.0,2000,2000,-61.5659920950441,-17.333812001268733,28.960528576104227,0.6971062199904345,0.9075233041600832,1.1653051433712207,-73.21210038815526,-36.648924690031684,57.73166705671798,29.18517141042922,54.42311287900989,77.50865555231528,535.7579922368948,1267.0215061993663,3154.6333411343594
random_entry,runner_stop1,1,2.0,2500,2000,-61.5659920950441,-17.333812001268733,28.960528576104227,0.6971062199904345,0.9075233041600832,1.1653051433712207,-73.21210038815526,-36.648924690031684,57.73166705671798,29.18517141042922,54.42311287900989,77.50865555231528,669.6974902961185,1583.7768827492077,3943.2916764179495
random_entry,runner_stop1,1,2.0,3000,2000,-61.5659920950441,-17.333812001268733,28.960528576104227,0.6971062199904345,0.9075233041600832,1.1653051433712207,-73.21210038815526,-36.648924690031684,57.73166705671798,29.18517141042922,54.42311287900989,77.50865555231528,803.6369883553422,1900.5322592990494,4731.950011701539
random_entry,runner_stop1,1,3.0,500,2000,-61.5659920950441,-17.333812001268733,28.960528576104227,0.6971062199904345,0.9075233041600832,1.1653051433712207,-86.98956105761414,-53.2583786601094,83.22328474307658,41.706869924890405,70.59348344682448,89.90754193119287,65.05219471192932,233.70810669945303,916.1164237153828
random_entry,runner_stop1,1,3.0,1000,2000,-61.5659920950441,-17.333812001268733,28.960528576104227,0.6971062199904345,0.9075233041600832,1.1653051433712207,-86.98956105761414,-53.2583786601094,83.22328474307658,41.706869924890405,70.59348344682448,89.90754193119287,130.10438942385863,467.41621339890605,1832.2328474307656
random_entry,runner_stop1,1,3.0,1500,2000,-61.5659920950441,-17.333812001268733,28.960528576104227,0.6971062199904345,0.9075233041600832,1.1653051433712207,-86.98956105761414,-53.2583786601094,83.22328474307658,41.706869924890405,70.59348344682448,89.90754193119287,195.1565841357879,701.124320098359,2748.3492711461486
random_entry,runner_stop1,1,3.0,2000,2000,-61.5659920950441,-17.333812001268733,28.960528576104227,0.6971062199904345,0.9075233041600832,1.1653051433712207,-86.98956105761414,-53.2583786601094,83.22328474307658,41.706869924890405,70.59348344682448,89.90754193119287,260.20877884771727,934.8324267978121,3664.465694861531
random_entry,runner_stop1,1,3.0,2500,2000,-61.5659920950441,-17.333812001268733,28.960528576104227,0.6971062199904345,0.9075233041600832,1.1653051433712207,-86.98956105761414,-53.2583786601094,83.22328474307658,41.706869924890405,70.59348344682448,89.90754193119287,325.2609735596465,1168.5405334972652,4580.582118576914
random_entry,runner_stop1,1,3.0,3000,2000,-61.5659920950441,-17.333812001268733,28.960528576104227,0.6971062199904345,0.9075233041600832,1.1653051433712207,-86.98956105761414,-53.2583786601094,83.22328474307658,41.706869924890405,70.59348344682448,89.90754193119287,390.3131682715758,1402.248640196718,5496.698542292297
random_entry,runner_stop1,1,4.0,500,2000,-61.5659920950441,-17.333812001268733,28.960528576104227,0.6971062199904345,0.9075233041600832,1.1653051433712207,-93.99272266820601,-67.24382223447304,100.81271027109457,52.3888617738987,81.74851070173023,95.65630461928096,30.036386658969956,163.78088882763478,1004.0635513554728
random_entry,runner_stop1,1,4.0,1000,2000,-61.5659920950441,-17.333812001268733,28.960528576104227,0.6971062199904345,0.9075233041600832,1.1653051433712207,-93.99272266820601,-67.24382223447304,100.81271027109457,52.3888617738987,81.74851070173023,95.65630461928096,60.07277331793991,327.56177765526957,2008.1271027109456
random_entry,runner_stop1,1,4.0,1500,2000,-61.5659920950441,-17.333812001268733,28.960528576104227,0.6971062199904345,0.9075233041600832,1.1653051433712207,-93.99272266820601,-67.24382223447304,100.81271027109457,52.3888617738987,81.74851070173023,95.65630461928096,90.10915997690985,491.34266648290435,3012.1906540664186
random_entry,runner_stop1,1,4.0,2000,2000,-61.5659920950441,-17.333812001268733,28.960528576104227,0.6971062199904345,0.9075233041600832,1.1653051433712207,-93.99272266820601,-67.24382223447304,100.81271027109457,52.3888617738987,81.74851070173023,95.65630461928096,120.14554663587982,655.1235553105391,4016.254205421891
random_entry,runner_stop1,1,4.0,2500,2000,-61.5659920950441,-17.333812001268733,28.960528576104227,0.6971062199904345,0.9075233041600832,1.1653051433712207,-93.99272266820601,-67.24382223447304,100.81271027109457,52.3888617738987,81.74851070173023,95.65630461928096,150.18193329484978,818.9044441381739,5020.317756777365
random_entry,runner_stop1,1,4.0,3000,2000,-61.5659920950441,-17.333812001268733,28.960528576104227,0.6971062199904345,0.9075233041600832,1.1653051433712207,-93.99272266820601,-67.24382223447304,100.81271027109457,52.3888617738987,81.74851070173023,95.65630461928096,180.2183199538197,982.6853329658087,6024.381308132837
random_entry,runner_stop1,1,5.0,500,2000,-61.5659920950441,-17.333812001268733,28.960528576104227,0.6971062199904345,0.9075233041600832,1.1653051433712207,-97.35181578776827,-78.08412324961667,108.50688842846066,61.282778131283585,88.98050559184716,98.17654553642559,13.240921061158677,109.57938375191668,1042.534442142303
random_entry,runner_stop1,1,5.0,1000,2000,-61.5659920950441,-17.333812001268733,28.960528576104227,0.6971062199904345,0.9075233041600832,1.1653051433712207,-97.35181578776827,-78.08412324961667,108.50688842846066,61.282778131283585,88.98050559184716,98.17654553642559,26.481842122317353,219.15876750383336,2085.068884284606
random_entry,runner_stop1,1,5.0,1500,2000,-61.5659920950441,-17.333812001268733,28.960528576104227,0.6971062199904345,0.9075233041600832,1.1653051433712207,-97.35181578776827,-78.08412324961667,108.50688842846066,61.282778131283585,88.98050559184716,98.17654553642559,39.72276318347603,328.73815125575004,3127.6033264269095
random_entry,runner_stop1,1,5.0,2000,2000,-61.5659920950441,-17.333812001268733,28.960528576104227,0.6971062199904345,0.9075233041600832,1.1653051433712207,-97.35181578776827,-78.08412324961667,108.50688842846066,61.282778131283585,88.98050559184716,98.17654553642559,52.963684244634706,438.3175350076667,4170.137768569212
random_entry,runner_stop1,1,5.0,2500,2000,-61.5659920950441,-17.333812001268733,28.960528576104227,0.6971062199904345,0.9075233041600832,1.1653051433712207,-97.35181578776827,-78.08412324961667,108.50688842846066,61.282778131283585,88.98050559184716,98.17654553642559,66.20460530579338,547.8969187595833,5212.6722107115165
random_entry,runner_stop1,1,5.0,3000,2000,-61.5659920950441,-17.333812001268733,28.960528576104227,0.6971062199904345,0.9075233041600832,1.1653051433712207,-97.35181578776827,-78.08412324961667,108.50688842846066,61.282778131283585,88.98050559184716,98.17654553642559,79.44552636695207,657.4763025115001,6255.206652853819
random_direction,fixed60_stop2,2,1.0,500,2000,-31.05627499417495,-17.637138292917005,-4.181264316229644,0.5801165998267549,0.7355540276011681,0.9291247413283445,-26.931196891835746,-16.433316077305616,-4.38791883585024,8.813535494424269,18.267759948934465,27.848676535146698,365.34401554082126,417.83341961347196,478.06040582074877
random_direction,fixed60_stop2,2,1.0,1000,2000,-31.05627499417495,-17.637138292917005,-4.181264316229644,0.5801165998267549,0.7355540276011681,0.9291247413283445,-26.931196891835746,-16.433316077305616,-4.38791883585024,8.813535494424269,18.267759948934465,27.848676535146698,730.6880310816425,835.6668392269439,956.1208116414975
random_direction,fixed60_stop2,2,1.0,1500,2000,-31.05627499417495,-17.637138292917005,-4.181264316229644,0.5801165998267549,0.7355540276011681,0.9291247413283445,-26.931196891835746,-16.433316077305616,-4.38791883585024,8.813535494424269,18.267759948934465,27.848676535146698,1096.0320466224637,1253.5002588404159,1434.1812174622464
random_direction,fixed60_stop2,2,1.0,2000,2000,-31.05627499417495,-17.637138292917005,-4.181264316229644,0.5801165998267549,0.7355540276011681,0.9291247413283445,-26.931196891835746,-16.433316077305616,-4.38791883585024,8.813535494424269,18.267759948934465,27.848676535146698,1461.376062163285,1671.3336784538878,1912.241623282995
random_direction,fixed60_stop2,2,1.0,2500,2000,-31.05627499417495,-17.637138292917005,-4.181264316229644,0.5801165998267549,0.7355540276011681,0.9291247413283445,-26.931196891835746,-16.433316077305616,-4.38791883585024,8.813535494424269,18.267759948934465,27.848676535146698,1826.7200777041064,2089.16709806736,2390.3020291037437
random_direction,fixed60_stop2,2,1.0,3000,2000,-31.05627499417495,-17.637138292917005,-4.181264316229644,0.5801165998267549,0.7355540276011681,0.9291247413283445,-26.931196891835746,-16.433316077305616,-4.38791883585024,8.813535494424269,18.267759948934465,27.848676535146698,2192.0640932449273,2507.0005176808318,2868.362434924493
random_direction,fixed60_stop2,2,2.0,500,2000,-31.05627499417495,-17.637138292917005,-4.181264316229644,0.5801165998267549,0.7355540276011681,0.9291247413283445,-46.95200121130385,-30.606013679232657,-9.141401046585628,17.091876747239947,33.57869468875248,48.273960980040194,265.2399939434808,346.9699316038367,454.29299476707183
random_direction,fixed60_stop2,2,2.0,1000,2000,-31.05627499417495,-17.637138292917005,-4.181264316229644,0.5801165998267549,0.7355540276011681,0.9291247413283445,-46.95200121130385,-30.606013679232657,-9.141401046585628,17.091876747239947,33.57869468875248,48.273960980040194,530.4799878869616,693.9398632076734,908.5859895341437
random_direction,fixed60_stop2,2,2.0,1500,2000,-31.05627499417495,-17.637138292917005,-4.181264316229644,0.5801165998267549,0.7355540276011681,0.9291247413283445,-46.95200121130385,-30.606013679232657,-9.141401046585628,17.091876747239947,33.57869468875248,48.273960980040194,795.7199818304422,1040.9097948115102,1362.8789843012155
random_direction,fixed60_stop2,2,2.0,2000,2000,-31.05627499417495,-17.637138292917005,-4.181264316229644,0.5801165998267549,0.7355540276011681,0.9291247413283445,-46.95200121130385,-30.606013679232657,-9.141401046585628,17.091876747239947,33.57869468875248,48.273960980040194,1060.9599757739231,1387.8797264153468,1817.1719790682873
random_direction,fixed60_stop2,2,2.0,2500,2000,-31.05627499417495,-17.637138292917005,-4.181264316229644,0.5801165998267549,0.7355540276011681,0.9291247413283445,-46.95200121130385,-30.606013679232657,-9.141401046585628,17.091876747239947,33.57869468875248,48.273960980040194,1326.1999697174037,1734.8496580191836,2271.4649738353596
random_direction,fixed60_stop2,2,2.0,3000,2000,-31.05627499417495,-17.637138292917005,-4.181264316229644,0.5801165998267549,0.7355540276011681,0.9291247413283445,-46.95200121130385,-30.606013679232657,-9.141401046585628,17.091876747239947,33.57869468875248,48.273960980040194,1591.4399636608844,2081.8195896230204,2725.757968602431
random_direction,fixed60_stop2,2,3.0,500,2000,-31.05627499417495,-17.637138292917005,-4.181264316229644,0.5801165998267549,0.7355540276011681,0.9291247413283445,-61.73561358344544,-42.742381041807405,-14.189742818245099,24.83167313407988,46.287216159013425,63.15495434504705,191.32193208277278,286.288094790963,429.0512859087745
random_direction,fixed60_stop2,2,3.0,1000,2000,-31.05627499417495,-17.637138292917005,-4.181264316229644,0.5801165998267549,0.7355540276011681,0.9291247413283445,-61.73561358344544,-42.742381041807405,-14.189742818245099,24.83167313407988,46.287216159013425,63.15495434504705,382.64386416554555,572.576189581926,858.102571817549
random_direction,fixed60_stop2,2,3.0,1500,2000,-31.05627499417495,-17.637138292917005,-4.181264316229644,0.5801165998267549,0.7355540276011681,0.9291247413283445,-61.73561358344544,-42.742381041807405,-14.189742818245099,24.83167313407988,46.287216159013425,63.15495434504705,573.9657962483184,858.864284372889,1287.1538577263236
random_direction,fixed60_stop2,2,3.0,2000,2000,-31.05627499417495,-17.637138292917005,-4.181264316229644,0.5801165998267549,0.7355540276011681,0.9291247413283445,-61.73561358344544,-42.742381041807405,-14.189742818245099,24.83167313407988,46.287216159013425,63.15495434504705,765.2877283310911,1145.152379163852,1716.205143635098
random_direction,fixed60_stop2,2,3.0,2500,2000,-31.05627499417495,-17.637138292917005,-4.181264316229644,0.5801165998267549,0.7355540276011681,0.9291247413283445,-61.73561358344544,-42.742381041807405,-14.189742818245099,24.83167313407988,46.287216159013425,63.15495434504705,956.6096604138639,1431.440473954815,2145.2564295438724
random_direction,fixed60_stop2,2,3.0,3000,2000,-31.05627499417495,-17.637138292917005,-4.181264316229644,0.5801165998267549,0.7355540276011681,0.9291247413283445,-61.73561358344544,-42.742381041807405,-14.189742818245099,24.83167313407988,46.287216159013425,63.15495434504705,1147.9315924966368,1717.728568745778,2574.3077154526472
random_direction,fixed60_stop2,2,4.0,500,2000,-31.05627499417495,-17.637138292917005,-4.181264316229644,0.5801165998267549,0.7355540276011681,0.9291247413283445,-72.57845432724635,-53.0633700094354,-19.475493111474478,32.083237984861306,56.827583981415735,73.92422288925533,137.10772836376827,234.683149952823,402.6225344426276
random_direction,fixed60_stop2,2,4.0,1000,2000,-31.05627499417495,-17.637138292917005,-4.181264316229644,0.5801165998267549,0.7355540276011681,0.9291247413283445,-72.57845432724635,-53.0633700094354,-19.475493111474478,32.083237984861306,56.827583981415735,73.92422288925533,274.21545672753655,469.366299905646,805.2450688852553
random_direction,fixed60_stop2,2,4.0,1500,2000,-31.05627499417495,-17.637138292917005,-4.181264316229644,0.5801165998267549,0.7355540276011681,0.9291247413283445,-72.57845432724635,-53.0633700094354,-19.475493111474478,32.083237984861306,56.827583981415735,73.92422288925533,411.3231850913049,704.049449858469,1207.867603327883
random_direction,fixed60_stop2,2,4.0,2000,2000,-31.05627499417495,-17.637138292917005,-4.181264316229644,0.5801165998267549,0.7355540276011681,0.9291247413283445,-72.57845432724635,-53.0633700094354,-19.475493111474478,32.083237984861306,56.827583981415735,73.92422288925533,548.4309134550731,938.732599811292,1610.4901377705105
random_direction,fixed60_stop2,2,4.0,2500,2000,-31.05627499417495,-17.637138292917005,-4.181264316229644,0.5801165998267549,0.7355540276011681,0.9291247413283445,-72.57845432724635,-53.0633700094354,-19.475493111474478,32.083237984861306,56.827583981415735,73.92422288925533,685.5386418188415,1173.415749764115,2013.1126722131382
random_direction,fixed60_stop2,2,4.0,3000,2000,-31.05627499417495,-17.637138292917005,-4.181264316229644,0.5801165998267549,0.7355540276011681,0.9291247413283445,-72.57845432724635,-53.0633700094354,-19.475493111474478,32.083237984861306,56.827583981415735,73.92422288925533,822.6463701826098,1408.098899716938,2415.735206655766
random_direction,fixed60_stop2,2,5.0,500,2000,-31.05627499417495,-17.637138292917005,-4.181264316229644,0.5801165998267549,0.7355540276011681,0.9291247413283445,-80.47719645602645,-61.77238102439766,-24.909729365981338,38.75081478927337,65.47922551318885,81.6656288596145,97.61401771986773,191.13809487801169,375.4513531700933
random_direction,fixed60_stop2,2,5.0,1000,2000,-31.05627499417495,-17.637138292917005,-4.181264316229644,0.5801165998267549,0.7355540276011681,0.9291247413283445,-80.47719645602645,-61.77238102439766,-24.909729365981338,38.75081478927337,65.47922551318885,81.6656288596145,195.22803543973546,382.27618975602337,750.9027063401866
random_direction,fixed60_stop2,2,5.0,1500,2000,-31.05627499417495,-17.637138292917005,-4.181264316229644,0.5801165998267549,0.7355540276011681,0.9291247413283445,-80.47719645602645,-61.77238102439766,-24.909729365981338,38.75081478927337,65.47922551318885,81.6656288596145,292.8420531596032,573.4142846340351,1126.35405951028
random_direction,fixed60_stop2,2,5.0,2000,2000,-31.05627499417495,-17.637138292917005,-4.181264316229644,0.5801165998267549,0.7355540276011681,0.9291247413283445,-80.47719645602645,-61.77238102439766,-24.909729365981338,38.75081478927337,65.47922551318885,81.6656288596145,390.45607087947093,764.5523795120467,1501.8054126803731
random_direction,fixed60_stop2,2,5.0,2500,2000,-31.05627499417495,-17.637138292917005,-4.181264316229644,0.5801165998267549,0.7355540276011681,0.9291247413283445,-80.47719645602645,-61.77238102439766,-24.909729365981338,38.75081478927337,65.47922551318885,81.6656288596145,488.0700885993386,955.6904743900585,1877.2567658504665
random_direction,fixed60_stop2,2,5.0,3000,2000,-31.05627499417495,-17.637138292917005,-4.181264316229644,0.5801165998267549,0.7355540276011681,0.9291247413283445,-80.47719645602645,-61.77238102439766,-24.909729365981338,38.75081478927337,65.47922551318885,81.6656288596145,585.6841063192064,1146.8285692680702,2252.70811902056
random_entry,fixed60_stop2,2,1.0,500,2000,-38.41684840915471,-23.317583234482036,-7.201733996811799,0.5054409446225399,0.6661592186688131,0.8840567002218145,-32.1279501923381,-21.0481509584541,-7.260469227006865,11.588322437411463,22.956629322594083,33.39171981233038,339.3602490383095,394.75924520772946,463.6976538649657
random_entry,fixed60_stop2,2,1.0,1000,2000,-38.41684840915471,-23.317583234482036,-7.201733996811799,0.5054409446225399,0.6661592186688131,0.8840567002218145,-32.1279501923381,-21.0481509584541,-7.260469227006865,11.588322437411463,22.956629322594083,33.39171981233038,678.720498076619,789.5184904154589,927.3953077299313
random_entry,fixed60_stop2,2,1.0,1500,2000,-38.41684840915471,-23.317583234482036,-7.201733996811799,0.5054409446225399,0.6661592186688131,0.8840567002218145,-32.1279501923381,-21.0481509584541,-7.260469227006865,11.588322437411463,22.956629322594083,33.39171981233038,1018.0807471149286,1184.2777356231884,1391.0929615948971
random_entry,fixed60_stop2,2,1.0,2000,2000,-38.41684840915471,-23.317583234482036,-7.201733996811799,0.5054409446225399,0.6661592186688131,0.8840567002218145,-32.1279501923381,-21.0481509584541,-7.260469227006865,11.588322437411463,22.956629322594083,33.39171981233038,1357.440996153238,1579.0369808309179,1854.7906154598627
random_entry,fixed60_stop2,2,1.0,2500,2000,-38.41684840915471,-23.317583234482036,-7.201733996811799,0.5054409446225399,0.6661592186688131,0.8840567002218145,-32.1279501923381,-21.0481509584541,-7.260469227006865,11.588322437411463,22.956629322594083,33.39171981233038,1696.8012451915477,1973.7962260386475,2318.4882693248283
random_entry,fixed60_stop2,2,1.0,3000,2000,-38.41684840915471,-23.317583234482036,-7.201733996811799,0.5054409446225399,0.6661592186688131,0.8840567002218145,-32.1279501923381,-21.0481509584541,-7.260469227006865,11.588322437411463,22.956629322594083,33.39171981233038,2036.1614942298572,2368.555471246377,2782.1859231897943
random_entry,fixed60_stop2,2,2.0,500,2000,-38.41684840915471,-23.317583234482036,-7.201733996811799,0.5054409446225399,0.6661592186688131,0.8840567002218145,-54.21980758469181,-38.060910206372455,-14.550524046975982,22.094155274740963,41.00355130630689,55.87972126762054,228.90096207654096,309.6954489681377,427.2473797651201
random_entry,fixed60_stop2,2,2.0,1000,2000,-38.41684840915471,-23.317583234482036,-7.201733996811799,0.5054409446225399,0.6661592186688131,0.8840567002218145,-54.21980758469181,-38.060910206372455,-14.550524046975982,22.094155274740963,41.00355130630689,55.87972126762054,457.8019241530819,619.3908979362755,854.4947595302402
random_entry,fixed60_stop2,2,2.0,1500,2000,-38.41684840915471,-23.317583234482036,-7.201733996811799,0.5054409446225399,0.6661592186688131,0.8840567002218145,-54.21980758469181,-38.060910206372455,-14.550524046975982,22.094155274740963,41.00355130630689,55.87972126762054,686.7028862296229,929.0863469044132,1281.7421392953604
random_entry,fixed60_stop2,2,2.0,2000,2000,-38.41684840915471,-23.317583234482036,-7.201733996811799,0.5054409446225399,0.6661592186688131,0.8840567002218145,-54.21980758469181,-38.060910206372455,-14.550524046975982,22.094155274740963,41.00355130630689,55.87972126762054,915.6038483061639,1238.781795872551,1708.9895190604805
random_entry,fixed60_stop2,2,2.0,2500,2000,-38.41684840915471,-23.317583234482036,-7.201733996811799,0.5054409446225399,0.6661592186688131,0.8840567002218145,-54.21980758469181,-38.060910206372455,-14.550524046975982,22.094155274740963,41.00355130630689,55.87972126762054,1144.5048103827046,1548.4772448406884,2136.2368988256007
random_entry,fixed60_stop2,2,2.0,3000,2000,-38.41684840915471,-23.317583234482036,-7.201733996811799,0.5054409446225399,0.6661592186688131,0.8840567002218145,-54.21980758469181,-38.060910206372455,-14.550524046975982,22.094155274740963,41.00355130630689,55.87972126762054,1373.4057724592458,1858.1726938088264,2563.484278590721
random_entry,fixed60_stop2,2,3.0,500,2000,-38.41684840915471,-23.317583234482036,-7.201733996811799,0.5054409446225399,0.6661592186688131,0.8840567002218145,-69.3141298196122,-51.72438096889249,-21.786492772701358,31.682934202777417,55.04780505846733,70.96925909493133,153.429350901939,241.37809515553755,391.06753613649323
random_entry,fixed60_stop2,2,3.0,1000,2000,-38.41684840915471,-23.317583234482036,-7.201733996811799,0.5054409446225399,0.6661592186688131,0.8840567002218145,-69.3141298196122,-51.72438096889249,-21.786492772701358,31.682934202777417,55.04780505846733,70.96925909493133,306.858701803878,482.7561903110751,782.1350722729865
random_entry,fixed60_stop2,2,3.0,1500,2000,-38.41684840915471,-23.317583234482036,-7.201733996811799,0.5054409446225399,0.6661592186688131,0.8840567002218145,-69.3141298196122,-51.72438096889249,-21.786492772701358,31.682934202777417,55.04780505846733,70.96925909493133,460.28805270581694,724.1342854666126,1173.2026084094796
random_entry,fixed60_stop2,2,3.0,2000,2000,-38.41684840915471,-23.317583234482036,-7.201733996811799,0.5054409446225399,0.6661592186688131,0.8840567002218145,-69.3141298196122,-51.72438096889249,-21.786492772701358,31.682934202777417,55.04780505846733,70.96925909493133,613.717403607756,965.5123806221502,1564.270144545973
random_entry,fixed60_stop2,2,3.0,2500,2000,-38.41684840915471,-23.317583234482036,-7.201733996811799,0.5054409446225399,0.6661592186688131,0.8840567002218145,-69.3141298196122,-51.72438096889249,-21.786492772701358,31.682934202777417,55.04780505846733,70.96925909493133,767.1467545096948,1206.8904757776877,1955.337680682466
random_entry,fixed60_stop2,2,3.0,3000,2000,-38.41684840915471,-23.317583234482036,-7.201733996811799,0.5054409446225399,0.6661592186688131,0.8840567002218145,-69.3141298196122,-51.72438096889249,-21.786492772701358,31.682934202777417,55.04780505846733,70.96925909493133,920.5761054116339,1448.2685709332252,2346.405216818959
random_entry,fixed60_stop2,2,4.0,500,2000,-38.41684840915471,-23.317583234482036,-7.201733996811799,0.5054409446225399,0.6661592186688131,0.8840567002218145,-79.56935574203438,-62.63096304793248,-28.877289520029,40.40911142199919,65.98868601130368,81.01912383789981,102.15322128982811,186.8451847603376,355.61355239985505
random_entry,fixed60_stop2,2,4.0,1000,2000,-38.41684840915471,-23.317583234482036,-7.201733996811799,0.5054409446225399,0.6661592186688131,0.8840567002218145,-79.56935574203438,-62.63096304793248,-28.877289520029,40.40911142199919,65.98868601130368,81.01912383789981,204.30644257965622,373.6903695206752,711.2271047997101
random_entry,fixed60_stop2,2,4.0,1500,2000,-38.41684840915471,-23.317583234482036,-7.201733996811799,0.5054409446225399,0.6661592186688131,0.8840567002218145,-79.56935574203438,-62.63096304793248,-28.877289520029,40.40911142199919,65.98868601130368,81.01912383789981,306.4596638694843,560.5355542810128,1066.8406571995652
random_entry,fixed60_stop2,2,4.0,2000,2000,-38.41684840915471,-23.317583234482036,-7.201733996811799,0.5054409446225399,0.6661592186688131,0.8840567002218145,-79.56935574203438,-62.63096304793248,-28.877289520029,40.40911142199919,65.98868601130368,81.01912383789981,408.61288515931244,747.3807390413504,1422.4542095994202
random_entry,fixed60_stop2,2,4.0,2500,2000,-38.41684840915471,-23.317583234482036,-7.201733996811799,0.5054409446225399,0.6661592186688131,0.8840567002218145,-79.56935574203438,-62.63096304793248,-28.877289520029,40.40911142199919,65.98868601130368,81.01912383789981,510.7661064491405,934.2259238016879,1778.067761999275
random_entry,fixed60_stop2,2,4.0,3000,2000,-38.41684840915471,-23.317583234482036,-7.201733996811799,0.5054409446225399,0.6661592186688131,0.8840567002218145,-79.56935574203438,-62.63096304793248,-28.877289520029,40.40911142199919,65.98868601130368,81.01912383789981,612.9193277389686,1121.0711085620255,2133.6813143991303
random_entry,fixed60_stop2,2,5.0,500,2000,-38.41684840915471,-23.317583234482036,-7.201733996811799,0.5054409446225399,0.6661592186688131,0.8840567002218145,-86.50780326110167,-71.25387414080564,-35.74695189543228,48.17119828901838,74.42701107090458,87.6692489625148,67.46098369449167,143.73062929597182,321.2652405228386
random_entry,fixed60_stop2,2,5.0,1000,2000,-38.41684840915471,-23.317583234482036,-7.201733996811799,0.5054409446225399,0.6661592186688131,0.8840567002218145,-86.50780326110167,-71.25387414080564,-35.74695189543228,48.17119828901838,74.42701107090458,87.6692489625148,134.92196738898335,287.46125859194365,642.5304810456772
random_entry,fixed60_stop2,2,5.0,1500,2000,-38.41684840915471,-23.317583234482036,-7.201733996811799,0.5054409446225399,0.6661592186688131,0.8840567002218145,-86.50780326110167,-71.25387414080564,-35.74695189543228,48.17119828901838,74.42701107090458,87.6692489625148,202.38295108347504,431.19188788791547,963.7957215685159
random_entry,fixed60_stop2,2,5.0,2000,2000,-38.41684840915471,-23.317583234482036,-7.201733996811799,0.5054409446225399,0.6661592186688131,0.8840567002218145,-86.50780326110167,-71.25387414080564,-35.74695189543228,48.17119828901838,74.42701107090458,87.6692489625148,269.8439347779667,574.9225171838873,1285.0609620913544
random_entry,fixed60_stop2,2,5.0,2500,2000,-38.41684840915471,-23.317583234482036,-7.201733996811799,0.5054409446225399,0.6661592186688131,0.8840567002218145,-86.50780326110167,-71.25387414080564,-35.74695189543228,48.17119828901838,74.42701107090458,87.6692489625148,337.3049184724584,718.6531464798591,1606.326202614193
random_entry,fixed60_stop2,2,5.0,3000,2000,-38.41684840915471,-23.317583234482036,-7.201733996811799,0.5054409446225399,0.6661592186688131,0.8840567002218145,-86.50780326110167,-71.25387414080564,-35.74695189543228,48.17119828901838,74.42701107090458,87.6692489625148,404.76590216695007,862.3837757758309,1927.5914431370318
random_direction,fixed60_stop1,2,1.0,500,2000,-51.98251863224702,-29.37781389752169,-4.908337976416156,0.618837846452524,0.7643674396832472,0.9568311006323104,-41.14504137305916,-26.18837680289075,-5.766973601919959,14.731351583250472,29.636256010726836,42.68587942427323,294.27479313470417,369.05811598554624,471.1651319904002
random_direction,fixed60_stop1,2,1.0,1000,2000,-51.98251863224702,-29.37781389752169,-4.908337976416156,0.618837846452524,0.7643674396832472,0.9568311006323104,-41.14504137305916,-26.18837680289075,-5.766973601919959,14.731351583250472,29.636256010726836,42.68587942427323,588.5495862694083,738.1162319710925,942.3302639808004
random_direction,fixed60_stop1,2,1.0,1500,2000,-51.98251863224702,-29.37781389752169,-4.908337976416156,0.618837846452524,0.7643674396832472,0.9568311006323104,-41.14504137305916,-26.18837680289075,-5.766973601919959,14.731351583250472,29.636256010726836,42.68587942427323,882.8243794041126,1107.1743479566387,1413.4953959712007
random_direction,fixed60_stop1,2,1.0,2000,2000,-51.98251863224702,-29.37781389752169,-4.908337976416156,0.618837846452524,0.7643674396832472,0.9568311006323104,-41.14504137305916,-26.18837680289075,-5.766973601919959,14.731351583250472,29.636256010726836,42.68587942427323,1177.0991725388167,1476.232463942185,1884.6605279616008
random_direction,fixed60_stop1,2,1.0,2500,2000,-51.98251863224702,-29.37781389752169,-4.908337976416156,0.618837846452524,0.7643674396832472,0.9568311006323104,-41.14504137305916,-26.18837680289075,-5.766973601919959,14.731351583250472,29.636256010726836,42.68587942427323,1471.373965673521,1845.2905799277314,2355.825659952001
random_direction,fixed60_stop1,2,1.0,3000,2000,-51.98251863224702,-29.37781389752169,-4.908337976416156,0.618837846452524,0.7643674396832472,0.9568311006323104,-41.14504137305916,-26.18837680289075,-5.766973601919959,14.731351583250472,29.636256010726836,42.68587942427323,1765.6487588082252,2214.3486959132774,2826.9907919424013
random_direction,fixed60_stop1,2,2.0,500,2000,-51.98251863224702,-29.37781389752169,-4.908337976416156,0.618837846452524,0.7643674396832472,0.9568311006323104,-66.06512895181841,-46.613025253486086,-13.07722308897964,27.872039763612324,51.32630930577702,67.79289849492821,169.67435524090797,266.93487373256954,434.61388455510183
random_direction,fixed60_stop1,2,2.0,1000,2000,-51.98251863224702,-29.37781389752169,-4.908337976416156,0.618837846452524,0.7643674396832472,0.9568311006323104,-66.06512895181841,-46.613025253486086,-13.07722308897964,27.872039763612324,51.32630930577702,67.79289849492821,339.34871048181594,533.8697474651391,869.2277691102037
random_direction,fixed60_stop1,2,2.0,1500,2000,-51.98251863224702,-29.37781389752169,-4.908337976416156,0.618837846452524,0.7643674396832472,0.9568311006323104,-66.06512895181841,-46.613025253486086,-13.07722308897964,27.872039763612324,51.32630930577702,67.79289849492821,509.0230657227239,800.8046211977087,1303.8416536653056
random_direction,fixed60_stop1,2,2.0,2000,2000,-51.98251863224702,-29.37781389752169,-4.908337976416156,0.618837846452524,0.7643674396832472,0.9568311006323104,-66.06512895181841,-46.613025253486086,-13.07722308897964,27.872039763612324,51.32630930577702,67.79289849492821,678.6974209636319,1067.7394949302782,1738.4555382204073
random_direction,fixed60_stop1,2,2.0,2500,2000,-51.98251863224702,-29.37781389752169,-4.908337976416156,0.618837846452524,0.7643674396832472,0.9568311006323104,-66.06512895181841,-46.613025253486086,-13.07722308897964,27.872039763612324,51.32630930577702,67.79289849492821,848.3717762045399,1334.6743686628479,2173.069422775509
random_direction,fixed60_stop1,2,2.0,3000,2000,-51.98251863224702,-29.37781389752169,-4.908337976416156,0.618837846452524,0.7643674396832472,0.9568311006323104,-66.06512895181841,-46.613025253486086,-13.07722308897964,27.872039763612324,51.32630930577702,67.79289849492821,1018.0461314454478,1601.6092423954174,2607.683307330611
random_direction,fixed60_stop1,2,3.0,500,2000,-51.98251863224702,-29.37781389752169,-4.908337976416156,0.618837846452524,0.7643674396832472,0.9568311006323104,-80.83172763163965,-62.15377560434387,-21.472598183577826,39.97018491030727,66.95503906102087,82.25422498693732,95.84136184180171,189.23112197828067,392.63700908211086
random_direction,fixed60_stop1,2,3.0,1000,2000,-51.98251863224702,-29.37781389752169,-4.908337976416156,0.618837846452524,0.7643674396832472,0.9568311006323104,-80.83172763163965,-62.15377560434387,-21.472598183577826,39.97018491030727,66.95503906102087,82.25422498693732,191.68272368360343,378.46224395656134,785.2740181642217
random_direction,fixed60_stop1,2,3.0,1500,2000,-51.98251863224702,-29.37781389752169,-4.908337976416156,0.618837846452524,0.7643674396832472,0.9568311006323104,-80.83172763163965,-62.15377560434387,-21.472598183577826,39.97018491030727,66.95503906102087,82.25422498693732,287.5240855254051,567.693365934842,1177.9110272463327
random_direction,fixed60_stop1,2,3.0,2000,2000,-51.98251863224702,-29.37781389752169,-4.908337976416156,0.618837846452524,0.7643674396832472,0.9568311006323104,-80.83172763163965,-62.15377560434387,-21.472598183577826,39.97018491030727,66.95503906102087,82.25422498693732,383.36544736720685,756.9244879131227,1570.5480363284435
random_direction,fixed60_stop1,2,3.0,2500,2000,-51.98251863224702,-29.37781389752169,-4.908337976416156,0.618837846452524,0.7643674396832472,0.9568311006323104,-80.83172763163965,-62.15377560434387,-21.472598183577826,39.97018491030727,66.95503906102087,82.25422498693732,479.2068092090085,946.1556098914033,1963.1850454105543
random_direction,fixed60_stop1,2,3.0,3000,2000,-51.98251863224702,-29.37781389752169,-4.908337976416156,0.618837846452524,0.7643674396832472,0.9568311006323104,-80.83172763163965,-62.15377560434387,-21.472598183577826,39.97018491030727,66.95503906102087,82.25422498693732,575.0481710508102,1135.386731869684,2355.8220544926653
random_direction,fixed60_stop1,2,4.0,500,2000,-51.98251863224702,-29.37781389752169,-4.908337976416156,0.618837846452524,0.7643674396832472,0.9568311006323104,-89.38616445155944,-73.7015952359101,-30.499491462778998,50.376829033014346,77.97185556679626,90.41850734427044,53.0691777422028,131.4920238204495,347.502542686105
random_direction,fixed60_stop1,2,4.0,1000,2000,-51.98251863224702,-29.37781389752169,-4.908337976416156,0.618837846452524,0.7643674396832472,0.9568311006323104,-89.38616445155944,-73.7015952359101,-30.499491462778998,50.376829033014346,77.97185556679626,90.41850734427044,106.1383554844056,262.984047640899,695.00508537221
random_direction,fixed60_stop1,2,4.0,1500,2000,-51.98251863224702,-29.37781389752169,-4.908337976416156,0.618837846452524,0.7643674396832472,0.9568311006323104,-89.38616445155944,-73.7015952359101,-30.499491462778998,50.376829033014346,77.97185556679626,90.41850734427044,159.20753322660835,394.4760714613485,1042.507628058315
random_direction,fixed60_stop1,2,4.0,2000,2000,-51.98251863224702,-29.37781389752169,-4.908337976416156,0.618837846452524,0.7643674396832472,0.9568311006323104,-89.38616445155944,-73.7015952359101,-30.499491462778998,50.376829033014346,77.97185556679626,90.41850734427044,212.2767109688112,525.968095281798,1390.01017074442
random_direction,fixed60_stop1,2,4.0,2500,2000,-51.98251863224702,-29.37781389752169,-4.908337976416156,0.618837846452524,0.7643674396832472,0.9568311006323104,-89.38616445155944,-73.7015952359101,-30.499491462778998,50.376829033014346,77.97185556679626,90.41850734427044,265.34588871101397,657.4601191022475,1737.512713430525
random_direction,fixed60_stop1,2,4.0,3000,2000,-51.98251863224702,-29.37781389752169,-4.908337976416156,0.618837846452524,0.7643674396832472,0.9568311006323104,-89.38616445155944,-73.7015952359101,-30.499491462778998,50.376829033014346,77.97185556679626,90.41850734427044,318.4150664532167,788.952142922697,2085.01525611663
random_direction,fixed60_stop1,2,5.0,500,2000,-51.98251863224702,-29.37781389752169,-4.908337976416156,0.618837846452524,0.7643674396832472,0.9568311006323104,-94.23607913064077,-82.08908952280994,-39.7438408303461,59.32628466764039,85.5464327793826,94.92919887372736,28.819604346796158,89.5545523859503,301.2807958482695
random_direction,fixed60_stop1,2,5.0,1000,2000,-51.98251863224702,-29.37781389752169,-4.908337976416156,0.618837846452524,0.7643674396832472,0.9568311006323104,-94.23607913064077,-82.08908952280994,-39.7438408303461,59.32628466764039,85.5464327793826,94.92919887372736,57.639208693592316,179.1091047719006,602.561591696539
random_direction,fixed60_stop1,2,5.0,1500,2000,-51.98251863224702,-29.37781389752169,-4.908337976416156,0.618837846452524,0.7643674396832472,0.9568311006323104,-94.23607913064077,-82.08908952280994,-39.7438408303461,59.32628466764039,85.5464327793826,94.92919887372736,86.45881304038846,268.66365715785093,903.8423875448086
random_direction,fixed60_stop1,2,5.0,2000,2000,-51.98251863224702,-29.37781389752169,-4.908337976416156,0.618837846452524,0.7643674396832472,0.9568311006323104,-94.23607913064077,-82.08908952280994,-39.7438408303461,59.32628466764039,85.5464327793826,94.92919887372736,115.27841738718463,358.2182095438012,1205.123183393078
random_direction,fixed60_stop1,2,5.0,2500,2000,-51.98251863224702,-29.37781389752169,-4.908337976416156,0.618837846452524,0.7643674396832472,0.9568311006323104,-94.23607913064077,-82.08908952280994,-39.7438408303461,59.32628466764039,85.5464327793826,94.92919887372736,144.0980217339808,447.77276192975154,1506.4039792413475
random_direction,fixed60_stop1,2,5.0,3000,2000,-51.98251863224702,-29.37781389752169,-4.908337976416156,0.618837846452524,0.7643674396832472,0.9568311006323104,-94.23607913064077,-82.08908952280994,-39.7438408303461,59.32628466764039,85.5464327793826,94.92919887372736,172.91762608077693,537.3273143157019,1807.6847750896172
random_entry,fixed60_stop1,2,1.0,500,2000,-72.12649226708596,-45.157813318758414,-16.069170329563136,0.5043941728090998,0.6630218562240873,0.8669675695020629,-51.893104456537564,-36.98626755789908,-15.717510058550955,22.607906511676916,39.635960456217944,53.17110030364572,240.53447771731214,315.0686622105046,421.41244970724523
random_entry,fixed60_stop1,2,1.0,1000,2000,-72.12649226708596,-45.157813318758414,-16.069170329563136,0.5043941728090998,0.6630218562240873,0.8669675695020629,-51.893104456537564,-36.98626755789908,-15.717510058550955,22.607906511676916,39.635960456217944,53.17110030364572,481.0689554346243,630.1373244210092,842.8248994144905
random_entry,fixed60_stop1,2,1.0,1500,2000,-72.12649226708596,-45.157813318758414,-16.069170329563136,0.5043941728090998,0.6630218562240873,0.8669675695020629,-51.893104456537564,-36.98626755789908,-15.717510058550955,22.607906511676916,39.635960456217944,53.17110030364572,721.6034331519364,945.2059866315138,1264.2373491217359
random_entry,fixed60_stop1,2,1.0,2000,2000,-72.12649226708596,-45.157813318758414,-16.069170329563136,0.5043941728090998,0.6630218562240873,0.8669675695020629,-51.893104456537564,-36.98626755789908,-15.717510058550955,22.607906511676916,39.635960456217944,53.17110030364572,962.1379108692486,1260.2746488420185,1685.649798828981
random_entry,fixed60_stop1,2,1.0,2500,2000,-72.12649226708596,-45.157813318758414,-16.069170329563136,0.5043941728090998,0.6630218562240873,0.8669675695020629,-51.893104456537564,-36.98626755789908,-15.717510058550955,22.607906511676916,39.635960456217944,53.17110030364572,1202.6723885865608,1575.343311052523,2107.062248536226
random_entry,fixed60_stop1,2,1.0,3000,2000,-72.12649226708596,-45.157813318758414,-16.069170329563136,0.5043941728090998,0.6630218562240873,0.8669675695020629,-51.893104456537564,-36.98626755789908,-15.717510058550955,22.607906511676916,39.635960456217944,53.17110030364572,1443.2068663038729,1890.4119732630277,2528.4746982434717
random_entry,fixed60_stop1,2,2.0,500,2000,-72.12649226708596,-45.157813318758414,-16.069170329563136,0.5043941728090998,0.6630218562240873,0.8669675695020629,-77.28134575512264,-61.11744096524099,-30.417354889575307,40.958843656934015,64.20304289454225,78.46563632385389,113.59327122438683,194.41279517379508,347.9132255521235
random_entry,fixed60_stop1,2,2.0,1000,2000,-72.12649226708596,-45.157813318758414,-16.069170329563136,0.5043941728090998,0.6630218562240873,0.8669675695020629,-77.28134575512264,-61.11744096524099,-30.417354889575307,40.958843656934015,64.20304289454225,78.46563632385389,227.18654244877365,388.82559034759015,695.826451104247
random_entry,fixed60_stop1,2,2.0,1500,2000,-72.12649226708596,-45.157813318758414,-16.069170329563136,0.5043941728090998,0.6630218562240873,0.8669675695020629,-77.28134575512264,-61.11744096524099,-30.417354889575307,40.958843656934015,64.20304289454225,78.46563632385389,340.7798136731605,583.2383855213852,1043.7396766563704
random_entry,fixed60_stop1,2,2.0,2000,2000,-72.12649226708596,-45.157813318758414,-16.069170329563136,0.5043941728090998,0.6630218562240873,0.8669675695020629,-77.28134575512264,-61.11744096524099,-30.417354889575307,40.958843656934015,64.20304289454225,78.46563632385389,454.3730848975473,777.6511806951803,1391.652902208494
random_entry,fixed60_stop1,2,2.0,2500,2000,-72.12649226708596,-45.157813318758414,-16.069170329563136,0.5043941728090998,0.6630218562240873,0.8669675695020629,-77.28134575512264,-61.11744096524099,-30.417354889575307,40.958843656934015,64.20304289454225,78.46563632385389,567.9663561219342,972.0639758689754,1739.5661277606173
random_entry,fixed60_stop1,2,2.0,3000,2000,-72.12649226708596,-45.157813318758414,-16.069170329563136,0.5043941728090998,0.6630218562240873,0.8669675695020629,-77.28134575512264,-61.11744096524099,-30.417354889575307,40.958843656934015,64.20304289454225,78.46563632385389,681.559627346321,1166.4767710427705,2087.479353312741
random_entry,fixed60_stop1,2,3.0,500,2000,-72.12649226708596,-45.157813318758414,-16.069170329563136,0.5043941728090998,0.6630218562240873,0.8669675695020629,-89.46834093055666,-76.49035424871184,-43.597101190077794,55.714739206443554,79.15357994001249,90.27838951495734,52.65829534721669,117.54822875644084,282.014494049611
random_entry,fixed60_stop1,2,3.0,1000,2000,-72.12649226708596,-45.157813318758414,-16.069170329563136,0.5043941728090998,0.6630218562240873,0.8669675695020629,-89.46834093055666,-76.49035424871184,-43.597101190077794,55.714739206443554,79.15357994001249,90.27838951495734,105.31659069443339,235.09645751288167,564.028988099222
random_entry,fixed60_stop1,2,3.0,1500,2000,-72.12649226708596,-45.157813318758414,-16.069170329563136,0.5043941728090998,0.6630218562240873,0.8669675695020629,-89.46834093055666,-76.49035424871184,-43.597101190077794,55.714739206443554,79.15357994001249,90.27838951495734,157.97488604165008,352.6446862693225,846.043482148833
random_entry,fixed60_stop1,2,3.0,2000,2000,-72.12649226708596,-45.157813318758414,-16.069170329563136,0.5043941728090998,0.6630218562240873,0.8669675695020629,-89.46834093055666,-76.49035424871184,-43.597101190077794,55.714739206443554,79.15357994001249,90.27838951495734,210.63318138886677,470.19291502576334,1128.057976198444
random_entry,fixed60_stop1,2,3.0,2500,2000,-72.12649226708596,-45.157813318758414,-16.069170329563136,0.5043941728090998,0.6630218562240873,0.8669675695020629,-89.46834093055666,-76.49035424871184,-43.597101190077794,55.714739206443554,79.15357994001249,90.27838951495734,263.2914767360835,587.7411437822041,1410.0724702480552
random_entry,fixed60_stop1,2,3.0,3000,2000,-72.12649226708596,-45.157813318758414,-16.069170329563136,0.5043941728090998,0.6630218562240873,0.8669675695020629,-89.46834093055666,-76.49035424871184,-43.597101190077794,55.714739206443554,79.15357994001249,90.27838951495734,315.94977208330016,705.289372538645,1692.086964297666
random_entry,fixed60_stop1,2,4.0,500,2000,-72.12649226708596,-45.157813318758414,-16.069170329563136,0.5043941728090998,0.6630218562240873,0.8669675695020629,-95.20837060374413,-86.0676577991386,-55.376995936756174,67.0351863320622,88.08316862409588,95.69160919705458,23.958146981279302,69.66171100430697,223.11502031621913
random_entry,fixed60_stop1,2,4.0,1000,2000,-72.12649226708596,-45.157813318758414,-16.069170329563136,0.5043941728090998,0.6630218562240873,0.8669675695020629,-95.20837060374413,-86.0676577991386,-55.376995936756174,67.0351863320622,88.08316862409588,95.69160919705458,47.916293962558605,139.32342200861393,446.23004063243826
random_entry,fixed60_stop1,2,4.0,1500,2000,-72.12649226708596,-45.157813318758414,-16.069170329563136,0.5043941728090998,0.6630218562240873,0.8669675695020629,-95.20837060374413,-86.0676577991386,-55.376995936756174,67.0351863320622,88.08316862409588,95.69160919705458,71.87444094383791,208.98513301292087,669.3450609486574
random_entry,fixed60_stop1,2,4.0,2000,2000,-72.12649226708596,-45.157813318758414,-16.069170329563136,0.5043941728090998,0.6630218562240873,0.8669675695020629,-95.20837060374413,-86.0676577991386,-55.376995936756174,67.0351863320622,88.08316862409588,95.69160919705458,95.83258792511721,278.64684401722786,892.4600812648765
random_entry,fixed60_stop1,2,4.0,2500,2000,-72.12649226708596,-45.157813318758414,-16.069170329563136,0.5043941728090998,0.6630218562240873,0.8669675695020629,-95.20837060374413,-86.0676577991386,-55.376995936756174,67.0351863320622,88.08316862409588,95.69160919705458,119.79073490639652,348.30855502153474,1115.5751015810956
random_entry,fixed60_stop1,2,4.0,3000,2000,-72.12649226708596,-45.157813318758414,-16.069170329563136,0.5043941728090998,0.6630218562240873,0.8669675695020629,-95.20837060374413,-86.0676577991386,-55.376995936756174,67.0351863320622,88.08316862409588,95.69160919705458,143.74888188767582,417.97026602584174,1338.6901218973148
random_entry,fixed60_stop1,2,5.0,500,2000,-72.12649226708596,-45.157813318758414,-16.069170329563136,0.5043941728090998,0.6630218562240873,0.8669675695020629,-97.86696330632205,-91.89894627629488,-65.30717208373116,76.01392191500624,93.3271745978389,98.1252341332113,10.665183468389722,40.50526861852566,173.46413958134417
random_entry,fixed60_stop1,2,5.0,1000,2000,-72.12649226708596,-45.157813318758414,-16.069170329563136,0.5043941728090998,0.6630218562240873,0.8669675695020629,-97.86696330632205,-91.89894627629488,-65.30717208373116,76.01392191500624,93.3271745978389,98.1252341332113,21.330366936779445,81.01053723705132,346.92827916268834
random_entry,fixed60_stop1,2,5.0,1500,2000,-72.12649226708596,-45.157813318758414,-16.069170329563136,0.5043941728090998,0.6630218562240873,0.8669675695020629,-97.86696330632205,-91.89894627629488,-65.30717208373116,76.01392191500624,93.3271745978389,98.1252341332113,31.99555040516917,121.51580585557699,520.3924187440324
random_entry,fixed60_stop1,2,5.0,2000,2000,-72.12649226708596,-45.157813318758414,-16.069170329563136,0.5043941728090998,0.6630218562240873,0.8669675695020629,-97.86696330632205,-91.89894627629488,-65.30717208373116,76.01392191500624,93.3271745978389,98.1252341332113,42.66073387355889,162.02107447410265,693.8565583253767
random_entry,fixed60_stop1,2,5.0,2500,2000,-72.12649226708596,-45.157813318758414,-16.069170329563136,0.5043941728090998,0.6630218562240873,0.8669675695020629,-97.86696330632205,-91.89894627629488,-65.30717208373116,76.01392191500624,93.3271745978389,98.1252341332113,53.32591734194862,202.52634309262828,867.3206979067207
random_entry,fixed60_stop1,2,5.0,3000,2000,-72.12649226708596,-45.157813318758414,-16.069170329563136,0.5043941728090998,0.6630218562240873,0.8669675695020629,-97.86696330632205,-91.89894627629488,-65.30717208373116,76.01392191500624,93.3271745978389,98.1252341332113,63.99110081033834,243.03161171115397,1040.7848374880648
random_direction,runner_stop1,2,1.0,500,2000,-54.91104669844532,-22.039517252144982,12.995919327538957,0.7313574397036101,0.8855965138835195,1.073904866325128,-43.60445463701296,-21.802909603332488,11.117150484445732,18.96243809227552,34.0620957191951,49.71205772838341,281.9777268149352,390.98545198333755,555.5857524222287
random_direction,runner_stop1,2,1.0,1000,2000,-54.91104669844532,-22.039517252144982,12.995919327538957,0.7313574397036101,0.8855965138835195,1.073904866325128,-43.60445463701296,-21.802909603332488,11.117150484445732,18.96243809227552,34.0620957191951,49.71205772838341,563.9554536298704,781.9709039666751,1111.1715048444573
random_direction,runner_stop1,2,1.0,1500,2000,-54.91104669844532,-22.039517252144982,12.995919327538957,0.7313574397036101,0.8855965138835195,1.073904866325128,-43.60445463701296,-21.802909603332488,11.117150484445732,18.96243809227552,34.0620957191951,49.71205772838341,845.9331804448055,1172.9563559500127,1666.7572572666859
random_direction,runner_stop1,2,1.0,2000,2000,-54.91104669844532,-22.039517252144982,12.995919327538957,0.7313574397036101,0.8855965138835195,1.073904866325128,-43.60445463701296,-21.802909603332488,11.117150484445732,18.96243809227552,34.0620957191951,49.71205772838341,1127.9109072597407,1563.9418079333502,2222.3430096889147
random_direction,runner_stop1,2,1.0,2500,2000,-54.91104669844532,-22.039517252144982,12.995919327538957,0.7313574397036101,0.8855965138835195,1.073904866325128,-43.60445463701296,-21.802909603332488,11.117150484445732,18.96243809227552,34.0620957191951,49.71205772838341,1409.8886340746758,1954.9272599166877,2777.928762111143
random_direction,runner_stop1,2,1.0,3000,2000,-54.91104669844532,-22.039517252144982,12.995919327538957,0.7313574397036101,0.8855965138835195,1.073904866325128,-43.60445463701296,-21.802909603332488,11.117150484445732,18.96243809227552,34.0620957191951,49.71205772838341,1691.866360889611,2345.9127119000254,3333.5145145333718
random_direction,runner_stop1,2,2.0,500,2000,-54.91104669844532,-22.039517252144982,12.995919327538957,0.7313574397036101,0.8855965138835195,1.073904866325128,-69.60453639297496,-41.82925813429757,17.085374377077837,35.769145854278975,57.91367998732817,75.64351258387074,151.97731803512522,290.85370932851214,585.4268718853892
random_direction,runner_stop1,2,2.0,1000,2000,-54.91104669844532,-22.039517252144982,12.995919327538957,0.7313574397036101,0.8855965138835195,1.073904866325128,-69.60453639297496,-41.82925813429757,17.085374377077837,35.769145854278975,57.91367998732817,75.64351258387074,303.95463607025044,581.7074186570243,1170.8537437707785
random_direction,runner_stop1,2,2.0,1500,2000,-54.91104669844532,-22.039517252144982,12.995919327538957,0.7313574397036101,0.8855965138835195,1.073904866325128,-69.60453639297496,-41.82925813429757,17.085374377077837,35.769145854278975,57.91367998732817,75.64351258387074,455.9319541053756,872.5611279855364,1756.2806156561676
random_direction,runner_stop1,2,2.0,2000,2000,-54.91104669844532,-22.039517252144982,12.995919327538957,0.7313574397036101,0.8855965138835195,1.073904866325128,-69.60453639297496,-41.82925813429757,17.085374377077837,35.769145854278975,57.91367998732817,75.64351258387074,607.9092721405009,1163.4148373140486,2341.707487541557
random_direction,runner_stop1,2,2.0,2500,2000,-54.91104669844532,-22.039517252144982,12.995919327538957,0.7313574397036101,0.8855965138835195,1.073904866325128,-69.60453639297496,-41.82925813429757,17.085374377077837,35.769145854278975,57.91367998732817,75.64351258387074,759.8865901756261,1454.2685466425608,2927.134359426946
random_direction,runner_stop1,2,2.0,3000,2000,-54.91104669844532,-22.039517252144982,12.995919327538957,0.7313574397036101,0.8855965138835195,1.073904866325128,-69.60453639297496,-41.82925813429757,17.085374377077837,35.769145854278975,57.91367998732817,75.64351258387074,911.8639082107512,1745.1222559710727,3512.561231312335
random_direction,runner_stop1,2,3.0,500,2000,-54.91104669844532,-22.039517252144982,12.995919327538957,0.7313574397036101,0.8855965138835195,1.073904866325128,-84.37220333762717,-58.78414157088038,17.080899104792106,50.36868705807124,73.84813254692418,88.62845733503327,78.13898331186415,206.0792921455981,585.4044955239605
random_direction,runner_stop1,2,3.0,1000,2000,-54.91104669844532,-22.039517252144982,12.995919327538957,0.7313574397036101,0.8855965138835195,1.073904866325128,-84.37220333762717,-58.78414157088038,17.080899104792106,50.36868705807124,73.84813254692418,88.62845733503327,156.2779666237283,412.1585842911962,1170.808991047921
random_direction,runner_stop1,2,3.0,1500,2000,-54.91104669844532,-22.039517252144982,12.995919327538957,0.7313574397036101,0.8855965138835195,1.073904866325128,-84.37220333762717,-58.78414157088038,17.080899104792106,50.36868705807124,73.84813254692418,88.62845733503327,234.4169499355924,618.2378764367943,1756.2134865718815
random_direction,runner_stop1,2,3.0,2000,2000,-54.91104669844532,-22.039517252144982,12.995919327538957,0.7313574397036101,0.8855965138835195,1.073904866325128,-84.37220333762717,-58.78414157088038,17.080899104792106,50.36868705807124,73.84813254692418,88.62845733503327,312.5559332474566,824.3171685823924,2341.617982095842
random_direction,runner_stop1,2,3.0,2500,2000,-54.91104669844532,-22.039517252144982,12.995919327538957,0.7313574397036101,0.8855965138835195,1.073904866325128,-84.37220333762717,-58.78414157088038,17.080899104792106,50.36868705807124,73.84813254692418,88.62845733503327,390.6949165593207,1030.3964607279904,2927.0224776198024
random_direction,runner_stop1,2,3.0,3000,2000,-54.91104669844532,-22.039517252144982,12.995919327538957,0.7313574397036101,0.8855965138835195,1.073904866325128,-84.37220333762717,-58.78414157088038,17.080899104792106,50.36868705807124,73.84813254692418,88.62845733503327,468.8338998711848,1236.4757528735886,3512.426973143763
random_direction,runner_stop1,2,4.0,500,2000,-54.91104669844532,-22.039517252144982,12.995919327538957,0.7313574397036101,0.8855965138835195,1.073904866325128,-92.34328555767632,-72.11335006494397,11.259284915125152,61.55640455910371,84.22331358308264,94.88307178488873,38.28357221161838,139.4332496752802,556.2964245756257
random_direction,runner_stop1,2,4.0,1000,2000,-54.91104669844532,-22.039517252144982,12.995919327538957,0.7313574397036101,0.8855965138835195,1.073904866325128,-92.34328555767632,-72.11335006494397,11.259284915125152,61.55640455910371,84.22331358308264,94.88307178488873,76.56714442323675,278.8664993505604,1112.5928491512514
random_direction,runner_stop1,2,4.0,1500,2000,-54.91104669844532,-22.039517252144982,12.995919327538957,0.7313574397036101,0.8855965138835195,1.073904866325128,-92.34328555767632,-72.11335006494397,11.259284915125152,61.55640455910371,84.22331358308264,94.88307178488873,114.85071663485515,418.2997490258405,1668.8892737268773
random_direction,runner_stop1,2,4.0,2000,2000,-54.91104669844532,-22.039517252144982,12.995919327538957,0.7313574397036101,0.8855965138835195,1.073904866325128,-92.34328555767632,-72.11335006494397,11.259284915125152,61.55640455910371,84.22331358308264,94.88307178488873,153.1342888464735,557.7329987011208,2225.1856983025027
random_direction,runner_stop1,2,4.0,2500,2000,-54.91104669844532,-22.039517252144982,12.995919327538957,0.7313574397036101,0.8855965138835195,1.073904866325128,-92.34328555767632,-72.11335006494397,11.259284915125152,61.55640455910371,84.22331358308264,94.88307178488873,191.4178610580919,697.1662483764009,2781.482122878129
random_direction,runner_stop1,2,4.0,3000,2000,-54.91104669844532,-22.039517252144982,12.995919327538957,0.7313574397036101,0.8855965138835195,1.073904866325128,-92.34328555767632,-72.11335006494397,11.259284915125152,61.55640455910371,84.22331358308264,94.88307178488873,229.7014332697103,836.599498051681,3337.7785474537545
random_direction,runner_stop1,2,5.0,500,2000,-54.91104669844532,-22.039517252144982,12.995919327538957,0.7313574397036101,0.8855965138835195,1.073904866325128,-96.41806868645678,-82.06204280389682,0.5801557891402791,70.91716785457643,90.8345839319155,97.80818291827711,17.909656567716112,89.68978598051598,502.9007789457014
random_direction,runner_stop1,2,5.0,1000,2000,-54.91104669844532,-22.039517252144982,12.995919327538957,0.7313574397036101,0.8855965138835195,1.073904866325128,-96.41806868645678,-82.06204280389682,0.5801557891402791,70.91716785457643,90.8345839319155,97.80818291827711,35.819313135432225,179.37957196103196,1005.8015578914028
random_direction,runner_stop1,2,5.0,1500,2000,-54.91104669844532,-22.039517252144982,12.995919327538957,0.7313574397036101,0.8855965138835195,1.073904866325128,-96.41806868645678,-82.06204280389682,0.5801557891402791,70.91716785457643,90.8345839319155,97.80818291827711,53.728969703148344,269.0693579415479,1508.7023368371042
random_direction,runner_stop1,2,5.0,2000,2000,-54.91104669844532,-22.039517252144982,12.995919327538957,0.7313574397036101,0.8855965138835195,1.073904866325128,-96.41806868645678,-82.06204280389682,0.5801557891402791,70.91716785457643,90.8345839319155,97.80818291827711,71.63862627086445,358.7591439220639,2011.6031157828056
random_direction,runner_stop1,2,5.0,2500,2000,-54.91104669844532,-22.039517252144982,12.995919327538957,0.7313574397036101,0.8855965138835195,1.073904866325128,-96.41806868645678,-82.06204280389682,0.5801557891402791,70.91716785457643,90.8345839319155,97.80818291827711,89.54828283858056,448.44892990257983,2514.503894728507
random_direction,runner_stop1,2,5.0,3000,2000,-54.91104669844532,-22.039517252144982,12.995919327538957,0.7313574397036101,0.8855965138835195,1.073904866325128,-96.41806868645678,-82.06204280389682,0.5801557891402791,70.91716785457643,90.8345839319155,97.80818291827711,107.45793940629669,538.1387158830958,3017.4046736742084
random_entry,runner_stop1,2,1.0,500,2000,-82.39711879018455,-40.650602915654616,4.670820445190537,0.613034977324168,0.7965234345962982,1.0252731004541984,-57.04364421457792,-35.112709586049036,1.8066460573727912,21.536446788482,41.90156351527849,59.58863553672364,214.7817789271104,324.4364520697548,509.03323028686395
random_entry,runner_stop1,2,1.0,1000,2000,-82.39711879018455,-40.650602915654616,4.670820445190537,0.613034977324168,0.7965234345962982,1.0252731004541984,-57.04364421457792,-35.112709586049036,1.8066460573727912,21.536446788482,41.90156351527849,59.58863553672364,429.5635578542208,648.8729041395096,1018.0664605737279
random_entry,runner_stop1,2,1.0,1500,2000,-82.39711879018455,-40.650602915654616,4.670820445190537,0.613034977324168,0.7965234345962982,1.0252731004541984,-57.04364421457792,-35.112709586049036,1.8066460573727912,21.536446788482,41.90156351527849,59.58863553672364,644.3453367813312,973.3093562092645,1527.0996908605919
random_entry,runner_stop1,2,1.0,2000,2000,-82.39711879018455,-40.650602915654616,4.670820445190537,0.613034977324168,0.7965234345962982,1.0252731004541984,-57.04364421457792,-35.112709586049036,1.8066460573727912,21.536446788482,41.90156351527849,59.58863553672364,859.1271157084416,1297.7458082790192,2036.1329211474558
random_entry,runner_stop1,2,1.0,2500,2000,-82.39711879018455,-40.650602915654616,4.670820445190537,0.613034977324168,0.7965234345962982,1.0252731004541984,-57.04364421457792,-35.112709586049036,1.8066460573727912,21.536446788482,41.90156351527849,59.58863553672364,1073.908894635552,1622.1822603487742,2545.16615143432
random_entry,runner_stop1,2,1.0,3000,2000,-82.39711879018455,-40.650602915654616,4.670820445190537,0.613034977324168,0.7965234345962982,1.0252731004541984,-57.04364421457792,-35.112709586049036,1.8066460573727912,21.536446788482,41.90156351527849,59.58863553672364,1288.6906735626624,1946.618712418529,3054.1993817211837
random_entry,runner_stop1,2,2.0,500,2000,-82.39711879018455,-40.650602915654616,4.670820445190537,0.613034977324168,0.7965234345962982,1.0252731004541984,-82.34392354655989,-59.95795901708897,-2.0388782456796064,38.984583238842326,67.48561066657174,84.40494269693059,88.28038226720055,200.21020491455516,489.805608771602
random_entry,runner_stop1,2,2.0,1000,2000,-82.39711879018455,-40.650602915654616,4.670820445190537,0.613034977324168,0.7965234345962982,1.0252731004541984,-82.34392354655989,-59.95795901708897,-2.0388782456796064,38.984583238842326,67.48561066657174,84.40494269693059,176.5607645344011,400.4204098291103,979.611217543204
random_entry,runner_stop1,2,2.0,1500,2000,-82.39711879018455,-40.650602915654616,4.670820445190537,0.613034977324168,0.7965234345962982,1.0252731004541984,-82.34392354655989,-59.95795901708897,-2.0388782456796064,38.984583238842326,67.48561066657174,84.40494269693059,264.84114680160167,600.6306147436655,1469.4168263148058
random_entry,runner_stop1,2,2.0,2000,2000,-82.39711879018455,-40.650602915654616,4.670820445190537,0.613034977324168,0.7965234345962982,1.0252731004541984,-82.34392354655989,-59.95795901708897,-2.0388782456796064,38.984583238842326,67.48561066657174,84.40494269693059,353.1215290688022,800.8408196582207,1959.222435086408
random_entry,runner_stop1,2,2.0,2500,2000,-82.39711879018455,-40.650602915654616,4.670820445190537,0.613034977324168,0.7965234345962982,1.0252731004541984,-82.34392354655989,-59.95795901708897,-2.0388782456796064,38.984583238842326,67.48561066657174,84.40494269693059,441.4019113360028,1001.0510245727758,2449.02804385801
random_entry,runner_stop1,2,2.0,3000,2000,-82.39711879018455,-40.650602915654616,4.670820445190537,0.613034977324168,0.7965234345962982,1.0252731004541984,-82.34392354655989,-59.95795901708897,-2.0388782456796064,38.984583238842326,67.48561066657174,84.40494269693059,529.6822936032033,1201.261229487331,2938.8336526296116
random_entry,runner_stop1,2,3.0,500,2000,-82.39711879018455,-40.650602915654616,4.670820445190537,0.613034977324168,0.7965234345962982,1.0252731004541984,-93.0529597792694,-76.45714171639153,-10.762190627756361,54.2969027086898,82.40613221987081,94.22101200496503,34.73520110365299,117.7142914180423,446.1890468612182
random_entry,runner_stop1,2,3.0,1000,2000,-82.39711879018455,-40.650602915654616,4.670820445190537,0.613034977324168,0.7965234345962982,1.0252731004541984,-93.0529597792694,-76.45714171639153,-10.762190627756361,54.2969027086898,82.40613221987081,94.22101200496503,69.47040220730598,235.4285828360846,892.3780937224363
random_entry,runner_stop1,2,3.0,1500,2000,-82.39711879018455,-40.650602915654616,4.670820445190537,0.613034977324168,0.7965234345962982,1.0252731004541984,-93.0529597792694,-76.45714171639153,-10.762190627756361,54.2969027086898,82.40613221987081,94.22101200496503,104.20560331095896,353.1428742541269,1338.5671405836545
random_entry,runner_stop1,2,3.0,2000,2000,-82.39711879018455,-40.650602915654616,4.670820445190537,0.613034977324168,0.7965234345962982,1.0252731004541984,-93.0529597792694,-76.45714171639153,-10.762190627756361,54.2969027086898,82.40613221987081,94.22101200496503,138.94080441461196,470.8571656721692,1784.7561874448727
random_entry,runner_stop1,2,3.0,2500,2000,-82.39711879018455,-40.650602915654616,4.670820445190537,0.613034977324168,0.7965234345962982,1.0252731004541984,-93.0529597792694,-76.45714171639153,-10.762190627756361,54.2969027086898,82.40613221987081,94.22101200496503,173.67600551826496,588.5714570902114,2230.9452343060907
random_entry,runner_stop1,2,3.0,3000,2000,-82.39711879018455,-40.650602915654616,4.670820445190537,0.613034977324168,0.7965234345962982,1.0252731004541984,-93.0529597792694,-76.45714171639153,-10.762190627756361,54.2969027086898,82.40613221987081,94.22101200496503,208.41120662191793,706.2857485082538,2677.134281167309
random_entry,runner_stop1,2,4.0,500,2000,-82.39711879018455,-40.650602915654616,4.670820445190537,0.613034977324168,0.7965234345962982,1.0252731004541984,-97.3747251265591,-86.81170676513347,-22.926730939819358,66.65606603905663,90.87758343028688,97.92394384028809,13.126374367204455,65.94146617433263,385.3663453009032
random_entry,runner_stop1,2,4.0,1000,2000,-82.39711879018455,-40.650602915654616,4.670820445190537,0.613034977324168,0.7965234345962982,1.0252731004541984,-97.3747251265591,-86.81170676513347,-22.926730939819358,66.65606603905663,90.87758343028688,97.92394384028809,26.25274873440891,131.88293234866526,770.7326906018064
random_entry,runner_stop1,2,4.0,1500,2000,-82.39711879018455,-40.650602915654616,4.670820445190537,0.613034977324168,0.7965234345962982,1.0252731004541984,-97.3747251265591,-86.81170676513347,-22.926730939819358,66.65606603905663,90.87758343028688,97.92394384028809,39.37912310161337,197.8243985229979,1156.0990359027096
random_entry,runner_stop1,2,4.0,2000,2000,-82.39711879018455,-40.650602915654616,4.670820445190537,0.613034977324168,0.7965234345962982,1.0252731004541984,-97.3747251265591,-86.81170676513347,-22.926730939819358,66.65606603905663,90.87758343028688,97.92394384028809,52.50549746881782,263.7658646973305,1541.4653812036129
random_entry,runner_stop1,2,4.0,2500,2000,-82.39711879018455,-40.650602915654616,4.670820445190537,0.613034977324168,0.7965234345962982,1.0252731004541984,-97.3747251265591,-86.81170676513347,-22.926730939819358,66.65606603905663,90.87758343028688,97.92394384028809,65.63187183602227,329.7073308716632,1926.831726504516
random_entry,runner_stop1,2,4.0,3000,2000,-82.39711879018455,-40.650602915654616,4.670820445190537,0.613034977324168,0.7965234345962982,1.0252731004541984,-97.3747251265591,-86.81170676513347,-22.926730939819358,66.65606603905663,90.87758343028688,97.92394384028809,78.75824620322673,395.6487970459958,2312.198071805419
random_entry,runner_stop1,2,5.0,500,2000,-82.39711879018455,-40.650602915654616,4.670820445190537,0.613034977324168,0.7965234345962982,1.0252731004541984,-99.05473311693326,-92.96601454585598,-36.87745899592136,76.21408464284646,95.4091560333728,99.2813845830925,4.7263344153336915,35.1699272707201,315.6127050203932
random_entry,runner_stop1,2,5.0,1000,2000,-82.39711879018455,-40.650602915654616,4.670820445190537,0.613034977324168,0.7965234345962982,1.0252731004541984,-99.05473311693326,-92.96601454585598,-36.87745899592136,76.21408464284646,95.4091560333728,99.2813845830925,9.452668830667383,70.3398545414402,631.2254100407864
random_entry,runner_stop1,2,5.0,1500,2000,-82.39711879018455,-40.650602915654616,4.670820445190537,0.613034977324168,0.7965234345962982,1.0252731004541984,-99.05473311693326,-92.96601454585598,-36.87745899592136,76.21408464284646,95.4091560333728,99.2813845830925,14.179003246001074,105.5097818121603,946.8381150611796
random_entry,runner_stop1,2,5.0,2000,2000,-82.39711879018455,-40.650602915654616,4.670820445190537,0.613034977324168,0.7965234345962982,1.0252731004541984,-99.05473311693326,-92.96601454585598,-36.87745899592136,76.21408464284646,95.4091560333728,99.2813845830925,18.905337661334766,140.6797090828804,1262.4508200815728
random_entry,runner_stop1,2,5.0,2500,2000,-82.39711879018455,-40.650602915654616,4.670820445190537,0.613034977324168,0.7965234345962982,1.0252731004541984,-99.05473311693326,-92.96601454585598,-36.87745899592136,76.21408464284646,95.4091560333728,99.2813845830925,23.63167207666846,175.84963635360052,1578.063525101966
random_entry,runner_stop1,2,5.0,3000,2000,-82.39711879018455,-40.650602915654616,4.670820445190537,0.613034977324168,0.7965234345962982,1.0252731004541984,-99.05473311693326,-92.96601454585598,-36.87745899592136,76.21408464284646,95.4091560333728,99.2813845830925,28.358006492002147,211.0195636243206,1893.6762301223591
