test_year,feature,quantile,value,score
2014,ret_1,0.05,-1.1500796073844555,0.028386344617107418
2014,ret_1,0.06,-1.0489951339348347,0.028386344617107418
2014,ret_1,0.07,-0.9630885430885092,0.028386344617107418
2014,ret_1,0.08,-0.8924062532070101,0.024798146874882288
2014,ret_1,0.09,-0.8319936483179785,0.024798146874882288
2014,ret_1,0.09999999999999999,-0.7799933103603731,0.024798146874882288
2014,ret_1,0.10999999999999999,-0.7305585284280914,0.02393020099836275
2014,ret_1,0.12,-0.6835076883484384,0.02393020099836275
2014,ret_1,0.13,-0.6440286298567642,0.02393020099836275
2014,ret_1,0.13999999999999999,-0.6111550011550488,0.02037033993831112
2014,ret_1,0.14999999999999997,-0.5800011350737732,0.02037033993831112
2014,ret_1,0.15999999999999998,-0.5490196078431644,0.02037033993831112
2014,ret_1,0.16999999999999998,-0.5209199617838981,0.02037033993831112
2014,ret_1,0.18,-0.49557522123900294,0.01756222429118529
2014,ret_1,0.19,-0.4729729729729662,0.01756222429118529
2014,ret_1,0.19999999999999996,-0.45037345839846954,0.01756222429118529
2014,ret_1,0.20999999999999996,-0.4248413923868673,0.016267797723177903
2014,ret_1,0.21999999999999997,-0.4031413612565398,0.016267797723177903
2014,ret_1,0.22999999999999998,-0.3802271317551048,0.016267797723177903
2014,ret_1,0.24,-0.3587704340529373,0.016267797723177903
2014,ret_1,0.24999999999999994,-0.3383699914061794,0.014983841703712484
2014,ret_1,0.25999999999999995,-0.31818181818185415,0.014983841703712484
2014,ret_1,0.26999999999999996,-0.3024767760556975,0.014983841703712484
2014,ret_1,0.27999999999999997,-0.283706485625203,0.013895224637953498
2014,ret_1,0.29,-0.2653378580565659,0.013895224637953498
2014,ret_1,0.3,-0.2509638781621335,0.013895224637953498
2014,ret_1,0.30999999999999994,-0.2359550561798139,0.011295337460532151
2014,ret_1,0.31999999999999995,-0.21989528795807486,0.011295337460532151
2014,ret_1,0.32999999999999996,-0.2048780487804621,0.011295337460532151
2014,ret_1,0.33999999999999997,-0.19118283468076253,0.00828024061709938
2014,ret_1,0.3499999999999999,-0.17613898579571496,0.00828024061709938
2014,ret_1,0.35999999999999993,-0.16232511579261927,0.00828024061709938
2014,ret_1,0.36999999999999994,-0.14610933844893154,0.00828024061709938
2014,ret_1,0.37999999999999995,-0.13333333333331238,0.004927657187735447
2014,ret_1,0.38999999999999996,-0.11789473684210672,0.004927657187735447
2014,ret_1,0.3999999999999999,-0.10306246209828429,0.004927657187735447
2014,ret_1,0.4099999999999999,-0.0874999999999518,0.002422117740936486
2014,ret_1,0.41999999999999993,-0.0733163694944203,0.002422117740936486
2014,ret_1,0.42999999999999994,-0.060017363344039364,0.002422117740936486
2014,ret_1,0.43999999999999995,-0.04509553928649656,-0.0011638403861153176
2014,ret_1,0.4499999999999999,-0.03146244227314113,-0.0011638403861153176
2014,ret_1,0.4599999999999999,-0.018813978172257405,-0.0011638403861153176
2014,ret_1,0.4699999999999999,0.0,-0.005972188389305325
2014,ret_1,0.4799999999999999,0.0,-0.005972188389305325
2014,ret_1,0.48999999999999994,0.022608710463570852,-0.005972188389305325
2014,ret_1,0.49999999999999994,0.03594351732993296,-0.008787497890447046
2014,ret_1,0.5099999999999999,0.04897135348410816,-0.008787497890447046
2014,ret_1,0.5199999999999999,0.0627802690582593,-0.008787497890447046
2014,ret_1,0.5299999999999999,0.07703630410148492,-0.012855325662269115
2014,ret_1,0.5399999999999999,0.09012179561543662,-0.012855325662269115
2014,ret_1,0.5499999999999999,0.10370370370369904,-0.012855325662269115
2014,ret_1,0.5599999999999999,0.11574423662465771,-0.012855325662269115
2014,ret_1,0.57,0.12990587114509317,-0.014488389540123922
2014,ret_1,0.58,0.14369501466277654,-0.014488389540123922
2014,ret_1,0.59,0.15516506869922755,-0.014488389540123922
2014,ret_1,0.6,0.16963496189479474,-0.015557067778104547
2014,ret_1,0.61,0.18426038204473516,-0.015557067778104547
2014,ret_1,0.62,0.19895910277747428,-0.015557067778104547
2014,ret_1,0.63,0.21455581761885698,-0.016028870857506417
2014,ret_1,0.6399999999999999,0.22913757063275234,-0.016028870857506417
2014,ret_1,0.6499999999999999,0.24242424242424931,-0.016028870857506417
2014,ret_1,0.6599999999999999,0.25556994798096017,-0.016028870857506417
2014,ret_1,0.6699999999999999,0.2716948201358147,-0.016240578336999087
2014,ret_1,0.6799999999999999,0.2868852459016029,-0.016240578336999087
2014,ret_1,0.69,0.3018102606931167,-0.016240578336999087
2014,ret_1,0.7,0.31818181818183,-0.015128527401226692
2014,ret_1,0.71,0.3355119825708434,-0.015128527401226692
2014,ret_1,0.72,0.35163630889658704,-0.015128527401226692
2014,ret_1,0.73,0.3664397589881087,-0.015318361919923732
2014,ret_1,0.74,0.3830539753639599,-0.015318361919923732
2014,ret_1,0.7499999999999999,0.3991552270327068,-0.015318361919923732
2014,ret_1,0.7599999999999999,0.41637303606391324,-0.015291254506351252
2014,ret_1,0.7699999999999999,0.43475310648296545,-0.015291254506351252
2014,ret_1,0.7799999999999999,0.45290199809708237,-0.015291254506351252
2014,ret_1,0.7899999999999999,0.4707474329176507,-0.015291254506351252
2014,ret_1,0.7999999999999999,0.4897150378721697,-0.018610150212597775
2014,ret_1,0.8099999999999999,0.5107557808441839,-0.018610150212597775
2014,ret_1,0.82,0.5309439052928471,-0.018610150212597775
2014,ret_1,0.83,0.5560571553480261,-0.02228539495192904
2014,ret_1,0.84,0.5811393561723737,-0.02228539495192904
2014,ret_1,0.8499999999999999,0.6098805026360102,-0.02228539495192904
2014,ret_1,0.8599999999999999,0.6381885506053585,-0.02228539495192904
2014,ret_1,0.8699999999999999,0.6695652173913168,-0.01659339810653776
2014,ret_1,0.8799999999999999,0.701949860724216,-0.01659339810653776
2014,ret_1,0.8899999999999999,0.7406089743589073,-0.01659339810653776
2014,ret_1,0.8999999999999999,0.7822026941185886,-0.014532312969952301
2014,ret_1,0.9099999999999999,0.829808871258635,-0.014532312969952301
2014,ret_1,0.9199999999999999,0.8832274831964496,-0.014532312969952301
2014,ret_1,0.9299999999999999,0.949075838178898,-0.011532036614598225
2014,ret_1,0.94,1.0233267879288948,-0.011532036614598225
2014,ret_1,0.95,1.1249999999999825,-0.011532036614598225
2014,ret_2,0.05,-1.7315744157441137,0.015482975971426099
2014,ret_2,0.06,-1.5918394648828522,0.015482975971426099
2014,ret_2,0.07,-1.4775252073508036,0.015482975971426099
2014,ret_2,0.08,-1.3546329907037136,0.00386472043894983
2014,ret_2,0.09,-1.2661517227996937,0.00386472043894983
2014,ret_2,0.09999999999999999,-1.1766236892435327,0.00386472043894983
2014,ret_2,0.10999999999999999,-1.1060246834428253,-0.0006229293851956684
2014,ret_2,0.12,-1.0523013415892146,-0.0006229293851956684
2014,ret_2,0.13,-0.9888276757855485,-0.0006229293851956684
2014,ret_2,0.13999999999999999,-0.9354788370403139,-0.0006229293851956684
2014,ret_2,0.14999999999999997,-0.8836337782670584,-0.004688989676222575
2014,ret_2,0.15999999999999998,-0.8329265336021225,-0.004688989676222575
2014,ret_2,0.16999999999999998,-0.7924528301886329,-0.004688989676222575
2014,ret_2,0.18,-0.7537099078579553,-0.0013066217575934092
2014,ret_2,0.19,-0.712909771473597,-0.0013066217575934092
2014,ret_2,0.19999999999999996,-0.6745139804800866,-0.0013066217575934092
2014,ret_2,0.20999999999999996,-0.6389316327382274,8.846842993741581e-05
2014,ret_2,0.21999999999999997,-0.6044452727973042,8.846842993741581e-05
2014,ret_2,0.22999999999999998,-0.572309069645507,8.846842993741581e-05
2014,ret_2,0.24,-0.5429776306963696,8.846842993741581e-05
2014,ret_2,0.24999999999999994,-0.5161491037790521,-0.0012578385697602482
2014,ret_2,0.25999999999999995,-0.4861857607150585,-0.0012578385697602482
2014,ret_2,0.26999999999999996,-0.4575236148641157,-0.0012578385697602482
2014,ret_2,0.27999999999999997,-0.4302058270601313,-0.0038429346204386337
2014,ret_2,0.29,-0.4035254988913173,-0.0038429346204386337
2014,ret_2,0.3,-0.37620946513974485,-0.0038429346204386337
2014,ret_2,0.30999999999999994,-0.34744354262039484,-0.006207522517076885
2014,ret_2,0.31999999999999995,-0.3227747545881812,-0.006207522517076885
2014,ret_2,0.32999999999999996,-0.29938142804297835,-0.006207522517076885
2014,ret_2,0.33999999999999997,-0.27885731410643416,-0.006207522517076885
2014,ret_2,0.3499999999999999,-0.2560036619822759,-0.007610643158832446
2014,ret_2,0.35999999999999993,-0.23027326084872585,-0.007610643158832446
2014,ret_2,0.36999999999999994,-0.20786575431736443,-0.007610643158832446
2014,ret_2,0.37999999999999995,-0.18614051352970684,-0.009691794234830773
2014,ret_2,0.38999999999999996,-0.16434155848935614,-0.009691794234830773
2014,ret_2,0.3999999999999999,-0.14256313536472667,-0.009691794234830773
2014,ret_2,0.4099999999999999,-0.12095951041557922,-0.0089056425179782
2014,ret_2,0.41999999999999993,-0.09779040289620029,-0.0089056425179782
2014,ret_2,0.42999999999999994,-0.07565842507176065,-0.0089056425179782
2014,ret_2,0.43999999999999995,-0.05436491418566951,-0.0089056425179782
2014,ret_2,0.4499999999999999,-0.031765003478133096,-0.007558252790355842
2014,ret_2,0.4599999999999999,-0.007916101706141938,-0.007558252790355842
2014,ret_2,0.4699999999999999,0.0,-0.007558252790355842
2014,ret_2,0.4799999999999999,0.030623871269791002,-0.004318657490502981
2014,ret_2,0.48999999999999994,0.05386379131475432,-0.004318657490502981
2014,ret_2,0.49999999999999994,0.0743051432812812,-0.004318657490502981
2014,ret_2,0.5099999999999999,0.09332158894647115,-0.0028928342598513014
2014,ret_2,0.5199999999999999,0.11230907889203397,-0.0028928342598513014
2014,ret_2,0.5299999999999999,0.13311224860183246,-0.0028928342598513014
2014,ret_2,0.5399999999999999,0.15384615384617337,-0.0022815646672072172
2014,ret_2,0.5499999999999999,0.17394007659387775,-0.0022815646672072172
2014,ret_2,0.5599999999999999,0.19620552657239396,-0.0005279660973186016
2014,ret_2,0.57,0.21420360701338678,-0.0005279660973186016
2014,ret_2,0.58,0.2353104090300608,-0.0005279660973186016
2014,ret_2,0.59,0.2566080654119868,-0.0005279660973186016
2014,ret_2,0.6,0.27745983745983155,0.00018567351331408164
2014,ret_2,0.61,0.29787234042551414,0.00018567351331408164
2014,ret_2,0.62,0.31945167415119213,0.00018567351331408164
2014,ret_2,0.63,0.33856839786219184,0.002580637647708141
2014,ret_2,0.6399999999999999,0.3589743589743488,0.002580637647708141
2014,ret_2,0.6499999999999999,0.3796193874516459,0.002580637647708141
2014,ret_2,0.6599999999999999,0.4026033229352619,0.004439946966227416
2014,ret_2,0.6699999999999999,0.42384596104472433,0.004439946966227416
2014,ret_2,0.6799999999999999,0.4476161303752544,0.004439946966227416
2014,ret_2,0.69,0.4673259789354703,0.004439946966227416
2014,ret_2,0.7,0.4901574634229854,0.002056733270947766
2014,ret_2,0.71,0.5120724018085426,0.002056733270947766
2014,ret_2,0.72,0.5375812356021222,0.002056733270947766
2014,ret_2,0.73,0.5608438879640277,-0.0005092450344289488
2014,ret_2,0.74,0.588464113571908,-0.0005092450344289488
2014,ret_2,0.7499999999999999,0.6183197382323811,-0.0005092450344289488
2014,ret_2,0.7599999999999999,0.6481481481481539,-0.0025061237057786455
2014,ret_2,0.7699999999999999,0.673674840227002,-0.0025061237057786455
2014,ret_2,0.7799999999999999,0.7028112449799374,-0.0025061237057786455
2014,ret_2,0.7899999999999999,0.7305697012725029,-0.006984724246480052
2014,ret_2,0.7999999999999999,0.7643628418263108,-0.006984724246480052
2014,ret_2,0.8099999999999999,0.7964892779854789,-0.006984724246480052
2014,ret_2,0.82,0.8298141266887191,-0.006984724246480052
2014,ret_2,0.83,0.863277250267878,-0.006216181159071922
2014,ret_2,0.84,0.9063032367972476,-0.006216181159071922
2014,ret_2,0.8499999999999999,0.9447883925311857,-0.006216181159071922
2014,ret_2,0.8599999999999999,0.9871385620025483,-0.004221843410333612
2014,ret_2,0.8699999999999999,1.037671775223498,-0.004221843410333612
2014,ret_2,0.8799999999999999,1.091525423728774,-0.004221843410333612
2014,ret_2,0.8899999999999999,1.1446835851043198,-0.004221843410333612
2014,ret_2,0.8999999999999999,1.2092357538028662,-0.0011832606092929924
2014,ret_2,0.9099999999999999,1.2907862457853756,-0.0011832606092929924
2014,ret_2,0.9199999999999999,1.3834460823064665,-0.0011832606092929924
2014,ret_2,0.9299999999999999,1.4891894252143265,0.014746999466121376
2014,ret_2,0.94,1.5997923715040885,0.014746999466121376
2014,ret_2,0.95,1.7622484045164835,0.014746999466121376
2014,ret_4,0.05,-2.5763900497512537,-0.02307229499075167
2014,ret_4,0.06,-2.366201174659219,-0.02307229499075167
2014,ret_4,0.07,-2.1903658004273923,-0.01852000854133173
2014,ret_4,0.08,-2.0386823369101617,-0.01852000854133173
2014,ret_4,0.09,-1.9091148025941438,-0.01852000854133173
2014,ret_4,0.09999999999999999,-1.8041237113401993,-0.01852000854133173
2014,ret_4,0.10999999999999999,-1.6954457318815215,-0.009390277154183557
2014,ret_4,0.12,-1.5978470187189768,-0.009390277154183557
2014,ret_4,0.13,-1.5089820359281125,-0.009390277154183557
2014,ret_4,0.13999999999999999,-1.4421658071114432,-0.004033779696978391
2014,ret_4,0.14999999999999997,-1.3709305882711915,-0.004033779696978391
2014,ret_4,0.15999999999999998,-1.301025577249798,-0.004033779696978391
2014,ret_4,0.16999999999999998,-1.2359275211901402,-0.004033779696978391
2014,ret_4,0.18,-1.155937902537177,-0.004558200333346761
2014,ret_4,0.19,-1.0977631882468104,-0.004558200333346761
2014,ret_4,0.19999999999999996,-1.037037037037011,-0.004558200333346761
2014,ret_4,0.20999999999999996,-0.9824887646060025,-0.008496157799416352
2014,ret_4,0.21999999999999997,-0.9217152892453733,-0.008496157799416352
2014,ret_4,0.22999999999999998,-0.8709354598617389,-0.008496157799416352
2014,ret_4,0.24,-0.8162222658550818,-0.01252615536765723
2014,ret_4,0.24999999999999994,-0.7703024604293162,-0.01252615536765723
2014,ret_4,0.25999999999999995,-0.7251935724962566,-0.01252615536765723
2014,ret_4,0.26999999999999996,-0.6807898977200991,-0.013164489839216252
2014,ret_4,0.27999999999999997,-0.6397087017267314,-0.013164489839216252
2014,ret_4,0.29,-0.5907422268046183,-0.013164489839216252
2014,ret_4,0.3,-0.5497945205479552,-0.012666328191127391
2014,ret_4,0.30999999999999994,-0.5142085168868692,-0.012666328191127391
2014,ret_4,0.31999999999999995,-0.47615188477706255,-0.012666328191127391
2014,ret_4,0.32999999999999996,-0.43580864012775083,-0.012666328191127391
2014,ret_4,0.33999999999999997,-0.39725671210582575,-0.011647483117006021
2014,ret_4,0.3499999999999999,-0.3579500570098235,-0.011647483117006021
2014,ret_4,0.35999999999999993,-0.316241255699106,-0.011647483117006021
2014,ret_4,0.36999999999999994,-0.2806457487461727,-0.010505141401148443
2014,ret_4,0.37999999999999995,-0.24144772345811188,-0.010505141401148443
2014,ret_4,0.38999999999999996,-0.2100273273273685,-0.010505141401148443
2014,ret_4,0.3999999999999999,-0.17414364265254703,-0.00786295094730704
2014,ret_4,0.4099999999999999,-0.14215922444186505,-0.00786295094730704
2014,ret_4,0.41999999999999993,-0.11082379207012356,-0.00786295094730704
2014,ret_4,0.42999999999999994,-0.07559837256607711,-0.002830340663721162
2014,ret_4,0.43999999999999995,-0.04428558563065812,-0.002830340663721162
2014,ret_4,0.4499999999999999,-0.014862889849622507,-0.002830340663721162
2014,ret_4,0.4599999999999999,0.018147449416157684,-0.002830340663721162
2014,ret_4,0.4699999999999999,0.04874091041302796,-0.0010947304673918161
2014,ret_4,0.4799999999999999,0.08014451890934227,-0.0010947304673918161
2014,ret_4,0.48999999999999994,0.11024584891438978,-0.0010947304673918161
2014,ret_4,0.49999999999999994,0.14069549881055013,-0.0010245002207873936
2014,ret_4,0.5099999999999999,0.17129906721859564,-0.0010245002207873936
2014,ret_4,0.5199999999999999,0.20293623356628207,-0.0010245002207873936
2014,ret_4,0.5299999999999999,0.23411371237456904,0.0011730967215983817
2014,ret_4,0.5399999999999999,0.2654028436019324,0.0011730967215983817
2014,ret_4,0.5499999999999999,0.2959477005217405,0.0011730967215983817
2014,ret_4,0.5599999999999999,0.32783171838805697,0.00021795786091719893
2014,ret_4,0.57,0.3626379692507726,0.00021795786091719893
2014,ret_4,0.58,0.3938318640657806,0.00021795786091719893
2014,ret_4,0.59,0.42794759825319595,0.00021795786091719893
2014,ret_4,0.6,0.4615384615384395,0.0016291825024933977
2014,ret_4,0.61,0.49797479032100683,0.0016291825024933977
2014,ret_4,0.62,0.5225444091964808,0.0016291825024933977
2014,ret_4,0.63,0.55142231947483,0.0016291825024933977
2014,ret_4,0.6399999999999999,0.5859030837004267,0.0024155108161153576
2014,ret_4,0.6499999999999999,0.617770973748378,0.0024155108161153576
2014,ret_4,0.6599999999999999,0.6529181017986689,0.0024155108161153576
2014,ret_4,0.6699999999999999,0.689443918136341,0.00985808243300652
2014,ret_4,0.6799999999999999,0.7252898475458517,0.00985808243300652
2014,ret_4,0.69,0.760478404042582,0.00985808243300652
2014,ret_4,0.7,0.7965517241379859,0.011528468766508275
2014,ret_4,0.71,0.8346199647609048,0.011528468766508275
2014,ret_4,0.72,0.8767301746748722,0.011528468766508275
2014,ret_4,0.73,0.9179177166599071,0.011739146236573258
2014,ret_4,0.74,0.9622188733978542,0.011739146236573258
2014,ret_4,0.7499999999999999,1.0038295645184396,0.011739146236573258
2014,ret_4,0.7599999999999999,1.0465591922281887,0.013811940509339376
2014,ret_4,0.7699999999999999,1.0866603007105193,0.013811940509339376
2014,ret_4,0.7799999999999999,1.1268896350237367,0.013811940509339376
2014,ret_4,0.7899999999999999,1.1784248478162838,0.013811940509339376
2014,ret_4,0.7999999999999999,1.2251812616680147,0.012679821962659536
2014,ret_4,0.8099999999999999,1.2817471295040412,0.012679821962659536
2014,ret_4,0.82,1.3407284151230001,0.012679821962659536
2014,ret_4,0.83,1.4010911495183367,0.012741693957657958
2014,ret_4,0.84,1.469536641300917,0.012741693957657958
2014,ret_4,0.8499999999999999,1.5342465753424699,0.012741693957657958
2014,ret_4,0.8599999999999999,1.6072515033605483,0.014675635733440943
2014,ret_4,0.8699999999999999,1.6843973396266738,0.014675635733440943
2014,ret_4,0.8799999999999999,1.7753926022063486,0.014675635733440943
2014,ret_4,0.8899999999999999,1.8619932332096323,0.014675635733440943
2014,ret_4,0.8999999999999999,1.966361206567408,0.022245610462506255
2014,ret_4,0.9099999999999999,2.085119121638974,0.022245610462506255
2014,ret_4,0.9199999999999999,2.219603178973284,0.022245610462506255
2014,ret_4,0.9299999999999999,2.347449395543342,0.022245610462506255
2014,ret_4,0.94,2.518325444173166,0.027987501137735883
2014,ret_4,0.95,2.701176470588236,0.027987501137735883
2014,ret_8,0.05,-3.503113710181942,0.006426850712074697
2014,ret_8,0.06,-3.3103496957402285,0.006426850712074697
2014,ret_8,0.07,-3.1004514850493408,0.015539622532472035
2014,ret_8,0.08,-2.9525092276620897,0.015539622532472035
2014,ret_8,0.09,-2.7935174713475512,0.015539622532472035
2014,ret_8,0.09999999999999999,-2.657149132054267,0.02235156760762676
2014,ret_8,0.10999999999999999,-2.5068090396064506,0.02235156760762676
2014,ret_8,0.12,-2.39394513179139,0.02235156760762676
2014,ret_8,0.13,-2.271176573158114,0.026513494589833944
2014,ret_8,0.13999999999999999,-2.1624892548288366,0.026513494589833944
2014,ret_8,0.14999999999999997,-2.053102701778933,0.026513494589833944
2014,ret_8,0.15999999999999998,-1.9439193449394991,0.026513494589833944
2014,ret_8,0.16999999999999998,-1.841520010964952,0.026943427835517206
2014,ret_8,0.18,-1.744807121661712,0.026943427835517206
2014,ret_8,0.19,-1.6509556631753017,0.026943427835517206
2014,ret_8,0.19999999999999996,-1.5774647887324271,0.02830103164819587
2014,ret_8,0.20999999999999996,-1.5029880837673033,0.02830103164819587
2014,ret_8,0.21999999999999997,-1.4273816866552558,0.02830103164819587
2014,ret_8,0.22999999999999998,-1.3554919453356853,0.029186598028513037
2014,ret_8,0.24,-1.2886188552144746,0.029186598028513037
2014,ret_8,0.24999999999999994,-1.2114940046743354,0.029186598028513037
2014,ret_8,0.25999999999999995,-1.1478183748083777,0.029186598028513037
2014,ret_8,0.26999999999999996,-1.0761757037378505,0.02759251643924824
2014,ret_8,0.27999999999999997,-1.012849141824761,0.02759251643924824
2014,ret_8,0.29,-0.9463894940218299,0.02759251643924824
2014,ret_8,0.3,-0.8791484897012452,0.02290261024777373
2014,ret_8,0.30999999999999994,-0.8151469332311366,0.02290261024777373
2014,ret_8,0.31999999999999995,-0.7535233918128309,0.02290261024777373
2014,ret_8,0.32999999999999996,-0.6936993288984236,0.021667484685730477
2014,ret_8,0.33999999999999997,-0.6301068493150404,0.021667484685730477
2014,ret_8,0.3499999999999999,-0.5726002075628613,0.021667484685730477
2014,ret_8,0.35999999999999993,-0.5169612483089969,0.021667484685730477
2014,ret_8,0.36999999999999994,-0.4620770693623749,0.021025872430285
2014,ret_8,0.37999999999999995,-0.40183402515917355,0.021025872430285
2014,ret_8,0.38999999999999996,-0.34284100432319176,0.021025872430285
2014,ret_8,0.3999999999999999,-0.28365624051022315,0.017267340463314063
2014,ret_8,0.4099999999999999,-0.22089192146670938,0.017267340463314063
2014,ret_8,0.41999999999999993,-0.1697772317772144,0.017267340463314063
2014,ret_8,0.42999999999999994,-0.11377727205268692,0.015102395256148211
2014,ret_8,0.43999999999999995,-0.06038650458945678,0.015102395256148211
2014,ret_8,0.4499999999999999,0.0,0.015102395256148211
2014,ret_8,0.4599999999999999,0.05418733802303602,0.012164130678960178
2014,ret_8,0.4699999999999999,0.10402000883207449,0.012164130678960178
2014,ret_8,0.4799999999999999,0.16052523311155373,0.012164130678960178
2014,ret_8,0.48999999999999994,0.21246659798089743,0.012164130678960178
2014,ret_8,0.49999999999999994,0.2639595296691142,0.008745247123713759
2014,ret_8,0.5099999999999999,0.31578947368420646,0.008745247123713759
2014,ret_8,0.5199999999999999,0.37022806343267317,0.008745247123713759
2014,ret_8,0.5299999999999999,0.4200776896942271,0.002858825881414239
2014,ret_8,0.5399999999999999,0.48416357415792083,0.002858825881414239
2014,ret_8,0.5499999999999999,0.5394187258941362,0.002858825881414239
2014,ret_8,0.5599999999999999,0.6003759692200422,-0.003844572595497542
2014,ret_8,0.57,0.6562204911215926,-0.003844572595497542
2014,ret_8,0.58,0.7134679421413347,-0.003844572595497542
2014,ret_8,0.59,0.7668303659547546,-0.003844572595497542
2014,ret_8,0.6,0.8222180664110484,-0.008169287958650809
2014,ret_8,0.61,0.8765217391304305,-0.008169287958650809
2014,ret_8,0.62,0.9339923254029473,-0.008169287958650809
2014,ret_8,0.63,0.9935063300193073,-0.010718254663677797
2014,ret_8,0.6399999999999999,1.0435120851243782,-0.010718254663677797
2014,ret_8,0.6499999999999999,1.0996155536484369,-0.010718254663677797
2014,ret_8,0.6599999999999999,1.1574911909795946,-0.010718254663677797
2014,ret_8,0.6699999999999999,1.2162661737523095,-0.012617817603299612
2014,ret_8,0.6799999999999999,1.2792944881889916,-0.012617817603299612
2014,ret_8,0.69,1.3497753826929326,-0.012617817603299612
2014,ret_8,0.7,1.4166256803247907,-0.013286321464162035
2014,ret_8,0.71,1.4813064382278442,-0.013286321464162035
2014,ret_8,0.72,1.5453815749469133,-0.013286321464162035
2014,ret_8,0.73,1.6203814393141054,-0.019034066931836437
2014,ret_8,0.74,1.6902401083212821,-0.019034066931836437
2014,ret_8,0.7499999999999999,1.7622819472617015,-0.019034066931836437
2014,ret_8,0.7599999999999999,1.8301451443429373,-0.021192604896797737
2014,ret_8,0.7699999999999999,1.910091803849863,-0.021192604896797737
2014,ret_8,0.7799999999999999,1.982962962963007,-0.021192604896797737
2014,ret_8,0.7899999999999999,2.064899436846324,-0.021192604896797737
2014,ret_8,0.7999999999999999,2.1470746192594783,-0.02593696695165068
2014,ret_8,0.8099999999999999,2.233265439761528,-0.02593696695165068
2014,ret_8,0.82,2.3139186587575296,-0.02593696695165068
2014,ret_8,0.83,2.417623283191538,-0.028869045234128952
2014,ret_8,0.84,2.504534423847834,-0.028869045234128952
2014,ret_8,0.8499999999999999,2.6062776120437237,-0.028869045234128952
2014,ret_8,0.8599999999999999,2.7069183036533366,-0.028869045234128952
2014,ret_8,0.8699999999999999,2.8094890248291513,-0.0349063954032957
2014,ret_8,0.8799999999999999,2.9326515398256237,-0.0349063954032957
2014,ret_8,0.8899999999999999,3.0647031031891023,-0.0349063954032957
2014,ret_8,0.8999999999999999,3.2010919097959767,-0.036519202109996665
2014,ret_8,0.9099999999999999,3.356316934720834,-0.036519202109996665
2014,ret_8,0.9199999999999999,3.5044322514585557,-0.036519202109996665
2014,ret_8,0.9299999999999999,3.672515686274462,-0.044577182908230005
2014,ret_8,0.94,3.834922038138204,-0.044577182908230005
2014,ret_8,0.95,4.039154411764627,-0.044577182908230005
2014,vol_8,0.05,0.35827300994265476,-0.03488533835812206
2014,vol_8,0.06,0.37172601849502057,-0.029384939491693584
2014,vol_8,0.07,0.3849829513893138,-0.029384939491693584
2014,vol_8,0.08,0.395512537585517,-0.029384939491693584
2014,vol_8,0.09,0.4076720537430941,-0.02332826753212486
2014,vol_8,0.09999999999999999,0.4179682430388057,-0.02332826753212486
2014,vol_8,0.10999999999999999,0.42788801243067565,-0.02332826753212486
2014,vol_8,0.12,0.4367599917886303,-0.023161980364453955
2014,vol_8,0.13,0.44565813876145677,-0.023161980364453955
2014,vol_8,0.13999999999999999,0.45422734911509305,-0.023161980364453955
2014,vol_8,0.14999999999999997,0.46239554094689433,-0.012420267943070955
2014,vol_8,0.15999999999999998,0.4710245105944947,-0.012420267943070955
2014,vol_8,0.16999999999999998,0.47824134805577967,-0.012420267943070955
2014,vol_8,0.18,0.4851121430798344,-0.0067269686829270646
2014,vol_8,0.19,0.4933015201411623,-0.0067269686829270646
2014,vol_8,0.19999999999999996,0.49974786550950034,-0.0067269686829270646
2014,vol_8,0.20999999999999996,0.5060343166609994,-0.0067269686829270646
2014,vol_8,0.21999999999999997,0.512806688528557,-0.007652356569261362
2014,vol_8,0.22999999999999998,0.5192426743961587,-0.007652356569261362
2014,vol_8,0.24,0.5261078087901819,-0.007652356569261362
2014,vol_8,0.24999999999999994,0.5319448384380957,-0.0073426994826054715
2014,vol_8,0.25999999999999995,0.5385381846066691,-0.0073426994826054715
2014,vol_8,0.26999999999999996,0.5452473924269157,-0.0073426994826054715
2014,vol_8,0.27999999999999997,0.5514640953738301,-0.007663843944548211
2014,vol_8,0.29,0.5581495287048074,-0.007663843944548211
2014,vol_8,0.3,0.5643521727629246,-0.007663843944548211
2014,vol_8,0.30999999999999994,0.571019781042165,-0.007663843944548211
2014,vol_8,0.31999999999999995,0.5775746678463739,-0.006265765242021632
2014,vol_8,0.32999999999999996,0.5844647166529573,-0.006265765242021632
2014,vol_8,0.33999999999999997,0.5913642016020279,-0.006265765242021632
2014,vol_8,0.3499999999999999,0.5981523833060558,-0.0021877334805828065
2014,vol_8,0.35999999999999993,0.6043349398176057,-0.0021877334805828065
2014,vol_8,0.36999999999999994,0.6104573430908469,-0.0021877334805828065
2014,vol_8,0.37999999999999995,0.6167084202558931,0.0010256465859035456
2014,vol_8,0.38999999999999996,0.6233763114484226,0.0010256465859035456
2014,vol_8,0.3999999999999999,0.6308658242864753,0.0010256465859035456
2014,vol_8,0.4099999999999999,0.637910912708562,0.0006167881192807442
2014,vol_8,0.41999999999999993,0.644444303205174,0.0006167881192807442
2014,vol_8,0.42999999999999994,0.6515863630328159,0.0006167881192807442
2014,vol_8,0.43999999999999995,0.658374772818793,0.0006167881192807442
2014,vol_8,0.4499999999999999,0.6655117458025399,0.0024720741062762785
2014,vol_8,0.4599999999999999,0.6722350334318071,0.0024720741062762785
2014,vol_8,0.4699999999999999,0.6793403863587394,0.0024720741062762785
2014,vol_8,0.4799999999999999,0.6859823770127277,0.0037645789882002493
2014,vol_8,0.48999999999999994,0.6925703536448704,0.0037645789882002493
2014,vol_8,0.49999999999999994,0.6996382192466162,0.0037645789882002493
2014,vol_8,0.5099999999999999,0.7070785587117147,0.004706563575957907
2014,vol_8,0.5199999999999999,0.7143170140262532,0.004706563575957907
2014,vol_8,0.5299999999999999,0.7212380909575998,0.004706563575957907
2014,vol_8,0.5399999999999999,0.7287321881550067,0.004706563575957907
2014,vol_8,0.5499999999999999,0.7361228011034193,0.004449972169614887
2014,vol_8,0.5599999999999999,0.7434674127012804,0.004449972169614887
2014,vol_8,0.57,0.7510585806054997,0.004449972169614887
2014,vol_8,0.58,0.7585473048266769,0.0061506109588078395
2014,vol_8,0.59,0.7651219462864098,0.0061506109588078395
2014,vol_8,0.6,0.7722623358367684,0.0061506109588078395
2014,vol_8,0.61,0.7809960221822048,0.0061506109588078395
2014,vol_8,0.62,0.7882881128866771,0.010189079208595405
2014,vol_8,0.63,0.7953900258855277,0.010189079208595405
2014,vol_8,0.6399999999999999,0.803517225092763,0.010189079208595405
2014,vol_8,0.6499999999999999,0.8121683298692324,0.012902882135122378
2014,vol_8,0.6599999999999999,0.821462411505406,0.012902882135122378
2014,vol_8,0.6699999999999999,0.8298858040323118,0.012902882135122378
2014,vol_8,0.6799999999999999,0.8389521085621967,0.012902882135122378
2014,vol_8,0.69,0.8466583673871563,0.016554606473606796
2014,vol_8,0.7,0.8572270849551895,0.016554606473606796
2014,vol_8,0.71,0.8665864409502508,0.016554606473606796
2014,vol_8,0.72,0.8763555537656341,0.016554606473606796
2014,vol_8,0.73,0.8879110903870082,0.020411706992824977
2014,vol_8,0.74,0.8991358262500982,0.020411706992824977
2014,vol_8,0.7499999999999999,0.9095122801868731,0.020411706992824977
2014,vol_8,0.7599999999999999,0.9198078598197419,0.024410650226156794
2014,vol_8,0.7699999999999999,0.9318900715656938,0.024410650226156794
2014,vol_8,0.7799999999999999,0.943983456945777,0.024410650226156794
2014,vol_8,0.7899999999999999,0.9581105912395689,0.027464228716624926
2014,vol_8,0.7999999999999999,0.9716569622910967,0.027464228716624926
2014,vol_8,0.8099999999999999,0.9853691356618154,0.027464228716624926
2014,vol_8,0.82,1.0005441565834652,0.027464228716624926
2014,vol_8,0.83,1.0145630335774483,0.024534220549249693
2014,vol_8,0.84,1.0294286762972749,0.024534220549249693
2014,vol_8,0.8499999999999999,1.0470871888191702,0.024534220549249693
2014,vol_8,0.8599999999999999,1.0666283412452284,0.022801229590570578
2014,vol_8,0.8699999999999999,1.08440556369607,0.022801229590570578
2014,vol_8,0.8799999999999999,1.1041157152531003,0.022801229590570578
2014,vol_8,0.8899999999999999,1.1267483414582367,0.016000336277255736
2014,vol_8,0.8999999999999999,1.1487776151410756,0.016000336277255736
2014,vol_8,0.9099999999999999,1.1721729531283618,0.016000336277255736
2014,vol_8,0.9199999999999999,1.1989217146249378,0.016000336277255736
2014,vol_8,0.9299999999999999,1.2374959106218504,0.0038736976804261774
2014,vol_8,0.94,1.2736449340656721,0.0038736976804261774
2014,vol_8,0.95,1.311612393254515,0.0038736976804261774
2014,body,0.05,-1.0104644717880686,-0.022296179537467344
2014,body,0.06,-0.933333333333251,-0.022296179537467344
2014,body,0.07,-0.8630003013450482,-0.022296179537467344
2014,body,0.08,-0.8138490393249843,-0.0214505720788874
2014,body,0.09,-0.7629505776845098,-0.0214505720788874
2014,body,0.09999999999999999,-0.7201252503417306,-0.0214505720788874
2014,body,0.10999999999999999,-0.6745604292168713,-0.019123820916788527
2014,body,0.12,-0.6390092007938036,-0.019123820916788527
2014,body,0.13,-0.6063729110132785,-0.019123820916788527
2014,body,0.13999999999999999,-0.579504382169693,-0.019123820916788527
2014,body,0.14999999999999997,-0.5479774122901526,-0.014221050839143374
2014,body,0.15999999999999998,-0.519930676921629,-0.014221050839143374
2014,body,0.16999999999999998,-0.49831537866934206,-0.014221050839143374
2014,body,0.18,-0.47511312217194923,-0.010487065215814741
2014,body,0.19,-0.4519578494713551,-0.010487065215814741
2014,body,0.19999999999999996,-0.43223804298584,-0.010487065215814741
2014,body,0.20999999999999996,-0.4087714149547519,-0.005941795435577576
2014,body,0.21999999999999997,-0.38821921082812133,-0.005941795435577576
2014,body,0.22999999999999998,-0.36556668981993806,-0.005941795435577576
2014,body,0.24,-0.34782608695642875,-0.005941795435577576
2014,body,0.24999999999999994,-0.33006904566587214,-0.0038985795638357985
2014,body,0.25999999999999995,-0.3115710392310918,-0.0038985795638357985
2014,body,0.26999999999999996,-0.2953071106957778,-0.0038985795638357985
2014,body,0.27999999999999997,-0.2791882859257371,-0.0013692784033661814
2014,body,0.29,-0.26284686503553306,-0.0013692784033661814
2014,body,0.3,-0.2482479119282602,-0.0013692784033661814
2014,body,0.30999999999999994,-0.2339832869081214,-0.0009146274124793928
2014,body,0.31999999999999995,-0.21922690400973488,-0.0009146274124793928
2014,body,0.32999999999999996,-0.20463398650907294,-0.0009146274124793928
2014,body,0.33999999999999997,-0.19039652362843237,-0.00015761724695730558
2014,body,0.3499999999999999,-0.17533123490232028,-0.00015761724695730558
2014,body,0.35999999999999993,-0.16266455847076344,-0.00015761724695730558
2014,body,0.36999999999999994,-0.14897934803831883,-0.00015761724695730558
2014,body,0.37999999999999995,-0.13466121960943842,0.004007763960647381
2014,body,0.38999999999999996,-0.11931818181820261,0.004007763960647381
2014,body,0.3999999999999999,-0.10487739218967597,0.004007763960647381
2014,body,0.4099999999999999,-0.08995387062858036,0.006387668098751291
2014,body,0.41999999999999993,-0.07736304379393855,0.006387668098751291
2014,body,0.42999999999999994,-0.06311967101569663,0.006387668098751291
2014,body,0.43999999999999995,-0.0490615366854617,0.005622464776012432
2014,body,0.4499999999999999,-0.034259845333978925,0.005622464776012432
2014,body,0.4599999999999999,-0.02312677168571115,0.005622464776012432
2014,body,0.4699999999999999,0.0,0.004835321008067187
2014,body,0.4799999999999999,0.0,0.004835321008067187
2014,body,0.48999999999999994,0.017991495092457645,0.004835321008067187
2014,body,0.49999999999999994,0.030905227866379517,0.0026027658830793396
2014,body,0.5099999999999999,0.042263951868027,0.0026027658830793396
2014,body,0.5199999999999999,0.05691056910565934,0.0026027658830793396
2014,body,0.5299999999999999,0.07026703070493313,0.001840199524953838
2014,body,0.5399999999999999,0.0829997356028558,0.001840199524953838
2014,body,0.5499999999999999,0.09435659528728925,0.001840199524953838
2014,body,0.5599999999999999,0.10810810810815039,0.001840199524953838
2014,body,0.57,0.12173913043473135,0.0013933599247550527
2014,body,0.58,0.13358778625945775,0.0013933599247550527
2014,body,0.59,0.14675052410898354,0.0013933599247550527
2014,body,0.6,0.1593776738888266,0.003596735668099699
2014,body,0.61,0.1727021188997434,0.003596735668099699
2014,body,0.62,0.18771902206704147,0.003596735668099699
2014,body,0.63,0.2025316455695898,0.004680305007347275
2014,body,0.6399999999999999,0.21642954966359984,0.004680305007347275
2014,body,0.6499999999999999,0.23045267489707078,0.004680305007347275
2014,body,0.6599999999999999,0.2431605654222527,0.004680305007347275
2014,body,0.6699999999999999,0.2572907979924987,0.006109663589737415
2014,body,0.6799999999999999,0.2737850869404873,0.006109663589737415
2014,body,0.69,0.2875565688911622,0.006109663589737415
2014,body,0.7,0.3019721747620187,0.007035529989889535
2014,body,0.71,0.3169486708384754,0.007035529989889535
2014,body,0.72,0.33293267657515757,0.007035529989889535
2014,body,0.73,0.3492104221114216,0.007973037746360481
2014,body,0.74,0.36525663185294416,0.007973037746360481
2014,body,0.7499999999999999,0.38090257023313284,0.007973037746360481
2014,body,0.7599999999999999,0.39734784478521507,0.007821072303435225
2014,body,0.7699999999999999,0.4136363636363367,0.007821072303435225
2014,body,0.7799999999999999,0.42831976961252194,0.007821072303435225
2014,body,0.7899999999999999,0.4452454224220903,0.007821072303435225
2014,body,0.7999999999999999,0.4645651019644989,0.007681508047887255
2014,body,0.8099999999999999,0.4827586206896809,0.007681508047887255
2014,body,0.82,0.5009958787398546,0.007681508047887255
2014,body,0.83,0.5206851336278544,0.005280185905581559
2014,body,0.84,0.5412711623947837,0.005280185905581559
2014,body,0.8499999999999999,0.5645161290322768,0.005280185905581559
2014,body,0.8599999999999999,0.5919862698902727,0.005280185905581559
2014,body,0.8699999999999999,0.6195441361916445,0.004728606115111776
2014,body,0.8799999999999999,0.6451776235198678,0.004728606115111776
2014,body,0.8899999999999999,0.6761645115479502,0.004728606115111776
2014,body,0.8999999999999999,0.7103313172809925,0.008782669735938263
2014,body,0.9099999999999999,0.7459356573575985,0.008782669735938263
2014,body,0.9199999999999999,0.7886293762575267,0.008782669735938263
2014,body,0.9299999999999999,0.831234211292173,0.01266733691083072
2014,body,0.94,0.8791275956640843,0.01266733691083072
2014,body,0.95,0.9433379586802048,0.01266733691083072
2014,range,0.05,0.4301809761252927,0.022808265506951638
2014,range,0.06,0.44637681159423626,0.022808265506951638
2014,range,0.07,0.4575570300873855,0.012792067314326137
2014,range,0.08,0.47155145895825284,0.012792067314326137
2014,range,0.09,0.4849794115928521,0.012792067314326137
2014,range,0.09999999999999999,0.4962923584753732,0.011520496005550166
2014,range,0.10999999999999999,0.5069389107674935,0.011520496005550166
2014,range,0.12,0.5176454018227024,0.011520496005550166
2014,range,0.13,0.5289969831878275,0.011520496005550166
2014,range,0.13999999999999999,0.5384615384614885,0.009575266206672152
2014,range,0.14999999999999997,0.5481893315513204,0.009575266206672152
2014,range,0.15999999999999998,0.5576588115556016,0.009575266206672152
2014,range,0.16999999999999998,0.5668016194332086,0.004355776237857846
2014,range,0.18,0.5758308015891138,0.004355776237857846
2014,range,0.19,0.5833333333333846,0.004355776237857846
2014,range,0.19999999999999996,0.5918008411030102,0.0015906008147602265
2014,range,0.20999999999999996,0.5998001483375823,0.0015906008147602265
2014,range,0.21999999999999997,0.6079613992762495,0.0015906008147602265
2014,range,0.22999999999999998,0.6162679425837537,0.0006566266540383665
2014,range,0.24,0.6248715943661556,0.0006566266540383665
2014,range,0.24999999999999994,0.6322580645160955,0.0006566266540383665
2014,range,0.25999999999999995,0.6408635046903238,0.0006566266540383665
2014,range,0.26999999999999996,0.6489156318069551,-0.0007226226067889027
2014,range,0.27999999999999997,0.6562500000000385,-0.0007226226067889027
2014,range,0.29,0.6644274337758104,-0.0007226226067889027
2014,range,0.3,0.6730769230769172,-0.003990914956376649
2014,range,0.30999999999999994,0.6819014099862962,-0.003990914956376649
2014,range,0.31999999999999995,0.6908055820375156,-0.003990914956376649
2014,range,0.32999999999999996,0.6993179322063114,-0.004561450971832188
2014,range,0.33999999999999997,0.7066378609147095,-0.004561450971832188
2014,range,0.3499999999999999,0.7162616382828568,-0.004561450971832188
2014,range,0.35999999999999993,0.7253886010362688,-0.0034710949520060557
2014,range,0.36999999999999994,0.7320261437908888,-0.0034710949520060557
2014,range,0.37999999999999995,0.7400475770924657,-0.0034710949520060557
2014,range,0.38999999999999996,0.7482366511853537,-0.004607636502311851
2014,range,0.3999999999999999,0.7567567567567535,-0.004607636502311851
2014,range,0.4099999999999999,0.7650872137605061,-0.004607636502311851
2014,range,0.41999999999999993,0.7722772277228038,-0.006629957962938826
2014,range,0.42999999999999994,0.7809330628803244,-0.006629957962938826
2014,range,0.43999999999999995,0.7892156862745311,-0.006629957962938826
2014,range,0.4499999999999999,0.7983279311140248,-0.006629957962938826
2014,range,0.4599999999999999,0.8069164265129155,-0.006043520257538408
2014,range,0.4699999999999999,0.8141843971631046,-0.006043520257538408
2014,range,0.4799999999999999,0.8235294117647415,-0.006043520257538408
2014,range,0.48999999999999994,0.8319672131146619,-0.007566097603041645
2014,range,0.49999999999999994,0.8411434940280063,-0.007566097603041645
2014,range,0.5099999999999999,0.8502534619488725,-0.007566097603041645
2014,range,0.5199999999999999,0.8594921092685959,-0.007566097603041645
2014,range,0.5299999999999999,0.8693316723956345,-0.010763479404853647
2014,range,0.5399999999999999,0.8799883964544707,-0.010763479404853647
2014,range,0.5499999999999999,0.8886524216126456,-0.010763479404853647
2014,range,0.5599999999999999,0.8984376540474875,-0.013018345254439246
2014,range,0.57,0.9083405190402924,-0.013018345254439246
2014,range,0.58,0.91922146841556,-0.013018345254439246
2014,range,0.59,0.9296874999999705,-0.012893303895639939
2014,range,0.6,0.940860215053756,-0.012893303895639939
2014,range,0.61,0.9531281456583508,-0.012893303895639939
2014,range,0.62,0.9653007217321675,-0.014568776739540818
2014,range,0.63,0.9772318846218746,-0.014568776739540818
2014,range,0.6399999999999999,0.9903601748826518,-0.014568776739540818
2014,range,0.6499999999999999,1.0033876880293278,-0.018009200499907486
2014,range,0.6599999999999999,1.0157182227861172,-0.018009200499907486
2014,range,0.6699999999999999,1.026181924465102,-0.018009200499907486
2014,range,0.6799999999999999,1.039542646207762,-0.018009200499907486
2014,range,0.69,1.0529247910864015,-0.020714208977286704
2014,range,0.7,1.0659013243394446,-0.020714208977286704
2014,range,0.71,1.080276173811638,-0.020714208977286704
2014,range,0.72,1.093863947909524,-0.021445954995439446
2014,range,0.73,1.1086556169428632,-0.021445954995439446
2014,range,0.74,1.1247419326252468,-0.021445954995439446
2014,range,0.7499999999999999,1.1404964864244793,-0.021445954995439446
2014,range,0.7599999999999999,1.1559936131634219,-0.018436762439782223
2014,range,0.7699999999999999,1.173442743016807,-0.018436762439782223
2014,range,0.7799999999999999,1.1914893617022433,-0.018436762439782223
2014,range,0.7899999999999999,1.2090909090908728,-0.010061216578892935
2014,range,0.7999999999999999,1.2292209474181262,-0.010061216578892935
2014,range,0.8099999999999999,1.2484519561380791,-0.010061216578892935
2014,range,0.82,1.2684605119973797,-0.010061216578892935
2014,range,0.83,1.29444938839458,-0.0016177339559783996
2014,range,0.84,1.3189711312392807,-0.0016177339559783996
2014,range,0.8499999999999999,1.346378266338342,-0.0016177339559783996
2014,range,0.8599999999999999,1.3717964462080676,0.010068362234610452
2014,range,0.8699999999999999,1.4036939313984433,0.010068362234610452
2014,range,0.8799999999999999,1.4382314694407952,0.010068362234610452
2014,range,0.8899999999999999,1.464557060777764,0.010068362234610452
2014,range,0.8999999999999999,1.5026636945180873,0.015461696190750768
2014,range,0.9099999999999999,1.547970762976824,0.015461696190750768
2014,range,0.9199999999999999,1.5966373692077982,0.015461696190750768
2014,range,0.9299999999999999,1.6441758932037953,0.015461696190750768
2014,range,0.94,1.7012682841069178,0.021331880006250293
2014,range,0.95,1.7766579254079435,0.021331880006250293
2014,mean_distance,0.05,-1.9023661993461605,-0.01763615570936642
2014,mean_distance,0.06,-1.7596287516546432,-0.01763615570936642
2014,mean_distance,0.07,-1.6478098056464114,-0.01763615570936642
2014,mean_distance,0.08,-1.5434299516908339,-0.006895455472536621
2014,mean_distance,0.09,-1.4411955648768149,-0.006895455472536621
2014,mean_distance,0.09999999999999999,-1.3548120957606666,-0.006895455472536621
2014,mean_distance,0.10999999999999999,-1.2808534820514528,-0.006859727534633786
2014,mean_distance,0.12,-1.2087628865979347,-0.006859727534633786
2014,mean_distance,0.13,-1.1504353265286429,-0.006859727534633786
2014,mean_distance,0.13999999999999999,-1.0789321205836935,-0.008440284171165819
2014,mean_distance,0.14999999999999997,-1.0199142607943983,-0.008440284171165819
2014,mean_distance,0.15999999999999998,-0.9605438786131777,-0.008440284171165819
2014,mean_distance,0.16999999999999998,-0.9083872598370965,-0.007402546106923378
2014,mean_distance,0.18,-0.8573480116413863,-0.007402546106923378
2014,mean_distance,0.19,-0.8067541072138834,-0.007402546106923378
2014,mean_distance,0.19999999999999996,-0.7612578165182153,-0.002482935688368467
2014,mean_distance,0.20999999999999996,-0.718577966977392,-0.002482935688368467
2014,mean_distance,0.21999999999999997,-0.6742273121745019,-0.002482935688368467
2014,mean_distance,0.22999999999999998,-0.6335230567988216,-0.0011442747275351682
2014,mean_distance,0.24,-0.5968055193394797,-0.0011442747275351682
2014,mean_distance,0.24999999999999994,-0.5587893362211532,-0.0011442747275351682
2014,mean_distance,0.25999999999999995,-0.5217487046632067,0.00018673584027675434
2014,mean_distance,0.26999999999999996,-0.48742306530113644,0.00018673584027675434
2014,mean_distance,0.27999999999999997,-0.45385298346515224,0.00018673584027675434
2014,mean_distance,0.29,-0.42048884671609893,0.00018673584027675434
2014,mean_distance,0.3,-0.3899662384716489,0.0010531242589442236
2014,mean_distance,0.30999999999999994,-0.3587978091459738,0.0010531242589442236
2014,mean_distance,0.31999999999999995,-0.32951768850045854,0.0010531242589442236
2014,mean_distance,0.32999999999999996,-0.30146675867998046,0.0009495760949348804
2014,mean_distance,0.33999999999999997,-0.2750288388452245,0.0009495760949348804
2014,mean_distance,0.3499999999999999,-0.2446118276248436,0.0009495760949348804
2014,mean_distance,0.35999999999999993,-0.2105582023589306,0.0001607757101952402
2014,mean_distance,0.36999999999999994,-0.18200000000001246,0.0001607757101952402
2014,mean_distance,0.37999999999999995,-0.1556150836342638,0.0001607757101952402
2014,mean_distance,0.38999999999999996,-0.1267851805727712,0.0001607757101952402
2014,mean_distance,0.3999999999999999,-0.0978940467426736,0.0018456357532544065
2014,mean_distance,0.4099999999999999,-0.06893681462508562,0.0018456357532544065
2014,mean_distance,0.41999999999999993,-0.04313220866116302,0.0018456357532544065
2014,mean_distance,0.42999999999999994,-0.017510368420602777,0.0034792813246070802
2014,mean_distance,0.43999999999999995,0.0069758618560694634,0.0034792813246070802
2014,mean_distance,0.4499999999999999,0.027903368794255822,0.0034792813246070802
2014,mean_distance,0.4599999999999999,0.05509996818448953,0.005675013104678133
2014,mean_distance,0.4699999999999999,0.07495654649752659,0.005675013104678133
2014,mean_distance,0.4799999999999999,0.09808259587021792,0.005675013104678133
2014,mean_distance,0.48999999999999994,0.11928293795621644,0.006800876650647746
2014,mean_distance,0.49999999999999994,0.14372745572941883,0.006800876650647746
2014,mean_distance,0.5099999999999999,0.16332833123157384,0.006800876650647746
2014,mean_distance,0.5199999999999999,0.1863511773363481,0.006800876650647746
2014,mean_distance,0.5299999999999999,0.2099544731528489,0.007397708898817126
2014,mean_distance,0.5399999999999999,0.23395464007288544,0.007397708898817126
2014,mean_distance,0.5499999999999999,0.2571326894602262,0.007397708898817126
2014,mean_distance,0.5599999999999999,0.2812884195622809,0.007924789632141174
2014,mean_distance,0.57,0.3025556157728874,0.007924789632141174
2014,mean_distance,0.58,0.3255988943488815,0.007924789632141174
2014,mean_distance,0.59,0.34918726041263376,0.007924789632141174
2014,mean_distance,0.6,0.3730247632020132,0.007534825822396595
2014,mean_distance,0.61,0.3973741883115966,0.007534825822396595
2014,mean_distance,0.62,0.4213850835236615,0.007534825822396595
2014,mean_distance,0.63,0.44769184470915413,0.006205476179684776
2014,mean_distance,0.6399999999999999,0.4756908699125555,0.006205476179684776
2014,mean_distance,0.6499999999999999,0.4987922705313504,0.006205476179684776
2014,mean_distance,0.6599999999999999,0.525315228644977,0.004352121179601541
2014,mean_distance,0.6699999999999999,0.5495329676574005,0.004352121179601541
2014,mean_distance,0.6799999999999999,0.5721153846153788,0.004352121179601541
2014,mean_distance,0.69,0.6019722284789181,0.004352121179601541
2014,mean_distance,0.7,0.631147540983603,0.003995668164863381
2014,mean_distance,0.71,0.6573330624888382,0.003995668164863381
2014,mean_distance,0.72,0.6871561771561704,0.003995668164863381
2014,mean_distance,0.73,0.7202413617886536,0.0034592877163190363
2014,mean_distance,0.74,0.7550849874721136,0.0034592877163190363
2014,mean_distance,0.7499999999999999,0.7849120948849819,0.0034592877163190363
2014,mean_distance,0.7599999999999999,0.8198356704999704,0.0034592877163190363
2014,mean_distance,0.7699999999999999,0.8536322463767876,0.0011543687491864366
2014,mean_distance,0.7799999999999999,0.8879218608853073,0.0011543687491864366
2014,mean_distance,0.7899999999999999,0.9221527950420059,0.0011543687491864366
2014,mean_distance,0.7999999999999999,0.9579548998046534,0.0009130367138563363
2014,mean_distance,0.8099999999999999,0.9987100636942938,0.0009130367138563363
2014,mean_distance,0.82,1.0429537843849583,0.0009130367138563363
2014,mean_distance,0.83,1.0838853169856828,0.0009342599618289435
2014,mean_distance,0.84,1.130287336491139,0.0009342599618289435
2014,mean_distance,0.8499999999999999,1.1808374785250213,0.0009342599618289435
2014,mean_distance,0.8599999999999999,1.2265892933462637,0.0009342599618289435
2014,mean_distance,0.8699999999999999,1.2833176040061625,0.0042659197022844614
2014,mean_distance,0.8799999999999999,1.3445203946169837,0.0042659197022844614
2014,mean_distance,0.8899999999999999,1.4169270115302681,0.0042659197022844614
2014,mean_distance,0.8999999999999999,1.4995896032831273,0.004731076595420222
2014,mean_distance,0.9099999999999999,1.5808253208790095,0.004731076595420222
2014,mean_distance,0.9199999999999999,1.6573234387697913,0.004731076595420222
2014,mean_distance,0.9299999999999999,1.7582089170464759,0.004731076595420222
2014,mean_distance,0.94,1.8631957326179776,0.006308284478133584
2014,mean_distance,0.95,1.9742741128592352,0.006308284478133584
2014,range_position,0.05,0.06996236559139594,-0.01312827750632216
2014,range_position,0.06,0.08333333333336086,-0.01312827750632216
2014,range_position,0.07,0.09523809523809978,-0.013204935716445442
2014,range_position,0.08,0.10720413634624759,-0.013204935716445442
2014,range_position,0.09,0.11735714932536867,-0.013204935716445442
2014,range_position,0.09999999999999999,0.12790697674416357,-0.014255472276677667
2014,range_position,0.10999999999999999,0.13870961329398795,-0.014255472276677667
2014,range_position,0.12,0.14937449584739768,-0.014255472276677667
2014,range_position,0.13,0.1602564102563993,-0.015394515049707428
2014,range_position,0.13999999999999999,0.1707317073170555,-0.015394515049707428
2014,range_position,0.14999999999999997,0.18181135681124963,-0.015394515049707428
2014,range_position,0.15999999999999998,0.19230769230769978,-0.014260438911638843
2014,range_position,0.16999999999999998,0.20338983050848075,-0.014260438911638843
2014,range_position,0.18,0.21459227467811454,-0.012418951239768118
2014,range_position,0.19,0.2259096385542156,-0.012418951239768118
2014,range_position,0.19999999999999996,0.23733949666153936,-0.012418951239768118
2014,range_position,0.20999999999999996,0.24739721043057086,-0.012418951239768118
2014,range_position,0.21999999999999997,0.26043942577030527,-0.008784930597173045
2014,range_position,0.22999999999999998,0.27151471920899395,-0.008784930597173045
2014,range_position,0.24,0.2829416564667447,-0.008784930597173045
2014,range_position,0.24999999999999994,0.29583098591548923,-0.006839630886163822
2014,range_position,0.25999999999999995,0.30878186968839355,-0.006839630886163822
2014,range_position,0.26999999999999996,0.3203085631298947,-0.006839630886163822
2014,range_position,0.27999999999999997,0.3333333333333099,-0.007240594018453896
2014,range_position,0.29,0.34453781512604903,-0.007240594018453896
2014,range_position,0.3,0.35714285714285815,-0.007240594018453896
2014,range_position,0.30999999999999994,0.3664122137404372,-0.007240594018453896
2014,range_position,0.31999999999999995,0.37797385374675835,-0.006541173608998445
2014,range_position,0.32999999999999996,0.39004659685863385,-0.006541173608998445
2014,range_position,0.33999999999999997,0.40261264069264885,-0.006541173608998445
2014,range_position,0.3499999999999999,0.4149166666666628,-0.006696054125383839
2014,range_position,0.35999999999999993,0.42857142857144337,-0.006696054125383839
2014,range_position,0.36999999999999994,0.4409448818897442,-0.006696054125383839
2014,range_position,0.37999999999999995,0.4535823333896672,-0.006696054125383839
2014,range_position,0.38999999999999996,0.4651162790697602,-0.0060497456367167085
2014,range_position,0.3999999999999999,0.47918238993710854,-0.0060497456367167085
2014,range_position,0.4099999999999999,0.49056603773584795,-0.0060497456367167085
2014,range_position,0.41999999999999993,0.5035368843692034,-0.006210766281823405
2014,range_position,0.42999999999999994,0.5142857142857217,-0.006210766281823405
2014,range_position,0.43999999999999995,0.5272362114872399,-0.006210766281823405
2014,range_position,0.4499999999999999,0.5384615384615211,-0.006210766281823405
2014,range_position,0.4599999999999999,0.5500393013100567,-0.004887097242010472
2014,range_position,0.4699999999999999,0.5620270732402403,-0.004887097242010472
2014,range_position,0.4799999999999999,0.574616391725587,-0.004887097242010472
2014,range_position,0.48999999999999994,0.587199589401426,-0.002332673043032418
2014,range_position,0.49999999999999994,0.5993627460757646,-0.002332673043032418
2014,range_position,0.5099999999999999,0.6103733766233662,-0.002332673043032418
2014,range_position,0.5199999999999999,0.6217566678845451,-0.002332673043032418
2014,range_position,0.5299999999999999,0.6340822227809679,-0.0016692838819365226
2014,range_position,0.5399999999999999,0.6456564938412062,-0.0016692838819365226
2014,range_position,0.5499999999999999,0.658658164440347,-0.0016692838819365226
2014,range_position,0.5599999999999999,0.6689432869289094,0.0017748184617463617
2014,range_position,0.57,0.679391532003258,0.0017748184617463617
2014,range_position,0.58,0.6902949852507128,0.0017748184617463617
2014,range_position,0.59,0.700729927007296,0.0034633288466394767
2014,range_position,0.6,0.7107843137254929,0.0034633288466394767
2014,range_position,0.61,0.7206703910614541,0.0034633288466394767
2014,range_position,0.62,0.7309843822483402,0.00563255321749954
2014,range_position,0.63,0.7405433530174298,0.00563255321749954
2014,range_position,0.6399999999999999,0.7499999999999907,0.00563255321749954
2014,range_position,0.6499999999999999,0.7596153846153877,0.00563255321749954
2014,range_position,0.6599999999999999,0.7686203208556212,0.008691092597476734
2014,range_position,0.6699999999999999,0.7777777777778064,0.008691092597476734
2014,range_position,0.6799999999999999,0.7879452882944039,0.008691092597476734
2014,range_position,0.69,0.796296296296298,0.011462634232526055
2014,range_position,0.7,0.8044503561314577,0.011462634232526055
2014,range_position,0.71,0.812269152202367,0.011462634232526055
2014,range_position,0.72,0.8200000000000233,0.013531433877393343
2014,range_position,0.73,0.8274859535088684,0.013531433877393343
2014,range_position,0.74,0.8357790756363166,0.013531433877393343
2014,range_position,0.7499999999999999,0.8442622950819705,0.013531433877393343
2014,range_position,0.7599999999999999,0.8518518518518461,0.015836174137678523
2014,range_position,0.7699999999999999,0.8590729103111598,0.015836174137678523
2014,range_position,0.7799999999999999,0.8648648648648558,0.015836174137678523
2014,range_position,0.7899999999999999,0.8723404255318964,0.016352217567583042
2014,range_position,0.7999999999999999,0.8791946308724627,0.016352217567583042
2014,range_position,0.8099999999999999,0.8857629037629031,0.016352217567583042
2014,range_position,0.82,0.8915722891566406,0.016352217567583042
2014,range_position,0.83,0.8974358974359313,0.013778127442357601
2014,range_position,0.84,0.9038461538461481,0.013778127442357601
2014,range_position,0.8499999999999999,0.9102564102563728,0.013778127442357601
2014,range_position,0.8599999999999999,0.9154495129983979,0.01230515564313492
2014,range_position,0.8699999999999999,0.9214195258889444,0.01230515564313492
2014,range_position,0.8799999999999999,0.9279279279279261,0.01230515564313492
2014,range_position,0.8899999999999999,0.9341276626013608,0.011687863012917117
2014,range_position,0.8999999999999999,0.939987577639742,0.011687863012917117
2014,range_position,0.9099999999999999,0.9455460934694643,0.011687863012917117
2014,range_position,0.9199999999999999,0.9515151515151439,0.011279467357913226
2014,range_position,0.9299999999999999,0.9568965517241244,0.011279467357913226
2014,range_position,0.94,0.9616937199725424,0.011279467357913226
2014,range_position,0.95,0.9682241490045018,0.011279467357913226
2014,atr_fraction,0.05,0.0010924965585074233,0.023017850407176774
2014,atr_fraction,0.06,0.0011289823844412167,0.023017850407176774
2014,atr_fraction,0.07,0.0011650061457836073,0.023017850407176774
2014,atr_fraction,0.08,0.0011966134483553568,0.023017850407176774
2014,atr_fraction,0.09,0.0012249719019305331,0.023017850407176774
2014,atr_fraction,0.09999999999999999,0.0012553335325592814,0.023017850407176774
2014,atr_fraction,0.10999999999999999,0.0012870232550596728,0.023017850407176774
2014,atr_fraction,0.12,0.0013160002086590621,0.023017850407176774
2014,atr_fraction,0.13,0.0013421486432945223,0.023017850407176774
2014,atr_fraction,0.13999999999999999,0.0013660542709068712,0.023017850407176774
2014,atr_fraction,0.14999999999999997,0.001391187932858419,0.023017850407176774
2014,atr_fraction,0.15999999999999998,0.0014178638557443655,0.023017850407176774
2014,atr_fraction,0.16999999999999998,0.0014446365993399885,0.023017850407176774
2014,atr_fraction,0.18,0.001466775650564524,0.025561339827955512
2014,atr_fraction,0.19,0.0014932457162984182,0.025561339827955512
2014,atr_fraction,0.19999999999999996,0.0015166529574750845,0.025561339827955512
2014,atr_fraction,0.20999999999999996,0.0015427815738619244,0.025561339827955512
2014,atr_fraction,0.21999999999999997,0.001564340276087111,0.025561339827955512
2014,atr_fraction,0.22999999999999998,0.0015879726571243783,0.025561339827955512
2014,atr_fraction,0.24,0.001609850065299117,0.025561339827955512
2014,atr_fraction,0.24999999999999994,0.0016304654507293304,0.025561339827955512
2014,atr_fraction,0.25999999999999995,0.0016521860597271986,0.030279525349044562
2014,atr_fraction,0.26999999999999996,0.0016771415555644445,0.030279525349044562
2014,atr_fraction,0.27999999999999997,0.00170659458818293,0.030279525349044562
2014,atr_fraction,0.29,0.0017323593979745166,0.030279525349044562
2014,atr_fraction,0.3,0.0017551632150183067,0.030279525349044562
2014,atr_fraction,0.30999999999999994,0.0017788428382542582,0.024325087357275392
2014,atr_fraction,0.31999999999999995,0.0018034086092926303,0.024325087357275392
2014,atr_fraction,0.32999999999999996,0.0018266794344551805,0.024325087357275392
2014,atr_fraction,0.33999999999999997,0.001851601561235072,0.024325087357275392
2014,atr_fraction,0.3499999999999999,0.0018779122591294991,0.024325087357275392
2014,atr_fraction,0.35999999999999993,0.0019027096612006579,0.022824074131775045
2014,atr_fraction,0.36999999999999994,0.0019278373323789414,0.022824074131775045
2014,atr_fraction,0.37999999999999995,0.0019516466121023163,0.022824074131775045
2014,atr_fraction,0.38999999999999996,0.0019788932784001122,0.022824074131775045
2014,atr_fraction,0.3999999999999999,0.002001399215514448,0.022824074131775045
2014,atr_fraction,0.4099999999999999,0.0020256245402992448,0.019037232526478754
2014,atr_fraction,0.41999999999999993,0.002049390572072729,0.019037232526478754
2014,atr_fraction,0.42999999999999994,0.0020746460117077956,0.019037232526478754
2014,atr_fraction,0.43999999999999995,0.002098960324958248,0.019037232526478754
2014,atr_fraction,0.4499999999999999,0.0021226586720140424,0.017885085849452663
2014,atr_fraction,0.4599999999999999,0.002147086942930933,0.017885085849452663
2014,atr_fraction,0.4699999999999999,0.002175243843705784,0.017885085849452663
2014,atr_fraction,0.4799999999999999,0.002200345567689414,0.017885085849452663
2014,atr_fraction,0.48999999999999994,0.0022259137307089486,0.016490953101291363
2014,atr_fraction,0.49999999999999994,0.002253374218280781,0.016490953101291363
2014,atr_fraction,0.5099999999999999,0.002281789764453014,0.016490953101291363
2014,atr_fraction,0.5199999999999999,0.0023082552491087934,0.016490953101291363
2014,atr_fraction,0.5299999999999999,0.0023407883091509135,0.013016928700361032
2014,atr_fraction,0.5399999999999999,0.002371978224156533,0.013016928700361032
2014,atr_fraction,0.5499999999999999,0.002403525177813182,0.013016928700361032
2014,atr_fraction,0.5599999999999999,0.002438762626358504,0.010257650198627814
2014,atr_fraction,0.57,0.002474524704855209,0.010257650198627814
2014,atr_fraction,0.58,0.002514392712578524,0.010257650198627814
2014,atr_fraction,0.59,0.002555812176463209,0.007181299517016051
2014,atr_fraction,0.6,0.0025988533378914847,0.007181299517016051
2014,atr_fraction,0.61,0.002638959284087093,0.004960787900451776
2014,atr_fraction,0.62,0.002685091514871901,0.004960787900451776
2014,atr_fraction,0.63,0.0027315499660849835,0.004960787900451776
2014,atr_fraction,0.6399999999999999,0.0027734605362566764,0.003030957458485715
2014,atr_fraction,0.6499999999999999,0.0028143236787577463,0.003030957458485715
2014,atr_fraction,0.6599999999999999,0.002849895646393127,0.003030957458485715
2014,atr_fraction,0.6699999999999999,0.002901421607179403,0.0018352987107160806
2014,atr_fraction,0.6799999999999999,0.0029593931571407,0.0018352987107160806
2014,atr_fraction,0.69,0.0030181086519114704,-0.00014797303001307945
2014,atr_fraction,0.7,0.0030785664338207593,-0.00014797303001307945
2014,atr_fraction,0.71,0.0031348050879825254,-0.0035487293272384603
2014,atr_fraction,0.72,0.0031865639540681707,-0.0035487293272384603
2014,atr_fraction,0.73,0.003252461351399271,-0.00879056659187217
2014,atr_fraction,0.74,0.0033035841653637115,-0.00879056659187217
2014,atr_fraction,0.7499999999999999,0.0033618532454207277,-0.00879056659187217
2014,atr_fraction,0.7599999999999999,0.00342766102490378,-0.010152013284549082
2014,atr_fraction,0.7699999999999999,0.00350973851629911,-0.010152013284549082
2014,atr_fraction,0.7799999999999999,0.003580533791449055,-0.011452248488551739
2014,atr_fraction,0.7899999999999999,0.003656646041574577,-0.011452248488551739
2014,atr_fraction,0.7999999999999999,0.0037387452157567826,-0.01061638450396491
2014,atr_fraction,0.8099999999999999,0.0038224231491007558,-0.01061638450396491
2014,atr_fraction,0.82,0.003917409626006853,-0.009601628394333622
2014,atr_fraction,0.83,0.004026843164888509,-0.009601628394333622
2014,atr_fraction,0.84,0.004146171788044833,-0.010838352053102157
2014,atr_fraction,0.8499999999999999,0.00427503021894492,-0.010838352053102157
2014,atr_fraction,0.8599999999999999,0.0044250240863647665,-0.013198177846295515
2014,atr_fraction,0.8699999999999999,0.004586794243923752,-0.013198177846295515
2014,atr_fraction,0.8799999999999999,0.004750979692636185,-0.01414252940239235
2014,atr_fraction,0.8899999999999999,0.004926152729978937,-0.01414252940239235
2014,atr_fraction,0.8999999999999999,0.00512813066167318,-0.015423811604228317
2014,atr_fraction,0.9099999999999999,0.005277209892965406,-0.015423811604228317
2014,atr_fraction,0.9199999999999999,0.005490922462642484,-0.01898818177926184
2014,atr_fraction,0.9299999999999999,0.005739841779880092,-0.01898818177926184
2014,atr_fraction,0.94,0.006040314065369476,-0.0205591756239728
2014,atr_fraction,0.95,0.006420363544382408,-0.0205591756239728
2014,time_sin,0.05,-0.6087614290087203,0.008235157899334525
2014,time_sin,0.06,-0.6087614290087203,0.008235157899334525
2014,time_sin,0.07,-0.6087614290087203,0.008235157899334525
2014,time_sin,0.08,-0.6087614290087203,0.008235157899334525
2014,time_sin,0.09,-0.6087614290087203,0.008235157899334525
2014,time_sin,0.09999999999999999,-0.5000000000000001,0.013319271294513777
2014,time_sin,0.10999999999999999,-0.5000000000000001,0.013319271294513777
2014,time_sin,0.12,-0.5000000000000001,0.013319271294513777
2014,time_sin,0.13,-0.5000000000000001,0.013319271294513777
2014,time_sin,0.13999999999999999,-0.5000000000000001,0.013319271294513777
2014,time_sin,0.14999999999999997,-0.5000000000000001,0.013319271294513777
2014,time_sin,0.15999999999999998,-0.5000000000000001,0.013319271294513777
2014,time_sin,0.16999999999999998,-0.5000000000000001,0.013319271294513777
2014,time_sin,0.18,-0.5000000000000001,0.013319271294513777
2014,time_sin,0.19,-0.5000000000000001,0.013319271294513777
2014,time_sin,0.19999999999999996,-0.38268343236508967,0.008497425302121612
2014,time_sin,0.20999999999999996,-0.38268343236508967,0.008497425302121612
2014,time_sin,0.21999999999999997,-0.38268343236508967,0.008497425302121612
2014,time_sin,0.22999999999999998,-0.38268343236508967,0.008497425302121612
2014,time_sin,0.24,-0.38268343236508967,0.008497425302121612
2014,time_sin,0.24999999999999994,-0.38268343236508967,0.008497425302121612
2014,time_sin,0.25999999999999995,-0.38268343236508967,0.008497425302121612
2014,time_sin,0.26999999999999996,-0.38268343236508967,0.008497425302121612
2014,time_sin,0.27999999999999997,-0.38268343236508967,0.008497425302121612
2014,time_sin,0.29,-0.38268343236508967,0.008497425302121612
2014,time_sin,0.3,-0.25881904510252035,0.00940876465809464
2014,time_sin,0.30999999999999994,-0.25881904510252035,0.00940876465809464
2014,time_sin,0.31999999999999995,-0.25881904510252035,0.00940876465809464
2014,time_sin,0.32999999999999996,-0.25881904510252035,0.00940876465809464
2014,time_sin,0.33999999999999997,-0.25881904510252035,0.00940876465809464
2014,time_sin,0.3499999999999999,-0.25881904510252035,0.00940876465809464
2014,time_sin,0.35999999999999993,-0.25881904510252035,0.00940876465809464
2014,time_sin,0.36999999999999994,-0.25881904510252035,0.00940876465809464
2014,time_sin,0.37999999999999995,-0.25881904510252035,0.00940876465809464
2014,time_sin,0.38999999999999996,-0.25881904510252035,0.00940876465809464
2014,time_sin,0.3999999999999999,-0.13052619222005177,0.011089901030136573
2014,time_sin,0.4099999999999999,-0.13052619222005177,0.011089901030136573
2014,time_sin,0.41999999999999993,-0.13052619222005177,0.011089901030136573
2014,time_sin,0.42999999999999994,-0.13052619222005177,0.011089901030136573
2014,time_sin,0.43999999999999995,-0.13052619222005177,0.011089901030136573
2014,time_sin,0.4499999999999999,-0.13052619222005177,0.011089901030136573
2014,time_sin,0.4599999999999999,-0.13052619222005177,0.011089901030136573
2014,time_sin,0.4699999999999999,-0.13052619222005177,0.011089901030136573
2014,time_sin,0.4799999999999999,-0.13052619222005177,0.011089901030136573
2014,time_sin,0.48999999999999994,-0.13052619222005177,0.011089901030136573
2014,time_sin,0.49999999999999994,1.2246467991473532e-16,0.00247507706195661
2014,time_sin,0.5099999999999999,1.2246467991473532e-16,0.00247507706195661
2014,time_sin,0.5199999999999999,1.2246467991473532e-16,0.00247507706195661
2014,time_sin,0.5299999999999999,1.2246467991473532e-16,0.00247507706195661
2014,time_sin,0.5399999999999999,1.2246467991473532e-16,0.00247507706195661
2014,time_sin,0.5499999999999999,1.2246467991473532e-16,0.00247507706195661
2014,time_sin,0.5599999999999999,1.2246467991473532e-16,0.00247507706195661
2014,time_sin,0.57,1.2246467991473532e-16,0.00247507706195661
2014,time_sin,0.58,1.2246467991473532e-16,0.00247507706195661
2014,time_sin,0.59,1.2246467991473532e-16,0.00247507706195661
2014,time_sin,0.6,0.13052619222005157,-0.006639507807751988
2014,time_sin,0.61,0.13052619222005157,-0.006639507807751988
2014,time_sin,0.62,0.13052619222005157,-0.006639507807751988
2014,time_sin,0.63,0.13052619222005157,-0.006639507807751988
2014,time_sin,0.6399999999999999,0.13052619222005157,-0.006639507807751988
2014,time_sin,0.6499999999999999,0.13052619222005157,-0.006639507807751988
2014,time_sin,0.6599999999999999,0.13052619222005157,-0.006639507807751988
2014,time_sin,0.6699999999999999,0.13052619222005157,-0.006639507807751988
2014,time_sin,0.6799999999999999,0.13052619222005157,-0.006639507807751988
2014,time_sin,0.69,0.13052619222005157,-0.006639507807751988
2014,time_sin,0.7,0.258819045102521,-0.013163210069087708
2014,time_sin,0.71,0.258819045102521,-0.013163210069087708
2014,time_sin,0.72,0.258819045102521,-0.013163210069087708
2014,time_sin,0.73,0.258819045102521,-0.013163210069087708
2014,time_sin,0.74,0.258819045102521,-0.013163210069087708
2014,time_sin,0.7499999999999999,0.258819045102521,-0.013163210069087708
2014,time_sin,0.7599999999999999,0.258819045102521,-0.013163210069087708
2014,time_sin,0.7699999999999999,0.258819045102521,-0.013163210069087708
2014,time_sin,0.7799999999999999,0.258819045102521,-0.013163210069087708
2014,time_sin,0.7899999999999999,0.258819045102521,-0.013163210069087708
2014,time_sin,0.7999999999999999,0.3826834323650899,-0.017495260308928957
2014,time_sin,0.8099999999999999,0.3826834323650899,-0.017495260308928957
2014,time_sin,0.82,0.3826834323650899,-0.017495260308928957
2014,time_sin,0.83,0.3826834323650899,-0.017495260308928957
2014,time_sin,0.84,0.3826834323650899,-0.017495260308928957
2014,time_sin,0.8499999999999999,0.3826834323650899,-0.017495260308928957
2014,time_sin,0.8599999999999999,0.3826834323650899,-0.017495260308928957
2014,time_sin,0.8699999999999999,0.3826834323650899,-0.017495260308928957
2014,time_sin,0.8799999999999999,0.3826834323650899,-0.017495260308928957
2014,time_sin,0.8899999999999999,0.3826834323650899,-0.017495260308928957
2014,time_sin,0.8999999999999999,0.49999999999999994,-0.015373828227045576
2014,time_sin,0.9099999999999999,0.49999999999999994,-0.015373828227045576
2014,time_sin,0.9199999999999999,0.49999999999999994,-0.015373828227045576
2014,time_sin,0.9299999999999999,0.49999999999999994,-0.015373828227045576
2014,time_sin,0.94,0.49999999999999994,-0.015373828227045576
2014,time_sin,0.95,0.49999999999999994,-0.015373828227045576
2014,time_cos,0.05,-1.0,0.019017787658176626
2014,time_cos,0.06,-1.0,0.019017787658176626
2014,time_cos,0.07,-1.0,0.019017787658176626
2014,time_cos,0.08,-1.0,0.019017787658176626
2014,time_cos,0.09,-1.0,0.019017787658176626
2014,time_cos,0.09999999999999999,-0.9914448613738104,0.009398209561141332
2014,time_cos,0.10999999999999999,-0.9914448613738104,0.009398209561141332
2014,time_cos,0.12,-0.9914448613738104,0.009398209561141332
2014,time_cos,0.13,-0.9914448613738104,0.009398209561141332
2014,time_cos,0.13999999999999999,-0.9914448613738104,0.009398209561141332
2014,time_cos,0.14999999999999997,-0.9914448613738104,0.009398209561141332
2014,time_cos,0.15999999999999998,-0.9914448613738104,0.009398209561141332
2014,time_cos,0.16999999999999998,-0.9914448613738104,0.009398209561141332
2014,time_cos,0.18,-0.9914448613738104,0.009398209561141332
2014,time_cos,0.19,-0.9914448613738104,0.009398209561141332
2014,time_cos,0.19999999999999996,-0.9914448613738104,0.009398209561141332
2014,time_cos,0.20999999999999996,-0.9914448613738104,0.009398209561141332
2014,time_cos,0.21999999999999997,-0.9914448613738104,0.009398209561141332
2014,time_cos,0.22999999999999998,-0.9914448613738104,0.009398209561141332
2014,time_cos,0.24,-0.9914448613738104,0.009398209561141332
2014,time_cos,0.24999999999999994,-0.9914448613738104,0.009398209561141332
2014,time_cos,0.25999999999999995,-0.9914448613738104,0.009398209561141332
2014,time_cos,0.26999999999999996,-0.9914448613738104,0.009398209561141332
2014,time_cos,0.27999999999999997,-0.9914448613738104,0.009398209561141332
2014,time_cos,0.29,-0.9914448613738104,0.009398209561141332
2014,time_cos,0.3,-0.9659258262890684,-0.0016122897690063853
2014,time_cos,0.30999999999999994,-0.9659258262890684,-0.0016122897690063853
2014,time_cos,0.31999999999999995,-0.9659258262890684,-0.0016122897690063853
2014,time_cos,0.32999999999999996,-0.9659258262890684,-0.0016122897690063853
2014,time_cos,0.33999999999999997,-0.9659258262890684,-0.0016122897690063853
2014,time_cos,0.3499999999999999,-0.9659258262890684,-0.0016122897690063853
2014,time_cos,0.35999999999999993,-0.9659258262890684,-0.0016122897690063853
2014,time_cos,0.36999999999999994,-0.9659258262890684,-0.0016122897690063853
2014,time_cos,0.37999999999999995,-0.9659258262890684,-0.0016122897690063853
2014,time_cos,0.38999999999999996,-0.9659258262890684,-0.0016122897690063853
2014,time_cos,0.3999999999999999,-0.9659258262890682,-0.005554250874845998
2014,time_cos,0.4099999999999999,-0.9659258262890682,-0.005554250874845998
2014,time_cos,0.41999999999999993,-0.9659258262890682,-0.005554250874845998
2014,time_cos,0.42999999999999994,-0.9659258262890682,-0.005554250874845998
2014,time_cos,0.43999999999999995,-0.9659258262890682,-0.005554250874845998
2014,time_cos,0.4499999999999999,-0.9659258262890682,-0.005554250874845998
2014,time_cos,0.4599999999999999,-0.9659258262890682,-0.005554250874845998
2014,time_cos,0.4699999999999999,-0.9659258262890682,-0.005554250874845998
2014,time_cos,0.4799999999999999,-0.9659258262890682,-0.005554250874845998
2014,time_cos,0.48999999999999994,-0.9659258262890682,-0.005554250874845998
2014,time_cos,0.49999999999999994,-0.944902679400254,-0.005554250874845998
2014,time_cos,0.5099999999999999,-0.9238795325112868,-0.009885705871703693
2014,time_cos,0.5199999999999999,-0.9238795325112868,-0.009885705871703693
2014,time_cos,0.5299999999999999,-0.9238795325112868,-0.009885705871703693
2014,time_cos,0.5399999999999999,-0.9238795325112868,-0.009885705871703693
2014,time_cos,0.5499999999999999,-0.9238795325112868,-0.009885705871703693
2014,time_cos,0.5599999999999999,-0.9238795325112868,-0.009885705871703693
2014,time_cos,0.57,-0.9238795325112868,-0.009885705871703693
2014,time_cos,0.58,-0.9238795325112868,-0.009885705871703693
2014,time_cos,0.59,-0.9238795325112868,-0.009885705871703693
2014,time_cos,0.6,-0.9238795325112867,-0.009456208236484007
2014,time_cos,0.61,-0.9238795325112867,-0.009456208236484007
2014,time_cos,0.62,-0.9238795325112867,-0.009456208236484007
2014,time_cos,0.63,-0.9238795325112867,-0.009456208236484007
2014,time_cos,0.6399999999999999,-0.9238795325112867,-0.009456208236484007
2014,time_cos,0.6499999999999999,-0.9238795325112867,-0.009456208236484007
2014,time_cos,0.6599999999999999,-0.9238795325112867,-0.009456208236484007
2014,time_cos,0.6699999999999999,-0.9238795325112867,-0.009456208236484007
2014,time_cos,0.6799999999999999,-0.9238795325112867,-0.009456208236484007
2014,time_cos,0.69,-0.9238795325112867,-0.009456208236484007
2014,time_cos,0.7,-0.9238795325112867,-0.009456208236484007
2014,time_cos,0.71,-0.8660254037844387,-0.0032426449189830227
2014,time_cos,0.72,-0.8660254037844387,-0.0032426449189830227
2014,time_cos,0.73,-0.8660254037844387,-0.0032426449189830227
2014,time_cos,0.74,-0.8660254037844387,-0.0032426449189830227
2014,time_cos,0.7499999999999999,-0.8660254037844387,-0.0032426449189830227
2014,time_cos,0.7599999999999999,-0.8660254037844387,-0.0032426449189830227
2014,time_cos,0.7699999999999999,-0.8660254037844387,-0.0032426449189830227
2014,time_cos,0.7799999999999999,-0.8660254037844387,-0.0032426449189830227
2014,time_cos,0.7899999999999999,-0.8660254037844387,-0.0032426449189830227
2014,time_cos,0.7999999999999999,-0.8660254037844387,-0.0032426449189830227
2014,time_cos,0.8099999999999999,-0.8660254037844386,0.0003814128029591988
2014,time_cos,0.82,-0.8660254037844386,0.0003814128029591988
2014,time_cos,0.83,-0.8660254037844386,0.0003814128029591988
2014,time_cos,0.84,-0.8660254037844386,0.0003814128029591988
2014,time_cos,0.8499999999999999,-0.8660254037844386,0.0003814128029591988
2014,time_cos,0.8599999999999999,-0.8660254037844386,0.0003814128029591988
2014,time_cos,0.8699999999999999,-0.8660254037844386,0.0003814128029591988
2014,time_cos,0.8799999999999999,-0.8660254037844386,0.0003814128029591988
2014,time_cos,0.8899999999999999,-0.8660254037844386,0.0003814128029591988
2014,time_cos,0.8999999999999999,-0.8660254037844386,0.0003814128029591988
2014,time_cos,0.9099999999999999,-0.7933533402912354,-0.008390794814506785
2014,time_cos,0.9199999999999999,-0.7933533402912354,-0.008390794814506785
2014,time_cos,0.9299999999999999,-0.7933533402912354,-0.008390794814506785
2014,time_cos,0.94,-0.7933533402912354,-0.008390794814506785
2014,time_cos,0.95,-0.7933533402912354,-0.008390794814506785
2015,ret_1,0.05,-1.1500796073844555,0.0183908104626346
2015,ret_1,0.06,-1.0489951339348347,0.0183908104626346
2015,ret_1,0.07,-0.9630885430885092,0.014764850666258699
2015,ret_1,0.08,-0.8924062532070101,0.014764850666258699
2015,ret_1,0.09,-0.8319936483179785,0.014764850666258699
2015,ret_1,0.09999999999999999,-0.7799933103603731,0.014764850666258699
2015,ret_1,0.10999999999999999,-0.7305585284280914,0.01755424912786318
2015,ret_1,0.12,-0.6835076883484384,0.01755424912786318
2015,ret_1,0.13,-0.6440286298567642,0.01755424912786318
2015,ret_1,0.13999999999999999,-0.6111550011550488,0.019071578116051008
2015,ret_1,0.14999999999999997,-0.5800011350737732,0.019071578116051008
2015,ret_1,0.15999999999999998,-0.5490196078431644,0.019071578116051008
2015,ret_1,0.16999999999999998,-0.5209199617838981,0.01823181095602931
2015,ret_1,0.18,-0.49557522123900294,0.01823181095602931
2015,ret_1,0.19,-0.4729729729729662,0.01823181095602931
2015,ret_1,0.19999999999999996,-0.45037345839846954,0.01823181095602931
2015,ret_1,0.20999999999999996,-0.4248413923868673,0.01797077484617835
2015,ret_1,0.21999999999999997,-0.4031413612565398,0.01797077484617835
2015,ret_1,0.22999999999999998,-0.3802271317551048,0.01797077484617835
2015,ret_1,0.24,-0.3587704340529373,0.01718344855425366
2015,ret_1,0.24999999999999994,-0.3383699914061794,0.01718344855425366
2015,ret_1,0.25999999999999995,-0.31818181818185415,0.01718344855425366
2015,ret_1,0.26999999999999996,-0.3024767760556975,0.01718344855425366
2015,ret_1,0.27999999999999997,-0.283706485625203,0.01534451749744866
2015,ret_1,0.29,-0.2653378580565659,0.01534451749744866
2015,ret_1,0.3,-0.2509638781621335,0.01534451749744866
2015,ret_1,0.30999999999999994,-0.2359550561798139,0.012497992657171712
2015,ret_1,0.31999999999999995,-0.21989528795807486,0.012497992657171712
2015,ret_1,0.32999999999999996,-0.2048780487804621,0.012497992657171712
2015,ret_1,0.33999999999999997,-0.19118283468076253,0.009324204293024517
2015,ret_1,0.3499999999999999,-0.17613898579571496,0.009324204293024517
2015,ret_1,0.35999999999999993,-0.16232511579261927,0.009324204293024517
2015,ret_1,0.36999999999999994,-0.14610933844893154,0.0067924345060603
2015,ret_1,0.37999999999999995,-0.13333333333331238,0.0067924345060603
2015,ret_1,0.38999999999999996,-0.11789473684210672,0.0067924345060603
2015,ret_1,0.3999999999999999,-0.10306246209828429,0.0067924345060603
2015,ret_1,0.4099999999999999,-0.0874999999999518,0.0024741367874885336
2015,ret_1,0.41999999999999993,-0.0733163694944203,0.0024741367874885336
2015,ret_1,0.42999999999999994,-0.060017363344039364,0.0024741367874885336
2015,ret_1,0.43999999999999995,-0.04509553928649656,-0.0015102263442301111
2015,ret_1,0.4499999999999999,-0.03146244227314113,-0.0015102263442301111
2015,ret_1,0.4599999999999999,-0.018813978172257405,-0.0015102263442301111
2015,ret_1,0.4699999999999999,0.0,-0.004965639196811076
2015,ret_1,0.4799999999999999,0.0,-0.004965639196811076
2015,ret_1,0.48999999999999994,0.022608710463570852,-0.004965639196811076
2015,ret_1,0.49999999999999994,0.03594351732993296,-0.007219749931577384
2015,ret_1,0.5099999999999999,0.04897135348410816,-0.007219749931577384
2015,ret_1,0.5199999999999999,0.0627802690582593,-0.007219749931577384
2015,ret_1,0.5299999999999999,0.07703630410148492,-0.010400223871783541
2015,ret_1,0.5399999999999999,0.09012179561543662,-0.010400223871783541
2015,ret_1,0.5499999999999999,0.10370370370369904,-0.010400223871783541
2015,ret_1,0.5599999999999999,0.11574423662465771,-0.010400223871783541
2015,ret_1,0.57,0.12990587114509317,-0.01168470282528916
2015,ret_1,0.58,0.14369501466277654,-0.01168470282528916
2015,ret_1,0.59,0.15516506869922755,-0.01168470282528916
2015,ret_1,0.6,0.16963496189479474,-0.012619583167671594
2015,ret_1,0.61,0.18426038204473516,-0.012619583167671594
2015,ret_1,0.62,0.19895910277747428,-0.012619583167671594
2015,ret_1,0.63,0.21455581761885698,-0.012273114801440577
2015,ret_1,0.6399999999999999,0.22913757063275234,-0.012273114801440577
2015,ret_1,0.6499999999999999,0.24242424242424931,-0.012273114801440577
2015,ret_1,0.6599999999999999,0.25556994798096017,-0.012273114801440577
2015,ret_1,0.6699999999999999,0.2716948201358147,-0.01242344350791219
2015,ret_1,0.6799999999999999,0.2868852459016029,-0.01242344350791219
2015,ret_1,0.69,0.3018102606931167,-0.01242344350791219
2015,ret_1,0.7,0.31818181818183,-0.011709916973228368
2015,ret_1,0.71,0.3355119825708434,-0.011709916973228368
2015,ret_1,0.72,0.35163630889658704,-0.011709916973228368
2015,ret_1,0.73,0.3664397589881087,-0.011868698164725622
2015,ret_1,0.74,0.3830539753639599,-0.011868698164725622
2015,ret_1,0.7499999999999999,0.3991552270327068,-0.011868698164725622
2015,ret_1,0.7599999999999999,0.41637303606391324,-0.011868698164725622
2015,ret_1,0.7699999999999999,0.43475310648296545,-0.011422267697945392
2015,ret_1,0.7799999999999999,0.45290199809708237,-0.011422267697945392
2015,ret_1,0.7899999999999999,0.4707474329176507,-0.011422267697945392
2015,ret_1,0.7999999999999999,0.4897150378721697,-0.014282985765568029
2015,ret_1,0.8099999999999999,0.5107557808441839,-0.014282985765568029
2015,ret_1,0.82,0.5309439052928471,-0.014282985765568029
2015,ret_1,0.83,0.5560571553480261,-0.014282985765568029
2015,ret_1,0.84,0.5811393561723737,-0.017035496288461845
2015,ret_1,0.8499999999999999,0.6098805026360102,-0.017035496288461845
2015,ret_1,0.8599999999999999,0.6381885506053585,-0.017035496288461845
2015,ret_1,0.8699999999999999,0.6695652173913168,-0.013257546013058275
2015,ret_1,0.8799999999999999,0.701949860724216,-0.013257546013058275
2015,ret_1,0.8899999999999999,0.7406089743589073,-0.013257546013058275
2015,ret_1,0.8999999999999999,0.7822026941185886,-0.014640938852281179
2015,ret_1,0.9099999999999999,0.829808871258635,-0.014640938852281179
2015,ret_1,0.9199999999999999,0.8832274831964496,-0.014640938852281179
2015,ret_1,0.9299999999999999,0.949075838178898,-0.014604834214900678
2015,ret_1,0.94,1.0233267879288948,-0.014604834214900678
2015,ret_1,0.95,1.1249999999999825,-0.014604834214900678
2015,ret_2,0.05,-1.7315744157441137,0.014623807185818861
2015,ret_2,0.06,-1.5918394648828522,0.014623807185818861
2015,ret_2,0.07,-1.4775252073508036,0.00955386252373402
2015,ret_2,0.08,-1.3546329907037136,0.00955386252373402
2015,ret_2,0.09,-1.2661517227996937,0.00955386252373402
2015,ret_2,0.09999999999999999,-1.1766236892435327,0.00955386252373402
2015,ret_2,0.10999999999999999,-1.1060246834428253,0.004728988082441166
2015,ret_2,0.12,-1.0523013415892146,0.004728988082441166
2015,ret_2,0.13,-0.9888276757855485,0.004728988082441166
2015,ret_2,0.13999999999999999,-0.9354788370403139,-0.0006676632054922142
2015,ret_2,0.14999999999999997,-0.8836337782670584,-0.0006676632054922142
2015,ret_2,0.15999999999999998,-0.8329265336021225,-0.0006676632054922142
2015,ret_2,0.16999999999999998,-0.7924528301886329,-0.0006676632054922142
2015,ret_2,0.18,-0.7537099078579553,0.00023779505777937372
2015,ret_2,0.19,-0.712909771473597,0.00023779505777937372
2015,ret_2,0.19999999999999996,-0.6745139804800866,0.00023779505777937372
2015,ret_2,0.20999999999999996,-0.6389316327382274,0.0010497148092711661
2015,ret_2,0.21999999999999997,-0.6044452727973042,0.0010497148092711661
2015,ret_2,0.22999999999999998,-0.572309069645507,0.0010497148092711661
2015,ret_2,0.24,-0.5429776306963696,0.0010497148092711661
2015,ret_2,0.24999999999999994,-0.5161491037790521,-0.0004409752050817655
2015,ret_2,0.25999999999999995,-0.4861857607150585,-0.0004409752050817655
2015,ret_2,0.26999999999999996,-0.4575236148641157,-0.0004409752050817655
2015,ret_2,0.27999999999999997,-0.4302058270601313,-0.0022194803422718908
2015,ret_2,0.29,-0.4035254988913173,-0.0022194803422718908
2015,ret_2,0.3,-0.37620946513974485,-0.0022194803422718908
2015,ret_2,0.30999999999999994,-0.34744354262039484,-0.006479448405747549
2015,ret_2,0.31999999999999995,-0.3227747545881812,-0.006479448405747549
2015,ret_2,0.32999999999999996,-0.29938142804297835,-0.006479448405747549
2015,ret_2,0.33999999999999997,-0.27885731410643416,-0.006479448405747549
2015,ret_2,0.3499999999999999,-0.2560036619822759,-0.00851078679646638
2015,ret_2,0.35999999999999993,-0.23027326084872585,-0.00851078679646638
2015,ret_2,0.36999999999999994,-0.20786575431736443,-0.00851078679646638
2015,ret_2,0.37999999999999995,-0.18614051352970684,-0.011034172804565428
2015,ret_2,0.38999999999999996,-0.16434155848935614,-0.011034172804565428
2015,ret_2,0.3999999999999999,-0.14256313536472667,-0.011034172804565428
2015,ret_2,0.4099999999999999,-0.12095951041557922,-0.008660137478353886
2015,ret_2,0.41999999999999993,-0.09779040289620029,-0.008660137478353886
2015,ret_2,0.42999999999999994,-0.07565842507176065,-0.008660137478353886
2015,ret_2,0.43999999999999995,-0.05436491418566951,-0.008660137478353886
2015,ret_2,0.4499999999999999,-0.031765003478133096,-0.007149740945942634
2015,ret_2,0.4599999999999999,-0.007916101706141938,-0.007149740945942634
2015,ret_2,0.4699999999999999,0.0,-0.007149740945942634
2015,ret_2,0.4799999999999999,0.030623871269791002,-0.005305810315854994
2015,ret_2,0.48999999999999994,0.05386379131475432,-0.005305810315854994
2015,ret_2,0.49999999999999994,0.0743051432812812,-0.005305810315854994
2015,ret_2,0.5099999999999999,0.09332158894647115,-0.004152630613764708
2015,ret_2,0.5199999999999999,0.11230907889203397,-0.004152630613764708
2015,ret_2,0.5299999999999999,0.13311224860183246,-0.004152630613764708
2015,ret_2,0.5399999999999999,0.15384615384617337,-0.0032958556548445487
2015,ret_2,0.5499999999999999,0.17394007659387775,-0.0032958556548445487
2015,ret_2,0.5599999999999999,0.19620552657239396,-0.0032958556548445487
2015,ret_2,0.57,0.21420360701338678,-0.001661899650407028
2015,ret_2,0.58,0.2353104090300608,-0.001661899650407028
2015,ret_2,0.59,0.2566080654119868,-0.001661899650407028
2015,ret_2,0.6,0.27745983745983155,-0.0006090248565235167
2015,ret_2,0.61,0.29787234042551414,-0.0006090248565235167
2015,ret_2,0.62,0.31945167415119213,-0.0006090248565235167
2015,ret_2,0.63,0.33856839786219184,0.0023040672805593656
2015,ret_2,0.6399999999999999,0.3589743589743488,0.0023040672805593656
2015,ret_2,0.6499999999999999,0.3796193874516459,0.0023040672805593656
2015,ret_2,0.6599999999999999,0.4026033229352619,0.004214283132437221
2015,ret_2,0.6699999999999999,0.42384596104472433,0.004214283132437221
2015,ret_2,0.6799999999999999,0.4476161303752544,0.004214283132437221
2015,ret_2,0.69,0.4673259789354703,0.004214283132437221
2015,ret_2,0.7,0.4901574634229854,0.002036446147481715
2015,ret_2,0.71,0.5120724018085426,0.002036446147481715
2015,ret_2,0.72,0.5375812356021222,0.002036446147481715
2015,ret_2,0.73,0.5608438879640277,-0.00013934005017029734
2015,ret_2,0.74,0.588464113571908,-0.00013934005017029734
2015,ret_2,0.7499999999999999,0.6183197382323811,-0.00013934005017029734
2015,ret_2,0.7599999999999999,0.6481481481481539,-0.0016988067516694476
2015,ret_2,0.7699999999999999,0.673674840227002,-0.0016988067516694476
2015,ret_2,0.7799999999999999,0.7028112449799374,-0.0016988067516694476
2015,ret_2,0.7899999999999999,0.7305697012725029,-0.0016988067516694476
2015,ret_2,0.7999999999999999,0.7643628418263108,-0.00412333727664516
2015,ret_2,0.8099999999999999,0.7964892779854789,-0.00412333727664516
2015,ret_2,0.82,0.8298141266887191,-0.00412333727664516
2015,ret_2,0.83,0.863277250267878,-0.00412333727664516
2015,ret_2,0.84,0.9063032367972476,-0.003977777413781243
2015,ret_2,0.8499999999999999,0.9447883925311857,-0.003977777413781243
2015,ret_2,0.8599999999999999,0.9871385620025483,-0.003977777413781243
2015,ret_2,0.8699999999999999,1.037671775223498,-0.0025301080971861494
2015,ret_2,0.8799999999999999,1.091525423728774,-0.0025301080971861494
2015,ret_2,0.8899999999999999,1.1446835851043198,-0.0025301080971861494
2015,ret_2,0.8999999999999999,1.2092357538028662,-0.0011330932280074967
2015,ret_2,0.9099999999999999,1.2907862457853756,-0.0011330932280074967
2015,ret_2,0.9199999999999999,1.3834460823064665,-0.0011330932280074967
2015,ret_2,0.9299999999999999,1.4891894252143265,0.008761425781166397
2015,ret_2,0.94,1.5997923715040885,0.008761425781166397
2015,ret_2,0.95,1.7622484045164835,0.008761425781166397
2015,ret_4,0.05,-2.5763900497512537,-0.025135561289685138
2015,ret_4,0.06,-2.366201174659219,-0.025135561289685138
2015,ret_4,0.07,-2.1903658004273923,-0.01818413448929971
2015,ret_4,0.08,-2.0386823369101617,-0.01818413448929971
2015,ret_4,0.09,-1.9091148025941438,-0.01818413448929971
2015,ret_4,0.09999999999999999,-1.8041237113401993,-0.01818413448929971
2015,ret_4,0.10999999999999999,-1.6954457318815215,-0.007876732065724376
2015,ret_4,0.12,-1.5978470187189768,-0.007876732065724376
2015,ret_4,0.13,-1.5089820359281125,-0.007876732065724376
2015,ret_4,0.13999999999999999,-1.4421658071114432,-0.0029145565452231353
2015,ret_4,0.14999999999999997,-1.3709305882711915,-0.0029145565452231353
2015,ret_4,0.15999999999999998,-1.301025577249798,-0.0029145565452231353
2015,ret_4,0.16999999999999998,-1.2359275211901402,-0.0027093581014640353
2015,ret_4,0.18,-1.155937902537177,-0.0027093581014640353
2015,ret_4,0.19,-1.0977631882468104,-0.0027093581014640353
2015,ret_4,0.19999999999999996,-1.037037037037011,-0.0027093581014640353
2015,ret_4,0.20999999999999996,-0.9824887646060025,-0.0065151777400478525
2015,ret_4,0.21999999999999997,-0.9217152892453733,-0.0065151777400478525
2015,ret_4,0.22999999999999998,-0.8709354598617389,-0.0065151777400478525
2015,ret_4,0.24,-0.8162222658550818,-0.007022901049004135
2015,ret_4,0.24999999999999994,-0.7703024604293162,-0.007022901049004135
2015,ret_4,0.25999999999999995,-0.7251935724962566,-0.007022901049004135
2015,ret_4,0.26999999999999996,-0.6807898977200991,-0.006768434752025987
2015,ret_4,0.27999999999999997,-0.6397087017267314,-0.006768434752025987
2015,ret_4,0.29,-0.5907422268046183,-0.006768434752025987
2015,ret_4,0.3,-0.5497945205479552,-0.006093145506078466
2015,ret_4,0.30999999999999994,-0.5142085168868692,-0.006093145506078466
2015,ret_4,0.31999999999999995,-0.47615188477706255,-0.006093145506078466
2015,ret_4,0.32999999999999996,-0.43580864012775083,-0.006093145506078466
2015,ret_4,0.33999999999999997,-0.39725671210582575,-0.005222507059412156
2015,ret_4,0.3499999999999999,-0.3579500570098235,-0.005222507059412156
2015,ret_4,0.35999999999999993,-0.316241255699106,-0.005222507059412156
2015,ret_4,0.36999999999999994,-0.2806457487461727,-0.005153127604628841
2015,ret_4,0.37999999999999995,-0.24144772345811188,-0.005153127604628841
2015,ret_4,0.38999999999999996,-0.2100273273273685,-0.005153127604628841
2015,ret_4,0.3999999999999999,-0.17414364265254703,-0.0031402785083746885
2015,ret_4,0.4099999999999999,-0.14215922444186505,-0.0031402785083746885
2015,ret_4,0.41999999999999993,-0.11082379207012356,-0.0031402785083746885
2015,ret_4,0.42999999999999994,-0.07559837256607711,-0.0031402785083746885
2015,ret_4,0.43999999999999995,-0.04428558563065812,0.0004165893288841321
2015,ret_4,0.4499999999999999,-0.014862889849622507,0.0004165893288841321
2015,ret_4,0.4599999999999999,0.018147449416157684,0.0004165893288841321
2015,ret_4,0.4699999999999999,0.04874091041302796,0.001246262762331159
2015,ret_4,0.4799999999999999,0.08014451890934227,0.001246262762331159
2015,ret_4,0.48999999999999994,0.11024584891438978,0.001246262762331159
2015,ret_4,0.49999999999999994,0.14069549881055013,0.0002813081077800292
2015,ret_4,0.5099999999999999,0.17129906721859564,0.0002813081077800292
2015,ret_4,0.5199999999999999,0.20293623356628207,0.0002813081077800292
2015,ret_4,0.5299999999999999,0.23411371237456904,0.0002813081077800292
2015,ret_4,0.5399999999999999,0.2654028436019324,-0.0016703234731700806
2015,ret_4,0.5499999999999999,0.2959477005217405,-0.0016703234731700806
2015,ret_4,0.5599999999999999,0.32783171838805697,-0.0016703234731700806
2015,ret_4,0.57,0.3626379692507726,-0.0027296502347938538
2015,ret_4,0.58,0.3938318640657806,-0.0027296502347938538
2015,ret_4,0.59,0.42794759825319595,-0.0027296502347938538
2015,ret_4,0.6,0.4615384615384395,-0.002467247033968018
2015,ret_4,0.61,0.49797479032100683,-0.002467247033968018
2015,ret_4,0.62,0.5225444091964808,-0.002467247033968018
2015,ret_4,0.63,0.55142231947483,-0.002467247033968018
2015,ret_4,0.6399999999999999,0.5859030837004267,-0.0018342660667867627
2015,ret_4,0.6499999999999999,0.617770973748378,-0.0018342660667867627
2015,ret_4,0.6599999999999999,0.6529181017986689,-0.0018342660667867627
2015,ret_4,0.6699999999999999,0.689443918136341,0.004395591714951375
2015,ret_4,0.6799999999999999,0.7252898475458517,0.004395591714951375
2015,ret_4,0.69,0.760478404042582,0.004395591714951375
2015,ret_4,0.7,0.7965517241379859,0.004395591714951375
2015,ret_4,0.71,0.8346199647609048,0.006149430251647389
2015,ret_4,0.72,0.8767301746748722,0.006149430251647389
2015,ret_4,0.73,0.9179177166599071,0.006149430251647389
2015,ret_4,0.74,0.9622188733978542,0.006804153505052579
2015,ret_4,0.7499999999999999,1.0038295645184396,0.006804153505052579
2015,ret_4,0.7599999999999999,1.0465591922281887,0.006804153505052579
2015,ret_4,0.7699999999999999,1.0866603007105193,0.007907493494428567
2015,ret_4,0.7799999999999999,1.1268896350237367,0.007907493494428567
2015,ret_4,0.7899999999999999,1.1784248478162838,0.007907493494428567
2015,ret_4,0.7999999999999999,1.2251812616680147,0.009824457621590467
2015,ret_4,0.8099999999999999,1.2817471295040412,0.009824457621590467
2015,ret_4,0.82,1.3407284151230001,0.009824457621590467
2015,ret_4,0.83,1.4010911495183367,0.011932096910636328
2015,ret_4,0.84,1.469536641300917,0.011932096910636328
2015,ret_4,0.8499999999999999,1.5342465753424699,0.011932096910636328
2015,ret_4,0.8599999999999999,1.6072515033605483,0.011932096910636328
2015,ret_4,0.8699999999999999,1.6843973396266738,0.015246338923915576
2015,ret_4,0.8799999999999999,1.7753926022063486,0.015246338923915576
2015,ret_4,0.8899999999999999,1.8619932332096323,0.015246338923915576
2015,ret_4,0.8999999999999999,1.966361206567408,0.023360826401329214
2015,ret_4,0.9099999999999999,2.085119121638974,0.023360826401329214
2015,ret_4,0.9199999999999999,2.219603178973284,0.023360826401329214
2015,ret_4,0.9299999999999999,2.347449395543342,0.03038976459386984
2015,ret_4,0.94,2.518325444173166,0.03038976459386984
2015,ret_4,0.95,2.701176470588236,0.03038976459386984
2015,ret_8,0.05,-3.503113710181942,0.0028905373738726233
2015,ret_8,0.06,-3.3103496957402285,0.0028905373738726233
2015,ret_8,0.07,-3.1004514850493408,0.012826353460363534
2015,ret_8,0.08,-2.9525092276620897,0.012826353460363534
2015,ret_8,0.09,-2.7935174713475512,0.012826353460363534
2015,ret_8,0.09999999999999999,-2.657149132054267,0.02097870740734287
2015,ret_8,0.10999999999999999,-2.5068090396064506,0.02097870740734287
2015,ret_8,0.12,-2.39394513179139,0.02097870740734287
2015,ret_8,0.13,-2.271176573158114,0.02097870740734287
2015,ret_8,0.13999999999999999,-2.1624892548288366,0.02578054510413689
2015,ret_8,0.14999999999999997,-2.053102701778933,0.02578054510413689
2015,ret_8,0.15999999999999998,-1.9439193449394991,0.02578054510413689
2015,ret_8,0.16999999999999998,-1.841520010964952,0.028276516817154523
2015,ret_8,0.18,-1.744807121661712,0.028276516817154523
2015,ret_8,0.19,-1.6509556631753017,0.028276516817154523
2015,ret_8,0.19999999999999996,-1.5774647887324271,0.03123404474808089
2015,ret_8,0.20999999999999996,-1.5029880837673033,0.03123404474808089
2015,ret_8,0.21999999999999997,-1.4273816866552558,0.03123404474808089
2015,ret_8,0.22999999999999998,-1.3554919453356853,0.031973652472154515
2015,ret_8,0.24,-1.2886188552144746,0.031973652472154515
2015,ret_8,0.24999999999999994,-1.2114940046743354,0.031973652472154515
2015,ret_8,0.25999999999999995,-1.1478183748083777,0.031973652472154515
2015,ret_8,0.26999999999999996,-1.0761757037378505,0.03045785485646038
2015,ret_8,0.27999999999999997,-1.012849141824761,0.03045785485646038
2015,ret_8,0.29,-0.9463894940218299,0.03045785485646038
2015,ret_8,0.3,-0.8791484897012452,0.027867383243319856
2015,ret_8,0.30999999999999994,-0.8151469332311366,0.027867383243319856
2015,ret_8,0.31999999999999995,-0.7535233918128309,0.027867383243319856
2015,ret_8,0.32999999999999996,-0.6936993288984236,0.027867383243319856
2015,ret_8,0.33999999999999997,-0.6301068493150404,0.02627577121536197
2015,ret_8,0.3499999999999999,-0.5726002075628613,0.02627577121536197
2015,ret_8,0.35999999999999993,-0.5169612483089969,0.02627577121536197
2015,ret_8,0.36999999999999994,-0.4620770693623749,0.024872082582351906
2015,ret_8,0.37999999999999995,-0.40183402515917355,0.024872082582351906
2015,ret_8,0.38999999999999996,-0.34284100432319176,0.024872082582351906
2015,ret_8,0.3999999999999999,-0.28365624051022315,0.020176033919804996
2015,ret_8,0.4099999999999999,-0.22089192146670938,0.020176033919804996
2015,ret_8,0.41999999999999993,-0.1697772317772144,0.020176033919804996
2015,ret_8,0.42999999999999994,-0.11377727205268692,0.017180520439658727
2015,ret_8,0.43999999999999995,-0.06038650458945678,0.017180520439658727
2015,ret_8,0.4499999999999999,0.0,0.017180520439658727
2015,ret_8,0.4599999999999999,0.05418733802303602,0.017180520439658727
2015,ret_8,0.4699999999999999,0.10402000883207449,0.014497415731563674
2015,ret_8,0.4799999999999999,0.16052523311155373,0.014497415731563674
2015,ret_8,0.48999999999999994,0.21246659798089743,0.014497415731563674
2015,ret_8,0.49999999999999994,0.2639595296691142,0.00948583310405332
2015,ret_8,0.5099999999999999,0.31578947368420646,0.00948583310405332
2015,ret_8,0.5199999999999999,0.37022806343267317,0.00948583310405332
2015,ret_8,0.5299999999999999,0.4200776896942271,0.00948583310405332
2015,ret_8,0.5399999999999999,0.48416357415792083,0.001105704529830613
2015,ret_8,0.5499999999999999,0.5394187258941362,0.001105704529830613
2015,ret_8,0.5599999999999999,0.6003759692200422,0.001105704529830613
2015,ret_8,0.57,0.6562204911215926,-0.008129290892709142
2015,ret_8,0.58,0.7134679421413347,-0.008129290892709142
2015,ret_8,0.59,0.7668303659547546,-0.008129290892709142
2015,ret_8,0.6,0.8222180664110484,-0.014483944594844544
2015,ret_8,0.61,0.8765217391304305,-0.014483944594844544
2015,ret_8,0.62,0.9339923254029473,-0.014483944594844544
2015,ret_8,0.63,0.9935063300193073,-0.014483944594844544
2015,ret_8,0.6399999999999999,1.0435120851243782,-0.018185173186675917
2015,ret_8,0.6499999999999999,1.0996155536484369,-0.018185173186675917
2015,ret_8,0.6599999999999999,1.1574911909795946,-0.018185173186675917
2015,ret_8,0.6699999999999999,1.2162661737523095,-0.02049486522043368
2015,ret_8,0.6799999999999999,1.2792944881889916,-0.02049486522043368
2015,ret_8,0.69,1.3497753826929326,-0.02049486522043368
2015,ret_8,0.7,1.4166256803247907,-0.020919883859075145
2015,ret_8,0.71,1.4813064382278442,-0.020919883859075145
2015,ret_8,0.72,1.5453815749469133,-0.020919883859075145
2015,ret_8,0.73,1.6203814393141054,-0.023602131185394542
2015,ret_8,0.74,1.6902401083212821,-0.023602131185394542
2015,ret_8,0.7499999999999999,1.7622819472617015,-0.023602131185394542
2015,ret_8,0.7599999999999999,1.8301451443429373,-0.024836034936053263
2015,ret_8,0.7699999999999999,1.910091803849863,-0.024836034936053263
2015,ret_8,0.7799999999999999,1.982962962963007,-0.024836034936053263
2015,ret_8,0.7899999999999999,2.064899436846324,-0.024836034936053263
2015,ret_8,0.7999999999999999,2.1470746192594783,-0.027582855220426174
2015,ret_8,0.8099999999999999,2.233265439761528,-0.027582855220426174
2015,ret_8,0.82,2.3139186587575296,-0.027582855220426174
2015,ret_8,0.83,2.417623283191538,-0.03018986364635862
2015,ret_8,0.84,2.504534423847834,-0.03018986364635862
2015,ret_8,0.8499999999999999,2.6062776120437237,-0.03018986364635862
2015,ret_8,0.8599999999999999,2.7069183036533366,-0.03018986364635862
2015,ret_8,0.8699999999999999,2.8094890248291513,-0.03493227282818375
2015,ret_8,0.8799999999999999,2.9326515398256237,-0.03493227282818375
2015,ret_8,0.8899999999999999,3.0647031031891023,-0.03493227282818375
2015,ret_8,0.8999999999999999,3.2010919097959767,-0.03311300494732519
2015,ret_8,0.9099999999999999,3.356316934720834,-0.03311300494732519
2015,ret_8,0.9199999999999999,3.5044322514585557,-0.03311300494732519
2015,ret_8,0.9299999999999999,3.672515686274462,-0.03813321694153234
2015,ret_8,0.94,3.834922038138204,-0.03813321694153234
2015,ret_8,0.95,4.039154411764627,-0.03813321694153234
2015,vol_8,0.05,0.35827300994265476,-0.012820952992213072
2015,vol_8,0.06,0.37172601849502057,-0.012820952992213072
2015,vol_8,0.07,0.3849829513893138,-0.006436618249272427
2015,vol_8,0.08,0.395512537585517,-0.006436618249272427
2015,vol_8,0.09,0.4076720537430941,-0.006436618249272427
2015,vol_8,0.09999999999999999,0.4179682430388057,-0.0047878044384173125
2015,vol_8,0.10999999999999999,0.42788801243067565,-0.0047878044384173125
2015,vol_8,0.12,0.4367599917886303,-0.0047878044384173125
2015,vol_8,0.13,0.44565813876145677,-0.004732972289459748
2015,vol_8,0.13999999999999999,0.45422734911509305,-0.004732972289459748
2015,vol_8,0.14999999999999997,0.46239554094689433,-0.004732972289459748
2015,vol_8,0.15999999999999998,0.4710245105944947,0.0016584673427019
2015,vol_8,0.16999999999999998,0.47824134805577967,0.0016584673427019
2015,vol_8,0.18,0.4851121430798344,0.0016584673427019
2015,vol_8,0.19,0.4933015201411623,0.0016584673427019
2015,vol_8,0.19999999999999996,0.49974786550950034,0.00422383199630602
2015,vol_8,0.20999999999999996,0.5060343166609994,0.00422383199630602
2015,vol_8,0.21999999999999997,0.512806688528557,0.00422383199630602
2015,vol_8,0.22999999999999998,0.5192426743961587,0.0022840456835163067
2015,vol_8,0.24,0.5261078087901819,0.0022840456835163067
2015,vol_8,0.24999999999999994,0.5319448384380957,0.0022840456835163067
2015,vol_8,0.25999999999999995,0.5385381846066691,0.0002021211677832704
2015,vol_8,0.26999999999999996,0.5452473924269157,0.0002021211677832704
2015,vol_8,0.27999999999999997,0.5514640953738301,0.0002021211677832704
2015,vol_8,0.29,0.5581495287048074,-0.001584287832255403
2015,vol_8,0.3,0.5643521727629246,-0.001584287832255403
2015,vol_8,0.30999999999999994,0.571019781042165,-0.001584287832255403
2015,vol_8,0.31999999999999995,0.5775746678463739,-0.00496126806596667
2015,vol_8,0.32999999999999996,0.5844647166529573,-0.00496126806596667
2015,vol_8,0.33999999999999997,0.5913642016020279,-0.00496126806596667
2015,vol_8,0.3499999999999999,0.5981523833060558,-0.004744292437907588
2015,vol_8,0.35999999999999993,0.6043349398176057,-0.004744292437907588
2015,vol_8,0.36999999999999994,0.6104573430908469,-0.004744292437907588
2015,vol_8,0.37999999999999995,0.6167084202558931,-0.004744292437907588
2015,vol_8,0.38999999999999996,0.6233763114484226,-0.0031876875963800597
2015,vol_8,0.3999999999999999,0.6308658242864753,-0.0031876875963800597
2015,vol_8,0.4099999999999999,0.637910912708562,-0.0031876875963800597
2015,vol_8,0.41999999999999993,0.644444303205174,-0.003956159452400172
2015,vol_8,0.42999999999999994,0.6515863630328159,-0.003956159452400172
2015,vol_8,0.43999999999999995,0.658374772818793,-0.003956159452400172
2015,vol_8,0.4499999999999999,0.6655117458025399,-0.003956159452400172
2015,vol_8,0.4599999999999999,0.6722350334318071,-0.003773710419774252
2015,vol_8,0.4699999999999999,0.6793403863587394,-0.003773710419774252
2015,vol_8,0.4799999999999999,0.6859823770127277,-0.003773710419774252
2015,vol_8,0.48999999999999994,0.6925703536448704,-0.003009581487140617
2015,vol_8,0.49999999999999994,0.6996382192466162,-0.003009581487140617
2015,vol_8,0.5099999999999999,0.7070785587117147,-0.003009581487140617
2015,vol_8,0.5199999999999999,0.7143170140262532,-0.0022611524590460414
2015,vol_8,0.5299999999999999,0.7212380909575998,-0.0022611524590460414
2015,vol_8,0.5399999999999999,0.7287321881550067,-0.0022611524590460414
2015,vol_8,0.5499999999999999,0.7361228011034193,-0.00268030596442201
2015,vol_8,0.5599999999999999,0.7434674127012804,-0.00268030596442201
2015,vol_8,0.57,0.7510585806054997,-0.00268030596442201
2015,vol_8,0.58,0.7585473048266769,-0.00268030596442201
2015,vol_8,0.59,0.7651219462864098,-0.0020742777398197573
2015,vol_8,0.6,0.7722623358367684,-0.0020742777398197573
2015,vol_8,0.61,0.7809960221822048,-0.0020742777398197573
2015,vol_8,0.62,0.7882881128866771,-0.0011926096427245804
2015,vol_8,0.63,0.7953900258855277,-0.0011926096427245804
2015,vol_8,0.6399999999999999,0.803517225092763,-0.0011926096427245804
2015,vol_8,0.6499999999999999,0.8121683298692324,-0.0011926096427245804
2015,vol_8,0.6599999999999999,0.821462411505406,-0.0002785863074066773
2015,vol_8,0.6699999999999999,0.8298858040323118,-0.0002785863074066773
2015,vol_8,0.6799999999999999,0.8389521085621967,-0.0002785863074066773
2015,vol_8,0.69,0.8466583673871563,0.004237069855234827
2015,vol_8,0.7,0.8572270849551895,0.004237069855234827
2015,vol_8,0.71,0.8665864409502508,0.004237069855234827
2015,vol_8,0.72,0.8763555537656341,0.007209301884874294
2015,vol_8,0.73,0.8879110903870082,0.007209301884874294
2015,vol_8,0.74,0.8991358262500982,0.007209301884874294
2015,vol_8,0.7499999999999999,0.9095122801868731,0.007209301884874294
2015,vol_8,0.7599999999999999,0.9198078598197419,0.010874955378472335
2015,vol_8,0.7699999999999999,0.9318900715656938,0.010874955378472335
2015,vol_8,0.7799999999999999,0.943983456945777,0.010874955378472335
2015,vol_8,0.7899999999999999,0.9581105912395689,0.014507820768104945
2015,vol_8,0.7999999999999999,0.9716569622910967,0.014507820768104945
2015,vol_8,0.8099999999999999,0.9853691356618154,0.014507820768104945
2015,vol_8,0.82,1.0005441565834652,0.0137611651236377
2015,vol_8,0.83,1.0145630335774483,0.0137611651236377
2015,vol_8,0.84,1.0294286762972749,0.0137611651236377
2015,vol_8,0.8499999999999999,1.0470871888191702,0.0137611651236377
2015,vol_8,0.8599999999999999,1.0666283412452284,0.011473819892299137
2015,vol_8,0.8699999999999999,1.08440556369607,0.011473819892299137
2015,vol_8,0.8799999999999999,1.1041157152531003,0.011473819892299137
2015,vol_8,0.8899999999999999,1.1267483414582367,0.007997398638431082
2015,vol_8,0.8999999999999999,1.1487776151410756,0.007997398638431082
2015,vol_8,0.9099999999999999,1.1721729531283618,0.007997398638431082
2015,vol_8,0.9199999999999999,1.1989217146249378,0.007997398638431082
2015,vol_8,0.9299999999999999,1.2374959106218504,0.0016979452918680395
2015,vol_8,0.94,1.2736449340656721,0.0016979452918680395
2015,vol_8,0.95,1.311612393254515,0.0016979452918680395
2015,body,0.05,-1.0104644717880686,-0.03143524340394614
2015,body,0.06,-0.933333333333251,-0.03143524340394614
2015,body,0.07,-0.8630003013450482,-0.0315472492361103
2015,body,0.08,-0.8138490393249843,-0.0315472492361103
2015,body,0.09,-0.7629505776845098,-0.0315472492361103
2015,body,0.09999999999999999,-0.7201252503417306,-0.0315472492361103
2015,body,0.10999999999999999,-0.6745604292168713,-0.028380971479485657
2015,body,0.12,-0.6390092007938036,-0.028380971479485657
2015,body,0.13,-0.6063729110132785,-0.028380971479485657
2015,body,0.13999999999999999,-0.579504382169693,-0.019483555395668314
2015,body,0.14999999999999997,-0.5479774122901526,-0.019483555395668314
2015,body,0.15999999999999998,-0.519930676921629,-0.019483555395668314
2015,body,0.16999999999999998,-0.49831537866934206,-0.019483555395668314
2015,body,0.18,-0.47511312217194923,-0.014877540587639942
2015,body,0.19,-0.4519578494713551,-0.014877540587639942
2015,body,0.19999999999999996,-0.43223804298584,-0.014877540587639942
2015,body,0.20999999999999996,-0.4087714149547519,-0.01052755514679412
2015,body,0.21999999999999997,-0.38821921082812133,-0.01052755514679412
2015,body,0.22999999999999998,-0.36556668981993806,-0.01052755514679412
2015,body,0.24,-0.34782608695642875,-0.008715256652772093
2015,body,0.24999999999999994,-0.33006904566587214,-0.008715256652772093
2015,body,0.25999999999999995,-0.3115710392310918,-0.008715256652772093
2015,body,0.26999999999999996,-0.2953071106957778,-0.008715256652772093
2015,body,0.27999999999999997,-0.2791882859257371,-0.0076712683946370255
2015,body,0.29,-0.26284686503553306,-0.0076712683946370255
2015,body,0.3,-0.2482479119282602,-0.0076712683946370255
2015,body,0.30999999999999994,-0.2339832869081214,-0.006654538712684772
2015,body,0.31999999999999995,-0.21922690400973488,-0.006654538712684772
2015,body,0.32999999999999996,-0.20463398650907294,-0.006654538712684772
2015,body,0.33999999999999997,-0.19039652362843237,-0.004988851967708657
2015,body,0.3499999999999999,-0.17533123490232028,-0.004988851967708657
2015,body,0.35999999999999993,-0.16266455847076344,-0.004988851967708657
2015,body,0.36999999999999994,-0.14897934803831883,-0.004988851967708657
2015,body,0.37999999999999995,-0.13466121960943842,0.0001689596430072871
2015,body,0.38999999999999996,-0.11931818181820261,0.0001689596430072871
2015,body,0.3999999999999999,-0.10487739218967597,0.0001689596430072871
2015,body,0.4099999999999999,-0.08995387062858036,0.0022957005884686726
2015,body,0.41999999999999993,-0.07736304379393855,0.0022957005884686726
2015,body,0.42999999999999994,-0.06311967101569663,0.0022957005884686726
2015,body,0.43999999999999995,-0.0490615366854617,0.0022228213778267975
2015,body,0.4499999999999999,-0.034259845333978925,0.0022228213778267975
2015,body,0.4599999999999999,-0.02312677168571115,0.0022228213778267975
2015,body,0.4699999999999999,0.0,0.0023929841329665743
2015,body,0.4799999999999999,0.0,0.0023929841329665743
2015,body,0.48999999999999994,0.017991495092457645,0.0023929841329665743
2015,body,0.49999999999999994,0.030905227866379517,0.0012525600616496348
2015,body,0.5099999999999999,0.042263951868027,0.0012525600616496348
2015,body,0.5199999999999999,0.05691056910565934,0.0012525600616496348
2015,body,0.5299999999999999,0.07026703070493313,0.0012525600616496348
2015,body,0.5399999999999999,0.0829997356028558,0.0015189096182047222
2015,body,0.5499999999999999,0.09435659528728925,0.0015189096182047222
2015,body,0.5599999999999999,0.10810810810815039,0.0015189096182047222
2015,body,0.57,0.12173913043473135,0.0023109767583252188
2015,body,0.58,0.13358778625945775,0.0023109767583252188
2015,body,0.59,0.14675052410898354,0.0023109767583252188
2015,body,0.6,0.1593776738888266,0.007562477357065324
2015,body,0.61,0.1727021188997434,0.007562477357065324
2015,body,0.62,0.18771902206704147,0.007562477357065324
2015,body,0.63,0.2025316455695898,0.009774693637917916
2015,body,0.6399999999999999,0.21642954966359984,0.009774693637917916
2015,body,0.6499999999999999,0.23045267489707078,0.009774693637917916
2015,body,0.6599999999999999,0.2431605654222527,0.009774693637917916
2015,body,0.6699999999999999,0.2572907979924987,0.011237226790778985
2015,body,0.6799999999999999,0.2737850869404873,0.011237226790778985
2015,body,0.69,0.2875565688911622,0.011237226790778985
2015,body,0.7,0.3019721747620187,0.014436158556869383
2015,body,0.71,0.3169486708384754,0.014436158556869383
2015,body,0.72,0.33293267657515757,0.014436158556869383
2015,body,0.73,0.3492104221114216,0.01525085379807606
2015,body,0.74,0.36525663185294416,0.01525085379807606
2015,body,0.7499999999999999,0.38090257023313284,0.01525085379807606
2015,body,0.7599999999999999,0.39734784478521507,0.01525085379807606
2015,body,0.7699999999999999,0.4136363636363367,0.015911305827918103
2015,body,0.7799999999999999,0.42831976961252194,0.015911305827918103
2015,body,0.7899999999999999,0.4452454224220903,0.015911305827918103
2015,body,0.7999999999999999,0.4645651019644989,0.016479188488508892
2015,body,0.8099999999999999,0.4827586206896809,0.016479188488508892
2015,body,0.82,0.5009958787398546,0.016479188488508892
2015,body,0.83,0.5206851336278544,0.016479188488508892
2015,body,0.84,0.5412711623947837,0.014865314019506318
2015,body,0.8499999999999999,0.5645161290322768,0.014865314019506318
2015,body,0.8599999999999999,0.5919862698902727,0.014865314019506318
2015,body,0.8699999999999999,0.6195441361916445,0.015713789552473365
2015,body,0.8799999999999999,0.6451776235198678,0.015713789552473365
2015,body,0.8899999999999999,0.6761645115479502,0.015713789552473365
2015,body,0.8999999999999999,0.7103313172809925,0.015713789552473365
2015,body,0.9099999999999999,0.7459356573575985,0.01794109806659268
2015,body,0.9199999999999999,0.7886293762575267,0.01794109806659268
2015,body,0.9299999999999999,0.831234211292173,0.01794109806659268
2015,body,0.94,0.8791275956640843,0.022543302374407524
2015,body,0.95,0.9433379586802048,0.022543302374407524
2015,range,0.05,0.4301809761252927,0.023728778139626174
2015,range,0.06,0.44637681159423626,0.023728778139626174
2015,range,0.07,0.4575570300873855,0.014370356161592613
2015,range,0.08,0.47155145895825284,0.014370356161592613
2015,range,0.09,0.4849794115928521,0.014370356161592613
2015,range,0.09999999999999999,0.4962923584753732,0.014778033334544185
2015,range,0.10999999999999999,0.5069389107674935,0.014778033334544185
2015,range,0.12,0.5176454018227024,0.014778033334544185
2015,range,0.13,0.5289969831878275,0.014778033334544185
2015,range,0.13999999999999999,0.5384615384614885,0.014225504555041745
2015,range,0.14999999999999997,0.5481893315513204,0.014225504555041745
2015,range,0.15999999999999998,0.5576588115556016,0.014225504555041745
2015,range,0.16999999999999998,0.5668016194332086,0.0103503442894674
2015,range,0.18,0.5758308015891138,0.0103503442894674
2015,range,0.19,0.5833333333333846,0.0103503442894674
2015,range,0.19999999999999996,0.5918008411030102,0.006993264536510493
2015,range,0.20999999999999996,0.5998001483375823,0.006993264536510493
2015,range,0.21999999999999997,0.6079613992762495,0.006993264536510493
2015,range,0.22999999999999998,0.6162679425837537,0.006993264536510493
2015,range,0.24,0.6248715943661556,0.005393628826454054
2015,range,0.24999999999999994,0.6322580645160955,0.005393628826454054
2015,range,0.25999999999999995,0.6408635046903238,0.005393628826454054
2015,range,0.26999999999999996,0.6489156318069551,0.0034177980924957343
2015,range,0.27999999999999997,0.6562500000000385,0.0034177980924957343
2015,range,0.29,0.6644274337758104,0.0034177980924957343
2015,range,0.3,0.6730769230769172,0.0034177980924957343
2015,range,0.30999999999999994,0.6819014099862962,-0.0006599953114785165
2015,range,0.31999999999999995,0.6908055820375156,-0.0006599953114785165
2015,range,0.32999999999999996,0.6993179322063114,-0.0006599953114785165
2015,range,0.33999999999999997,0.7066378609147095,-0.0037371725908865168
2015,range,0.3499999999999999,0.7162616382828568,-0.0037371725908865168
2015,range,0.35999999999999993,0.7253886010362688,-0.0037371725908865168
2015,range,0.36999999999999994,0.7320261437908888,-0.0068800508097444455
2015,range,0.37999999999999995,0.7400475770924657,-0.0068800508097444455
2015,range,0.38999999999999996,0.7482366511853537,-0.0068800508097444455
2015,range,0.3999999999999999,0.7567567567567535,-0.009115755904010613
2015,range,0.4099999999999999,0.7650872137605061,-0.009115755904010613
2015,range,0.41999999999999993,0.7722772277228038,-0.009115755904010613
2015,range,0.42999999999999994,0.7809330628803244,-0.009115755904010613
2015,range,0.43999999999999995,0.7892156862745311,-0.012582977257313407
2015,range,0.4499999999999999,0.7983279311140248,-0.012582977257313407
2015,range,0.4599999999999999,0.8069164265129155,-0.012582977257313407
2015,range,0.4699999999999999,0.8141843971631046,-0.016076434173526187
2015,range,0.4799999999999999,0.8235294117647415,-0.016076434173526187
2015,range,0.48999999999999994,0.8319672131146619,-0.016076434173526187
2015,range,0.49999999999999994,0.8411434940280063,-0.016076434173526187
2015,range,0.5099999999999999,0.8502534619488725,-0.018474982327355786
2015,range,0.5199999999999999,0.8594921092685959,-0.018474982327355786
2015,range,0.5299999999999999,0.8693316723956345,-0.018474982327355786
2015,range,0.5399999999999999,0.8799883964544707,-0.02139140643162213
2015,range,0.5499999999999999,0.8886524216126456,-0.02139140643162213
2015,range,0.5599999999999999,0.8984376540474875,-0.02139140643162213
2015,range,0.57,0.9083405190402924,-0.02139140643162213
2015,range,0.58,0.91922146841556,-0.021499193214055228
2015,range,0.59,0.9296874999999705,-0.021499193214055228
2015,range,0.6,0.940860215053756,-0.021499193214055228
2015,range,0.61,0.9531281456583508,-0.021788184282521262
2015,range,0.62,0.9653007217321675,-0.021788184282521262
2015,range,0.63,0.9772318846218746,-0.021788184282521262
2015,range,0.6399999999999999,0.9903601748826518,-0.022993017914217734
2015,range,0.6499999999999999,1.0033876880293278,-0.022993017914217734
2015,range,0.6599999999999999,1.0157182227861172,-0.022993017914217734
2015,range,0.6699999999999999,1.026181924465102,-0.024993057062210205
2015,range,0.6799999999999999,1.039542646207762,-0.024993057062210205
2015,range,0.69,1.0529247910864015,-0.024993057062210205
2015,range,0.7,1.0659013243394446,-0.024993057062210205
2015,range,0.71,1.080276173811638,-0.025518827243521974
2015,range,0.72,1.093863947909524,-0.025518827243521974
2015,range,0.73,1.1086556169428632,-0.025518827243521974
2015,range,0.74,1.1247419326252468,-0.024644506446996707
2015,range,0.7499999999999999,1.1404964864244793,-0.024644506446996707
2015,range,0.7599999999999999,1.1559936131634219,-0.024644506446996707
2015,range,0.7699999999999999,1.173442743016807,-0.019849630594902492
2015,range,0.7799999999999999,1.1914893617022433,-0.019849630594902492
2015,range,0.7899999999999999,1.2090909090908728,-0.019849630594902492
2015,range,0.7999999999999999,1.2292209474181262,-0.019849630594902492
2015,range,0.8099999999999999,1.2484519561380791,-0.007234658286625633
2015,range,0.82,1.2684605119973797,-0.007234658286625633
2015,range,0.83,1.29444938839458,-0.007234658286625633
2015,range,0.84,1.3189711312392807,0.0033770785660142484
2015,range,0.8499999999999999,1.346378266338342,0.0033770785660142484
2015,range,0.8599999999999999,1.3717964462080676,0.0033770785660142484
2015,range,0.8699999999999999,1.4036939313984433,0.01750443013350286
2015,range,0.8799999999999999,1.4382314694407952,0.01750443013350286
2015,range,0.8899999999999999,1.464557060777764,0.01750443013350286
2015,range,0.8999999999999999,1.5026636945180873,0.02685061340052185
2015,range,0.9099999999999999,1.547970762976824,0.02685061340052185
2015,range,0.9199999999999999,1.5966373692077982,0.02685061340052185
2015,range,0.9299999999999999,1.6441758932037953,0.02685061340052185
2015,range,0.94,1.7012682841069178,0.03191728120331689
2015,range,0.95,1.7766579254079435,0.03191728120331689
2015,mean_distance,0.05,-1.9023661993461605,-0.012417071071154319
2015,mean_distance,0.06,-1.7596287516546432,-0.012417071071154319
2015,mean_distance,0.07,-1.6478098056464114,-0.004872658734258043
2015,mean_distance,0.08,-1.5434299516908339,-0.004872658734258043
2015,mean_distance,0.09,-1.4411955648768149,-0.004872658734258043
2015,mean_distance,0.09999999999999999,-1.3548120957606666,-0.004872658734258043
2015,mean_distance,0.10999999999999999,-1.2808534820514528,-0.0056279684825656165
2015,mean_distance,0.12,-1.2087628865979347,-0.0056279684825656165
2015,mean_distance,0.13,-1.1504353265286429,-0.0056279684825656165
2015,mean_distance,0.13999999999999999,-1.0789321205836935,-0.007334325256998859
2015,mean_distance,0.14999999999999997,-1.0199142607943983,-0.007334325256998859
2015,mean_distance,0.15999999999999998,-0.9605438786131777,-0.007334325256998859
2015,mean_distance,0.16999999999999998,-0.9083872598370965,-0.005383645053618362
2015,mean_distance,0.18,-0.8573480116413863,-0.005383645053618362
2015,mean_distance,0.19,-0.8067541072138834,-0.005383645053618362
2015,mean_distance,0.19999999999999996,-0.7612578165182153,-0.00011889578204182829
2015,mean_distance,0.20999999999999996,-0.718577966977392,-0.00011889578204182829
2015,mean_distance,0.21999999999999997,-0.6742273121745019,-0.00011889578204182829
2015,mean_distance,0.22999999999999998,-0.6335230567988216,0.0020088988806013083
2015,mean_distance,0.24,-0.5968055193394797,0.0020088988806013083
2015,mean_distance,0.24999999999999994,-0.5587893362211532,0.0020088988806013083
2015,mean_distance,0.25999999999999995,-0.5217487046632067,0.0020088988806013083
2015,mean_distance,0.26999999999999996,-0.48742306530113644,0.004826941516673196
2015,mean_distance,0.27999999999999997,-0.45385298346515224,0.004826941516673196
2015,mean_distance,0.29,-0.42048884671609893,0.004826941516673196
2015,mean_distance,0.3,-0.3899662384716489,0.006012226855099553
2015,mean_distance,0.30999999999999994,-0.3587978091459738,0.006012226855099553
2015,mean_distance,0.31999999999999995,-0.32951768850045854,0.006012226855099553
2015,mean_distance,0.32999999999999996,-0.30146675867998046,0.006012226855099553
2015,mean_distance,0.33999999999999997,-0.2750288388452245,0.005886693049211404
2015,mean_distance,0.3499999999999999,-0.2446118276248436,0.005886693049211404
2015,mean_distance,0.35999999999999993,-0.2105582023589306,0.005886693049211404
2015,mean_distance,0.36999999999999994,-0.18200000000001246,0.004850569609229888
2015,mean_distance,0.37999999999999995,-0.1556150836342638,0.004850569609229888
2015,mean_distance,0.38999999999999996,-0.1267851805727712,0.004850569609229888
2015,mean_distance,0.3999999999999999,-0.0978940467426736,0.005924168558976594
2015,mean_distance,0.4099999999999999,-0.06893681462508562,0.005924168558976594
2015,mean_distance,0.41999999999999993,-0.04313220866116302,0.005924168558976594
2015,mean_distance,0.42999999999999994,-0.017510368420602777,0.005924168558976594
2015,mean_distance,0.43999999999999995,0.0069758618560694634,0.006001835628982256
2015,mean_distance,0.4499999999999999,0.027903368794255822,0.006001835628982256
2015,mean_distance,0.4599999999999999,0.05509996818448953,0.006001835628982256
2015,mean_distance,0.4699999999999999,0.07495654649752659,0.0063620907343418095
2015,mean_distance,0.4799999999999999,0.09808259587021792,0.0063620907343418095
2015,mean_distance,0.48999999999999994,0.11928293795621644,0.0063620907343418095
2015,mean_distance,0.49999999999999994,0.14372745572941883,0.00662992969628609
2015,mean_distance,0.5099999999999999,0.16332833123157384,0.00662992969628609
2015,mean_distance,0.5199999999999999,0.1863511773363481,0.00662992969628609
2015,mean_distance,0.5299999999999999,0.2099544731528489,0.00662992969628609
2015,mean_distance,0.5399999999999999,0.23395464007288544,0.008243680440958169
2015,mean_distance,0.5499999999999999,0.2571326894602262,0.008243680440958169
2015,mean_distance,0.5599999999999999,0.2812884195622809,0.008243680440958169
2015,mean_distance,0.57,0.3025556157728874,0.008787069096422604
2015,mean_distance,0.58,0.3255988943488815,0.008787069096422604
2015,mean_distance,0.59,0.34918726041263376,0.008787069096422604
2015,mean_distance,0.6,0.3730247632020132,0.005645137650354845
2015,mean_distance,0.61,0.3973741883115966,0.005645137650354845
2015,mean_distance,0.62,0.4213850835236615,0.005645137650354845
2015,mean_distance,0.63,0.44769184470915413,0.005645137650354845
2015,mean_distance,0.6399999999999999,0.4756908699125555,0.003424040651277852
2015,mean_distance,0.6499999999999999,0.4987922705313504,0.003424040651277852
2015,mean_distance,0.6599999999999999,0.525315228644977,0.003424040651277852
2015,mean_distance,0.6699999999999999,0.5495329676574005,0.0013339434651951684
2015,mean_distance,0.6799999999999999,0.5721153846153788,0.0013339434651951684
2015,mean_distance,0.69,0.6019722284789181,0.0013339434651951684
2015,mean_distance,0.7,0.631147540983603,-0.0002021453224633707
2015,mean_distance,0.71,0.6573330624888382,-0.0002021453224633707
2015,mean_distance,0.72,0.6871561771561704,-0.0002021453224633707
2015,mean_distance,0.73,0.7202413617886536,-0.0002021453224633707
2015,mean_distance,0.74,0.7550849874721136,-0.0008854955260473906
2015,mean_distance,0.7499999999999999,0.7849120948849819,-0.0008854955260473906
2015,mean_distance,0.7599999999999999,0.8198356704999704,-0.0008854955260473906
2015,mean_distance,0.7699999999999999,0.8536322463767876,-0.003560281210880314
2015,mean_distance,0.7799999999999999,0.8879218608853073,-0.003560281210880314
2015,mean_distance,0.7899999999999999,0.9221527950420059,-0.003560281210880314
2015,mean_distance,0.7999999999999999,0.9579548998046534,-0.0035378636908043643
2015,mean_distance,0.8099999999999999,0.9987100636942938,-0.0035378636908043643
2015,mean_distance,0.82,1.0429537843849583,-0.0035378636908043643
2015,mean_distance,0.83,1.0838853169856828,-0.0037267037532484636
2015,mean_distance,0.84,1.130287336491139,-0.0037267037532484636
2015,mean_distance,0.8499999999999999,1.1808374785250213,-0.0037267037532484636
2015,mean_distance,0.8599999999999999,1.2265892933462637,-0.0037267037532484636
2015,mean_distance,0.8699999999999999,1.2833176040061625,-0.001199186921215688
2015,mean_distance,0.8799999999999999,1.3445203946169837,-0.001199186921215688
2015,mean_distance,0.8899999999999999,1.4169270115302681,-0.001199186921215688
2015,mean_distance,0.8999999999999999,1.4995896032831273,0.00040578443677113626
2015,mean_distance,0.9099999999999999,1.5808253208790095,0.00040578443677113626
2015,mean_distance,0.9199999999999999,1.6573234387697913,0.00040578443677113626
2015,mean_distance,0.9299999999999999,1.7582089170464759,0.001644378764231116
2015,mean_distance,0.94,1.8631957326179776,0.001644378764231116
2015,mean_distance,0.95,1.9742741128592352,0.001644378764231116
2015,range_position,0.05,0.06996236559139594,-0.014237989301656174
2015,range_position,0.06,0.08333333333336086,-0.014237989301656174
2015,range_position,0.07,0.09523809523809978,-0.01681903640000719
2015,range_position,0.08,0.10720413634624759,-0.01681903640000719
2015,range_position,0.09,0.11735714932536867,-0.01681903640000719
2015,range_position,0.09999999999999999,0.12790697674416357,-0.018071999897652444
2015,range_position,0.10999999999999999,0.13870961329398795,-0.018071999897652444
2015,range_position,0.12,0.14937449584739768,-0.018071999897652444
2015,range_position,0.13,0.1602564102563993,-0.018071999897652444
2015,range_position,0.13999999999999999,0.1707317073170555,-0.017329921694090054
2015,range_position,0.14999999999999997,0.18181135681124963,-0.017329921694090054
2015,range_position,0.15999999999999998,0.19230769230769978,-0.017329921694090054
2015,range_position,0.16999999999999998,0.20338983050848075,-0.0154439920663241
2015,range_position,0.18,0.21459227467811454,-0.0154439920663241
2015,range_position,0.19,0.2259096385542156,-0.011790112589081842
2015,range_position,0.19999999999999996,0.23733949666153936,-0.011790112589081842
2015,range_position,0.20999999999999996,0.24739721043057086,-0.011790112589081842
2015,range_position,0.21999999999999997,0.26043942577030527,-0.011790112589081842
2015,range_position,0.22999999999999998,0.27151471920899395,-0.007881917000876742
2015,range_position,0.24,0.2829416564667447,-0.007881917000876742
2015,range_position,0.24999999999999994,0.29583098591548923,-0.007881917000876742
2015,range_position,0.25999999999999995,0.30878186968839355,-0.007885688972551945
2015,range_position,0.26999999999999996,0.3203085631298947,-0.007885688972551945
2015,range_position,0.27999999999999997,0.3333333333333099,-0.007885688972551945
2015,range_position,0.29,0.34453781512604903,-0.007885688972551945
2015,range_position,0.3,0.35714285714285815,-0.008167366368387144
2015,range_position,0.30999999999999994,0.3664122137404372,-0.008167366368387144
2015,range_position,0.31999999999999995,0.37797385374675835,-0.008167366368387144
2015,range_position,0.32999999999999996,0.39004659685863385,-0.005932153192646533
2015,range_position,0.33999999999999997,0.40261264069264885,-0.005932153192646533
2015,range_position,0.3499999999999999,0.4149166666666628,-0.005932153192646533
2015,range_position,0.35999999999999993,0.42857142857144337,-0.00658985408087454
2015,range_position,0.36999999999999994,0.4409448818897442,-0.00658985408087454
2015,range_position,0.37999999999999995,0.4535823333896672,-0.00658985408087454
2015,range_position,0.38999999999999996,0.4651162790697602,-0.00658985408087454
2015,range_position,0.3999999999999999,0.47918238993710854,-0.005756395989675362
2015,range_position,0.4099999999999999,0.49056603773584795,-0.005756395989675362
2015,range_position,0.41999999999999993,0.5035368843692034,-0.005756395989675362
2015,range_position,0.42999999999999994,0.5142857142857217,-0.005756395989675362
2015,range_position,0.43999999999999995,0.5272362114872399,-0.006424244139474562
2015,range_position,0.4499999999999999,0.5384615384615211,-0.006424244139474562
2015,range_position,0.4599999999999999,0.5500393013100567,-0.006424244139474562
2015,range_position,0.4699999999999999,0.5620270732402403,-0.00581781204705057
2015,range_position,0.4799999999999999,0.574616391725587,-0.00581781204705057
2015,range_position,0.48999999999999994,0.587199589401426,-0.00581781204705057
2015,range_position,0.49999999999999994,0.5993627460757646,-0.00581781204705057
2015,range_position,0.5099999999999999,0.6103733766233662,-0.004093261942790323
2015,range_position,0.5199999999999999,0.6217566678845451,-0.004093261942790323
2015,range_position,0.5299999999999999,0.6340822227809679,-0.004093261942790323
2015,range_position,0.5399999999999999,0.6456564938412062,-0.0013136941690883087
2015,range_position,0.5499999999999999,0.658658164440347,-0.0013136941690883087
2015,range_position,0.5599999999999999,0.6689432869289094,-0.0013136941690883087
2015,range_position,0.57,0.679391532003258,0.0031969739865068507
2015,range_position,0.58,0.6902949852507128,0.0031969739865068507
2015,range_position,0.59,0.700729927007296,0.0031969739865068507
2015,range_position,0.6,0.7107843137254929,0.005134011595219148
2015,range_position,0.61,0.7206703910614541,0.005134011595219148
2015,range_position,0.62,0.7309843822483402,0.005134011595219148
2015,range_position,0.63,0.7405433530174298,0.008487468850954421
2015,range_position,0.6399999999999999,0.7499999999999907,0.008487468850954421
2015,range_position,0.6499999999999999,0.7596153846153877,0.008487468850954421
2015,range_position,0.6599999999999999,0.7686203208556212,0.008487468850954421
2015,range_position,0.6699999999999999,0.7777777777778064,0.01065239863247501
2015,range_position,0.6799999999999999,0.7879452882944039,0.01065239863247501
2015,range_position,0.69,0.796296296296298,0.01065239863247501
2015,range_position,0.7,0.8044503561314577,0.012412439830517178
2015,range_position,0.71,0.812269152202367,0.012412439830517178
2015,range_position,0.72,0.8200000000000233,0.012412439830517178
2015,range_position,0.73,0.8274859535088684,0.014509753597355164
2015,range_position,0.74,0.8357790756363166,0.014509753597355164
2015,range_position,0.7499999999999999,0.8442622950819705,0.014509753597355164
2015,range_position,0.7599999999999999,0.8518518518518461,0.016109028089626352
2015,range_position,0.7699999999999999,0.8590729103111598,0.016109028089626352
2015,range_position,0.7799999999999999,0.8648648648648558,0.016109028089626352
2015,range_position,0.7899999999999999,0.8723404255318964,0.016109028089626352
2015,range_position,0.7999999999999999,0.8791946308724627,0.015955133628011858
2015,range_position,0.8099999999999999,0.8857629037629031,0.015955133628011858
2015,range_position,0.82,0.8915722891566406,0.015955133628011858
2015,range_position,0.83,0.8974358974359313,0.014165358616023376
2015,range_position,0.84,0.9038461538461481,0.014165358616023376
2015,range_position,0.8499999999999999,0.9102564102563728,0.014165358616023376
2015,range_position,0.8599999999999999,0.9154495129983979,0.012266421208188124
2015,range_position,0.8699999999999999,0.9214195258889444,0.012266421208188124
2015,range_position,0.8799999999999999,0.9279279279279261,0.012266421208188124
2015,range_position,0.8899999999999999,0.9341276626013608,0.01167815555317522
2015,range_position,0.8999999999999999,0.939987577639742,0.01167815555317522
2015,range_position,0.9099999999999999,0.9455460934694643,0.01167815555317522
2015,range_position,0.9199999999999999,0.9515151515151439,0.013617309226240874
2015,range_position,0.9299999999999999,0.9568965517241244,0.013617309226240874
2015,range_position,0.94,0.9616937199725424,0.013617309226240874
2015,range_position,0.95,0.9682241490045018,0.013617309226240874
2015,atr_fraction,0.05,0.0010924965585074233,0.0035666907250605263
2015,atr_fraction,0.06,0.0011289823844412167,0.0035666907250605263
2015,atr_fraction,0.07,0.0011650061457836073,0.0035666907250605263
2015,atr_fraction,0.08,0.0011966134483553568,0.0035666907250605263
2015,atr_fraction,0.09,0.0012249719019305331,0.0035666907250605263
2015,atr_fraction,0.09999999999999999,0.0012553335325592814,0.0035666907250605263
2015,atr_fraction,0.10999999999999999,0.0012870232550596728,-0.003767446048869435
2015,atr_fraction,0.12,0.0013160002086590621,-0.003767446048869435
2015,atr_fraction,0.13,0.0013421486432945223,-0.003767446048869435
2015,atr_fraction,0.13999999999999999,0.0013660542709068712,-0.003767446048869435
2015,atr_fraction,0.14999999999999997,0.001391187932858419,-0.003767446048869435
2015,atr_fraction,0.15999999999999998,0.0014178638557443655,-0.003767446048869435
2015,atr_fraction,0.16999999999999998,0.0014446365993399885,0.0022311513164104567
2015,atr_fraction,0.18,0.001466775650564524,0.0022311513164104567
2015,atr_fraction,0.19,0.0014932457162984182,0.0022311513164104567
2015,atr_fraction,0.19999999999999996,0.0015166529574750845,0.0022311513164104567
2015,atr_fraction,0.20999999999999996,0.0015427815738619244,0.0022311513164104567
2015,atr_fraction,0.21999999999999997,0.001564340276087111,0.0022311513164104567
2015,atr_fraction,0.22999999999999998,0.0015879726571243783,0.0015488608333284679
2015,atr_fraction,0.24,0.001609850065299117,0.0015488608333284679
2015,atr_fraction,0.24999999999999994,0.0016304654507293304,0.0015488608333284679
2015,atr_fraction,0.25999999999999995,0.0016521860597271986,0.0015488608333284679
2015,atr_fraction,0.26999999999999996,0.0016771415555644445,0.008956818861934253
2015,atr_fraction,0.27999999999999997,0.00170659458818293,0.008956818861934253
2015,atr_fraction,0.29,0.0017323593979745166,0.008956818861934253
2015,atr_fraction,0.3,0.0017551632150183067,0.008956818861934253
2015,atr_fraction,0.30999999999999994,0.0017788428382542582,0.011259160592801803
2015,atr_fraction,0.31999999999999995,0.0018034086092926303,0.011259160592801803
2015,atr_fraction,0.32999999999999996,0.0018266794344551805,0.011259160592801803
2015,atr_fraction,0.33999999999999997,0.001851601561235072,0.013600630785605436
2015,atr_fraction,0.3499999999999999,0.0018779122591294991,0.013600630785605436
2015,atr_fraction,0.35999999999999993,0.0019027096612006579,0.013600630785605436
2015,atr_fraction,0.36999999999999994,0.0019278373323789414,0.013600630785605436
2015,atr_fraction,0.37999999999999995,0.0019516466121023163,0.01585813819575428
2015,atr_fraction,0.38999999999999996,0.0019788932784001122,0.01585813819575428
2015,atr_fraction,0.3999999999999999,0.002001399215514448,0.01585813819575428
2015,atr_fraction,0.4099999999999999,0.0020256245402992448,0.01585813819575428
2015,atr_fraction,0.41999999999999993,0.002049390572072729,0.017512084132621907
2015,atr_fraction,0.42999999999999994,0.0020746460117077956,0.017512084132621907
2015,atr_fraction,0.43999999999999995,0.002098960324958248,0.017512084132621907
2015,atr_fraction,0.4499999999999999,0.0021226586720140424,0.018588444040534075
2015,atr_fraction,0.4599999999999999,0.002147086942930933,0.018588444040534075
2015,atr_fraction,0.4699999999999999,0.002175243843705784,0.018588444040534075
2015,atr_fraction,0.4799999999999999,0.002200345567689414,0.018588444040534075
2015,atr_fraction,0.48999999999999994,0.0022259137307089486,0.019122773314527008
2015,atr_fraction,0.49999999999999994,0.002253374218280781,0.019122773314527008
2015,atr_fraction,0.5099999999999999,0.002281789764453014,0.016125945807188877
2015,atr_fraction,0.5199999999999999,0.0023082552491087934,0.016125945807188877
2015,atr_fraction,0.5299999999999999,0.0023407883091509135,0.016125945807188877
2015,atr_fraction,0.5399999999999999,0.002371978224156533,0.011584400502746997
2015,atr_fraction,0.5499999999999999,0.002403525177813182,0.011584400502746997
2015,atr_fraction,0.5599999999999999,0.002438762626358504,0.011584400502746997
2015,atr_fraction,0.57,0.002474524704855209,0.009320152145330789
2015,atr_fraction,0.58,0.002514392712578524,0.009320152145330789
2015,atr_fraction,0.59,0.002555812176463209,0.008693167317883622
2015,atr_fraction,0.6,0.0025988533378914847,0.008693167317883622
2015,atr_fraction,0.61,0.002638959284087093,0.007517731131305721
2015,atr_fraction,0.62,0.002685091514871901,0.007517731131305721
2015,atr_fraction,0.63,0.0027315499660849835,0.007517731131305721
2015,atr_fraction,0.6399999999999999,0.0027734605362566764,0.006101329262792346
2015,atr_fraction,0.6499999999999999,0.0028143236787577463,0.006101329262792346
2015,atr_fraction,0.6599999999999999,0.002849895646393127,0.006171814185157198
2015,atr_fraction,0.6699999999999999,0.002901421607179403,0.006171814185157198
2015,atr_fraction,0.6799999999999999,0.0029593931571407,0.0010130797695850312
2015,atr_fraction,0.69,0.0030181086519114704,0.0010130797695850312
2015,atr_fraction,0.7,0.0030785664338207593,-0.0031254152143468336
2015,atr_fraction,0.71,0.0031348050879825254,-0.0031254152143468336
2015,atr_fraction,0.72,0.0031865639540681707,-0.0031254152143468336
2015,atr_fraction,0.73,0.003252461351399271,-0.007568468303068425
2015,atr_fraction,0.74,0.0033035841653637115,-0.007568468303068425
2015,atr_fraction,0.7499999999999999,0.0033618532454207277,-0.008982461102471452
2015,atr_fraction,0.7599999999999999,0.00342766102490378,-0.008982461102471452
2015,atr_fraction,0.7699999999999999,0.00350973851629911,-0.008982461102471452
2015,atr_fraction,0.7799999999999999,0.003580533791449055,-0.011225020908916321
2015,atr_fraction,0.7899999999999999,0.003656646041574577,-0.011225020908916321
2015,atr_fraction,0.7999999999999999,0.0037387452157567826,-0.0110505087947596
2015,atr_fraction,0.8099999999999999,0.0038224231491007558,-0.0110505087947596
2015,atr_fraction,0.82,0.003917409626006853,-0.012668125118426417
2015,atr_fraction,0.83,0.004026843164888509,-0.012668125118426417
2015,atr_fraction,0.84,0.004146171788044833,-0.012668125118426417
2015,atr_fraction,0.8499999999999999,0.00427503021894492,-0.01540077606243985
2015,atr_fraction,0.8599999999999999,0.0044250240863647665,-0.01540077606243985
2015,atr_fraction,0.8699999999999999,0.004586794243923752,-0.01540077606243985
2015,atr_fraction,0.8799999999999999,0.004750979692636185,-0.019000969895159998
2015,atr_fraction,0.8899999999999999,0.004926152729978937,-0.019000969895159998
2015,atr_fraction,0.8999999999999999,0.00512813066167318,-0.022230127233941438
2015,atr_fraction,0.9099999999999999,0.005277209892965406,-0.022230127233941438
2015,atr_fraction,0.9199999999999999,0.005490922462642484,-0.022230127233941438
2015,atr_fraction,0.9299999999999999,0.005739841779880092,-0.029266372371890666
2015,atr_fraction,0.94,0.006040314065369476,-0.029266372371890666
2015,atr_fraction,0.95,0.006420363544382408,-0.029266372371890666
2015,time_sin,0.05,-0.6087614290087203,-0.003712068253666358
2015,time_sin,0.06,-0.6087614290087203,-0.003712068253666358
2015,time_sin,0.07,-0.6087614290087203,-0.003712068253666358
2015,time_sin,0.08,-0.6087614290087203,-0.003712068253666358
2015,time_sin,0.09,-0.6087614290087203,-0.003712068253666358
2015,time_sin,0.09999999999999999,-0.5000000000000001,0.003369016180366204
2015,time_sin,0.10999999999999999,-0.5000000000000001,0.003369016180366204
2015,time_sin,0.12,-0.5000000000000001,0.003369016180366204
2015,time_sin,0.13,-0.5000000000000001,0.003369016180366204
2015,time_sin,0.13999999999999999,-0.5000000000000001,0.003369016180366204
2015,time_sin,0.14999999999999997,-0.5000000000000001,0.003369016180366204
2015,time_sin,0.15999999999999998,-0.5000000000000001,0.003369016180366204
2015,time_sin,0.16999999999999998,-0.5000000000000001,0.003369016180366204
2015,time_sin,0.18,-0.5000000000000001,0.003369016180366204
2015,time_sin,0.19,-0.5000000000000001,0.003369016180366204
2015,time_sin,0.19999999999999996,-0.38268343236508967,0.0017835727690551054
2015,time_sin,0.20999999999999996,-0.38268343236508967,0.0017835727690551054
2015,time_sin,0.21999999999999997,-0.38268343236508967,0.0017835727690551054
2015,time_sin,0.22999999999999998,-0.38268343236508967,0.0017835727690551054
2015,time_sin,0.24,-0.38268343236508967,0.0017835727690551054
2015,time_sin,0.24999999999999994,-0.38268343236508967,0.0017835727690551054
2015,time_sin,0.25999999999999995,-0.38268343236508967,0.0017835727690551054
2015,time_sin,0.26999999999999996,-0.38268343236508967,0.0017835727690551054
2015,time_sin,0.27999999999999997,-0.38268343236508967,0.0017835727690551054
2015,time_sin,0.29,-0.38268343236508967,0.0017835727690551054
2015,time_sin,0.3,-0.25881904510252035,0.0040649177302407875
2015,time_sin,0.30999999999999994,-0.25881904510252035,0.0040649177302407875
2015,time_sin,0.31999999999999995,-0.25881904510252035,0.0040649177302407875
2015,time_sin,0.32999999999999996,-0.25881904510252035,0.0040649177302407875
2015,time_sin,0.33999999999999997,-0.25881904510252035,0.0040649177302407875
2015,time_sin,0.3499999999999999,-0.25881904510252035,0.0040649177302407875
2015,time_sin,0.35999999999999993,-0.25881904510252035,0.0040649177302407875
2015,time_sin,0.36999999999999994,-0.25881904510252035,0.0040649177302407875
2015,time_sin,0.37999999999999995,-0.25881904510252035,0.0040649177302407875
2015,time_sin,0.38999999999999996,-0.25881904510252035,0.0040649177302407875
2015,time_sin,0.3999999999999999,-0.13052619222005177,0.011268494672397423
2015,time_sin,0.4099999999999999,-0.13052619222005177,0.011268494672397423
2015,time_sin,0.41999999999999993,-0.13052619222005177,0.011268494672397423
2015,time_sin,0.42999999999999994,-0.13052619222005177,0.011268494672397423
2015,time_sin,0.43999999999999995,-0.13052619222005177,0.011268494672397423
2015,time_sin,0.4499999999999999,-0.13052619222005177,0.011268494672397423
2015,time_sin,0.4599999999999999,-0.13052619222005177,0.011268494672397423
2015,time_sin,0.4699999999999999,-0.13052619222005177,0.011268494672397423
2015,time_sin,0.4799999999999999,-0.13052619222005177,0.011268494672397423
2015,time_sin,0.48999999999999994,-0.13052619222005177,0.011268494672397423
2015,time_sin,0.49999999999999994,1.2246467991473532e-16,0.005838486435808961
2015,time_sin,0.5099999999999999,1.2246467991473532e-16,0.005838486435808961
2015,time_sin,0.5199999999999999,1.2246467991473532e-16,0.005838486435808961
2015,time_sin,0.5299999999999999,1.2246467991473532e-16,0.005838486435808961
2015,time_sin,0.5399999999999999,1.2246467991473532e-16,0.005838486435808961
2015,time_sin,0.5499999999999999,1.2246467991473532e-16,0.005838486435808961
2015,time_sin,0.5599999999999999,1.2246467991473532e-16,0.005838486435808961
2015,time_sin,0.57,1.2246467991473532e-16,0.005838486435808961
2015,time_sin,0.58,1.2246467991473532e-16,0.005838486435808961
2015,time_sin,0.59,1.2246467991473532e-16,0.005838486435808961
2015,time_sin,0.6,0.13052619222005157,-0.0008383910914594509
2015,time_sin,0.61,0.13052619222005157,-0.0008383910914594509
2015,time_sin,0.62,0.13052619222005157,-0.0008383910914594509
2015,time_sin,0.63,0.13052619222005157,-0.0008383910914594509
2015,time_sin,0.6399999999999999,0.13052619222005157,-0.0008383910914594509
2015,time_sin,0.6499999999999999,0.13052619222005157,-0.0008383910914594509
2015,time_sin,0.6599999999999999,0.13052619222005157,-0.0008383910914594509
2015,time_sin,0.6699999999999999,0.13052619222005157,-0.0008383910914594509
2015,time_sin,0.6799999999999999,0.13052619222005157,-0.0008383910914594509
2015,time_sin,0.69,0.13052619222005157,-0.0008383910914594509
2015,time_sin,0.7,0.258819045102521,-0.001654966117747377
2015,time_sin,0.71,0.258819045102521,-0.001654966117747377
2015,time_sin,0.72,0.258819045102521,-0.001654966117747377
2015,time_sin,0.73,0.258819045102521,-0.001654966117747377
2015,time_sin,0.74,0.258819045102521,-0.001654966117747377
2015,time_sin,0.7499999999999999,0.258819045102521,-0.001654966117747377
2015,time_sin,0.7599999999999999,0.258819045102521,-0.001654966117747377
2015,time_sin,0.7699999999999999,0.258819045102521,-0.001654966117747377
2015,time_sin,0.7799999999999999,0.258819045102521,-0.001654966117747377
2015,time_sin,0.7899999999999999,0.258819045102521,-0.001654966117747377
2015,time_sin,0.7999999999999999,0.3826834323650899,-0.008165524423575626
2015,time_sin,0.8099999999999999,0.3826834323650899,-0.008165524423575626
2015,time_sin,0.82,0.3826834323650899,-0.008165524423575626
2015,time_sin,0.83,0.3826834323650899,-0.008165524423575626
2015,time_sin,0.84,0.3826834323650899,-0.008165524423575626
2015,time_sin,0.8499999999999999,0.3826834323650899,-0.008165524423575626
2015,time_sin,0.8599999999999999,0.3826834323650899,-0.008165524423575626
2015,time_sin,0.8699999999999999,0.3826834323650899,-0.008165524423575626
2015,time_sin,0.8799999999999999,0.3826834323650899,-0.008165524423575626
2015,time_sin,0.8899999999999999,0.3826834323650899,-0.008165524423575626
2015,time_sin,0.8999999999999999,0.49999999999999994,-0.011771662362397212
2015,time_sin,0.9099999999999999,0.49999999999999994,-0.011771662362397212
2015,time_sin,0.9199999999999999,0.49999999999999994,-0.011771662362397212
2015,time_sin,0.9299999999999999,0.49999999999999994,-0.011771662362397212
2015,time_sin,0.94,0.49999999999999994,-0.011771662362397212
2015,time_sin,0.95,0.49999999999999994,-0.011771662362397212
2015,time_cos,0.05,-1.0,0.022790483270627823
2015,time_cos,0.06,-1.0,0.022790483270627823
2015,time_cos,0.07,-1.0,0.022790483270627823
2015,time_cos,0.08,-1.0,0.022790483270627823
2015,time_cos,0.09,-1.0,0.022790483270627823
2015,time_cos,0.09999999999999999,-0.9914448613738104,0.013982784144073852
2015,time_cos,0.10999999999999999,-0.9914448613738104,0.013982784144073852
2015,time_cos,0.12,-0.9914448613738104,0.013982784144073852
2015,time_cos,0.13,-0.9914448613738104,0.013982784144073852
2015,time_cos,0.13999999999999999,-0.9914448613738104,0.013982784144073852
2015,time_cos,0.14999999999999997,-0.9914448613738104,0.013982784144073852
2015,time_cos,0.15999999999999998,-0.9914448613738104,0.013982784144073852
2015,time_cos,0.16999999999999998,-0.9914448613738104,0.013982784144073852
2015,time_cos,0.18,-0.9914448613738104,0.013982784144073852
2015,time_cos,0.19,-0.9914448613738104,0.013982784144073852
2015,time_cos,0.19999999999999996,-0.9914448613738104,0.013982784144073852
2015,time_cos,0.20999999999999996,-0.9914448613738104,0.013982784144073852
2015,time_cos,0.21999999999999997,-0.9914448613738104,0.013982784144073852
2015,time_cos,0.22999999999999998,-0.9914448613738104,0.013982784144073852
2015,time_cos,0.24,-0.9914448613738104,0.013982784144073852
2015,time_cos,0.24999999999999994,-0.9914448613738104,0.013982784144073852
2015,time_cos,0.25999999999999995,-0.9914448613738104,0.013982784144073852
2015,time_cos,0.26999999999999996,-0.9914448613738104,0.013982784144073852
2015,time_cos,0.27999999999999997,-0.9914448613738104,0.013982784144073852
2015,time_cos,0.29,-0.9914448613738104,0.013982784144073852
2015,time_cos,0.3,-0.9659258262890684,0.0016568420119030475
2015,time_cos,0.30999999999999994,-0.9659258262890684,0.0016568420119030475
2015,time_cos,0.31999999999999995,-0.9659258262890684,0.0016568420119030475
2015,time_cos,0.32999999999999996,-0.9659258262890684,0.0016568420119030475
2015,time_cos,0.33999999999999997,-0.9659258262890684,0.0016568420119030475
2015,time_cos,0.3499999999999999,-0.9659258262890684,0.0016568420119030475
2015,time_cos,0.35999999999999993,-0.9659258262890684,0.0016568420119030475
2015,time_cos,0.36999999999999994,-0.9659258262890684,0.0016568420119030475
2015,time_cos,0.37999999999999995,-0.9659258262890684,0.0016568420119030475
2015,time_cos,0.38999999999999996,-0.9659258262890684,0.0016568420119030475
2015,time_cos,0.3999999999999999,-0.9659258262890682,0.000883439937575524
2015,time_cos,0.4099999999999999,-0.9659258262890682,0.000883439937575524
2015,time_cos,0.41999999999999993,-0.9659258262890682,0.000883439937575524
2015,time_cos,0.42999999999999994,-0.9659258262890682,0.000883439937575524
2015,time_cos,0.43999999999999995,-0.9659258262890682,0.000883439937575524
2015,time_cos,0.4499999999999999,-0.9659258262890682,0.000883439937575524
2015,time_cos,0.4599999999999999,-0.9659258262890682,0.000883439937575524
2015,time_cos,0.4699999999999999,-0.9659258262890682,0.000883439937575524
2015,time_cos,0.4799999999999999,-0.9659258262890682,0.000883439937575524
2015,time_cos,0.48999999999999994,-0.9659258262890682,0.000883439937575524
2015,time_cos,0.49999999999999994,-0.944902679400254,0.000883439937575524
2015,time_cos,0.5099999999999999,-0.9238795325112868,-0.006468098221175395
2015,time_cos,0.5199999999999999,-0.9238795325112868,-0.006468098221175395
2015,time_cos,0.5299999999999999,-0.9238795325112868,-0.006468098221175395
2015,time_cos,0.5399999999999999,-0.9238795325112868,-0.006468098221175395
2015,time_cos,0.5499999999999999,-0.9238795325112868,-0.006468098221175395
2015,time_cos,0.5599999999999999,-0.9238795325112868,-0.006468098221175395
2015,time_cos,0.57,-0.9238795325112868,-0.006468098221175395
2015,time_cos,0.58,-0.9238795325112868,-0.006468098221175395
2015,time_cos,0.59,-0.9238795325112868,-0.006468098221175395
2015,time_cos,0.6,-0.9238795325112867,-0.009545466711524626
2015,time_cos,0.61,-0.9238795325112867,-0.009545466711524626
2015,time_cos,0.62,-0.9238795325112867,-0.009545466711524626
2015,time_cos,0.63,-0.9238795325112867,-0.009545466711524626
2015,time_cos,0.6399999999999999,-0.9238795325112867,-0.009545466711524626
2015,time_cos,0.6499999999999999,-0.9238795325112867,-0.009545466711524626
2015,time_cos,0.6599999999999999,-0.9238795325112867,-0.009545466711524626
2015,time_cos,0.6699999999999999,-0.9238795325112867,-0.009545466711524626
2015,time_cos,0.6799999999999999,-0.9238795325112867,-0.009545466711524626
2015,time_cos,0.69,-0.9238795325112867,-0.009545466711524626
2015,time_cos,0.7,-0.9238795325112867,-0.009545466711524626
2015,time_cos,0.71,-0.8660254037844387,-0.009103331672932587
2015,time_cos,0.72,-0.8660254037844387,-0.009103331672932587
2015,time_cos,0.73,-0.8660254037844387,-0.009103331672932587
2015,time_cos,0.74,-0.8660254037844387,-0.009103331672932587
2015,time_cos,0.7499999999999999,-0.8660254037844387,-0.009103331672932587
2015,time_cos,0.7599999999999999,-0.8660254037844387,-0.009103331672932587
2015,time_cos,0.7699999999999999,-0.8660254037844387,-0.009103331672932587
2015,time_cos,0.7799999999999999,-0.8660254037844387,-0.009103331672932587
2015,time_cos,0.7899999999999999,-0.8660254037844387,-0.009103331672932587
2015,time_cos,0.7999999999999999,-0.8660254037844387,-0.009103331672932587
2015,time_cos,0.8099999999999999,-0.8660254037844386,-0.007440941554299533
2015,time_cos,0.82,-0.8660254037844386,-0.007440941554299533
2015,time_cos,0.83,-0.8660254037844386,-0.007440941554299533
2015,time_cos,0.84,-0.8660254037844386,-0.007440941554299533
2015,time_cos,0.8499999999999999,-0.8660254037844386,-0.007440941554299533
2015,time_cos,0.8599999999999999,-0.8660254037844386,-0.007440941554299533
2015,time_cos,0.8699999999999999,-0.8660254037844386,-0.007440941554299533
2015,time_cos,0.8799999999999999,-0.8660254037844386,-0.007440941554299533
2015,time_cos,0.8899999999999999,-0.8660254037844386,-0.007440941554299533
2015,time_cos,0.8999999999999999,-0.8660254037844386,-0.007440941554299533
2015,time_cos,0.9099999999999999,-0.7933533402912354,-0.020720083544836447
2015,time_cos,0.9199999999999999,-0.7933533402912354,-0.020720083544836447
2015,time_cos,0.9299999999999999,-0.7933533402912354,-0.020720083544836447
2015,time_cos,0.94,-0.7933533402912354,-0.020720083544836447
2015,time_cos,0.95,-0.7933533402912354,-0.020720083544836447
2016,ret_1,0.05,-1.1500796073844555,0.015689976584823427
2016,ret_1,0.06,-1.0489951339348347,0.015689976584823427
2016,ret_1,0.07,-0.9630885430885092,0.021332990326200327
2016,ret_1,0.08,-0.8924062532070101,0.021332990326200327
2016,ret_1,0.09,-0.8319936483179785,0.021332990326200327
2016,ret_1,0.09999999999999999,-0.7799933103603731,0.03072277462595762
2016,ret_1,0.10999999999999999,-0.7305585284280914,0.03072277462595762
2016,ret_1,0.12,-0.6835076883484384,0.03072277462595762
2016,ret_1,0.13,-0.6440286298567642,0.03072277462595762
2016,ret_1,0.13999999999999999,-0.6111550011550488,0.0381589165000682
2016,ret_1,0.14999999999999997,-0.5800011350737732,0.0381589165000682
2016,ret_1,0.15999999999999998,-0.5490196078431644,0.0381589165000682
2016,ret_1,0.16999999999999998,-0.5209199617838981,0.042428178173767435
2016,ret_1,0.18,-0.49557522123900294,0.042428178173767435
2016,ret_1,0.19,-0.4729729729729662,0.042428178173767435
2016,ret_1,0.19999999999999996,-0.45037345839846954,0.042428178173767435
2016,ret_1,0.20999999999999996,-0.4248413923868673,0.042299937692174584
2016,ret_1,0.21999999999999997,-0.4031413612565398,0.042299937692174584
2016,ret_1,0.22999999999999998,-0.3802271317551048,0.042299937692174584
2016,ret_1,0.24,-0.3587704340529373,0.045848412426048694
2016,ret_1,0.24999999999999994,-0.3383699914061794,0.045848412426048694
2016,ret_1,0.25999999999999995,-0.31818181818185415,0.045848412426048694
2016,ret_1,0.26999999999999996,-0.3024767760556975,0.04079484137664503
2016,ret_1,0.27999999999999997,-0.283706485625203,0.04079484137664503
2016,ret_1,0.29,-0.2653378580565659,0.04079484137664503
2016,ret_1,0.3,-0.2509638781621335,0.03352939457182698
2016,ret_1,0.30999999999999994,-0.2359550561798139,0.03352939457182698
2016,ret_1,0.31999999999999995,-0.21989528795807486,0.03352939457182698
2016,ret_1,0.32999999999999996,-0.2048780487804621,0.026152832202785813
2016,ret_1,0.33999999999999997,-0.19118283468076253,0.026152832202785813
2016,ret_1,0.3499999999999999,-0.17613898579571496,0.026152832202785813
2016,ret_1,0.35999999999999993,-0.16232511579261927,0.026152832202785813
2016,ret_1,0.36999999999999994,-0.14610933844893154,0.017930596792087555
2016,ret_1,0.37999999999999995,-0.13333333333331238,0.017930596792087555
2016,ret_1,0.38999999999999996,-0.11789473684210672,0.017930596792087555
2016,ret_1,0.3999999999999999,-0.10306246209828429,0.01317250770697196
2016,ret_1,0.4099999999999999,-0.0874999999999518,0.01317250770697196
2016,ret_1,0.41999999999999993,-0.0733163694944203,0.01317250770697196
2016,ret_1,0.42999999999999994,-0.060017363344039364,0.003919596206547354
2016,ret_1,0.43999999999999995,-0.04509553928649656,0.003919596206547354
2016,ret_1,0.4499999999999999,-0.03146244227314113,0.003919596206547354
2016,ret_1,0.4599999999999999,-0.018813978172257405,-0.004766610867725154
2016,ret_1,0.4699999999999999,0.0,-0.004766610867725154
2016,ret_1,0.4799999999999999,0.0,-0.004766610867725154
2016,ret_1,0.48999999999999994,0.022608710463570852,-0.004766610867725154
2016,ret_1,0.49999999999999994,0.03594351732993296,-0.009891675084433975
2016,ret_1,0.5099999999999999,0.04897135348410816,-0.009891675084433975
2016,ret_1,0.5199999999999999,0.0627802690582593,-0.009891675084433975
2016,ret_1,0.5299999999999999,0.07703630410148492,-0.014641729444715831
2016,ret_1,0.5399999999999999,0.09012179561543662,-0.014641729444715831
2016,ret_1,0.5499999999999999,0.10370370370369904,-0.014641729444715831
2016,ret_1,0.5599999999999999,0.11574423662465771,-0.014641729444715831
2016,ret_1,0.57,0.12990587114509317,-0.018570727180173004
2016,ret_1,0.58,0.14369501466277654,-0.018570727180173004
2016,ret_1,0.59,0.15516506869922755,-0.018570727180173004
2016,ret_1,0.6,0.16963496189479474,-0.019888553488436662
2016,ret_1,0.61,0.18426038204473516,-0.019888553488436662
2016,ret_1,0.62,0.19895910277747428,-0.019888553488436662
2016,ret_1,0.63,0.21455581761885698,-0.019888553488436662
2016,ret_1,0.6399999999999999,0.22913757063275234,-0.017606534579532786
2016,ret_1,0.6499999999999999,0.24242424242424931,-0.017606534579532786
2016,ret_1,0.6599999999999999,0.25556994798096017,-0.017606534579532786
2016,ret_1,0.6699999999999999,0.2716948201358147,-0.017214313815356277
2016,ret_1,0.6799999999999999,0.2868852459016029,-0.017214313815356277
2016,ret_1,0.69,0.3018102606931167,-0.017214313815356277
2016,ret_1,0.7,0.31818181818183,-0.013943545361887417
2016,ret_1,0.71,0.3355119825708434,-0.013943545361887417
2016,ret_1,0.72,0.35163630889658704,-0.013943545361887417
2016,ret_1,0.73,0.3664397589881087,-0.01685444967209444
2016,ret_1,0.74,0.3830539753639599,-0.01685444967209444
2016,ret_1,0.7499999999999999,0.3991552270327068,-0.01685444967209444
2016,ret_1,0.7599999999999999,0.41637303606391324,-0.01685444967209444
2016,ret_1,0.7699999999999999,0.43475310648296545,-0.01976501574361077
2016,ret_1,0.7799999999999999,0.45290199809708237,-0.01976501574361077
2016,ret_1,0.7899999999999999,0.4707474329176507,-0.01976501574361077
2016,ret_1,0.7999999999999999,0.4897150378721697,-0.01976501574361077
2016,ret_1,0.8099999999999999,0.5107557808441839,-0.029497264173034766
2016,ret_1,0.82,0.5309439052928471,-0.029497264173034766
2016,ret_1,0.83,0.5560571553480261,-0.029497264173034766
2016,ret_1,0.84,0.5811393561723737,-0.039221795138372796
2016,ret_1,0.8499999999999999,0.6098805026360102,-0.039221795138372796
2016,ret_1,0.8599999999999999,0.6381885506053585,-0.039221795138372796
2016,ret_1,0.8699999999999999,0.6695652173913168,-0.038080695102765114
2016,ret_1,0.8799999999999999,0.701949860724216,-0.038080695102765114
2016,ret_1,0.8899999999999999,0.7406089743589073,-0.038080695102765114
2016,ret_1,0.8999999999999999,0.7822026941185886,-0.038080695102765114
2016,ret_1,0.9099999999999999,0.829808871258635,-0.044269178793246586
2016,ret_1,0.9199999999999999,0.8832274831964496,-0.044269178793246586
2016,ret_1,0.9299999999999999,0.949075838178898,-0.050686841421429124
2016,ret_1,0.94,1.0233267879288948,-0.050686841421429124
2016,ret_1,0.95,1.1249999999999825,-0.050686841421429124
2016,ret_2,0.05,-1.7315744157441137,0.03550375430835901
2016,ret_2,0.06,-1.5918394648828522,0.03550375430835901
2016,ret_2,0.07,-1.4775252073508036,0.011636423622518134
2016,ret_2,0.08,-1.3546329907037136,0.011636423622518134
2016,ret_2,0.09,-1.2661517227996937,0.011636423622518134
2016,ret_2,0.09999999999999999,-1.1766236892435327,-0.003021320945617866
2016,ret_2,0.10999999999999999,-1.1060246834428253,-0.003021320945617866
2016,ret_2,0.12,-1.0523013415892146,-0.003021320945617866
2016,ret_2,0.13,-0.9888276757855485,-0.003021320945617866
2016,ret_2,0.13999999999999999,-0.9354788370403139,-0.0051094563928375525
2016,ret_2,0.14999999999999997,-0.8836337782670584,-0.0051094563928375525
2016,ret_2,0.15999999999999998,-0.8329265336021225,-0.0051094563928375525
2016,ret_2,0.16999999999999998,-0.7924528301886329,0.0006859597416391144
2016,ret_2,0.18,-0.7537099078579553,0.0006859597416391144
2016,ret_2,0.19,-0.712909771473597,0.0006859597416391144
2016,ret_2,0.19999999999999996,-0.6745139804800866,0.0006859597416391144
2016,ret_2,0.20999999999999996,-0.6389316327382274,-0.001527775957245816
2016,ret_2,0.21999999999999997,-0.6044452727973042,-0.001527775957245816
2016,ret_2,0.22999999999999998,-0.572309069645507,-0.001527775957245816
2016,ret_2,0.24,-0.5429776306963696,-0.005152442367651101
2016,ret_2,0.24999999999999994,-0.5161491037790521,-0.005152442367651101
2016,ret_2,0.25999999999999995,-0.4861857607150585,-0.005152442367651101
2016,ret_2,0.26999999999999996,-0.4575236148641157,-0.005047298203683402
2016,ret_2,0.27999999999999997,-0.4302058270601313,-0.005047298203683402
2016,ret_2,0.29,-0.4035254988913173,-0.005047298203683402
2016,ret_2,0.3,-0.37620946513974485,-0.005047298203683402
2016,ret_2,0.30999999999999994,-0.34744354262039484,-0.01139826104526332
2016,ret_2,0.31999999999999995,-0.3227747545881812,-0.01139826104526332
2016,ret_2,0.32999999999999996,-0.29938142804297835,-0.01139826104526332
2016,ret_2,0.33999999999999997,-0.27885731410643416,-0.017496437134712974
2016,ret_2,0.3499999999999999,-0.2560036619822759,-0.017496437134712974
2016,ret_2,0.35999999999999993,-0.23027326084872585,-0.017496437134712974
2016,ret_2,0.36999999999999994,-0.20786575431736443,-0.02122725903691162
2016,ret_2,0.37999999999999995,-0.18614051352970684,-0.02122725903691162
2016,ret_2,0.38999999999999996,-0.16434155848935614,-0.02122725903691162
2016,ret_2,0.3999999999999999,-0.14256313536472667,-0.02122725903691162
2016,ret_2,0.4099999999999999,-0.12095951041557922,-0.015342949119011646
2016,ret_2,0.41999999999999993,-0.09779040289620029,-0.015342949119011646
2016,ret_2,0.42999999999999994,-0.07565842507176065,-0.015342949119011646
2016,ret_2,0.43999999999999995,-0.05436491418566951,-0.014361543979304295
2016,ret_2,0.4499999999999999,-0.031765003478133096,-0.014361543979304295
2016,ret_2,0.4599999999999999,-0.007916101706141938,-0.014361543979304295
2016,ret_2,0.4699999999999999,0.0,-0.014361543979304295
2016,ret_2,0.4799999999999999,0.030623871269791002,-0.0077026796706760655
2016,ret_2,0.48999999999999994,0.05386379131475432,-0.0077026796706760655
2016,ret_2,0.49999999999999994,0.0743051432812812,-0.0077026796706760655
2016,ret_2,0.5099999999999999,0.09332158894647115,-0.00411566566923993
2016,ret_2,0.5199999999999999,0.11230907889203397,-0.00411566566923993
2016,ret_2,0.5299999999999999,0.13311224860183246,-0.00411566566923993
2016,ret_2,0.5399999999999999,0.15384615384617337,-0.0015081791543787
2016,ret_2,0.5499999999999999,0.17394007659387775,-0.0015081791543787
2016,ret_2,0.5599999999999999,0.19620552657239396,-0.0015081791543787
2016,ret_2,0.57,0.21420360701338678,0.012746846905258758
2016,ret_2,0.58,0.2353104090300608,0.012746846905258758
2016,ret_2,0.59,0.2566080654119868,0.012746846905258758
2016,ret_2,0.6,0.27745983745983155,0.015756893896733272
2016,ret_2,0.61,0.29787234042551414,0.015756893896733272
2016,ret_2,0.62,0.31945167415119213,0.015756893896733272
2016,ret_2,0.63,0.33856839786219184,0.015756893896733272
2016,ret_2,0.6399999999999999,0.3589743589743488,0.017641586296066915
2016,ret_2,0.6499999999999999,0.3796193874516459,0.017641586296066915
2016,ret_2,0.6599999999999999,0.4026033229352619,0.017641586296066915
2016,ret_2,0.6699999999999999,0.42384596104472433,0.01630842318103991
2016,ret_2,0.6799999999999999,0.4476161303752544,0.01630842318103991
2016,ret_2,0.69,0.4673259789354703,0.01630842318103991
2016,ret_2,0.7,0.4901574634229854,0.011625769798769673
2016,ret_2,0.71,0.5120724018085426,0.011625769798769673
2016,ret_2,0.72,0.5375812356021222,0.011625769798769673
2016,ret_2,0.73,0.5608438879640277,0.011625769798769673
2016,ret_2,0.74,0.588464113571908,0.0051832191546336386
2016,ret_2,0.7499999999999999,0.6183197382323811,0.0051832191546336386
2016,ret_2,0.7599999999999999,0.6481481481481539,0.0051832191546336386
2016,ret_2,0.7699999999999999,0.673674840227002,-0.0026209806597897213
2016,ret_2,0.7799999999999999,0.7028112449799374,-0.0026209806597897213
2016,ret_2,0.7899999999999999,0.7305697012725029,-0.0026209806597897213
2016,ret_2,0.7999999999999999,0.7643628418263108,-0.012663631653285861
2016,ret_2,0.8099999999999999,0.7964892779854789,-0.012663631653285861
2016,ret_2,0.82,0.8298141266887191,-0.012663631653285861
2016,ret_2,0.83,0.863277250267878,-0.012663631653285861
2016,ret_2,0.84,0.9063032367972476,-0.018024960358175593
2016,ret_2,0.8499999999999999,0.9447883925311857,-0.018024960358175593
2016,ret_2,0.8599999999999999,0.9871385620025483,-0.018024960358175593
2016,ret_2,0.8699999999999999,1.037671775223498,-0.017425240419385483
2016,ret_2,0.8799999999999999,1.091525423728774,-0.017425240419385483
2016,ret_2,0.8899999999999999,1.1446835851043198,-0.017425240419385483
2016,ret_2,0.8999999999999999,1.2092357538028662,-0.013067270603824815
2016,ret_2,0.9099999999999999,1.2907862457853756,-0.013067270603824815
2016,ret_2,0.9199999999999999,1.3834460823064665,-0.013067270603824815
2016,ret_2,0.9299999999999999,1.4891894252143265,0.00019443718875381314
2016,ret_2,0.94,1.5997923715040885,0.00019443718875381314
2016,ret_2,0.95,1.7622484045164835,0.00019443718875381314
2016,ret_4,0.05,-2.5763900497512537,-0.022042287114955716
2016,ret_4,0.06,-2.366201174659219,-0.022042287114955716
2016,ret_4,0.07,-2.1903658004273923,-0.017671425488149366
2016,ret_4,0.08,-2.0386823369101617,-0.017671425488149366
2016,ret_4,0.09,-1.9091148025941438,-0.017671425488149366
2016,ret_4,0.09999999999999999,-1.8041237113401993,-0.015629557699680344
2016,ret_4,0.10999999999999999,-1.6954457318815215,-0.015629557699680344
2016,ret_4,0.12,-1.5978470187189768,-0.015629557699680344
2016,ret_4,0.13,-1.5089820359281125,-0.002559498285104638
2016,ret_4,0.13999999999999999,-1.4421658071114432,-0.002559498285104638
2016,ret_4,0.14999999999999997,-1.3709305882711915,-0.002559498285104638
2016,ret_4,0.15999999999999998,-1.301025577249798,-0.002559498285104638
2016,ret_4,0.16999999999999998,-1.2359275211901402,0.003810307596224422
2016,ret_4,0.18,-1.155937902537177,0.003810307596224422
2016,ret_4,0.19,-1.0977631882468104,0.003810307596224422
2016,ret_4,0.19999999999999996,-1.037037037037011,0.000690044025225742
2016,ret_4,0.20999999999999996,-0.9824887646060025,0.000690044025225742
2016,ret_4,0.21999999999999997,-0.9217152892453733,0.000690044025225742
2016,ret_4,0.22999999999999998,-0.8709354598617389,0.0032282366073583353
2016,ret_4,0.24,-0.8162222658550818,0.0032282366073583353
2016,ret_4,0.24999999999999994,-0.7703024604293162,0.0032282366073583353
2016,ret_4,0.25999999999999995,-0.7251935724962566,0.004898242602331696
2016,ret_4,0.26999999999999996,-0.6807898977200991,0.004898242602331696
2016,ret_4,0.27999999999999997,-0.6397087017267314,0.004898242602331696
2016,ret_4,0.29,-0.5907422268046183,0.005336888559258082
2016,ret_4,0.3,-0.5497945205479552,0.005336888559258082
2016,ret_4,0.30999999999999994,-0.5142085168868692,0.005336888559258082
2016,ret_4,0.31999999999999995,-0.47615188477706255,0.005336888559258082
2016,ret_4,0.32999999999999996,-0.43580864012775083,0.0017301643108601594
2016,ret_4,0.33999999999999997,-0.39725671210582575,0.0017301643108601594
2016,ret_4,0.3499999999999999,-0.3579500570098235,0.0017301643108601594
2016,ret_4,0.35999999999999993,-0.316241255699106,-0.0009394224906514803
2016,ret_4,0.36999999999999994,-0.2806457487461727,-0.0009394224906514803
2016,ret_4,0.37999999999999995,-0.24144772345811188,-0.0009394224906514803
2016,ret_4,0.38999999999999996,-0.2100273273273685,-0.0009394224906514803
2016,ret_4,0.3999999999999999,-0.17414364265254703,-0.0008821651638424577
2016,ret_4,0.4099999999999999,-0.14215922444186505,-0.0008821651638424577
2016,ret_4,0.41999999999999993,-0.11082379207012356,-0.0008821651638424577
2016,ret_4,0.42999999999999994,-0.07559837256607711,0.0038870962199379147
2016,ret_4,0.43999999999999995,-0.04428558563065812,0.0038870962199379147
2016,ret_4,0.4499999999999999,-0.014862889849622507,0.0038870962199379147
2016,ret_4,0.4599999999999999,0.018147449416157684,0.007385255237074908
2016,ret_4,0.4699999999999999,0.04874091041302796,0.007385255237074908
2016,ret_4,0.4799999999999999,0.08014451890934227,0.007385255237074908
2016,ret_4,0.48999999999999994,0.11024584891438978,0.007385255237074908
2016,ret_4,0.49999999999999994,0.14069549881055013,0.004953825281272904
2016,ret_4,0.5099999999999999,0.17129906721859564,0.004953825281272904
2016,ret_4,0.5199999999999999,0.20293623356628207,0.004953825281272904
2016,ret_4,0.5299999999999999,0.23411371237456904,0.002175339264866005
2016,ret_4,0.5399999999999999,0.2654028436019324,0.002175339264866005
2016,ret_4,0.5499999999999999,0.2959477005217405,0.002175339264866005
2016,ret_4,0.5599999999999999,0.32783171838805697,0.002175339264866005
2016,ret_4,0.57,0.3626379692507726,-0.0017098946199368577
2016,ret_4,0.58,0.3938318640657806,-0.0017098946199368577
2016,ret_4,0.59,0.42794759825319595,-0.0017098946199368577
2016,ret_4,0.6,0.4615384615384395,-0.004623952432808952
2016,ret_4,0.61,0.49797479032100683,-0.004623952432808952
2016,ret_4,0.62,0.5225444091964808,-0.004623952432808952
2016,ret_4,0.63,0.55142231947483,-0.004623952432808952
2016,ret_4,0.6399999999999999,0.5859030837004267,-0.007733446130524727
2016,ret_4,0.6499999999999999,0.617770973748378,-0.007733446130524727
2016,ret_4,0.6599999999999999,0.6529181017986689,-0.007733446130524727
2016,ret_4,0.6699999999999999,0.689443918136341,-0.003489808221934819
2016,ret_4,0.6799999999999999,0.7252898475458517,-0.003489808221934819
2016,ret_4,0.69,0.760478404042582,-0.003489808221934819
2016,ret_4,0.7,0.7965517241379859,-0.003489808221934819
2016,ret_4,0.71,0.8346199647609048,-0.0020979483959207715
2016,ret_4,0.72,0.8767301746748722,-0.0020979483959207715
2016,ret_4,0.73,0.9179177166599071,-0.0020979483959207715
2016,ret_4,0.74,0.9622188733978542,-0.002620054815498339
2016,ret_4,0.7499999999999999,1.0038295645184396,-0.002620054815498339
2016,ret_4,0.7599999999999999,1.0465591922281887,-0.002620054815498339
2016,ret_4,0.7699999999999999,1.0866603007105193,-0.0026328725930210867
2016,ret_4,0.7799999999999999,1.1268896350237367,-0.0026328725930210867
2016,ret_4,0.7899999999999999,1.1784248478162838,-0.0026328725930210867
2016,ret_4,0.7999999999999999,1.2251812616680147,0.0005301162452321074
2016,ret_4,0.8099999999999999,1.2817471295040412,0.0005301162452321074
2016,ret_4,0.82,1.3407284151230001,0.0005301162452321074
2016,ret_4,0.83,1.4010911495183367,0.00342273933045072
2016,ret_4,0.84,1.469536641300917,0.00342273933045072
2016,ret_4,0.8499999999999999,1.5342465753424699,0.00342273933045072
2016,ret_4,0.8599999999999999,1.6072515033605483,0.00342273933045072
2016,ret_4,0.8699999999999999,1.6843973396266738,0.00845580221592943
2016,ret_4,0.8799999999999999,1.7753926022063486,0.00845580221592943
2016,ret_4,0.8899999999999999,1.8619932332096323,0.00845580221592943
2016,ret_4,0.8999999999999999,1.966361206567408,0.026031619666071485
2016,ret_4,0.9099999999999999,2.085119121638974,0.026031619666071485
2016,ret_4,0.9199999999999999,2.219603178973284,0.026031619666071485
2016,ret_4,0.9299999999999999,2.347449395543342,0.03292680469687598
2016,ret_4,0.94,2.518325444173166,0.03292680469687598
2016,ret_4,0.95,2.701176470588236,0.03292680469687598
2016,ret_8,0.05,-3.503113710181942,-0.015760765123856837
2016,ret_8,0.06,-3.3103496957402285,-0.015760765123856837
2016,ret_8,0.07,-3.1004514850493408,-0.0023970535140401435
2016,ret_8,0.08,-2.9525092276620897,-0.0023970535140401435
2016,ret_8,0.09,-2.7935174713475512,-0.0023970535140401435
2016,ret_8,0.09999999999999999,-2.657149132054267,0.014636801990906936
2016,ret_8,0.10999999999999999,-2.5068090396064506,0.014636801990906936
2016,ret_8,0.12,-2.39394513179139,0.014636801990906936
2016,ret_8,0.13,-2.271176573158114,0.02547940543423667
2016,ret_8,0.13999999999999999,-2.1624892548288366,0.02547940543423667
2016,ret_8,0.14999999999999997,-2.053102701778933,0.02547940543423667
2016,ret_8,0.15999999999999998,-1.9439193449394991,0.032300289990883795
2016,ret_8,0.16999999999999998,-1.841520010964952,0.032300289990883795
2016,ret_8,0.18,-1.744807121661712,0.032300289990883795
2016,ret_8,0.19,-1.6509556631753017,0.03283498692713526
2016,ret_8,0.19999999999999996,-1.5774647887324271,0.03283498692713526
2016,ret_8,0.20999999999999996,-1.5029880837673033,0.03283498692713526
2016,ret_8,0.21999999999999997,-1.4273816866552558,0.040675053674597984
2016,ret_8,0.22999999999999998,-1.3554919453356853,0.040675053674597984
2016,ret_8,0.24,-1.2886188552144746,0.040675053674597984
2016,ret_8,0.24999999999999994,-1.2114940046743354,0.040675053674597984
2016,ret_8,0.25999999999999995,-1.1478183748083777,0.045110268382053835
2016,ret_8,0.26999999999999996,-1.0761757037378505,0.045110268382053835
2016,ret_8,0.27999999999999997,-1.012849141824761,0.045110268382053835
2016,ret_8,0.29,-0.9463894940218299,0.045110268382053835
2016,ret_8,0.3,-0.8791484897012452,0.03875066124917624
2016,ret_8,0.30999999999999994,-0.8151469332311366,0.03875066124917624
2016,ret_8,0.31999999999999995,-0.7535233918128309,0.03875066124917624
2016,ret_8,0.32999999999999996,-0.6936993288984236,0.037898500457146225
2016,ret_8,0.33999999999999997,-0.6301068493150404,0.037898500457146225
2016,ret_8,0.3499999999999999,-0.5726002075628613,0.037898500457146225
2016,ret_8,0.35999999999999993,-0.5169612483089969,0.034585848689602704
2016,ret_8,0.36999999999999994,-0.4620770693623749,0.034585848689602704
2016,ret_8,0.37999999999999995,-0.40183402515917355,0.034585848689602704
2016,ret_8,0.38999999999999996,-0.34284100432319176,0.034585848689602704
2016,ret_8,0.3999999999999999,-0.28365624051022315,0.026007484556457714
2016,ret_8,0.4099999999999999,-0.22089192146670938,0.026007484556457714
2016,ret_8,0.41999999999999993,-0.1697772317772144,0.026007484556457714
2016,ret_8,0.42999999999999994,-0.11377727205268692,0.02306833339745946
2016,ret_8,0.43999999999999995,-0.06038650458945678,0.02306833339745946
2016,ret_8,0.4499999999999999,0.0,0.02306833339745946
2016,ret_8,0.4599999999999999,0.05418733802303602,0.012026648550689717
2016,ret_8,0.4699999999999999,0.10402000883207449,0.012026648550689717
2016,ret_8,0.4799999999999999,0.16052523311155373,0.012026648550689717
2016,ret_8,0.48999999999999994,0.21246659798089743,0.012026648550689717
2016,ret_8,0.49999999999999994,0.2639595296691142,0.004401512646396043
2016,ret_8,0.5099999999999999,0.31578947368420646,0.004401512646396043
2016,ret_8,0.5199999999999999,0.37022806343267317,0.004401512646396043
2016,ret_8,0.5299999999999999,0.4200776896942271,-0.0039226113445923715
2016,ret_8,0.5399999999999999,0.48416357415792083,-0.0039226113445923715
2016,ret_8,0.5499999999999999,0.5394187258941362,-0.0039226113445923715
2016,ret_8,0.5599999999999999,0.6003759692200422,-0.014524717286304778
2016,ret_8,0.57,0.6562204911215926,-0.014524717286304778
2016,ret_8,0.58,0.7134679421413347,-0.014524717286304778
2016,ret_8,0.59,0.7668303659547546,-0.014524717286304778
2016,ret_8,0.6,0.8222180664110484,-0.0216620691271187
2016,ret_8,0.61,0.8765217391304305,-0.0216620691271187
2016,ret_8,0.62,0.9339923254029473,-0.0216620691271187
2016,ret_8,0.63,0.9935063300193073,-0.027802529024136997
2016,ret_8,0.6399999999999999,1.0435120851243782,-0.027802529024136997
2016,ret_8,0.6499999999999999,1.0996155536484369,-0.027802529024136997
2016,ret_8,0.6599999999999999,1.1574911909795946,-0.027802529024136997
2016,ret_8,0.6699999999999999,1.2162661737523095,-0.03117172231205078
2016,ret_8,0.6799999999999999,1.2792944881889916,-0.03117172231205078
2016,ret_8,0.69,1.3497753826929326,-0.03117172231205078
2016,ret_8,0.7,1.4166256803247907,-0.02871046581870583
2016,ret_8,0.71,1.4813064382278442,-0.02871046581870583
2016,ret_8,0.72,1.5453815749469133,-0.02871046581870583
2016,ret_8,0.73,1.6203814393141054,-0.031760319946380774
2016,ret_8,0.74,1.6902401083212821,-0.031760319946380774
2016,ret_8,0.7499999999999999,1.7622819472617015,-0.031760319946380774
2016,ret_8,0.7599999999999999,1.8301451443429373,-0.03304290772768042
2016,ret_8,0.7699999999999999,1.910091803849863,-0.03304290772768042
2016,ret_8,0.7799999999999999,1.982962962963007,-0.03304290772768042
2016,ret_8,0.7899999999999999,2.064899436846324,-0.03304290772768042
2016,ret_8,0.7999999999999999,2.1470746192594783,-0.027758610670184543
2016,ret_8,0.8099999999999999,2.233265439761528,-0.027758610670184543
2016,ret_8,0.82,2.3139186587575296,-0.027758610670184543
2016,ret_8,0.83,2.417623283191538,-0.02889054389337017
2016,ret_8,0.84,2.504534423847834,-0.02889054389337017
2016,ret_8,0.8499999999999999,2.6062776120437237,-0.02889054389337017
2016,ret_8,0.8599999999999999,2.7069183036533366,-0.029717667183052954
2016,ret_8,0.8699999999999999,2.8094890248291513,-0.029717667183052954
2016,ret_8,0.8799999999999999,2.9326515398256237,-0.029717667183052954
2016,ret_8,0.8899999999999999,3.0647031031891023,-0.029717667183052954
2016,ret_8,0.8999999999999999,3.2010919097959767,-0.02185001532044351
2016,ret_8,0.9099999999999999,3.356316934720834,-0.02185001532044351
2016,ret_8,0.9199999999999999,3.5044322514585557,-0.02185001532044351
2016,ret_8,0.9299999999999999,3.672515686274462,-0.021659713797845186
2016,ret_8,0.94,3.834922038138204,-0.021659713797845186
2016,ret_8,0.95,4.039154411764627,-0.021659713797845186
2016,vol_8,0.05,0.35827300994265476,0.01851475992617229
2016,vol_8,0.06,0.37172601849502057,0.01851475992617229
2016,vol_8,0.07,0.3849829513893138,0.031216632538529916
2016,vol_8,0.08,0.395512537585517,0.031216632538529916
2016,vol_8,0.09,0.4076720537430941,0.031216632538529916
2016,vol_8,0.09999999999999999,0.4179682430388057,0.031216632538529916
2016,vol_8,0.10999999999999999,0.42788801243067565,0.035494057084331516
2016,vol_8,0.12,0.4367599917886303,0.035494057084331516
2016,vol_8,0.13,0.44565813876145677,0.035494057084331516
2016,vol_8,0.13999999999999999,0.45422734911509305,0.036272331348219125
2016,vol_8,0.14999999999999997,0.46239554094689433,0.036272331348219125
2016,vol_8,0.15999999999999998,0.4710245105944947,0.036272331348219125
2016,vol_8,0.16999999999999998,0.47824134805577967,0.03288205006063286
2016,vol_8,0.18,0.4851121430798344,0.03288205006063286
2016,vol_8,0.19,0.4933015201411623,0.03288205006063286
2016,vol_8,0.19999999999999996,0.49974786550950034,0.02997863862598881
2016,vol_8,0.20999999999999996,0.5060343166609994,0.02997863862598881
2016,vol_8,0.21999999999999997,0.512806688528557,0.02997863862598881
2016,vol_8,0.22999999999999998,0.5192426743961587,0.019906284869739083
2016,vol_8,0.24,0.5261078087901819,0.019906284869739083
2016,vol_8,0.24999999999999994,0.5319448384380957,0.019906284869739083
2016,vol_8,0.25999999999999995,0.5385381846066691,0.019906284869739083
2016,vol_8,0.26999999999999996,0.5452473924269157,0.0025348067013763603
2016,vol_8,0.27999999999999997,0.5514640953738301,0.0025348067013763603
2016,vol_8,0.29,0.5581495287048074,0.0025348067013763603
2016,vol_8,0.3,0.5643521727629246,-0.007940230085720304
2016,vol_8,0.30999999999999994,0.571019781042165,-0.007940230085720304
2016,vol_8,0.31999999999999995,0.5775746678463739,-0.007940230085720304
2016,vol_8,0.32999999999999996,0.5844647166529573,-0.018775454171632545
2016,vol_8,0.33999999999999997,0.5913642016020279,-0.018775454171632545
2016,vol_8,0.3499999999999999,0.5981523833060558,-0.018775454171632545
2016,vol_8,0.35999999999999993,0.6043349398176057,-0.019304425392534946
2016,vol_8,0.36999999999999994,0.6104573430908469,-0.019304425392534946
2016,vol_8,0.37999999999999995,0.6167084202558931,-0.019304425392534946
2016,vol_8,0.38999999999999996,0.6233763114484226,-0.019732938762662085
2016,vol_8,0.3999999999999999,0.6308658242864753,-0.019732938762662085
2016,vol_8,0.4099999999999999,0.637910912708562,-0.019732938762662085
2016,vol_8,0.41999999999999993,0.644444303205174,-0.021270371778160747
2016,vol_8,0.42999999999999994,0.6515863630328159,-0.021270371778160747
2016,vol_8,0.43999999999999995,0.658374772818793,-0.021270371778160747
2016,vol_8,0.4499999999999999,0.6655117458025399,-0.021270371778160747
2016,vol_8,0.4599999999999999,0.6722350334318071,-0.023953125822032455
2016,vol_8,0.4699999999999999,0.6793403863587394,-0.023953125822032455
2016,vol_8,0.4799999999999999,0.6859823770127277,-0.023953125822032455
2016,vol_8,0.48999999999999994,0.6925703536448704,-0.023895162201494218
2016,vol_8,0.49999999999999994,0.6996382192466162,-0.023895162201494218
2016,vol_8,0.5099999999999999,0.7070785587117147,-0.023895162201494218
2016,vol_8,0.5199999999999999,0.7143170140262532,-0.023895162201494218
2016,vol_8,0.5299999999999999,0.7212380909575998,-0.023152399839092203
2016,vol_8,0.5399999999999999,0.7287321881550067,-0.023152399839092203
2016,vol_8,0.5499999999999999,0.7361228011034193,-0.023152399839092203
2016,vol_8,0.5599999999999999,0.7434674127012804,-0.025784112943289653
2016,vol_8,0.57,0.7510585806054997,-0.025784112943289653
2016,vol_8,0.58,0.7585473048266769,-0.025784112943289653
2016,vol_8,0.59,0.7651219462864098,-0.028221308408731282
2016,vol_8,0.6,0.7722623358367684,-0.028221308408731282
2016,vol_8,0.61,0.7809960221822048,-0.028221308408731282
2016,vol_8,0.62,0.7882881128866771,-0.028221308408731282
2016,vol_8,0.63,0.7953900258855277,-0.034142710896119054
2016,vol_8,0.6399999999999999,0.803517225092763,-0.034142710896119054
2016,vol_8,0.6499999999999999,0.8121683298692324,-0.034142710896119054
2016,vol_8,0.6599999999999999,0.821462411505406,-0.033145381584391266
2016,vol_8,0.6699999999999999,0.8298858040323118,-0.033145381584391266
2016,vol_8,0.6799999999999999,0.8389521085621967,-0.033145381584391266
2016,vol_8,0.69,0.8466583673871563,-0.033145381584391266
2016,vol_8,0.7,0.8572270849551895,-0.02015945150243958
2016,vol_8,0.71,0.8665864409502508,-0.02015945150243958
2016,vol_8,0.72,0.8763555537656341,-0.02015945150243958
2016,vol_8,0.73,0.8879110903870082,-0.011904256807340894
2016,vol_8,0.74,0.8991358262500982,-0.011904256807340894
2016,vol_8,0.7499999999999999,0.9095122801868731,-0.011904256807340894
2016,vol_8,0.7599999999999999,0.9198078598197419,-0.011904256807340894
2016,vol_8,0.7699999999999999,0.9318900715656938,0.006751106896359143
2016,vol_8,0.7799999999999999,0.943983456945777,0.006751106896359143
2016,vol_8,0.7899999999999999,0.9581105912395689,0.006751106896359143
2016,vol_8,0.7999999999999999,0.9716569622910967,0.027545173131897333
2016,vol_8,0.8099999999999999,0.9853691356618154,0.027545173131897333
2016,vol_8,0.82,1.0005441565834652,0.027545173131897333
2016,vol_8,0.83,1.0145630335774483,0.02998533716283473
2016,vol_8,0.84,1.0294286762972749,0.02998533716283473
2016,vol_8,0.8499999999999999,1.0470871888191702,0.02998533716283473
2016,vol_8,0.8599999999999999,1.0666283412452284,0.028424011563607417
2016,vol_8,0.8699999999999999,1.08440556369607,0.028424011563607417
2016,vol_8,0.8799999999999999,1.1041157152531003,0.028424011563607417
2016,vol_8,0.8899999999999999,1.1267483414582367,0.028424011563607417
2016,vol_8,0.8999999999999999,1.1487776151410756,0.014666326698440764
2016,vol_8,0.9099999999999999,1.1721729531283618,0.014666326698440764
2016,vol_8,0.9199999999999999,1.1989217146249378,0.014666326698440764
2016,vol_8,0.9299999999999999,1.2374959106218504,-0.0011697875014490236
2016,vol_8,0.94,1.2736449340656721,-0.0011697875014490236
2016,vol_8,0.95,1.311612393254515,-0.0011697875014490236
2016,body,0.05,-1.0104644717880686,-0.07279225256211548
2016,body,0.06,-0.933333333333251,-0.07279225256211548
2016,body,0.07,-0.8630003013450482,-0.06508593740080786
2016,body,0.08,-0.8138490393249843,-0.06508593740080786
2016,body,0.09,-0.7629505776845098,-0.06508593740080786
2016,body,0.09999999999999999,-0.7201252503417306,-0.05789350527541742
2016,body,0.10999999999999999,-0.6745604292168713,-0.05789350527541742
2016,body,0.12,-0.6390092007938036,-0.05789350527541742
2016,body,0.13,-0.6063729110132785,-0.05789350527541742
2016,body,0.13999999999999999,-0.579504382169693,-0.04555623436633324
2016,body,0.14999999999999997,-0.5479774122901526,-0.04555623436633324
2016,body,0.15999999999999998,-0.519930676921629,-0.04555623436633324
2016,body,0.16999999999999998,-0.49831537866934206,-0.0351789439449908
2016,body,0.18,-0.47511312217194923,-0.0351789439449908
2016,body,0.19,-0.4519578494713551,-0.0351789439449908
2016,body,0.19999999999999996,-0.43223804298584,-0.0351789439449908
2016,body,0.20999999999999996,-0.4087714149547519,-0.02166545752210079
2016,body,0.21999999999999997,-0.38821921082812133,-0.02166545752210079
2016,body,0.22999999999999998,-0.36556668981993806,-0.02166545752210079
2016,body,0.24,-0.34782608695642875,-0.007644334819156826
2016,body,0.24999999999999994,-0.33006904566587214,-0.007644334819156826
2016,body,0.25999999999999995,-0.3115710392310918,-0.007644334819156826
2016,body,0.26999999999999996,-0.2953071106957778,-0.001857879977193758
2016,body,0.27999999999999997,-0.2791882859257371,-0.001857879977193758
2016,body,0.29,-0.26284686503553306,-0.001857879977193758
2016,body,0.3,-0.2482479119282602,-0.00271545891664347
2016,body,0.30999999999999994,-0.2339832869081214,-0.00271545891664347
2016,body,0.31999999999999995,-0.21922690400973488,-0.00271545891664347
2016,body,0.32999999999999996,-0.20463398650907294,-0.0023011701247621
2016,body,0.33999999999999997,-0.19039652362843237,-0.0023011701247621
2016,body,0.3499999999999999,-0.17533123490232028,-0.0023011701247621
2016,body,0.35999999999999993,-0.16266455847076344,-0.0023011701247621
2016,body,0.36999999999999994,-0.14897934803831883,0.006308226980106451
2016,body,0.37999999999999995,-0.13466121960943842,0.006308226980106451
2016,body,0.38999999999999996,-0.11931818181820261,0.006308226980106451
2016,body,0.3999999999999999,-0.10487739218967597,0.008347296186775703
2016,body,0.4099999999999999,-0.08995387062858036,0.008347296186775703
2016,body,0.41999999999999993,-0.07736304379393855,0.008347296186775703
2016,body,0.42999999999999994,-0.06311967101569663,0.01112159797016065
2016,body,0.43999999999999995,-0.0490615366854617,0.01112159797016065
2016,body,0.4499999999999999,-0.034259845333978925,0.01112159797016065
2016,body,0.4599999999999999,-0.02312677168571115,0.011526882749382674
2016,body,0.4699999999999999,0.0,0.011526882749382674
2016,body,0.4799999999999999,0.0,0.011526882749382674
2016,body,0.48999999999999994,0.017991495092457645,0.011526882749382674
2016,body,0.49999999999999994,0.030905227866379517,0.009977195724859042
2016,body,0.5099999999999999,0.042263951868027,0.009977195724859042
2016,body,0.5199999999999999,0.05691056910565934,0.009977195724859042
2016,body,0.5299999999999999,0.07026703070493313,0.00906326602080504
2016,body,0.5399999999999999,0.0829997356028558,0.00906326602080504
2016,body,0.5499999999999999,0.09435659528728925,0.00906326602080504
2016,body,0.5599999999999999,0.10810810810815039,0.00906326602080504
2016,body,0.57,0.12173913043473135,0.006824486971794795
2016,body,0.58,0.13358778625945775,0.006824486971794795
2016,body,0.59,0.14675052410898354,0.006824486971794795
2016,body,0.6,0.1593776738888266,0.012609763393114837
2016,body,0.61,0.1727021188997434,0.012609763393114837
2016,body,0.62,0.18771902206704147,0.012609763393114837
2016,body,0.63,0.2025316455695898,0.012609763393114837
2016,body,0.6399999999999999,0.21642954966359984,0.014333533370103659
2016,body,0.6499999999999999,0.23045267489707078,0.014333533370103659
2016,body,0.6599999999999999,0.2431605654222527,0.014333533370103659
2016,body,0.6699999999999999,0.2572907979924987,0.018575128781335323
2016,body,0.6799999999999999,0.2737850869404873,0.018575128781335323
2016,body,0.69,0.2875565688911622,0.018575128781335323
2016,body,0.7,0.3019721747620187,0.030080932443635234
2016,body,0.71,0.3169486708384754,0.030080932443635234
2016,body,0.72,0.33293267657515757,0.030080932443635234
2016,body,0.73,0.3492104221114216,0.030080932443635234
2016,body,0.74,0.36525663185294416,0.031745420513909405
2016,body,0.7499999999999999,0.38090257023313284,0.031745420513909405
2016,body,0.7599999999999999,0.39734784478521507,0.031745420513909405
2016,body,0.7699999999999999,0.4136363636363367,0.03684440518079036
2016,body,0.7799999999999999,0.42831976961252194,0.03684440518079036
2016,body,0.7899999999999999,0.4452454224220903,0.03684440518079036
2016,body,0.7999999999999999,0.4645651019644989,0.03684440518079036
2016,body,0.8099999999999999,0.4827586206896809,0.03794210189886768
2016,body,0.82,0.5009958787398546,0.03794210189886768
2016,body,0.83,0.5206851336278544,0.03794210189886768
2016,body,0.84,0.5412711623947837,0.03392379581840864
2016,body,0.8499999999999999,0.5645161290322768,0.03392379581840864
2016,body,0.8599999999999999,0.5919862698902727,0.03392379581840864
2016,body,0.8699999999999999,0.6195441361916445,0.03392379581840864
2016,body,0.8799999999999999,0.6451776235198678,0.031129191531823735
2016,body,0.8899999999999999,0.6761645115479502,0.031129191531823735
2016,body,0.8999999999999999,0.7103313172809925,0.031129191531823735
2016,body,0.9099999999999999,0.7459356573575985,0.029615034909418022
2016,body,0.9199999999999999,0.7886293762575267,0.029615034909418022
2016,body,0.9299999999999999,0.831234211292173,0.029615034909418022
2016,body,0.94,0.8791275956640843,0.029197414497055083
2016,body,0.95,0.9433379586802048,0.029197414497055083
2016,range,0.05,0.4301809761252927,0.00772062574083466
2016,range,0.06,0.44637681159423626,0.00772062574083466
2016,range,0.07,0.4575570300873855,0.00772062574083466
2016,range,0.08,0.47155145895825284,-0.0057144250911963235
2016,range,0.09,0.4849794115928521,-0.0057144250911963235
2016,range,0.09999999999999999,0.4962923584753732,-0.0057144250911963235
2016,range,0.10999999999999999,0.5069389107674935,-0.0030345344939434683
2016,range,0.12,0.5176454018227024,-0.0030345344939434683
2016,range,0.13,0.5289969831878275,-0.0030345344939434683
2016,range,0.13999999999999999,0.5384615384614885,0.0033888486696782775
2016,range,0.14999999999999997,0.5481893315513204,0.0033888486696782775
2016,range,0.15999999999999998,0.5576588115556016,0.0033888486696782775
2016,range,0.16999999999999998,0.5668016194332086,0.003103102689028943
2016,range,0.18,0.5758308015891138,0.003103102689028943
2016,range,0.19,0.5833333333333846,0.003103102689028943
2016,range,0.19999999999999996,0.5918008411030102,0.003103102689028943
2016,range,0.20999999999999996,0.5998001483375823,0.0006788487516036515
2016,range,0.21999999999999997,0.6079613992762495,0.0006788487516036515
2016,range,0.22999999999999998,0.6162679425837537,0.0006788487516036515
2016,range,0.24,0.6248715943661556,0.00044835915913294126
2016,range,0.24999999999999994,0.6322580645160955,0.00044835915913294126
2016,range,0.25999999999999995,0.6408635046903238,0.00044835915913294126
2016,range,0.26999999999999996,0.6489156318069551,0.00044835915913294126
2016,range,0.27999999999999997,0.6562500000000385,-0.003348622455395318
2016,range,0.29,0.6644274337758104,-0.003348622455395318
2016,range,0.3,0.6730769230769172,-0.003348622455395318
2016,range,0.30999999999999994,0.6819014099862962,-0.009975123489360771
2016,range,0.31999999999999995,0.6908055820375156,-0.009975123489360771
2016,range,0.32999999999999996,0.6993179322063114,-0.009975123489360771
2016,range,0.33999999999999997,0.7066378609147095,-0.010587867208013047
2016,range,0.3499999999999999,0.7162616382828568,-0.010587867208013047
2016,range,0.35999999999999993,0.7253886010362688,-0.010587867208013047
2016,range,0.36999999999999994,0.7320261437908888,-0.010587867208013047
2016,range,0.37999999999999995,0.7400475770924657,-0.016698192033791394
2016,range,0.38999999999999996,0.7482366511853537,-0.016698192033791394
2016,range,0.3999999999999999,0.7567567567567535,-0.016698192033791394
2016,range,0.4099999999999999,0.7650872137605061,-0.02290870323334083
2016,range,0.41999999999999993,0.7722772277228038,-0.02290870323334083
2016,range,0.42999999999999994,0.7809330628803244,-0.02290870323334083
2016,range,0.43999999999999995,0.7892156862745311,-0.023366954962834016
2016,range,0.4499999999999999,0.7983279311140248,-0.023366954962834016
2016,range,0.4599999999999999,0.8069164265129155,-0.023366954962834016
2016,range,0.4699999999999999,0.8141843971631046,-0.023366954962834016
2016,range,0.4799999999999999,0.8235294117647415,-0.029162399585592053
2016,range,0.48999999999999994,0.8319672131146619,-0.029162399585592053
2016,range,0.49999999999999994,0.8411434940280063,-0.029162399585592053
2016,range,0.5099999999999999,0.8502534619488725,-0.02968654671777427
2016,range,0.5199999999999999,0.8594921092685959,-0.02968654671777427
2016,range,0.5299999999999999,0.8693316723956345,-0.02968654671777427
2016,range,0.5399999999999999,0.8799883964544707,-0.02968654671777427
2016,range,0.5499999999999999,0.8886524216126456,-0.033646870246523346
2016,range,0.5599999999999999,0.8984376540474875,-0.033646870246523346
2016,range,0.57,0.9083405190402924,-0.033646870246523346
2016,range,0.58,0.91922146841556,-0.032040902384236215
2016,range,0.59,0.9296874999999705,-0.032040902384236215
2016,range,0.6,0.940860215053756,-0.032040902384236215
2016,range,0.61,0.9531281456583508,-0.03085574728883285
2016,range,0.62,0.9653007217321675,-0.03085574728883285
2016,range,0.63,0.9772318846218746,-0.03085574728883285
2016,range,0.6399999999999999,0.9903601748826518,-0.027948655212921635
2016,range,0.6499999999999999,1.0033876880293278,-0.027948655212921635
2016,range,0.6599999999999999,1.0157182227861172,-0.027948655212921635
2016,range,0.6699999999999999,1.026181924465102,-0.027948655212921635
2016,range,0.6799999999999999,1.039542646207762,-0.026606648001961566
2016,range,0.69,1.0529247910864015,-0.026606648001961566
2016,range,0.7,1.0659013243394446,-0.026606648001961566
2016,range,0.71,1.080276173811638,-0.02367665645053693
2016,range,0.72,1.093863947909524,-0.02367665645053693
2016,range,0.73,1.1086556169428632,-0.02367665645053693
2016,range,0.74,1.1247419326252468,-0.02048944883837979
2016,range,0.7499999999999999,1.1404964864244793,-0.02048944883837979
2016,range,0.7599999999999999,1.1559936131634219,-0.02048944883837979
2016,range,0.7699999999999999,1.173442743016807,-0.02048944883837979
2016,range,0.7799999999999999,1.1914893617022433,-0.01063666096941871
2016,range,0.7899999999999999,1.2090909090908728,-0.01063666096941871
2016,range,0.7999999999999999,1.2292209474181262,-0.01063666096941871
2016,range,0.8099999999999999,1.2484519561380791,0.011582418572892153
2016,range,0.82,1.2684605119973797,0.011582418572892153
2016,range,0.83,1.29444938839458,0.011582418572892153
2016,range,0.84,1.3189711312392807,0.027695099046463743
2016,range,0.8499999999999999,1.346378266338342,0.027695099046463743
2016,range,0.8599999999999999,1.3717964462080676,0.027695099046463743
2016,range,0.8699999999999999,1.4036939313984433,0.043474870615707914
2016,range,0.8799999999999999,1.4382314694407952,0.043474870615707914
2016,range,0.8899999999999999,1.464557060777764,0.043474870615707914
2016,range,0.8999999999999999,1.5026636945180873,0.043474870615707914
2016,range,0.9099999999999999,1.547970762976824,0.058737473020010034
2016,range,0.9199999999999999,1.5966373692077982,0.058737473020010034
2016,range,0.9299999999999999,1.6441758932037953,0.058737473020010034
2016,range,0.94,1.7012682841069178,0.06766554047193485
2016,range,0.95,1.7766579254079435,0.06766554047193485
2016,mean_distance,0.05,-1.9023661993461605,0.00020594535762293395
2016,mean_distance,0.06,-1.7596287516546432,0.00020594535762293395
2016,mean_distance,0.07,-1.6478098056464114,0.0003240915214626724
2016,mean_distance,0.08,-1.5434299516908339,0.0003240915214626724
2016,mean_distance,0.09,-1.4411955648768149,0.0003240915214626724
2016,mean_distance,0.09999999999999999,-1.3548120957606666,-0.01165387794960163
2016,mean_distance,0.10999999999999999,-1.2808534820514528,-0.01165387794960163
2016,mean_distance,0.12,-1.2087628865979347,-0.01165387794960163
2016,mean_distance,0.13,-1.1504353265286429,-0.011128853228055508
2016,mean_distance,0.13999999999999999,-1.0789321205836935,-0.011128853228055508
2016,mean_distance,0.14999999999999997,-1.0199142607943983,-0.011128853228055508
2016,mean_distance,0.15999999999999998,-0.9605438786131777,-0.00895742118715734
2016,mean_distance,0.16999999999999998,-0.9083872598370965,-0.00895742118715734
2016,mean_distance,0.18,-0.8573480116413863,-0.00895742118715734
2016,mean_distance,0.19,-0.8067541072138834,-0.00747814802903587
2016,mean_distance,0.19999999999999996,-0.7612578165182153,-0.00747814802903587
2016,mean_distance,0.20999999999999996,-0.718577966977392,-0.00747814802903587
2016,mean_distance,0.21999999999999997,-0.6742273121745019,-0.0058356033633159814
2016,mean_distance,0.22999999999999998,-0.6335230567988216,-0.0058356033633159814
2016,mean_distance,0.24,-0.5968055193394797,-0.0058356033633159814
2016,mean_distance,0.24999999999999994,-0.5587893362211532,-0.0058356033633159814
2016,mean_distance,0.25999999999999995,-0.5217487046632067,-0.004062517540438463
2016,mean_distance,0.26999999999999996,-0.48742306530113644,-0.004062517540438463
2016,mean_distance,0.27999999999999997,-0.45385298346515224,-0.004062517540438463
2016,mean_distance,0.29,-0.42048884671609893,0.00031906688924666427
2016,mean_distance,0.3,-0.3899662384716489,0.00031906688924666427
2016,mean_distance,0.30999999999999994,-0.3587978091459738,0.00031906688924666427
2016,mean_distance,0.31999999999999995,-0.32951768850045854,0.00031906688924666427
2016,mean_distance,0.32999999999999996,-0.30146675867998046,0.0001603312629958286
2016,mean_distance,0.33999999999999997,-0.2750288388452245,0.0001603312629958286
2016,mean_distance,0.3499999999999999,-0.2446118276248436,0.0001603312629958286
2016,mean_distance,0.35999999999999993,-0.2105582023589306,-0.0038708390429639476
2016,mean_distance,0.36999999999999994,-0.18200000000001246,-0.0038708390429639476
2016,mean_distance,0.37999999999999995,-0.1556150836342638,-0.0038708390429639476
2016,mean_distance,0.38999999999999996,-0.1267851805727712,-0.0038708390429639476
2016,mean_distance,0.3999999999999999,-0.0978940467426736,0.003352698404664594
2016,mean_distance,0.4099999999999999,-0.06893681462508562,0.003352698404664594
2016,mean_distance,0.41999999999999993,-0.04313220866116302,0.003352698404664594
2016,mean_distance,0.42999999999999994,-0.017510368420602777,0.004095834589893897
2016,mean_distance,0.43999999999999995,0.0069758618560694634,0.004095834589893897
2016,mean_distance,0.4499999999999999,0.027903368794255822,0.004095834589893897
2016,mean_distance,0.4599999999999999,0.05509996818448953,0.011661971457093327
2016,mean_distance,0.4699999999999999,0.07495654649752659,0.011661971457093327
2016,mean_distance,0.4799999999999999,0.09808259587021792,0.011661971457093327
2016,mean_distance,0.48999999999999994,0.11928293795621644,0.011661971457093327
2016,mean_distance,0.49999999999999994,0.14372745572941883,0.020860048950415804
2016,mean_distance,0.5099999999999999,0.16332833123157384,0.020860048950415804
2016,mean_distance,0.5199999999999999,0.1863511773363481,0.020860048950415804
2016,mean_distance,0.5299999999999999,0.2099544731528489,0.02542831818415021
2016,mean_distance,0.5399999999999999,0.23395464007288544,0.02542831818415021
2016,mean_distance,0.5499999999999999,0.2571326894602262,0.02542831818415021
2016,mean_distance,0.5599999999999999,0.2812884195622809,0.02542831818415021
2016,mean_distance,0.57,0.3025556157728874,0.027845005242243127
2016,mean_distance,0.58,0.3255988943488815,0.027845005242243127
2016,mean_distance,0.59,0.34918726041263376,0.027845005242243127
2016,mean_distance,0.6,0.3730247632020132,0.023520231482229752
2016,mean_distance,0.61,0.3973741883115966,0.023520231482229752
2016,mean_distance,0.62,0.4213850835236615,0.023520231482229752
2016,mean_distance,0.63,0.44769184470915413,0.023520231482229752
2016,mean_distance,0.6399999999999999,0.4756908699125555,0.015178765062281765
2016,mean_distance,0.6499999999999999,0.4987922705313504,0.015178765062281765
2016,mean_distance,0.6599999999999999,0.525315228644977,0.015178765062281765
2016,mean_distance,0.6699999999999999,0.5495329676574005,0.009280495732695978
2016,mean_distance,0.6799999999999999,0.5721153846153788,0.009280495732695978
2016,mean_distance,0.69,0.6019722284789181,0.009280495732695978
2016,mean_distance,0.7,0.631147540983603,0.00600428713241378
2016,mean_distance,0.71,0.6573330624888382,0.00600428713241378
2016,mean_distance,0.72,0.6871561771561704,0.00600428713241378
2016,mean_distance,0.73,0.7202413617886536,-0.0008992717147376809
2016,mean_distance,0.74,0.7550849874721136,-0.0008992717147376809
2016,mean_distance,0.7499999999999999,0.7849120948849819,-0.0008992717147376809
2016,mean_distance,0.7599999999999999,0.8198356704999704,-0.0008992717147376809
2016,mean_distance,0.7699999999999999,0.8536322463767876,-0.01462604551340623
2016,mean_distance,0.7799999999999999,0.8879218608853073,-0.01462604551340623
2016,mean_distance,0.7899999999999999,0.9221527950420059,-0.01462604551340623
2016,mean_distance,0.7999999999999999,0.9579548998046534,-0.017061872232629484
2016,mean_distance,0.8099999999999999,0.9987100636942938,-0.017061872232629484
2016,mean_distance,0.82,1.0429537843849583,-0.017061872232629484
2016,mean_distance,0.83,1.0838853169856828,-0.018554675042263786
2016,mean_distance,0.84,1.130287336491139,-0.018554675042263786
2016,mean_distance,0.8499999999999999,1.1808374785250213,-0.018554675042263786
2016,mean_distance,0.8599999999999999,1.2265892933462637,-0.018554675042263786
2016,mean_distance,0.8699999999999999,1.2833176040061625,-0.014422106604341275
2016,mean_distance,0.8799999999999999,1.3445203946169837,-0.014422106604341275
2016,mean_distance,0.8899999999999999,1.4169270115302681,-0.014422106604341275
2016,mean_distance,0.8999999999999999,1.4995896032831273,-0.01620508673767579
2016,mean_distance,0.9099999999999999,1.5808253208790095,-0.01620508673767579
2016,mean_distance,0.9199999999999999,1.6573234387697913,-0.01620508673767579
2016,mean_distance,0.9299999999999999,1.7582089170464759,-0.01620508673767579
2016,mean_distance,0.94,1.8631957326179776,-0.010417090103835264
2016,mean_distance,0.95,1.9742741128592352,-0.010417090103835264
2016,range_position,0.05,0.06996236559139594,-0.029670972961176396
2016,range_position,0.06,0.08333333333336086,-0.029670972961176396
2016,range_position,0.07,0.09523809523809978,-0.027234245019496787
2016,range_position,0.08,0.10720413634624759,-0.027234245019496787
2016,range_position,0.09,0.11735714932536867,-0.03451475807985277
2016,range_position,0.09999999999999999,0.12790697674416357,-0.03451475807985277
2016,range_position,0.10999999999999999,0.13870961329398795,-0.03451475807985277
2016,range_position,0.12,0.14937449584739768,-0.03451475807985277
2016,range_position,0.13,0.1602564102563993,-0.037211310190858826
2016,range_position,0.13999999999999999,0.1707317073170555,-0.037211310190858826
2016,range_position,0.14999999999999997,0.18181135681124963,-0.03272956680368432
2016,range_position,0.15999999999999998,0.19230769230769978,-0.03272956680368432
2016,range_position,0.16999999999999998,0.20338983050848075,-0.03272956680368432
2016,range_position,0.18,0.21459227467811454,-0.03145663140749647
2016,range_position,0.19,0.2259096385542156,-0.03145663140749647
2016,range_position,0.19999999999999996,0.23733949666153936,-0.03145663140749647
2016,range_position,0.20999999999999996,0.24739721043057086,-0.03145663140749647
2016,range_position,0.21999999999999997,0.26043942577030527,-0.026183465129892877
2016,range_position,0.22999999999999998,0.27151471920899395,-0.026183465129892877
2016,range_position,0.24,0.2829416564667447,-0.026183465129892877
2016,range_position,0.24999999999999994,0.29583098591548923,-0.02572379641884504
2016,range_position,0.25999999999999995,0.30878186968839355,-0.02572379641884504
2016,range_position,0.26999999999999996,0.3203085631298947,-0.02572379641884504
2016,range_position,0.27999999999999997,0.3333333333333099,-0.02572379641884504
2016,range_position,0.29,0.34453781512604903,-0.028785694764192526
2016,range_position,0.3,0.35714285714285815,-0.028785694764192526
2016,range_position,0.30999999999999994,0.3664122137404372,-0.028785694764192526
2016,range_position,0.31999999999999995,0.37797385374675835,-0.018159831735675442
2016,range_position,0.32999999999999996,0.39004659685863385,-0.018159831735675442
2016,range_position,0.33999999999999997,0.40261264069264885,-0.018159831735675442
2016,range_position,0.3499999999999999,0.4149166666666628,-0.018159831735675442
2016,range_position,0.35999999999999993,0.42857142857144337,-0.017078910955140646
2016,range_position,0.36999999999999994,0.4409448818897442,-0.017078910955140646
2016,range_position,0.37999999999999995,0.4535823333896672,-0.017078910955140646
2016,range_position,0.38999999999999996,0.4651162790697602,-0.014322823895807664
2016,range_position,0.3999999999999999,0.47918238993710854,-0.014322823895807664
2016,range_position,0.4099999999999999,0.49056603773584795,-0.014322823895807664
2016,range_position,0.41999999999999993,0.5035368843692034,-0.014322823895807664
2016,range_position,0.42999999999999994,0.5142857142857217,-0.015537433045883923
2016,range_position,0.43999999999999995,0.5272362114872399,-0.015537433045883923
2016,range_position,0.4499999999999999,0.5384615384615211,-0.015537433045883923
2016,range_position,0.4599999999999999,0.5500393013100567,-0.011901946193260403
2016,range_position,0.4699999999999999,0.5620270732402403,-0.011901946193260403
2016,range_position,0.4799999999999999,0.574616391725587,-0.011901946193260403
2016,range_position,0.48999999999999994,0.587199589401426,-0.011901946193260403
2016,range_position,0.49999999999999994,0.5993627460757646,-0.009777066463714104
2016,range_position,0.5099999999999999,0.6103733766233662,-0.009777066463714104
2016,range_position,0.5199999999999999,0.6217566678845451,-0.009777066463714104
2016,range_position,0.5299999999999999,0.6340822227809679,-0.00532048503723485
2016,range_position,0.5399999999999999,0.6456564938412062,-0.00532048503723485
2016,range_position,0.5499999999999999,0.658658164440347,-0.00532048503723485
2016,range_position,0.5599999999999999,0.6689432869289094,0.005549241517709698
2016,range_position,0.57,0.679391532003258,0.005549241517709698
2016,range_position,0.58,0.6902949852507128,0.005549241517709698
2016,range_position,0.59,0.700729927007296,0.005549241517709698
2016,range_position,0.6,0.7107843137254929,0.011548247389554617
2016,range_position,0.61,0.7206703910614541,0.011548247389554617
2016,range_position,0.62,0.7309843822483402,0.011548247389554617
2016,range_position,0.63,0.7405433530174298,0.017588232312526507
2016,range_position,0.6399999999999999,0.7499999999999907,0.017588232312526507
2016,range_position,0.6499999999999999,0.7596153846153877,0.017588232312526507
2016,range_position,0.6599999999999999,0.7686203208556212,0.022546984543745822
2016,range_position,0.6699999999999999,0.7777777777778064,0.022546984543745822
2016,range_position,0.6799999999999999,0.7879452882944039,0.022546984543745822
2016,range_position,0.69,0.796296296296298,0.022546984543745822
2016,range_position,0.7,0.8044503561314577,0.027652814670855636
2016,range_position,0.71,0.812269152202367,0.027652814670855636
2016,range_position,0.72,0.8200000000000233,0.027652814670855636
2016,range_position,0.73,0.8274859535088684,0.033614783688839564
2016,range_position,0.74,0.8357790756363166,0.033614783688839564
2016,range_position,0.7499999999999999,0.8442622950819705,0.033614783688839564
2016,range_position,0.7599999999999999,0.8518518518518461,0.03505618902994822
2016,range_position,0.7699999999999999,0.8590729103111598,0.03505618902994822
2016,range_position,0.7799999999999999,0.8648648648648558,0.03505618902994822
2016,range_position,0.7899999999999999,0.8723404255318964,0.03505618902994822
2016,range_position,0.7999999999999999,0.8791946308724627,0.03569598389956899
2016,range_position,0.8099999999999999,0.8857629037629031,0.03569598389956899
2016,range_position,0.82,0.8915722891566406,0.03569598389956899
2016,range_position,0.83,0.8974358974359313,0.033337071057787854
2016,range_position,0.84,0.9038461538461481,0.033337071057787854
2016,range_position,0.8499999999999999,0.9102564102563728,0.033337071057787854
2016,range_position,0.8599999999999999,0.9154495129983979,0.033337071057787854
2016,range_position,0.8699999999999999,0.9214195258889444,0.02790164649149144
2016,range_position,0.8799999999999999,0.9279279279279261,0.02790164649149144
2016,range_position,0.8899999999999999,0.9341276626013608,0.02790164649149144
2016,range_position,0.8999999999999999,0.939987577639742,0.03383303143825925
2016,range_position,0.9099999999999999,0.9455460934694643,0.03383303143825925
2016,range_position,0.9199999999999999,0.9515151515151439,0.03383303143825925
2016,range_position,0.9299999999999999,0.9568965517241244,0.03371882762809217
2016,range_position,0.94,0.9616937199725424,0.03371882762809217
2016,range_position,0.95,0.9682241490045018,0.03371882762809217
2016,atr_fraction,0.05,0.0010924965585074233,-0.019722862690748504
2016,atr_fraction,0.06,0.0011289823844412167,-0.019722862690748504
2016,atr_fraction,0.07,0.0011650061457836073,-0.019722862690748504
2016,atr_fraction,0.08,0.0011966134483553568,-0.019722862690748504
2016,atr_fraction,0.09,0.0012249719019305331,-0.019722862690748504
2016,atr_fraction,0.09999999999999999,0.0012553335325592814,-0.019722862690748504
2016,atr_fraction,0.10999999999999999,0.0012870232550596728,-0.05418041272458134
2016,atr_fraction,0.12,0.0013160002086590621,-0.05418041272458134
2016,atr_fraction,0.13,0.0013421486432945223,-0.05418041272458134
2016,atr_fraction,0.13999999999999999,0.0013660542709068712,-0.05418041272458134
2016,atr_fraction,0.14999999999999997,0.001391187932858419,-0.05418041272458134
2016,atr_fraction,0.15999999999999998,0.0014178638557443655,-0.05418041272458134
2016,atr_fraction,0.16999999999999998,0.0014446365993399885,-0.03662475186907126
2016,atr_fraction,0.18,0.001466775650564524,-0.03662475186907126
2016,atr_fraction,0.19,0.0014932457162984182,-0.03662475186907126
2016,atr_fraction,0.19999999999999996,0.0015166529574750845,-0.03662475186907126
2016,atr_fraction,0.20999999999999996,0.0015427815738619244,-0.03662475186907126
2016,atr_fraction,0.21999999999999997,0.001564340276087111,-0.03287222525396701
2016,atr_fraction,0.22999999999999998,0.0015879726571243783,-0.03287222525396701
2016,atr_fraction,0.24,0.001609850065299117,-0.03287222525396701
2016,atr_fraction,0.24999999999999994,0.0016304654507293304,-0.03287222525396701
2016,atr_fraction,0.25999999999999995,0.0016521860597271986,-0.018280722869005908
2016,atr_fraction,0.26999999999999996,0.0016771415555644445,-0.018280722869005908
2016,atr_fraction,0.27999999999999997,0.00170659458818293,-0.018280722869005908
2016,atr_fraction,0.29,0.0017323593979745166,-0.009028724348525306
2016,atr_fraction,0.3,0.0017551632150183067,-0.009028724348525306
2016,atr_fraction,0.30999999999999994,0.0017788428382542582,-0.009028724348525306
2016,atr_fraction,0.31999999999999995,0.0018034086092926303,-0.006420684968651334
2016,atr_fraction,0.32999999999999996,0.0018266794344551805,-0.006420684968651334
2016,atr_fraction,0.33999999999999997,0.001851601561235072,-0.006420684968651334
2016,atr_fraction,0.3499999999999999,0.0018779122591294991,0.0009422617645737715
2016,atr_fraction,0.35999999999999993,0.0019027096612006579,0.0009422617645737715
2016,atr_fraction,0.36999999999999994,0.0019278373323789414,0.0009422617645737715
2016,atr_fraction,0.37999999999999995,0.0019516466121023163,0.009850009827892666
2016,atr_fraction,0.38999999999999996,0.0019788932784001122,0.009850009827892666
2016,atr_fraction,0.3999999999999999,0.002001399215514448,0.009850009827892666
2016,atr_fraction,0.4099999999999999,0.0020256245402992448,0.009850009827892666
2016,atr_fraction,0.41999999999999993,0.002049390572072729,0.018792858783298037
2016,atr_fraction,0.42999999999999994,0.0020746460117077956,0.018792858783298037
2016,atr_fraction,0.43999999999999995,0.002098960324958248,0.018792858783298037
2016,atr_fraction,0.4499999999999999,0.0021226586720140424,0.03146133423546294
2016,atr_fraction,0.4599999999999999,0.002147086942930933,0.03146133423546294
2016,atr_fraction,0.4699999999999999,0.002175243843705784,0.03146133423546294
2016,atr_fraction,0.4799999999999999,0.002200345567689414,0.03765117024327481
2016,atr_fraction,0.48999999999999994,0.0022259137307089486,0.03765117024327481
2016,atr_fraction,0.49999999999999994,0.002253374218280781,0.035725915371191505
2016,atr_fraction,0.5099999999999999,0.002281789764453014,0.035725915371191505
2016,atr_fraction,0.5199999999999999,0.0023082552491087934,0.035725915371191505
2016,atr_fraction,0.5299999999999999,0.0023407883091509135,0.03222655624516383
2016,atr_fraction,0.5399999999999999,0.002371978224156533,0.03222655624516383
2016,atr_fraction,0.5499999999999999,0.002403525177813182,0.027561115402002376
2016,atr_fraction,0.5599999999999999,0.002438762626358504,0.027561115402002376
2016,atr_fraction,0.57,0.002474524704855209,0.027561115402002376
2016,atr_fraction,0.58,0.002514392712578524,0.024104569838894724
2016,atr_fraction,0.59,0.002555812176463209,0.024104569838894724
2016,atr_fraction,0.6,0.0025988533378914847,0.022534547459157832
2016,atr_fraction,0.61,0.002638959284087093,0.022534547459157832
2016,atr_fraction,0.62,0.002685091514871901,0.018133449160703204
2016,atr_fraction,0.63,0.0027315499660849835,0.018133449160703204
2016,atr_fraction,0.6399999999999999,0.0027734605362566764,0.018133449160703204
2016,atr_fraction,0.6499999999999999,0.0028143236787577463,0.014774538251303326
2016,atr_fraction,0.6599999999999999,0.002849895646393127,0.014774538251303326
2016,atr_fraction,0.6699999999999999,0.002901421607179403,0.013644670057416753
2016,atr_fraction,0.6799999999999999,0.0029593931571407,0.013644670057416753
2016,atr_fraction,0.69,0.0030181086519114704,0.006972186310250812
2016,atr_fraction,0.7,0.0030785664338207593,0.006972186310250812
2016,atr_fraction,0.71,0.0031348050879825254,0.006972186310250812
2016,atr_fraction,0.72,0.0031865639540681707,-0.0007681652677133421
2016,atr_fraction,0.73,0.003252461351399271,-0.0007681652677133421
2016,atr_fraction,0.74,0.0033035841653637115,-0.010773028914695622
2016,atr_fraction,0.7499999999999999,0.0033618532454207277,-0.010773028914695622
2016,atr_fraction,0.7599999999999999,0.00342766102490378,-0.010773028914695622
2016,atr_fraction,0.7699999999999999,0.00350973851629911,-0.01513947181408497
2016,atr_fraction,0.7799999999999999,0.003580533791449055,-0.01513947181408497
2016,atr_fraction,0.7899999999999999,0.003656646041574577,-0.012563255849986275
2016,atr_fraction,0.7999999999999999,0.0037387452157567826,-0.012563255849986275
2016,atr_fraction,0.8099999999999999,0.0038224231491007558,-0.012563255849986275
2016,atr_fraction,0.82,0.003917409626006853,-0.011806094898095709
2016,atr_fraction,0.83,0.004026843164888509,-0.011806094898095709
2016,atr_fraction,0.84,0.004146171788044833,-0.011806094898095709
2016,atr_fraction,0.8499999999999999,0.00427503021894492,-0.011144531988811249
2016,atr_fraction,0.8599999999999999,0.0044250240863647665,-0.011144531988811249
2016,atr_fraction,0.8699999999999999,0.004586794243923752,-0.011144531988811249
2016,atr_fraction,0.8799999999999999,0.004750979692636185,-0.013124590699505589
2016,atr_fraction,0.8899999999999999,0.004926152729978937,-0.013124590699505589
2016,atr_fraction,0.8999999999999999,0.00512813066167318,-0.013124590699505589
2016,atr_fraction,0.9099999999999999,0.005277209892965406,-0.015818885923299924
2016,atr_fraction,0.9199999999999999,0.005490922462642484,-0.015818885923299924
2016,atr_fraction,0.9299999999999999,0.005739841779880092,-0.015818885923299924
2016,atr_fraction,0.94,0.006040314065369476,-0.015818885923299924
2016,atr_fraction,0.95,0.006420363544382408,-0.015818885923299924
2016,time_sin,0.05,-0.6087614290087203,-0.006068382342581056
2016,time_sin,0.06,-0.6087614290087203,-0.006068382342581056
2016,time_sin,0.07,-0.6087614290087203,-0.006068382342581056
2016,time_sin,0.08,-0.6087614290087203,-0.006068382342581056
2016,time_sin,0.09,-0.6087614290087203,-0.006068382342581056
2016,time_sin,0.09999999999999999,-0.5000000000000001,0.006931768322566345
2016,time_sin,0.10999999999999999,-0.5000000000000001,0.006931768322566345
2016,time_sin,0.12,-0.5000000000000001,0.006931768322566345
2016,time_sin,0.13,-0.5000000000000001,0.006931768322566345
2016,time_sin,0.13999999999999999,-0.5000000000000001,0.006931768322566345
2016,time_sin,0.14999999999999997,-0.5000000000000001,0.006931768322566345
2016,time_sin,0.15999999999999998,-0.5000000000000001,0.006931768322566345
2016,time_sin,0.16999999999999998,-0.5000000000000001,0.006931768322566345
2016,time_sin,0.18,-0.5000000000000001,0.006931768322566345
2016,time_sin,0.19,-0.5000000000000001,0.006931768322566345
2016,time_sin,0.19999999999999996,-0.38268343236508967,0.006305353250011799
2016,time_sin,0.20999999999999996,-0.38268343236508967,0.006305353250011799
2016,time_sin,0.21999999999999997,-0.38268343236508967,0.006305353250011799
2016,time_sin,0.22999999999999998,-0.38268343236508967,0.006305353250011799
2016,time_sin,0.24,-0.38268343236508967,0.006305353250011799
2016,time_sin,0.24999999999999994,-0.38268343236508967,0.006305353250011799
2016,time_sin,0.25999999999999995,-0.38268343236508967,0.006305353250011799
2016,time_sin,0.26999999999999996,-0.38268343236508967,0.006305353250011799
2016,time_sin,0.27999999999999997,-0.38268343236508967,0.006305353250011799
2016,time_sin,0.29,-0.38268343236508967,0.006305353250011799
2016,time_sin,0.3,-0.25881904510252035,0.00524578718934763
2016,time_sin,0.30999999999999994,-0.25881904510252035,0.00524578718934763
2016,time_sin,0.31999999999999995,-0.25881904510252035,0.00524578718934763
2016,time_sin,0.32999999999999996,-0.25881904510252035,0.00524578718934763
2016,time_sin,0.33999999999999997,-0.25881904510252035,0.00524578718934763
2016,time_sin,0.3499999999999999,-0.25881904510252035,0.00524578718934763
2016,time_sin,0.35999999999999993,-0.25881904510252035,0.00524578718934763
2016,time_sin,0.36999999999999994,-0.25881904510252035,0.00524578718934763
2016,time_sin,0.37999999999999995,-0.25881904510252035,0.00524578718934763
2016,time_sin,0.38999999999999996,-0.25881904510252035,0.00524578718934763
2016,time_sin,0.3999999999999999,-0.13052619222005177,0.014249848406292223
2016,time_sin,0.4099999999999999,-0.13052619222005177,0.014249848406292223
2016,time_sin,0.41999999999999993,-0.13052619222005177,0.014249848406292223
2016,time_sin,0.42999999999999994,-0.13052619222005177,0.014249848406292223
2016,time_sin,0.43999999999999995,-0.13052619222005177,0.014249848406292223
2016,time_sin,0.4499999999999999,-0.13052619222005177,0.014249848406292223
2016,time_sin,0.4599999999999999,-0.13052619222005177,0.014249848406292223
2016,time_sin,0.4699999999999999,-0.13052619222005177,0.014249848406292223
2016,time_sin,0.4799999999999999,-0.13052619222005177,0.014249848406292223
2016,time_sin,0.48999999999999994,-0.13052619222005177,0.014249848406292223
2016,time_sin,0.49999999999999994,1.2246467991473532e-16,0.006594514831460788
2016,time_sin,0.5099999999999999,1.2246467991473532e-16,0.006594514831460788
2016,time_sin,0.5199999999999999,1.2246467991473532e-16,0.006594514831460788
2016,time_sin,0.5299999999999999,1.2246467991473532e-16,0.006594514831460788
2016,time_sin,0.5399999999999999,1.2246467991473532e-16,0.006594514831460788
2016,time_sin,0.5499999999999999,1.2246467991473532e-16,0.006594514831460788
2016,time_sin,0.5599999999999999,1.2246467991473532e-16,0.006594514831460788
2016,time_sin,0.57,1.2246467991473532e-16,0.006594514831460788
2016,time_sin,0.58,1.2246467991473532e-16,0.006594514831460788
2016,time_sin,0.59,1.2246467991473532e-16,0.006594514831460788
2016,time_sin,0.6,0.13052619222005157,-0.003618468096776346
2016,time_sin,0.61,0.13052619222005157,-0.003618468096776346
2016,time_sin,0.62,0.13052619222005157,-0.003618468096776346
2016,time_sin,0.63,0.13052619222005157,-0.003618468096776346
2016,time_sin,0.6399999999999999,0.13052619222005157,-0.003618468096776346
2016,time_sin,0.6499999999999999,0.13052619222005157,-0.003618468096776346
2016,time_sin,0.6599999999999999,0.13052619222005157,-0.003618468096776346
2016,time_sin,0.6699999999999999,0.13052619222005157,-0.003618468096776346
2016,time_sin,0.6799999999999999,0.13052619222005157,-0.003618468096776346
2016,time_sin,0.69,0.13052619222005157,-0.003618468096776346
2016,time_sin,0.7,0.258819045102521,0.0009086686501083897
2016,time_sin,0.71,0.258819045102521,0.0009086686501083897
2016,time_sin,0.72,0.258819045102521,0.0009086686501083897
2016,time_sin,0.73,0.258819045102521,0.0009086686501083897
2016,time_sin,0.74,0.258819045102521,0.0009086686501083897
2016,time_sin,0.7499999999999999,0.258819045102521,0.0009086686501083897
2016,time_sin,0.7599999999999999,0.258819045102521,0.0009086686501083897
2016,time_sin,0.7699999999999999,0.258819045102521,0.0009086686501083897
2016,time_sin,0.7799999999999999,0.258819045102521,0.0009086686501083897
2016,time_sin,0.7899999999999999,0.258819045102521,0.0009086686501083897
2016,time_sin,0.7999999999999999,0.3826834323650899,-0.008994484039756999
2016,time_sin,0.8099999999999999,0.3826834323650899,-0.008994484039756999
2016,time_sin,0.82,0.3826834323650899,-0.008994484039756999
2016,time_sin,0.83,0.3826834323650899,-0.008994484039756999
2016,time_sin,0.84,0.3826834323650899,-0.008994484039756999
2016,time_sin,0.8499999999999999,0.3826834323650899,-0.008994484039756999
2016,time_sin,0.8599999999999999,0.3826834323650899,-0.008994484039756999
2016,time_sin,0.8699999999999999,0.3826834323650899,-0.008994484039756999
2016,time_sin,0.8799999999999999,0.3826834323650899,-0.008994484039756999
2016,time_sin,0.8899999999999999,0.3826834323650899,-0.008994484039756999
2016,time_sin,0.8999999999999999,0.49999999999999994,-0.021261402045235432
2016,time_sin,0.9099999999999999,0.49999999999999994,-0.021261402045235432
2016,time_sin,0.9199999999999999,0.49999999999999994,-0.021261402045235432
2016,time_sin,0.9299999999999999,0.49999999999999994,-0.021261402045235432
2016,time_sin,0.94,0.49999999999999994,-0.021261402045235432
2016,time_sin,0.95,0.49999999999999994,-0.021261402045235432
2016,time_cos,0.05,-1.0,0.018540228450739146
2016,time_cos,0.06,-1.0,0.018540228450739146
2016,time_cos,0.07,-1.0,0.018540228450739146
2016,time_cos,0.08,-1.0,0.018540228450739146
2016,time_cos,0.09,-1.0,0.018540228450739146
2016,time_cos,0.09999999999999999,-0.9914448613738104,0.0093500731710563
2016,time_cos,0.10999999999999999,-0.9914448613738104,0.0093500731710563
2016,time_cos,0.12,-0.9914448613738104,0.0093500731710563
2016,time_cos,0.13,-0.9914448613738104,0.0093500731710563
2016,time_cos,0.13999999999999999,-0.9914448613738104,0.0093500731710563
2016,time_cos,0.14999999999999997,-0.9914448613738104,0.0093500731710563
2016,time_cos,0.15999999999999998,-0.9914448613738104,0.0093500731710563
2016,time_cos,0.16999999999999998,-0.9914448613738104,0.0093500731710563
2016,time_cos,0.18,-0.9914448613738104,0.0093500731710563
2016,time_cos,0.19,-0.9914448613738104,0.0093500731710563
2016,time_cos,0.19999999999999996,-0.9914448613738104,0.0093500731710563
2016,time_cos,0.20999999999999996,-0.9914448613738104,0.0093500731710563
2016,time_cos,0.21999999999999997,-0.9914448613738104,0.0093500731710563
2016,time_cos,0.22999999999999998,-0.9914448613738104,0.0093500731710563
2016,time_cos,0.24,-0.9914448613738104,0.0093500731710563
2016,time_cos,0.24999999999999994,-0.9914448613738104,0.0093500731710563
2016,time_cos,0.25999999999999995,-0.9914448613738104,0.0093500731710563
2016,time_cos,0.26999999999999996,-0.9914448613738104,0.0093500731710563
2016,time_cos,0.27999999999999997,-0.9914448613738104,0.0093500731710563
2016,time_cos,0.29,-0.9914448613738104,0.0093500731710563
2016,time_cos,0.3,-0.9659258262890684,0.0022447573890890934
2016,time_cos,0.30999999999999994,-0.9659258262890684,0.0022447573890890934
2016,time_cos,0.31999999999999995,-0.9659258262890684,0.0022447573890890934
2016,time_cos,0.32999999999999996,-0.9659258262890684,0.0022447573890890934
2016,time_cos,0.33999999999999997,-0.9659258262890684,0.0022447573890890934
2016,time_cos,0.3499999999999999,-0.9659258262890684,0.0022447573890890934
2016,time_cos,0.35999999999999993,-0.9659258262890684,0.0022447573890890934
2016,time_cos,0.36999999999999994,-0.9659258262890684,0.0022447573890890934
2016,time_cos,0.37999999999999995,-0.9659258262890684,0.0022447573890890934
2016,time_cos,0.38999999999999996,-0.9659258262890684,0.0022447573890890934
2016,time_cos,0.3999999999999999,-0.9659258262890682,0.00869133346523487
2016,time_cos,0.4099999999999999,-0.9659258262890682,0.00869133346523487
2016,time_cos,0.41999999999999993,-0.9659258262890682,0.00869133346523487
2016,time_cos,0.42999999999999994,-0.9659258262890682,0.00869133346523487
2016,time_cos,0.43999999999999995,-0.9659258262890682,0.00869133346523487
2016,time_cos,0.4499999999999999,-0.9659258262890682,0.00869133346523487
2016,time_cos,0.4599999999999999,-0.9659258262890682,0.00869133346523487
2016,time_cos,0.4699999999999999,-0.9659258262890682,0.00869133346523487
2016,time_cos,0.4799999999999999,-0.9659258262890682,0.00869133346523487
2016,time_cos,0.48999999999999994,-0.9659258262890682,0.00869133346523487
2016,time_cos,0.49999999999999994,-0.944902679400254,0.00869133346523487
2016,time_cos,0.5099999999999999,-0.9238795325112868,0.0027258761881935574
2016,time_cos,0.5199999999999999,-0.9238795325112868,0.0027258761881935574
2016,time_cos,0.5299999999999999,-0.9238795325112868,0.0027258761881935574
2016,time_cos,0.5399999999999999,-0.9238795325112868,0.0027258761881935574
2016,time_cos,0.5499999999999999,-0.9238795325112868,0.0027258761881935574
2016,time_cos,0.5599999999999999,-0.9238795325112868,0.0027258761881935574
2016,time_cos,0.57,-0.9238795325112868,0.0027258761881935574
2016,time_cos,0.58,-0.9238795325112868,0.0027258761881935574
2016,time_cos,0.59,-0.9238795325112868,0.0027258761881935574
2016,time_cos,0.6,-0.9238795325112867,-0.004464834028041433
2016,time_cos,0.61,-0.9238795325112867,-0.004464834028041433
2016,time_cos,0.62,-0.9238795325112867,-0.004464834028041433
2016,time_cos,0.63,-0.9238795325112867,-0.004464834028041433
2016,time_cos,0.6399999999999999,-0.9238795325112867,-0.004464834028041433
2016,time_cos,0.6499999999999999,-0.9238795325112867,-0.004464834028041433
2016,time_cos,0.6599999999999999,-0.9238795325112867,-0.004464834028041433
2016,time_cos,0.6699999999999999,-0.9238795325112867,-0.004464834028041433
2016,time_cos,0.6799999999999999,-0.9238795325112867,-0.004464834028041433
2016,time_cos,0.69,-0.9238795325112867,-0.004464834028041433
2016,time_cos,0.7,-0.9238795325112867,-0.004464834028041433
2016,time_cos,0.71,-0.8660254037844387,-0.009627902195345124
2016,time_cos,0.72,-0.8660254037844387,-0.009627902195345124
2016,time_cos,0.73,-0.8660254037844387,-0.009627902195345124
2016,time_cos,0.74,-0.8660254037844387,-0.009627902195345124
2016,time_cos,0.7499999999999999,-0.8660254037844387,-0.009627902195345124
2016,time_cos,0.7599999999999999,-0.8660254037844387,-0.009627902195345124
2016,time_cos,0.7699999999999999,-0.8660254037844387,-0.009627902195345124
2016,time_cos,0.7799999999999999,-0.8660254037844387,-0.009627902195345124
2016,time_cos,0.7899999999999999,-0.8660254037844387,-0.009627902195345124
2016,time_cos,0.7999999999999999,-0.8660254037844387,-0.009627902195345124
2016,time_cos,0.8099999999999999,-0.8660254037844386,-0.008873355094593638
2016,time_cos,0.82,-0.8660254037844386,-0.008873355094593638
2016,time_cos,0.83,-0.8660254037844386,-0.008873355094593638
2016,time_cos,0.84,-0.8660254037844386,-0.008873355094593638
2016,time_cos,0.8499999999999999,-0.8660254037844386,-0.008873355094593638
2016,time_cos,0.8599999999999999,-0.8660254037844386,-0.008873355094593638
2016,time_cos,0.8699999999999999,-0.8660254037844386,-0.008873355094593638
2016,time_cos,0.8799999999999999,-0.8660254037844386,-0.008873355094593638
2016,time_cos,0.8899999999999999,-0.8660254037844386,-0.008873355094593638
2016,time_cos,0.8999999999999999,-0.8660254037844386,-0.008873355094593638
2016,time_cos,0.9099999999999999,-0.7933533402912354,-0.027985589828126017
2016,time_cos,0.9199999999999999,-0.7933533402912354,-0.027985589828126017
2016,time_cos,0.9299999999999999,-0.7933533402912354,-0.027985589828126017
2016,time_cos,0.94,-0.7933533402912354,-0.027985589828126017
2016,time_cos,0.95,-0.7933533402912354,-0.027985589828126017
2017,ret_1,0.05,-1.1500796073844555,0.008538523989028546
2017,ret_1,0.06,-1.0489951339348347,0.008538523989028546
2017,ret_1,0.07,-0.9630885430885092,0.010631690483784805
2017,ret_1,0.08,-0.8924062532070101,0.010631690483784805
2017,ret_1,0.09,-0.8319936483179785,0.010631690483784805
2017,ret_1,0.09999999999999999,-0.7799933103603731,0.015241722736747763
2017,ret_1,0.10999999999999999,-0.7305585284280914,0.015241722736747763
2017,ret_1,0.12,-0.6835076883484384,0.015241722736747763
2017,ret_1,0.13,-0.6440286298567642,0.015241722736747763
2017,ret_1,0.13999999999999999,-0.6111550011550488,0.01830937851444562
2017,ret_1,0.14999999999999997,-0.5800011350737732,0.01830937851444562
2017,ret_1,0.15999999999999998,-0.5490196078431644,0.01830937851444562
2017,ret_1,0.16999999999999998,-0.5209199617838981,0.020334674740258737
2017,ret_1,0.18,-0.49557522123900294,0.020334674740258737
2017,ret_1,0.19,-0.4729729729729662,0.020334674740258737
2017,ret_1,0.19999999999999996,-0.45037345839846954,0.021439384780622
2017,ret_1,0.20999999999999996,-0.4248413923868673,0.021439384780622
2017,ret_1,0.21999999999999997,-0.4031413612565398,0.021439384780622
2017,ret_1,0.22999999999999998,-0.3802271317551048,0.021439384780622
2017,ret_1,0.24,-0.3587704340529373,0.0233240628729677
2017,ret_1,0.24999999999999994,-0.3383699914061794,0.0233240628729677
2017,ret_1,0.25999999999999995,-0.31818181818185415,0.0233240628729677
2017,ret_1,0.26999999999999996,-0.3024767760556975,0.02225151899865889
2017,ret_1,0.27999999999999997,-0.283706485625203,0.02225151899865889
2017,ret_1,0.29,-0.2653378580565659,0.02225151899865889
2017,ret_1,0.3,-0.2509638781621335,0.017772961162765322
2017,ret_1,0.30999999999999994,-0.2359550561798139,0.017772961162765322
2017,ret_1,0.31999999999999995,-0.21989528795807486,0.017772961162765322
2017,ret_1,0.32999999999999996,-0.2048780487804621,0.013090406060682434
2017,ret_1,0.33999999999999997,-0.19118283468076253,0.013090406060682434
2017,ret_1,0.3499999999999999,-0.17613898579571496,0.013090406060682434
2017,ret_1,0.35999999999999993,-0.16232511579261927,0.013090406060682434
2017,ret_1,0.36999999999999994,-0.14610933844893154,0.009801823829690018
2017,ret_1,0.37999999999999995,-0.13333333333331238,0.009801823829690018
2017,ret_1,0.38999999999999996,-0.11789473684210672,0.009801823829690018
2017,ret_1,0.3999999999999999,-0.10306246209828429,0.007176127112429527
2017,ret_1,0.4099999999999999,-0.0874999999999518,0.007176127112429527
2017,ret_1,0.41999999999999993,-0.0733163694944203,0.007176127112429527
2017,ret_1,0.42999999999999994,-0.060017363344039364,0.0025794679164198235
2017,ret_1,0.43999999999999995,-0.04509553928649656,0.0025794679164198235
2017,ret_1,0.4499999999999999,-0.03146244227314113,0.0025794679164198235
2017,ret_1,0.4599999999999999,-0.018813978172257405,-0.001955888412104217
2017,ret_1,0.4699999999999999,0.0,-0.001955888412104217
2017,ret_1,0.4799999999999999,0.0,-0.001955888412104217
2017,ret_1,0.48999999999999994,0.022608710463570852,-0.001955888412104217
2017,ret_1,0.49999999999999994,0.03594351732993296,-0.0043223587839163954
2017,ret_1,0.5099999999999999,0.04897135348410816,-0.0043223587839163954
2017,ret_1,0.5199999999999999,0.0627802690582593,-0.0043223587839163954
2017,ret_1,0.5299999999999999,0.07703630410148492,-0.0058542730551797715
2017,ret_1,0.5399999999999999,0.09012179561543662,-0.0058542730551797715
2017,ret_1,0.5499999999999999,0.10370370370369904,-0.0058542730551797715
2017,ret_1,0.5599999999999999,0.11574423662465771,-0.0058542730551797715
2017,ret_1,0.57,0.12990587114509317,-0.008048857614222606
2017,ret_1,0.58,0.14369501466277654,-0.008048857614222606
2017,ret_1,0.59,0.15516506869922755,-0.008048857614222606
2017,ret_1,0.6,0.16963496189479474,-0.00845651885438496
2017,ret_1,0.61,0.18426038204473516,-0.00845651885438496
2017,ret_1,0.62,0.19895910277747428,-0.00845651885438496
2017,ret_1,0.63,0.21455581761885698,-0.00845651885438496
2017,ret_1,0.6399999999999999,0.22913757063275234,-0.008573918659335064
2017,ret_1,0.6499999999999999,0.24242424242424931,-0.008573918659335064
2017,ret_1,0.6599999999999999,0.25556994798096017,-0.008573918659335064
2017,ret_1,0.6699999999999999,0.2716948201358147,-0.01048233499051531
2017,ret_1,0.6799999999999999,0.2868852459016029,-0.01048233499051531
2017,ret_1,0.69,0.3018102606931167,-0.01048233499051531
2017,ret_1,0.7,0.31818181818183,-0.011078400423871194
2017,ret_1,0.71,0.3355119825708434,-0.011078400423871194
2017,ret_1,0.72,0.35163630889658704,-0.011078400423871194
2017,ret_1,0.73,0.3664397589881087,-0.011078400423871194
2017,ret_1,0.74,0.3830539753639599,-0.01152928555097723
2017,ret_1,0.7499999999999999,0.3991552270327068,-0.01152928555097723
2017,ret_1,0.7599999999999999,0.41637303606391324,-0.01152928555097723
2017,ret_1,0.7699999999999999,0.43475310648296545,-0.012874133236114811
2017,ret_1,0.7799999999999999,0.45290199809708237,-0.012874133236114811
2017,ret_1,0.7899999999999999,0.4707474329176507,-0.012874133236114811
2017,ret_1,0.7999999999999999,0.4897150378721697,-0.012874133236114811
2017,ret_1,0.8099999999999999,0.5107557808441839,-0.0174902831258053
2017,ret_1,0.82,0.5309439052928471,-0.0174902831258053
2017,ret_1,0.83,0.5560571553480261,-0.0174902831258053
2017,ret_1,0.84,0.5811393561723737,-0.020845460961166705
2017,ret_1,0.8499999999999999,0.6098805026360102,-0.020845460961166705
2017,ret_1,0.8599999999999999,0.6381885506053585,-0.020845460961166705
2017,ret_1,0.8699999999999999,0.6695652173913168,-0.019581763561607162
2017,ret_1,0.8799999999999999,0.701949860724216,-0.019581763561607162
2017,ret_1,0.8899999999999999,0.7406089743589073,-0.019581763561607162
2017,ret_1,0.8999999999999999,0.7822026941185886,-0.019581763561607162
2017,ret_1,0.9099999999999999,0.829808871258635,-0.02239425732019253
2017,ret_1,0.9199999999999999,0.8832274831964496,-0.02239425732019253
2017,ret_1,0.9299999999999999,0.949075838178898,-0.02239425732019253
2017,ret_1,0.94,1.0233267879288948,-0.021149158095444848
2017,ret_1,0.95,1.1249999999999825,-0.021149158095444848
2017,ret_2,0.05,-1.7315744157441137,0.030795555479503696
2017,ret_2,0.06,-1.5918394648828522,0.030795555479503696
2017,ret_2,0.07,-1.4775252073508036,0.011683846740788964
2017,ret_2,0.08,-1.3546329907037136,0.011683846740788964
2017,ret_2,0.09,-1.2661517227996937,0.011683846740788964
2017,ret_2,0.09999999999999999,-1.1766236892435327,0.006719531967901552
2017,ret_2,0.10999999999999999,-1.1060246834428253,0.006719531967901552
2017,ret_2,0.12,-1.0523013415892146,0.006719531967901552
2017,ret_2,0.13,-0.9888276757855485,0.006719531967901552
2017,ret_2,0.13999999999999999,-0.9354788370403139,0.003292026137625404
2017,ret_2,0.14999999999999997,-0.8836337782670584,0.003292026137625404
2017,ret_2,0.15999999999999998,-0.8329265336021225,0.003292026137625404
2017,ret_2,0.16999999999999998,-0.7924528301886329,-0.0012979679517962197
2017,ret_2,0.18,-0.7537099078579553,-0.0012979679517962197
2017,ret_2,0.19,-0.712909771473597,-0.0012979679517962197
2017,ret_2,0.19999999999999996,-0.6745139804800866,-0.003608102030922527
2017,ret_2,0.20999999999999996,-0.6389316327382274,-0.003608102030922527
2017,ret_2,0.21999999999999997,-0.6044452727973042,-0.003608102030922527
2017,ret_2,0.22999999999999998,-0.572309069645507,-0.004270350526604121
2017,ret_2,0.24,-0.5429776306963696,-0.004270350526604121
2017,ret_2,0.24999999999999994,-0.5161491037790521,-0.004270350526604121
2017,ret_2,0.25999999999999995,-0.4861857607150585,-0.004270350526604121
2017,ret_2,0.26999999999999996,-0.4575236148641157,-0.0018189469096279829
2017,ret_2,0.27999999999999997,-0.4302058270601313,-0.0018189469096279829
2017,ret_2,0.29,-0.4035254988913173,-0.0018189469096279829
2017,ret_2,0.3,-0.37620946513974485,-0.0007910767281518368
2017,ret_2,0.30999999999999994,-0.34744354262039484,-0.0007910767281518368
2017,ret_2,0.31999999999999995,-0.3227747545881812,-0.0007910767281518368
2017,ret_2,0.32999999999999996,-0.29938142804297835,-0.0021283697342079607
2017,ret_2,0.33999999999999997,-0.27885731410643416,-0.0021283697342079607
2017,ret_2,0.3499999999999999,-0.2560036619822759,-0.0021283697342079607
2017,ret_2,0.35999999999999993,-0.23027326084872585,-0.004325307822720211
2017,ret_2,0.36999999999999994,-0.20786575431736443,-0.004325307822720211
2017,ret_2,0.37999999999999995,-0.18614051352970684,-0.004325307822720211
2017,ret_2,0.38999999999999996,-0.16434155848935614,-0.004325307822720211
2017,ret_2,0.3999999999999999,-0.14256313536472667,-0.002082205430057519
2017,ret_2,0.4099999999999999,-0.12095951041557922,-0.002082205430057519
2017,ret_2,0.41999999999999993,-0.09779040289620029,-0.002082205430057519
2017,ret_2,0.42999999999999994,-0.07565842507176065,0.0004833839082237965
2017,ret_2,0.43999999999999995,-0.05436491418566951,0.0004833839082237965
2017,ret_2,0.4499999999999999,-0.031765003478133096,0.0004833839082237965
2017,ret_2,0.4599999999999999,-0.007916101706141938,0.0004833839082237965
2017,ret_2,0.4699999999999999,0.0,0.0011317450848543995
2017,ret_2,0.4799999999999999,0.030623871269791002,0.0011317450848543995
2017,ret_2,0.48999999999999994,0.05386379131475432,0.0011317450848543995
2017,ret_2,0.49999999999999994,0.0743051432812812,0.0028571788947204455
2017,ret_2,0.5099999999999999,0.09332158894647115,0.0028571788947204455
2017,ret_2,0.5199999999999999,0.11230907889203397,0.0028571788947204455
2017,ret_2,0.5299999999999999,0.13311224860183246,0.003541033423864
2017,ret_2,0.5399999999999999,0.15384615384617337,0.003541033423864
2017,ret_2,0.5499999999999999,0.17394007659387775,0.003541033423864
2017,ret_2,0.5599999999999999,0.19620552657239396,0.005606350635270931
2017,ret_2,0.57,0.21420360701338678,0.005606350635270931
2017,ret_2,0.58,0.2353104090300608,0.005606350635270931
2017,ret_2,0.59,0.2566080654119868,0.006246980951711953
2017,ret_2,0.6,0.27745983745983155,0.006246980951711953
2017,ret_2,0.61,0.29787234042551414,0.006246980951711953
2017,ret_2,0.62,0.31945167415119213,0.006246980951711953
2017,ret_2,0.63,0.33856839786219184,0.005656446311295801
2017,ret_2,0.6399999999999999,0.3589743589743488,0.005656446311295801
2017,ret_2,0.6499999999999999,0.3796193874516459,0.005656446311295801
2017,ret_2,0.6599999999999999,0.4026033229352619,0.005769889080246834
2017,ret_2,0.6699999999999999,0.42384596104472433,0.005769889080246834
2017,ret_2,0.6799999999999999,0.4476161303752544,0.005769889080246834
2017,ret_2,0.69,0.4673259789354703,0.005769889080246834
2017,ret_2,0.7,0.4901574634229854,0.0019000041249604654
2017,ret_2,0.71,0.5120724018085426,0.0019000041249604654
2017,ret_2,0.72,0.5375812356021222,0.0019000041249604654
2017,ret_2,0.73,0.5608438879640277,-0.0022512217814643254
2017,ret_2,0.74,0.588464113571908,-0.0022512217814643254
2017,ret_2,0.7499999999999999,0.6183197382323811,-0.0022512217814643254
2017,ret_2,0.7599999999999999,0.6481481481481539,-0.007213236176193458
2017,ret_2,0.7699999999999999,0.673674840227002,-0.007213236176193458
2017,ret_2,0.7799999999999999,0.7028112449799374,-0.007213236176193458
2017,ret_2,0.7899999999999999,0.7305697012725029,-0.007213236176193458
2017,ret_2,0.7999999999999999,0.7643628418263108,-0.013859727215843873
2017,ret_2,0.8099999999999999,0.7964892779854789,-0.013859727215843873
2017,ret_2,0.82,0.8298141266887191,-0.013859727215843873
2017,ret_2,0.83,0.863277250267878,-0.013859727215843873
2017,ret_2,0.84,0.9063032367972476,-0.01876058238303019
2017,ret_2,0.8499999999999999,0.9447883925311857,-0.01876058238303019
2017,ret_2,0.8599999999999999,0.9871385620025483,-0.01876058238303019
2017,ret_2,0.8699999999999999,1.037671775223498,-0.018798363155596458
2017,ret_2,0.8799999999999999,1.091525423728774,-0.018798363155596458
2017,ret_2,0.8899999999999999,1.1446835851043198,-0.018798363155596458
2017,ret_2,0.8999999999999999,1.2092357538028662,-0.01723300071708369
2017,ret_2,0.9099999999999999,1.2907862457853756,-0.01723300071708369
2017,ret_2,0.9199999999999999,1.3834460823064665,-0.01723300071708369
2017,ret_2,0.9299999999999999,1.4891894252143265,-0.00771413450241053
2017,ret_2,0.94,1.5997923715040885,-0.00771413450241053
2017,ret_2,0.95,1.7622484045164835,-0.00771413450241053
2017,ret_4,0.05,-2.5763900497512537,-0.017618870414243235
2017,ret_4,0.06,-2.366201174659219,-0.017618870414243235
2017,ret_4,0.07,-2.1903658004273923,-0.013622014486196828
2017,ret_4,0.08,-2.0386823369101617,-0.013622014486196828
2017,ret_4,0.09,-1.9091148025941438,-0.013622014486196828
2017,ret_4,0.09999999999999999,-1.8041237113401993,-0.013597855737301453
2017,ret_4,0.10999999999999999,-1.6954457318815215,-0.013597855737301453
2017,ret_4,0.12,-1.5978470187189768,-0.013597855737301453
2017,ret_4,0.13,-1.5089820359281125,-0.00841371060103673
2017,ret_4,0.13999999999999999,-1.4421658071114432,-0.00841371060103673
2017,ret_4,0.14999999999999997,-1.3709305882711915,-0.00841371060103673
2017,ret_4,0.15999999999999998,-1.301025577249798,-0.00841371060103673
2017,ret_4,0.16999999999999998,-1.2359275211901402,-0.0054635473861707595
2017,ret_4,0.18,-1.155937902537177,-0.0054635473861707595
2017,ret_4,0.19,-1.0977631882468104,-0.0054635473861707595
2017,ret_4,0.19999999999999996,-1.037037037037011,-0.006493285636433943
2017,ret_4,0.20999999999999996,-0.9824887646060025,-0.006493285636433943
2017,ret_4,0.21999999999999997,-0.9217152892453733,-0.006493285636433943
2017,ret_4,0.22999999999999998,-0.8709354598617389,-0.0029384776094773294
2017,ret_4,0.24,-0.8162222658550818,-0.0029384776094773294
2017,ret_4,0.24999999999999994,-0.7703024604293162,-0.0029384776094773294
2017,ret_4,0.25999999999999995,-0.7251935724962566,-0.0028897837198413605
2017,ret_4,0.26999999999999996,-0.6807898977200991,-0.0028897837198413605
2017,ret_4,0.27999999999999997,-0.6397087017267314,-0.0028897837198413605
2017,ret_4,0.29,-0.5907422268046183,-0.0020933092849797293
2017,ret_4,0.3,-0.5497945205479552,-0.0020933092849797293
2017,ret_4,0.30999999999999994,-0.5142085168868692,-0.0020933092849797293
2017,ret_4,0.31999999999999995,-0.47615188477706255,-0.0020933092849797293
2017,ret_4,0.32999999999999996,-0.43580864012775083,-0.0033064488052115073
2017,ret_4,0.33999999999999997,-0.39725671210582575,-0.0033064488052115073
2017,ret_4,0.3499999999999999,-0.3579500570098235,-0.0033064488052115073
2017,ret_4,0.35999999999999993,-0.316241255699106,-0.0026901329583343026
2017,ret_4,0.36999999999999994,-0.2806457487461727,-0.0026901329583343026
2017,ret_4,0.37999999999999995,-0.24144772345811188,-0.0026901329583343026
2017,ret_4,0.38999999999999996,-0.2100273273273685,-0.00029962389614097463
2017,ret_4,0.3999999999999999,-0.17414364265254703,-0.00029962389614097463
2017,ret_4,0.4099999999999999,-0.14215922444186505,-0.00029962389614097463
2017,ret_4,0.41999999999999993,-0.11082379207012356,-0.00029962389614097463
2017,ret_4,0.42999999999999994,-0.07559837256607711,0.004326195943698327
2017,ret_4,0.43999999999999995,-0.04428558563065812,0.004326195943698327
2017,ret_4,0.4499999999999999,-0.014862889849622507,0.004326195943698327
2017,ret_4,0.4599999999999999,0.018147449416157684,0.005511234457670761
2017,ret_4,0.4699999999999999,0.04874091041302796,0.005511234457670761
2017,ret_4,0.4799999999999999,0.08014451890934227,0.005511234457670761
2017,ret_4,0.48999999999999994,0.11024584891438978,0.005511234457670761
2017,ret_4,0.49999999999999994,0.14069549881055013,0.00481399235836324
2017,ret_4,0.5099999999999999,0.17129906721859564,0.00481399235836324
2017,ret_4,0.5199999999999999,0.20293623356628207,0.00481399235836324
2017,ret_4,0.5299999999999999,0.23411371237456904,0.005133706743816109
2017,ret_4,0.5399999999999999,0.2654028436019324,0.005133706743816109
2017,ret_4,0.5499999999999999,0.2959477005217405,0.005133706743816109
2017,ret_4,0.5599999999999999,0.32783171838805697,0.005133706743816109
2017,ret_4,0.57,0.3626379692507726,0.004035377940652827
2017,ret_4,0.58,0.3938318640657806,0.004035377940652827
2017,ret_4,0.59,0.42794759825319595,0.004035377940652827
2017,ret_4,0.6,0.4615384615384395,0.0023078645253562778
2017,ret_4,0.61,0.49797479032100683,0.0023078645253562778
2017,ret_4,0.62,0.5225444091964808,0.0023078645253562778
2017,ret_4,0.63,0.55142231947483,0.0023078645253562778
2017,ret_4,0.6399999999999999,0.5859030837004267,0.0012684520982286895
2017,ret_4,0.6499999999999999,0.617770973748378,0.0012684520982286895
2017,ret_4,0.6599999999999999,0.6529181017986689,0.0012684520982286895
2017,ret_4,0.6699999999999999,0.689443918136341,0.0012058179323830083
2017,ret_4,0.6799999999999999,0.7252898475458517,0.0012058179323830083
2017,ret_4,0.69,0.760478404042582,0.0012058179323830083
2017,ret_4,0.7,0.7965517241379859,0.0012058179323830083
2017,ret_4,0.71,0.8346199647609048,0.0011142652786329964
2017,ret_4,0.72,0.8767301746748722,0.0011142652786329964
2017,ret_4,0.73,0.9179177166599071,0.0011142652786329964
2017,ret_4,0.74,0.9622188733978542,0.0007127523701946801
2017,ret_4,0.7499999999999999,1.0038295645184396,0.0007127523701946801
2017,ret_4,0.7599999999999999,1.0465591922281887,0.0007127523701946801
2017,ret_4,0.7699999999999999,1.0866603007105193,0.0009159666144032904
2017,ret_4,0.7799999999999999,1.1268896350237367,0.0009159666144032904
2017,ret_4,0.7899999999999999,1.1784248478162838,0.0009159666144032904
2017,ret_4,0.7999999999999999,1.2251812616680147,0.0031109212903132314
2017,ret_4,0.8099999999999999,1.2817471295040412,0.0031109212903132314
2017,ret_4,0.82,1.3407284151230001,0.0031109212903132314
2017,ret_4,0.83,1.4010911495183367,0.0031109212903132314
2017,ret_4,0.84,1.469536641300917,0.007787917642134425
2017,ret_4,0.8499999999999999,1.5342465753424699,0.007787917642134425
2017,ret_4,0.8599999999999999,1.6072515033605483,0.007787917642134425
2017,ret_4,0.8699999999999999,1.6843973396266738,0.009866341653346492
2017,ret_4,0.8799999999999999,1.7753926022063486,0.009866341653346492
2017,ret_4,0.8899999999999999,1.8619932332096323,0.009866341653346492
2017,ret_4,0.8999999999999999,1.966361206567408,0.014730701684005181
2017,ret_4,0.9099999999999999,2.085119121638974,0.014730701684005181
2017,ret_4,0.9199999999999999,2.219603178973284,0.014730701684005181
2017,ret_4,0.9299999999999999,2.347449395543342,0.020287584564283274
2017,ret_4,0.94,2.518325444173166,0.020287584564283274
2017,ret_4,0.95,2.701176470588236,0.020287584564283274
2017,ret_8,0.05,-3.503113710181942,-0.0034820975121391557
2017,ret_8,0.06,-3.3103496957402285,-0.0034820975121391557
2017,ret_8,0.07,-3.1004514850493408,8.635178030843306e-05
2017,ret_8,0.08,-2.9525092276620897,8.635178030843306e-05
2017,ret_8,0.09,-2.7935174713475512,8.635178030843306e-05
2017,ret_8,0.09999999999999999,-2.657149132054267,0.008110626621153761
2017,ret_8,0.10999999999999999,-2.5068090396064506,0.008110626621153761
2017,ret_8,0.12,-2.39394513179139,0.008110626621153761
2017,ret_8,0.13,-2.271176573158114,0.012607589081117804
2017,ret_8,0.13999999999999999,-2.1624892548288366,0.012607589081117804
2017,ret_8,0.14999999999999997,-2.053102701778933,0.012607589081117804
2017,ret_8,0.15999999999999998,-1.9439193449394991,0.016806388383902894
2017,ret_8,0.16999999999999998,-1.841520010964952,0.016806388383902894
2017,ret_8,0.18,-1.744807121661712,0.016806388383902894
2017,ret_8,0.19,-1.6509556631753017,0.021494502200405392
2017,ret_8,0.19999999999999996,-1.5774647887324271,0.021494502200405392
2017,ret_8,0.20999999999999996,-1.5029880837673033,0.021494502200405392
2017,ret_8,0.21999999999999997,-1.4273816866552558,0.021494502200405392
2017,ret_8,0.22999999999999998,-1.3554919453356853,0.025337901179034734
2017,ret_8,0.24,-1.2886188552144746,0.025337901179034734
2017,ret_8,0.24999999999999994,-1.2114940046743354,0.025337901179034734
2017,ret_8,0.25999999999999995,-1.1478183748083777,0.02831262068274782
2017,ret_8,0.26999999999999996,-1.0761757037378505,0.02831262068274782
2017,ret_8,0.27999999999999997,-1.012849141824761,0.02831262068274782
2017,ret_8,0.29,-0.9463894940218299,0.023590986605653126
2017,ret_8,0.3,-0.8791484897012452,0.023590986605653126
2017,ret_8,0.30999999999999994,-0.8151469332311366,0.023590986605653126
2017,ret_8,0.31999999999999995,-0.7535233918128309,0.023590986605653126
2017,ret_8,0.32999999999999996,-0.6936993288984236,0.021915653581380003
2017,ret_8,0.33999999999999997,-0.6301068493150404,0.021915653581380003
2017,ret_8,0.3499999999999999,-0.5726002075628613,0.021915653581380003
2017,ret_8,0.35999999999999993,-0.5169612483089969,0.019704129873891505
2017,ret_8,0.36999999999999994,-0.4620770693623749,0.019704129873891505
2017,ret_8,0.37999999999999995,-0.40183402515917355,0.019704129873891505
2017,ret_8,0.38999999999999996,-0.34284100432319176,0.015508245438057842
2017,ret_8,0.3999999999999999,-0.28365624051022315,0.015508245438057842
2017,ret_8,0.4099999999999999,-0.22089192146670938,0.015508245438057842
2017,ret_8,0.41999999999999993,-0.1697772317772144,0.015508245438057842
2017,ret_8,0.42999999999999994,-0.11377727205268692,0.0140004812831583
2017,ret_8,0.43999999999999995,-0.06038650458945678,0.0140004812831583
2017,ret_8,0.4499999999999999,0.0,0.0140004812831583
2017,ret_8,0.4599999999999999,0.05418733802303602,0.010812765117133638
2017,ret_8,0.4699999999999999,0.10402000883207449,0.010812765117133638
2017,ret_8,0.4799999999999999,0.16052523311155373,0.010812765117133638
2017,ret_8,0.48999999999999994,0.21246659798089743,0.006383107609153596
2017,ret_8,0.49999999999999994,0.2639595296691142,0.006383107609153596
2017,ret_8,0.5099999999999999,0.31578947368420646,0.006383107609153596
2017,ret_8,0.5199999999999999,0.37022806343267317,0.006383107609153596
2017,ret_8,0.5299999999999999,0.4200776896942271,-0.00019376976721551884
2017,ret_8,0.5399999999999999,0.48416357415792083,-0.00019376976721551884
2017,ret_8,0.5499999999999999,0.5394187258941362,-0.00019376976721551884
2017,ret_8,0.5599999999999999,0.6003759692200422,-0.0074121618047933826
2017,ret_8,0.57,0.6562204911215926,-0.0074121618047933826
2017,ret_8,0.58,0.7134679421413347,-0.0074121618047933826
2017,ret_8,0.59,0.7668303659547546,-0.0074121618047933826
2017,ret_8,0.6,0.8222180664110484,-0.01361850815088054
2017,ret_8,0.61,0.8765217391304305,-0.01361850815088054
2017,ret_8,0.62,0.9339923254029473,-0.01361850815088054
2017,ret_8,0.63,0.9935063300193073,-0.01361850815088054
2017,ret_8,0.6399999999999999,1.0435120851243782,-0.015652506189606504
2017,ret_8,0.6499999999999999,1.0996155536484369,-0.015652506189606504
2017,ret_8,0.6599999999999999,1.1574911909795946,-0.015652506189606504
2017,ret_8,0.6699999999999999,1.2162661737523095,-0.017318414944735735
2017,ret_8,0.6799999999999999,1.2792944881889916,-0.017318414944735735
2017,ret_8,0.69,1.3497753826929326,-0.017318414944735735
2017,ret_8,0.7,1.4166256803247907,-0.018546305803348526
2017,ret_8,0.71,1.4813064382278442,-0.018546305803348526
2017,ret_8,0.72,1.5453815749469133,-0.018546305803348526
2017,ret_8,0.73,1.6203814393141054,-0.019478217738347188
2017,ret_8,0.74,1.6902401083212821,-0.019478217738347188
2017,ret_8,0.7499999999999999,1.7622819472617015,-0.019478217738347188
2017,ret_8,0.7599999999999999,1.8301451443429373,-0.020240804210541714
2017,ret_8,0.7699999999999999,1.910091803849863,-0.020240804210541714
2017,ret_8,0.7799999999999999,1.982962962963007,-0.020240804210541714
2017,ret_8,0.7899999999999999,2.064899436846324,-0.020240804210541714
2017,ret_8,0.7999999999999999,2.1470746192594783,-0.02067798454883705
2017,ret_8,0.8099999999999999,2.233265439761528,-0.02067798454883705
2017,ret_8,0.82,2.3139186587575296,-0.02067798454883705
2017,ret_8,0.83,2.417623283191538,-0.022328587970461083
2017,ret_8,0.84,2.504534423847834,-0.022328587970461083
2017,ret_8,0.8499999999999999,2.6062776120437237,-0.022328587970461083
2017,ret_8,0.8599999999999999,2.7069183036533366,-0.022179752938607303
2017,ret_8,0.8699999999999999,2.8094890248291513,-0.022179752938607303
2017,ret_8,0.8799999999999999,2.9326515398256237,-0.022179752938607303
2017,ret_8,0.8899999999999999,3.0647031031891023,-0.022179752938607303
2017,ret_8,0.8999999999999999,3.2010919097959767,-0.014354835991198302
2017,ret_8,0.9099999999999999,3.356316934720834,-0.014354835991198302
2017,ret_8,0.9199999999999999,3.5044322514585557,-0.014354835991198302
2017,ret_8,0.9299999999999999,3.672515686274462,-0.012149638368089992
2017,ret_8,0.94,3.834922038138204,-0.012149638368089992
2017,ret_8,0.95,4.039154411764627,-0.012149638368089992
2017,vol_8,0.05,0.35827300994265476,0.01003364856129035
2017,vol_8,0.06,0.37172601849502057,0.01003364856129035
2017,vol_8,0.07,0.3849829513893138,0.01003364856129035
2017,vol_8,0.08,0.395512537585517,0.01145451261858008
2017,vol_8,0.09,0.4076720537430941,0.01145451261858008
2017,vol_8,0.09999999999999999,0.4179682430388057,0.01145451261858008
2017,vol_8,0.10999999999999999,0.42788801243067565,0.009125007386927246
2017,vol_8,0.12,0.4367599917886303,0.009125007386927246
2017,vol_8,0.13,0.44565813876145677,0.009125007386927246
2017,vol_8,0.13999999999999999,0.45422734911509305,0.008879646159746896
2017,vol_8,0.14999999999999997,0.46239554094689433,0.008879646159746896
2017,vol_8,0.15999999999999998,0.4710245105944947,0.008879646159746896
2017,vol_8,0.16999999999999998,0.47824134805577967,0.003067084924202232
2017,vol_8,0.18,0.4851121430798344,0.003067084924202232
2017,vol_8,0.19,0.4933015201411623,0.003067084924202232
2017,vol_8,0.19999999999999996,0.49974786550950034,0.003067084924202232
2017,vol_8,0.20999999999999996,0.5060343166609994,-6.336287678009973e-05
2017,vol_8,0.21999999999999997,0.512806688528557,-6.336287678009973e-05
2017,vol_8,0.22999999999999998,0.5192426743961587,-6.336287678009973e-05
2017,vol_8,0.24,0.5261078087901819,-0.003675001177194663
2017,vol_8,0.24999999999999994,0.5319448384380957,-0.003675001177194663
2017,vol_8,0.25999999999999995,0.5385381846066691,-0.003675001177194663
2017,vol_8,0.26999999999999996,0.5452473924269157,-0.008509170518601072
2017,vol_8,0.27999999999999997,0.5514640953738301,-0.008509170518601072
2017,vol_8,0.29,0.5581495287048074,-0.008509170518601072
2017,vol_8,0.3,0.5643521727629246,-0.011353728447300218
2017,vol_8,0.30999999999999994,0.571019781042165,-0.011353728447300218
2017,vol_8,0.31999999999999995,0.5775746678463739,-0.011353728447300218
2017,vol_8,0.32999999999999996,0.5844647166529573,-0.011353728447300218
2017,vol_8,0.33999999999999997,0.5913642016020279,-0.014556902130124718
2017,vol_8,0.3499999999999999,0.5981523833060558,-0.014556902130124718
2017,vol_8,0.35999999999999993,0.6043349398176057,-0.014556902130124718
2017,vol_8,0.36999999999999994,0.6104573430908469,-0.01530501875979289
2017,vol_8,0.37999999999999995,0.6167084202558931,-0.01530501875979289
2017,vol_8,0.38999999999999996,0.6233763114484226,-0.01530501875979289
2017,vol_8,0.3999999999999999,0.6308658242864753,-0.012426061250053543
2017,vol_8,0.4099999999999999,0.637910912708562,-0.012426061250053543
2017,vol_8,0.41999999999999993,0.644444303205174,-0.012426061250053543
2017,vol_8,0.42999999999999994,0.6515863630328159,-0.0106922193089847
2017,vol_8,0.43999999999999995,0.658374772818793,-0.0106922193089847
2017,vol_8,0.4499999999999999,0.6655117458025399,-0.0106922193089847
2017,vol_8,0.4599999999999999,0.6722350334318071,-0.007798214419920981
2017,vol_8,0.4699999999999999,0.6793403863587394,-0.007798214419920981
2017,vol_8,0.4799999999999999,0.6859823770127277,-0.007798214419920981
2017,vol_8,0.48999999999999994,0.6925703536448704,-0.007798214419920981
2017,vol_8,0.49999999999999994,0.6996382192466162,-0.0060800097492513475
2017,vol_8,0.5099999999999999,0.7070785587117147,-0.0060800097492513475
2017,vol_8,0.5199999999999999,0.7143170140262532,-0.0060800097492513475
2017,vol_8,0.5299999999999999,0.7212380909575998,-0.00545973814374384
2017,vol_8,0.5399999999999999,0.7287321881550067,-0.00545973814374384
2017,vol_8,0.5499999999999999,0.7361228011034193,-0.00545973814374384
2017,vol_8,0.5599999999999999,0.7434674127012804,-0.005524363861585948
2017,vol_8,0.57,0.7510585806054997,-0.005524363861585948
2017,vol_8,0.58,0.7585473048266769,-0.005524363861585948
2017,vol_8,0.59,0.7651219462864098,-0.005524363861585948
2017,vol_8,0.6,0.7722623358367684,-0.005761285061512276
2017,vol_8,0.61,0.7809960221822048,-0.005761285061512276
2017,vol_8,0.62,0.7882881128866771,-0.005761285061512276
2017,vol_8,0.63,0.7953900258855277,-0.006673915382801449
2017,vol_8,0.6399999999999999,0.803517225092763,-0.006673915382801449
2017,vol_8,0.6499999999999999,0.8121683298692324,-0.006673915382801449
2017,vol_8,0.6599999999999999,0.821462411505406,-0.006673915382801449
2017,vol_8,0.6699999999999999,0.8298858040323118,-0.005713157643094307
2017,vol_8,0.6799999999999999,0.8389521085621967,-0.005713157643094307
2017,vol_8,0.69,0.8466583673871563,-0.005713157643094307
2017,vol_8,0.7,0.8572270849551895,-0.0019044594876842023
2017,vol_8,0.71,0.8665864409502508,-0.0019044594876842023
2017,vol_8,0.72,0.8763555537656341,-0.0019044594876842023
2017,vol_8,0.73,0.8879110903870082,0.0007341454775503154
2017,vol_8,0.74,0.8991358262500982,0.0007341454775503154
2017,vol_8,0.7499999999999999,0.9095122801868731,0.0007341454775503154
2017,vol_8,0.7599999999999999,0.9198078598197419,0.0007341454775503154
2017,vol_8,0.7699999999999999,0.9318900715656938,0.010199906321900624
2017,vol_8,0.7799999999999999,0.943983456945777,0.010199906321900624
2017,vol_8,0.7899999999999999,0.9581105912395689,0.010199906321900624
2017,vol_8,0.7999999999999999,0.9716569622910967,0.010199906321900624
2017,vol_8,0.8099999999999999,0.9853691356618154,0.018350049354679713
2017,vol_8,0.82,1.0005441565834652,0.018350049354679713
2017,vol_8,0.83,1.0145630335774483,0.018350049354679713
2017,vol_8,0.84,1.0294286762972749,0.020293746879313238
2017,vol_8,0.8499999999999999,1.0470871888191702,0.020293746879313238
2017,vol_8,0.8599999999999999,1.0666283412452284,0.020293746879313238
2017,vol_8,0.8699999999999999,1.08440556369607,0.017515009577447182
2017,vol_8,0.8799999999999999,1.1041157152531003,0.017515009577447182
2017,vol_8,0.8899999999999999,1.1267483414582367,0.017515009577447182
2017,vol_8,0.8999999999999999,1.1487776151410756,0.009511157169584592
2017,vol_8,0.9099999999999999,1.1721729531283618,0.009511157169584592
2017,vol_8,0.9199999999999999,1.1989217146249378,0.009511157169584592
2017,vol_8,0.9299999999999999,1.2374959106218504,0.0027107401794212002
2017,vol_8,0.94,1.2736449340656721,0.0027107401794212002
2017,vol_8,0.95,1.311612393254515,0.0027107401794212002
2017,body,0.05,-1.0104644717880686,-0.03757510198483398
2017,body,0.06,-0.933333333333251,-0.03757510198483398
2017,body,0.07,-0.8630003013450482,-0.03400255613935484
2017,body,0.08,-0.8138490393249843,-0.03400255613935484
2017,body,0.09,-0.7629505776845098,-0.03400255613935484
2017,body,0.09999999999999999,-0.7201252503417306,-0.029618061331199486
2017,body,0.10999999999999999,-0.6745604292168713,-0.029618061331199486
2017,body,0.12,-0.6390092007938036,-0.029618061331199486
2017,body,0.13,-0.6063729110132785,-0.029618061331199486
2017,body,0.13999999999999999,-0.579504382169693,-0.022551252115786534
2017,body,0.14999999999999997,-0.5479774122901526,-0.022551252115786534
2017,body,0.15999999999999998,-0.519930676921629,-0.022551252115786534
2017,body,0.16999999999999998,-0.49831537866934206,-0.017674018778760726
2017,body,0.18,-0.47511312217194923,-0.017674018778760726
2017,body,0.19,-0.4519578494713551,-0.017674018778760726
2017,body,0.19999999999999996,-0.43223804298584,-0.011989714872257438
2017,body,0.20999999999999996,-0.4087714149547519,-0.011989714872257438
2017,body,0.21999999999999997,-0.38821921082812133,-0.011989714872257438
2017,body,0.22999999999999998,-0.36556668981993806,-0.011989714872257438
2017,body,0.24,-0.34782608695642875,-0.008971879313467053
2017,body,0.24999999999999994,-0.33006904566587214,-0.008971879313467053
2017,body,0.25999999999999995,-0.3115710392310918,-0.008971879313467053
2017,body,0.26999999999999996,-0.2953071106957778,-0.00438794628385626
2017,body,0.27999999999999997,-0.2791882859257371,-0.00438794628385626
2017,body,0.29,-0.26284686503553306,-0.00438794628385626
2017,body,0.3,-0.2482479119282602,-0.0036938615301193895
2017,body,0.30999999999999994,-0.2339832869081214,-0.0036938615301193895
2017,body,0.31999999999999995,-0.21922690400973488,-0.0036938615301193895
2017,body,0.32999999999999996,-0.20463398650907294,-0.002342942853689629
2017,body,0.33999999999999997,-0.19039652362843237,-0.002342942853689629
2017,body,0.3499999999999999,-0.17533123490232028,-0.002342942853689629
2017,body,0.35999999999999993,-0.16266455847076344,-0.002342942853689629
2017,body,0.36999999999999994,-0.14897934803831883,0.0016493205909430988
2017,body,0.37999999999999995,-0.13466121960943842,0.0016493205909430988
2017,body,0.38999999999999996,-0.11931818181820261,0.0016493205909430988
2017,body,0.3999999999999999,-0.10487739218967597,0.002768308397817181
2017,body,0.4099999999999999,-0.08995387062858036,0.002768308397817181
2017,body,0.41999999999999993,-0.07736304379393855,0.002768308397817181
2017,body,0.42999999999999994,-0.06311967101569663,0.0027710448399634463
2017,body,0.43999999999999995,-0.0490615366854617,0.0027710448399634463
2017,body,0.4499999999999999,-0.034259845333978925,0.0027710448399634463
2017,body,0.4599999999999999,-0.02312677168571115,0.0027710448399634463
2017,body,0.4699999999999999,0.0,0.0025654568620828576
2017,body,0.4799999999999999,0.0,0.0025654568620828576
2017,body,0.48999999999999994,0.017991495092457645,0.0025654568620828576
2017,body,0.49999999999999994,0.030905227866379517,0.0024158078432669618
2017,body,0.5099999999999999,0.042263951868027,0.0024158078432669618
2017,body,0.5199999999999999,0.05691056910565934,0.0024158078432669618
2017,body,0.5299999999999999,0.07026703070493313,0.0024158078432669618
2017,body,0.5399999999999999,0.0829997356028558,0.0034226034606847076
2017,body,0.5499999999999999,0.09435659528728925,0.0034226034606847076
2017,body,0.5599999999999999,0.10810810810815039,0.0034226034606847076
2017,body,0.57,0.12173913043473135,0.003084175816420558
2017,body,0.58,0.13358778625945775,0.003084175816420558
2017,body,0.59,0.14675052410898354,0.003084175816420558
2017,body,0.6,0.1593776738888266,0.003084175816420558
2017,body,0.61,0.1727021188997434,0.006532064054582263
2017,body,0.62,0.18771902206704147,0.006532064054582263
2017,body,0.63,0.2025316455695898,0.006532064054582263
2017,body,0.6399999999999999,0.21642954966359984,0.006202150350402816
2017,body,0.6499999999999999,0.23045267489707078,0.006202150350402816
2017,body,0.6599999999999999,0.2431605654222527,0.006202150350402816
2017,body,0.6699999999999999,0.2572907979924987,0.007516824683972882
2017,body,0.6799999999999999,0.2737850869404873,0.007516824683972882
2017,body,0.69,0.2875565688911622,0.007516824683972882
2017,body,0.7,0.3019721747620187,0.007516824683972882
2017,body,0.71,0.3169486708384754,0.014213711064151237
2017,body,0.72,0.33293267657515757,0.014213711064151237
2017,body,0.73,0.3492104221114216,0.014213711064151237
2017,body,0.74,0.36525663185294416,0.015306463997073454
2017,body,0.7499999999999999,0.38090257023313284,0.015306463997073454
2017,body,0.7599999999999999,0.39734784478521507,0.015306463997073454
2017,body,0.7699999999999999,0.4136363636363367,0.017856297665730762
2017,body,0.7799999999999999,0.42831976961252194,0.017856297665730762
2017,body,0.7899999999999999,0.4452454224220903,0.017856297665730762
2017,body,0.7999999999999999,0.4645651019644989,0.017856297665730762
2017,body,0.8099999999999999,0.4827586206896809,0.018474139108659145
2017,body,0.82,0.5009958787398546,0.018474139108659145
2017,body,0.83,0.5206851336278544,0.018474139108659145
2017,body,0.84,0.5412711623947837,0.018485133440028053
2017,body,0.8499999999999999,0.5645161290322768,0.018485133440028053
2017,body,0.8599999999999999,0.5919862698902727,0.018485133440028053
2017,body,0.8699999999999999,0.6195441361916445,0.018485133440028053
2017,body,0.8799999999999999,0.6451776235198678,0.021163547300769046
2017,body,0.8899999999999999,0.6761645115479502,0.021163547300769046
2017,body,0.8999999999999999,0.7103313172809925,0.021163547300769046
2017,body,0.9099999999999999,0.7459356573575985,0.02270857939427689
2017,body,0.9199999999999999,0.7886293762575267,0.02270857939427689
2017,body,0.9299999999999999,0.831234211292173,0.02270857939427689
2017,body,0.94,0.8791275956640843,0.021501410944464085
2017,body,0.95,0.9433379586802048,0.021501410944464085
2017,range,0.05,0.4301809761252927,0.0009852943663495321
2017,range,0.06,0.44637681159423626,0.0009852943663495321
2017,range,0.07,0.4575570300873855,0.0009852943663495321
2017,range,0.08,0.47155145895825284,-0.00656802090549085
2017,range,0.09,0.4849794115928521,-0.00656802090549085
2017,range,0.09999999999999999,0.4962923584753732,-0.00656802090549085
2017,range,0.10999999999999999,0.5069389107674935,-0.004996566316738397
2017,range,0.12,0.5176454018227024,-0.004996566316738397
2017,range,0.13,0.5289969831878275,-0.004996566316738397
2017,range,0.13999999999999999,0.5384615384614885,-0.0034107752458133796
2017,range,0.14999999999999997,0.5481893315513204,-0.0034107752458133796
2017,range,0.15999999999999998,0.5576588115556016,-0.0034107752458133796
2017,range,0.16999999999999998,0.5668016194332086,-0.0034107752458133796
2017,range,0.18,0.5758308015891138,-0.0033811593740209716
2017,range,0.19,0.5833333333333846,-0.0033811593740209716
2017,range,0.19999999999999996,0.5918008411030102,-0.0033811593740209716
2017,range,0.20999999999999996,0.5998001483375823,-0.0031559234141379255
2017,range,0.21999999999999997,0.6079613992762495,-0.0031559234141379255
2017,range,0.22999999999999998,0.6162679425837537,-0.0031559234141379255
2017,range,0.24,0.6248715943661556,-0.002965454030812211
2017,range,0.24999999999999994,0.6322580645160955,-0.002965454030812211
2017,range,0.25999999999999995,0.6408635046903238,-0.002965454030812211
2017,range,0.26999999999999996,0.6489156318069551,-0.002965454030812211
2017,range,0.27999999999999997,0.6562500000000385,-0.00455854951591214
2017,range,0.29,0.6644274337758104,-0.00455854951591214
2017,range,0.3,0.6730769230769172,-0.00455854951591214
2017,range,0.30999999999999994,0.6819014099862962,-0.007473099311127515
2017,range,0.31999999999999995,0.6908055820375156,-0.007473099311127515
2017,range,0.32999999999999996,0.6993179322063114,-0.007473099311127515
2017,range,0.33999999999999997,0.7066378609147095,-0.007473099311127515
2017,range,0.3499999999999999,0.7162616382828568,-0.008440167937293935
2017,range,0.35999999999999993,0.7253886010362688,-0.008440167937293935
2017,range,0.36999999999999994,0.7320261437908888,-0.008440167937293935
2017,range,0.37999999999999995,0.7400475770924657,-0.010296143348586043
2017,range,0.38999999999999996,0.7482366511853537,-0.010296143348586043
2017,range,0.3999999999999999,0.7567567567567535,-0.010296143348586043
2017,range,0.4099999999999999,0.7650872137605061,-0.011779628241057135
2017,range,0.41999999999999993,0.7722772277228038,-0.011779628241057135
2017,range,0.42999999999999994,0.7809330628803244,-0.011779628241057135
2017,range,0.43999999999999995,0.7892156862745311,-0.011779628241057135
2017,range,0.4499999999999999,0.7983279311140248,-0.011410756314981271
2017,range,0.4599999999999999,0.8069164265129155,-0.011410756314981271
2017,range,0.4699999999999999,0.8141843971631046,-0.011410756314981271
2017,range,0.4799999999999999,0.8235294117647415,-0.012822628722300607
2017,range,0.48999999999999994,0.8319672131146619,-0.012822628722300607
2017,range,0.49999999999999994,0.8411434940280063,-0.012822628722300607
2017,range,0.5099999999999999,0.8502534619488725,-0.013006765107213086
2017,range,0.5199999999999999,0.8594921092685959,-0.013006765107213086
2017,range,0.5299999999999999,0.8693316723956345,-0.013006765107213086
2017,range,0.5399999999999999,0.8799883964544707,-0.013006765107213086
2017,range,0.5499999999999999,0.8886524216126456,-0.014517947245254856
2017,range,0.5599999999999999,0.8984376540474875,-0.014517947245254856
2017,range,0.57,0.9083405190402924,-0.014517947245254856
2017,range,0.58,0.91922146841556,-0.015361598243160763
2017,range,0.59,0.9296874999999705,-0.015361598243160763
2017,range,0.6,0.940860215053756,-0.015361598243160763
2017,range,0.61,0.9531281456583508,-0.01547430032263217
2017,range,0.62,0.9653007217321675,-0.01547430032263217
2017,range,0.63,0.9772318846218746,-0.01547430032263217
2017,range,0.6399999999999999,0.9903601748826518,-0.01547430032263217
2017,range,0.6499999999999999,1.0033876880293278,-0.016006831842894913
2017,range,0.6599999999999999,1.0157182227861172,-0.016006831842894913
2017,range,0.6699999999999999,1.026181924465102,-0.016006831842894913
2017,range,0.6799999999999999,1.039542646207762,-0.015261092710093078
2017,range,0.69,1.0529247910864015,-0.015261092710093078
2017,range,0.7,1.0659013243394446,-0.015261092710093078
2017,range,0.71,1.080276173811638,-0.013767228714449877
2017,range,0.72,1.093863947909524,-0.013767228714449877
2017,range,0.73,1.1086556169428632,-0.013767228714449877
2017,range,0.74,1.1247419326252468,-0.012077718883240302
2017,range,0.7499999999999999,1.1404964864244793,-0.012077718883240302
2017,range,0.7599999999999999,1.1559936131634219,-0.012077718883240302
2017,range,0.7699999999999999,1.173442743016807,-0.012077718883240302
2017,range,0.7799999999999999,1.1914893617022433,-0.006769426796118062
2017,range,0.7899999999999999,1.2090909090908728,-0.006769426796118062
2017,range,0.7999999999999999,1.2292209474181262,-0.006769426796118062
2017,range,0.8099999999999999,1.2484519561380791,0.0028983567405948827
2017,range,0.82,1.2684605119973797,0.0028983567405948827
2017,range,0.83,1.29444938839458,0.0028983567405948827
2017,range,0.84,1.3189711312392807,0.013700997634177656
2017,range,0.8499999999999999,1.346378266338342,0.013700997634177656
2017,range,0.8599999999999999,1.3717964462080676,0.013700997634177656
2017,range,0.8699999999999999,1.4036939313984433,0.013700997634177656
2017,range,0.8799999999999999,1.4382314694407952,0.027296781123036733
2017,range,0.8899999999999999,1.464557060777764,0.027296781123036733
2017,range,0.8999999999999999,1.5026636945180873,0.027296781123036733
2017,range,0.9099999999999999,1.547970762976824,0.038388611615063774
2017,range,0.9199999999999999,1.5966373692077982,0.038388611615063774
2017,range,0.9299999999999999,1.6441758932037953,0.038388611615063774
2017,range,0.94,1.7012682841069178,0.049029045474798576
2017,range,0.95,1.7766579254079435,0.049029045474798576
2017,mean_distance,0.05,-1.9023661993461605,-0.005512605326116044
2017,mean_distance,0.06,-1.7596287516546432,-0.005512605326116044
2017,mean_distance,0.07,-1.6478098056464114,-0.002698219944426261
2017,mean_distance,0.08,-1.5434299516908339,-0.002698219944426261
2017,mean_distance,0.09,-1.4411955648768149,-0.002698219944426261
2017,mean_distance,0.09999999999999999,-1.3548120957606666,-0.004702470018534192
2017,mean_distance,0.10999999999999999,-1.2808534820514528,-0.004702470018534192
2017,mean_distance,0.12,-1.2087628865979347,-0.004702470018534192
2017,mean_distance,0.13,-1.1504353265286429,-0.006955227913195803
2017,mean_distance,0.13999999999999999,-1.0789321205836935,-0.006955227913195803
2017,mean_distance,0.14999999999999997,-1.0199142607943983,-0.006955227913195803
2017,mean_distance,0.15999999999999998,-0.9605438786131777,-0.006974497743421544
2017,mean_distance,0.16999999999999998,-0.9083872598370965,-0.006974497743421544
2017,mean_distance,0.18,-0.8573480116413863,-0.006974497743421544
2017,mean_distance,0.19,-0.8067541072138834,-0.003890577403812314
2017,mean_distance,0.19999999999999996,-0.7612578165182153,-0.003890577403812314
2017,mean_distance,0.20999999999999996,-0.718577966977392,-0.003890577403812314
2017,mean_distance,0.21999999999999997,-0.6742273121745019,-0.0029356398235289506
2017,mean_distance,0.22999999999999998,-0.6335230567988216,-0.0029356398235289506
2017,mean_distance,0.24,-0.5968055193394797,-0.0029356398235289506
2017,mean_distance,0.24999999999999994,-0.5587893362211532,-0.0029356398235289506
2017,mean_distance,0.25999999999999995,-0.5217487046632067,-0.0021429593376819083
2017,mean_distance,0.26999999999999996,-0.48742306530113644,-0.0021429593376819083
2017,mean_distance,0.27999999999999997,-0.45385298346515224,-0.0021429593376819083
2017,mean_distance,0.29,-0.42048884671609893,-0.00018341235511218536
2017,mean_distance,0.3,-0.3899662384716489,-0.00018341235511218536
2017,mean_distance,0.30999999999999994,-0.3587978091459738,-0.00018341235511218536
2017,mean_distance,0.31999999999999995,-0.32951768850045854,1.1128561403803171e-05
2017,mean_distance,0.32999999999999996,-0.30146675867998046,1.1128561403803171e-05
2017,mean_distance,0.33999999999999997,-0.2750288388452245,1.1128561403803171e-05
2017,mean_distance,0.3499999999999999,-0.2446118276248436,1.1128561403803171e-05
2017,mean_distance,0.35999999999999993,-0.2105582023589306,-0.0007122840301744834
2017,mean_distance,0.36999999999999994,-0.18200000000001246,-0.0007122840301744834
2017,mean_distance,0.37999999999999995,-0.1556150836342638,-0.0007122840301744834
2017,mean_distance,0.38999999999999996,-0.1267851805727712,-0.00019162319499462427
2017,mean_distance,0.3999999999999999,-0.0978940467426736,-0.00019162319499462427
2017,mean_distance,0.4099999999999999,-0.06893681462508562,-0.00019162319499462427
2017,mean_distance,0.41999999999999993,-0.04313220866116302,-0.00019162319499462427
2017,mean_distance,0.42999999999999994,-0.017510368420602777,0.0010734120096606559
2017,mean_distance,0.43999999999999995,0.0069758618560694634,0.0010734120096606559
2017,mean_distance,0.4499999999999999,0.027903368794255822,0.0010734120096606559
2017,mean_distance,0.4599999999999999,0.05509996818448953,0.004564145981362779
2017,mean_distance,0.4699999999999999,0.07495654649752659,0.004564145981362779
2017,mean_distance,0.4799999999999999,0.09808259587021792,0.004564145981362779
2017,mean_distance,0.48999999999999994,0.11928293795621644,0.004564145981362779
2017,mean_distance,0.49999999999999994,0.14372745572941883,0.009080942912123694
2017,mean_distance,0.5099999999999999,0.16332833123157384,0.009080942912123694
2017,mean_distance,0.5199999999999999,0.1863511773363481,0.009080942912123694
2017,mean_distance,0.5299999999999999,0.2099544731528489,0.011838434775080906
2017,mean_distance,0.5399999999999999,0.23395464007288544,0.011838434775080906
2017,mean_distance,0.5499999999999999,0.2571326894602262,0.011838434775080906
2017,mean_distance,0.5599999999999999,0.2812884195622809,0.013138203131343342
2017,mean_distance,0.57,0.3025556157728874,0.013138203131343342
2017,mean_distance,0.58,0.3255988943488815,0.013138203131343342
2017,mean_distance,0.59,0.34918726041263376,0.013138203131343342
2017,mean_distance,0.6,0.3730247632020132,0.012904142514253978
2017,mean_distance,0.61,0.3973741883115966,0.012904142514253978
2017,mean_distance,0.62,0.4213850835236615,0.012904142514253978
2017,mean_distance,0.63,0.44769184470915413,0.011280358149264228
2017,mean_distance,0.6399999999999999,0.4756908699125555,0.011280358149264228
2017,mean_distance,0.6499999999999999,0.4987922705313504,0.011280358149264228
2017,mean_distance,0.6599999999999999,0.525315228644977,0.011280358149264228
2017,mean_distance,0.6699999999999999,0.5495329676574005,0.008023419223084109
2017,mean_distance,0.6799999999999999,0.5721153846153788,0.008023419223084109
2017,mean_distance,0.69,0.6019722284789181,0.008023419223084109
2017,mean_distance,0.7,0.631147540983603,0.004807583317751584
2017,mean_distance,0.71,0.6573330624888382,0.004807583317751584
2017,mean_distance,0.72,0.6871561771561704,0.004807583317751584
2017,mean_distance,0.73,0.7202413617886536,-0.00018525200331692232
2017,mean_distance,0.74,0.7550849874721136,-0.00018525200331692232
2017,mean_distance,0.7499999999999999,0.7849120948849819,-0.00018525200331692232
2017,mean_distance,0.7599999999999999,0.8198356704999704,-0.00018525200331692232
2017,mean_distance,0.7699999999999999,0.8536322463767876,-0.006237099001958457
2017,mean_distance,0.7799999999999999,0.8879218608853073,-0.006237099001958457
2017,mean_distance,0.7899999999999999,0.9221527950420059,-0.006237099001958457
2017,mean_distance,0.7999999999999999,0.9579548998046534,-0.008172470936297315
2017,mean_distance,0.8099999999999999,0.9987100636942938,-0.008172470936297315
2017,mean_distance,0.82,1.0429537843849583,-0.008172470936297315
2017,mean_distance,0.83,1.0838853169856828,-0.008293360908712225
2017,mean_distance,0.84,1.130287336491139,-0.008293360908712225
2017,mean_distance,0.8499999999999999,1.1808374785250213,-0.008293360908712225
2017,mean_distance,0.8599999999999999,1.2265892933462637,-0.008293360908712225
2017,mean_distance,0.8699999999999999,1.2833176040061625,-0.006644021741731432
2017,mean_distance,0.8799999999999999,1.3445203946169837,-0.006644021741731432
2017,mean_distance,0.8899999999999999,1.4169270115302681,-0.006644021741731432
2017,mean_distance,0.8999999999999999,1.4995896032831273,-0.0070340139199155565
2017,mean_distance,0.9099999999999999,1.5808253208790095,-0.0070340139199155565
2017,mean_distance,0.9199999999999999,1.6573234387697913,-0.0070340139199155565
2017,mean_distance,0.9299999999999999,1.7582089170464759,-0.0070340139199155565
2017,mean_distance,0.94,1.8631957326179776,-0.0038498336274452477
2017,mean_distance,0.95,1.9742741128592352,-0.0038498336274452477
2017,range_position,0.05,0.06996236559139594,-0.01995030257372474
2017,range_position,0.06,0.08333333333336086,-0.01995030257372474
2017,range_position,0.07,0.09523809523809978,-0.020455165052853556
2017,range_position,0.08,0.10720413634624759,-0.020455165052853556
2017,range_position,0.09,0.11735714932536867,-0.019552855914329596
2017,range_position,0.09999999999999999,0.12790697674416357,-0.019552855914329596
2017,range_position,0.10999999999999999,0.13870961329398795,-0.019552855914329596
2017,range_position,0.12,0.14937449584739768,-0.018107195207469083
2017,range_position,0.13,0.1602564102563993,-0.018107195207469083
2017,range_position,0.13999999999999999,0.1707317073170555,-0.018107195207469083
2017,range_position,0.14999999999999997,0.18181135681124963,-0.014021315501020199
2017,range_position,0.15999999999999998,0.19230769230769978,-0.014021315501020199
2017,range_position,0.16999999999999998,0.20338983050848075,-0.014021315501020199
2017,range_position,0.18,0.21459227467811454,-0.011191145267181575
2017,range_position,0.19,0.2259096385542156,-0.011191145267181575
2017,range_position,0.19999999999999996,0.23733949666153936,-0.011191145267181575
2017,range_position,0.20999999999999996,0.24739721043057086,-0.011191145267181575
2017,range_position,0.21999999999999997,0.26043942577030527,-0.008562673668809565
2017,range_position,0.22999999999999998,0.27151471920899395,-0.008562673668809565
2017,range_position,0.24,0.2829416564667447,-0.008562673668809565
2017,range_position,0.24999999999999994,0.29583098591548923,-0.0077806937193469145
2017,range_position,0.25999999999999995,0.30878186968839355,-0.0077806937193469145
2017,range_position,0.26999999999999996,0.3203085631298947,-0.0077806937193469145
2017,range_position,0.27999999999999997,0.3333333333333099,-0.009026282296426057
2017,range_position,0.29,0.34453781512604903,-0.009026282296426057
2017,range_position,0.3,0.35714285714285815,-0.009026282296426057
2017,range_position,0.30999999999999994,0.3664122137404372,-0.009026282296426057
2017,range_position,0.31999999999999995,0.37797385374675835,-0.0062141487810250156
2017,range_position,0.32999999999999996,0.39004659685863385,-0.0062141487810250156
2017,range_position,0.33999999999999997,0.40261264069264885,-0.0062141487810250156
2017,range_position,0.3499999999999999,0.4149166666666628,-0.004828180575431116
2017,range_position,0.35999999999999993,0.42857142857144337,-0.004828180575431116
2017,range_position,0.36999999999999994,0.4409448818897442,-0.004828180575431116
2017,range_position,0.37999999999999995,0.4535823333896672,-0.004828180575431116
2017,range_position,0.38999999999999996,0.4651162790697602,-0.00419878855472041
2017,range_position,0.3999999999999999,0.47918238993710854,-0.00419878855472041
2017,range_position,0.4099999999999999,0.49056603773584795,-0.00419878855472041
2017,range_position,0.41999999999999993,0.5035368843692034,-0.002057091429394496
2017,range_position,0.42999999999999994,0.5142857142857217,-0.002057091429394496
2017,range_position,0.43999999999999995,0.5272362114872399,-0.002057091429394496
2017,range_position,0.4499999999999999,0.5384615384615211,-0.002057091429394496
2017,range_position,0.4599999999999999,0.5500393013100567,-0.0007427636992666952
2017,range_position,0.4699999999999999,0.5620270732402403,-0.0007427636992666952
2017,range_position,0.4799999999999999,0.574616391725587,-0.0007427636992666952
2017,range_position,0.48999999999999994,0.587199589401426,-0.0016445869007449222
2017,range_position,0.49999999999999994,0.5993627460757646,-0.0016445869007449222
2017,range_position,0.5099999999999999,0.6103733766233662,-0.0016445869007449222
2017,range_position,0.5199999999999999,0.6217566678845451,-0.0016445869007449222
2017,range_position,0.5299999999999999,0.6340822227809679,0.0010385436164597546
2017,range_position,0.5399999999999999,0.6456564938412062,0.0010385436164597546
2017,range_position,0.5499999999999999,0.658658164440347,0.0010385436164597546
2017,range_position,0.5599999999999999,0.6689432869289094,0.0061410841323142114
2017,range_position,0.57,0.679391532003258,0.0061410841323142114
2017,range_position,0.58,0.6902949852507128,0.0061410841323142114
2017,range_position,0.59,0.700729927007296,0.007501300699016041
2017,range_position,0.6,0.7107843137254929,0.007501300699016041
2017,range_position,0.61,0.7206703910614541,0.007501300699016041
2017,range_position,0.62,0.7309843822483402,0.007501300699016041
2017,range_position,0.63,0.7405433530174298,0.010333339817371648
2017,range_position,0.6399999999999999,0.7499999999999907,0.010333339817371648
2017,range_position,0.6499999999999999,0.7596153846153877,0.010333339817371648
2017,range_position,0.6599999999999999,0.7686203208556212,0.01059510306144846
2017,range_position,0.6699999999999999,0.7777777777778064,0.01059510306144846
2017,range_position,0.6799999999999999,0.7879452882944039,0.01059510306144846
2017,range_position,0.69,0.796296296296298,0.0110656948799345
2017,range_position,0.7,0.8044503561314577,0.0110656948799345
2017,range_position,0.71,0.812269152202367,0.0110656948799345
2017,range_position,0.72,0.8200000000000233,0.0110656948799345
2017,range_position,0.73,0.8274859535088684,0.01358719445108223
2017,range_position,0.74,0.8357790756363166,0.01358719445108223
2017,range_position,0.7499999999999999,0.8442622950819705,0.01358719445108223
2017,range_position,0.7599999999999999,0.8518518518518461,0.012796485066904948
2017,range_position,0.7699999999999999,0.8590729103111598,0.012796485066904948
2017,range_position,0.7799999999999999,0.8648648648648558,0.012796485066904948
2017,range_position,0.7899999999999999,0.8723404255318964,0.012796485066904948
2017,range_position,0.7999999999999999,0.8791946308724627,0.01114406251476761
2017,range_position,0.8099999999999999,0.8857629037629031,0.01114406251476761
2017,range_position,0.82,0.8915722891566406,0.01114406251476761
2017,range_position,0.83,0.8974358974359313,0.009964378440869798
2017,range_position,0.84,0.9038461538461481,0.009964378440869798
2017,range_position,0.8499999999999999,0.9102564102563728,0.009964378440869798
2017,range_position,0.8599999999999999,0.9154495129983979,0.007992111792255726
2017,range_position,0.8699999999999999,0.9214195258889444,0.007992111792255726
2017,range_position,0.8799999999999999,0.9279279279279261,0.007992111792255726
2017,range_position,0.8899999999999999,0.9341276626013608,0.007992111792255726
2017,range_position,0.8999999999999999,0.939987577639742,0.0098517241657114
2017,range_position,0.9099999999999999,0.9455460934694643,0.0098517241657114
2017,range_position,0.9199999999999999,0.9515151515151439,0.0098517241657114
2017,range_position,0.9299999999999999,0.9568965517241244,0.013592636358963671
2017,range_position,0.94,0.9616937199725424,0.013592636358963671
2017,range_position,0.95,0.9682241490045018,0.013592636358963671
2017,atr_fraction,0.05,0.0010924965585074233,-0.05389284843408571
2017,atr_fraction,0.06,0.0011289823844412167,-0.05389284843408571
2017,atr_fraction,0.07,0.0011650061457836073,-0.05389284843408571
2017,atr_fraction,0.08,0.0011966134483553568,-0.05389284843408571
2017,atr_fraction,0.09,0.0012249719019305331,-0.05459750980101946
2017,atr_fraction,0.09999999999999999,0.0012553335325592814,-0.05459750980101946
2017,atr_fraction,0.10999999999999999,0.0012870232550596728,-0.05459750980101946
2017,atr_fraction,0.12,0.0013160002086590621,-0.05459750980101946
2017,atr_fraction,0.13,0.0013421486432945223,-0.05459750980101946
2017,atr_fraction,0.13999999999999999,0.0013660542709068712,-0.04894912930097789
2017,atr_fraction,0.14999999999999997,0.001391187932858419,-0.04894912930097789
2017,atr_fraction,0.15999999999999998,0.0014178638557443655,-0.04894912930097789
2017,atr_fraction,0.16999999999999998,0.0014446365993399885,-0.04894912930097789
2017,atr_fraction,0.18,0.001466775650564524,-0.032285774402934383
2017,atr_fraction,0.19,0.0014932457162984182,-0.032285774402934383
2017,atr_fraction,0.19999999999999996,0.0015166529574750845,-0.032285774402934383
2017,atr_fraction,0.20999999999999996,0.0015427815738619244,-0.032285774402934383
2017,atr_fraction,0.21999999999999997,0.001564340276087111,-0.020102112510384865
2017,atr_fraction,0.22999999999999998,0.0015879726571243783,-0.020102112510384865
2017,atr_fraction,0.24,0.001609850065299117,-0.020102112510384865
2017,atr_fraction,0.24999999999999994,0.0016304654507293304,-0.009692429169889657
2017,atr_fraction,0.25999999999999995,0.0016521860597271986,-0.009692429169889657
2017,atr_fraction,0.26999999999999996,0.0016771415555644445,-0.009692429169889657
2017,atr_fraction,0.27999999999999997,0.00170659458818293,-0.0021486067758681978
2017,atr_fraction,0.29,0.0017323593979745166,-0.0021486067758681978
2017,atr_fraction,0.3,0.0017551632150183067,-0.0021486067758681978
2017,atr_fraction,0.30999999999999994,0.0017788428382542582,0.0008431930986513235
2017,atr_fraction,0.31999999999999995,0.0018034086092926303,0.0008431930986513235
2017,atr_fraction,0.32999999999999996,0.0018266794344551805,0.0008431930986513235
2017,atr_fraction,0.33999999999999997,0.001851601561235072,0.003976587086091281
2017,atr_fraction,0.3499999999999999,0.0018779122591294991,0.003976587086091281
2017,atr_fraction,0.35999999999999993,0.0019027096612006579,0.003976587086091281
2017,atr_fraction,0.36999999999999994,0.0019278373323789414,0.00659729114837624
2017,atr_fraction,0.37999999999999995,0.0019516466121023163,0.00659729114837624
2017,atr_fraction,0.38999999999999996,0.0019788932784001122,0.011462430415040595
2017,atr_fraction,0.3999999999999999,0.002001399215514448,0.011462430415040595
2017,atr_fraction,0.4099999999999999,0.0020256245402992448,0.011462430415040595
2017,atr_fraction,0.41999999999999993,0.002049390572072729,0.014185102249007491
2017,atr_fraction,0.42999999999999994,0.0020746460117077956,0.014185102249007491
2017,atr_fraction,0.43999999999999995,0.002098960324958248,0.014185102249007491
2017,atr_fraction,0.4499999999999999,0.0021226586720140424,0.018689229823591603
2017,atr_fraction,0.4599999999999999,0.002147086942930933,0.018689229823591603
2017,atr_fraction,0.4699999999999999,0.002175243843705784,0.020795684193948727
2017,atr_fraction,0.4799999999999999,0.002200345567689414,0.020795684193948727
2017,atr_fraction,0.48999999999999994,0.0022259137307089486,0.020795684193948727
2017,atr_fraction,0.49999999999999994,0.002253374218280781,0.020899257854007806
2017,atr_fraction,0.5099999999999999,0.002281789764453014,0.020899257854007806
2017,atr_fraction,0.5199999999999999,0.0023082552491087934,0.020899257854007806
2017,atr_fraction,0.5299999999999999,0.0023407883091509135,0.019306986781723424
2017,atr_fraction,0.5399999999999999,0.002371978224156533,0.019306986781723424
2017,atr_fraction,0.5499999999999999,0.002403525177813182,0.017452092283628904
2017,atr_fraction,0.5599999999999999,0.002438762626358504,0.017452092283628904
2017,atr_fraction,0.57,0.002474524704855209,0.016507776009626527
2017,atr_fraction,0.58,0.002514392712578524,0.016507776009626527
2017,atr_fraction,0.59,0.002555812176463209,0.01615233329456975
2017,atr_fraction,0.6,0.0025988533378914847,0.01615233329456975
2017,atr_fraction,0.61,0.002638959284087093,0.01615233329456975
2017,atr_fraction,0.62,0.002685091514871901,0.013636805017058638
2017,atr_fraction,0.63,0.0027315499660849835,0.013636805017058638
2017,atr_fraction,0.6399999999999999,0.0027734605362566764,0.012092964556837742
2017,atr_fraction,0.6499999999999999,0.0028143236787577463,0.012092964556837742
2017,atr_fraction,0.6599999999999999,0.002849895646393127,0.012092964556837742
2017,atr_fraction,0.6699999999999999,0.002901421607179403,0.012705348590866286
2017,atr_fraction,0.6799999999999999,0.0029593931571407,0.012705348590866286
2017,atr_fraction,0.69,0.0030181086519114704,0.012949376881153071
2017,atr_fraction,0.7,0.0030785664338207593,0.012949376881153071
2017,atr_fraction,0.71,0.0031348050879825254,0.011963054384296446
2017,atr_fraction,0.72,0.0031865639540681707,0.011963054384296446
2017,atr_fraction,0.73,0.003252461351399271,0.011963054384296446
2017,atr_fraction,0.74,0.0033035841653637115,0.009596978294615892
2017,atr_fraction,0.7499999999999999,0.0033618532454207277,0.009596978294615892
2017,atr_fraction,0.7599999999999999,0.00342766102490378,0.009596978294615892
2017,atr_fraction,0.7699999999999999,0.00350973851629911,0.00379819973990939
2017,atr_fraction,0.7799999999999999,0.003580533791449055,0.00379819973990939
2017,atr_fraction,0.7899999999999999,0.003656646041574577,0.00379819973990939
2017,atr_fraction,0.7999999999999999,0.0037387452157567826,0.0022200436489602923
2017,atr_fraction,0.8099999999999999,0.0038224231491007558,0.0022200436489602923
2017,atr_fraction,0.82,0.003917409626006853,0.0022200436489602923
2017,atr_fraction,0.83,0.004026843164888509,-0.0007685484313433766
2017,atr_fraction,0.84,0.004146171788044833,-0.0007685484313433766
2017,atr_fraction,0.8499999999999999,0.00427503021894492,-0.0007685484313433766
2017,atr_fraction,0.8599999999999999,0.0044250240863647665,-0.00957882614895068
2017,atr_fraction,0.8699999999999999,0.004586794243923752,-0.00957882614895068
2017,atr_fraction,0.8799999999999999,0.004750979692636185,-0.00957882614895068
2017,atr_fraction,0.8899999999999999,0.004926152729978937,-0.00957882614895068
2017,atr_fraction,0.8999999999999999,0.00512813066167318,-0.00957882614895068
2017,atr_fraction,0.9099999999999999,0.005277209892965406,-0.013626811237146739
2017,atr_fraction,0.9199999999999999,0.005490922462642484,-0.013626811237146739
2017,atr_fraction,0.9299999999999999,0.005739841779880092,-0.013626811237146739
2017,atr_fraction,0.94,0.006040314065369476,-0.013626811237146739
2017,atr_fraction,0.95,0.006420363544382408,-0.013626811237146739
2017,time_sin,0.05,-0.6087614290087203,0.001394283782766652
2017,time_sin,0.06,-0.6087614290087203,0.001394283782766652
2017,time_sin,0.07,-0.6087614290087203,0.001394283782766652
2017,time_sin,0.08,-0.6087614290087203,0.001394283782766652
2017,time_sin,0.09,-0.6087614290087203,0.001394283782766652
2017,time_sin,0.09999999999999999,-0.5000000000000001,0.009269106946660192
2017,time_sin,0.10999999999999999,-0.5000000000000001,0.009269106946660192
2017,time_sin,0.12,-0.5000000000000001,0.009269106946660192
2017,time_sin,0.13,-0.5000000000000001,0.009269106946660192
2017,time_sin,0.13999999999999999,-0.5000000000000001,0.009269106946660192
2017,time_sin,0.14999999999999997,-0.5000000000000001,0.009269106946660192
2017,time_sin,0.15999999999999998,-0.5000000000000001,0.009269106946660192
2017,time_sin,0.16999999999999998,-0.5000000000000001,0.009269106946660192
2017,time_sin,0.18,-0.5000000000000001,0.009269106946660192
2017,time_sin,0.19,-0.5000000000000001,0.009269106946660192
2017,time_sin,0.19999999999999996,-0.38268343236508967,0.003579214562010008
2017,time_sin,0.20999999999999996,-0.38268343236508967,0.003579214562010008
2017,time_sin,0.21999999999999997,-0.38268343236508967,0.003579214562010008
2017,time_sin,0.22999999999999998,-0.38268343236508967,0.003579214562010008
2017,time_sin,0.24,-0.38268343236508967,0.003579214562010008
2017,time_sin,0.24999999999999994,-0.38268343236508967,0.003579214562010008
2017,time_sin,0.25999999999999995,-0.38268343236508967,0.003579214562010008
2017,time_sin,0.26999999999999996,-0.38268343236508967,0.003579214562010008
2017,time_sin,0.27999999999999997,-0.38268343236508967,0.003579214562010008
2017,time_sin,0.29,-0.38268343236508967,0.003579214562010008
2017,time_sin,0.3,-0.25881904510252035,-0.0023169776219078334
2017,time_sin,0.30999999999999994,-0.25881904510252035,-0.0023169776219078334
2017,time_sin,0.31999999999999995,-0.25881904510252035,-0.0023169776219078334
2017,time_sin,0.32999999999999996,-0.25881904510252035,-0.0023169776219078334
2017,time_sin,0.33999999999999997,-0.25881904510252035,-0.0023169776219078334
2017,time_sin,0.3499999999999999,-0.25881904510252035,-0.0023169776219078334
2017,time_sin,0.35999999999999993,-0.25881904510252035,-0.0023169776219078334
2017,time_sin,0.36999999999999994,-0.25881904510252035,-0.0023169776219078334
2017,time_sin,0.37999999999999995,-0.25881904510252035,-0.0023169776219078334
2017,time_sin,0.38999999999999996,-0.25881904510252035,-0.0023169776219078334
2017,time_sin,0.3999999999999999,-0.13052619222005177,0.0036153276458005903
2017,time_sin,0.4099999999999999,-0.13052619222005177,0.0036153276458005903
2017,time_sin,0.41999999999999993,-0.13052619222005177,0.0036153276458005903
2017,time_sin,0.42999999999999994,-0.13052619222005177,0.0036153276458005903
2017,time_sin,0.43999999999999995,-0.13052619222005177,0.0036153276458005903
2017,time_sin,0.4499999999999999,-0.13052619222005177,0.0036153276458005903
2017,time_sin,0.4599999999999999,-0.13052619222005177,0.0036153276458005903
2017,time_sin,0.4699999999999999,-0.13052619222005177,0.0036153276458005903
2017,time_sin,0.4799999999999999,-0.13052619222005177,0.0036153276458005903
2017,time_sin,0.48999999999999994,-0.13052619222005177,0.0036153276458005903
2017,time_sin,0.49999999999999994,1.2246467991473532e-16,0.0038079114619573033
2017,time_sin,0.5099999999999999,1.2246467991473532e-16,0.0038079114619573033
2017,time_sin,0.5199999999999999,1.2246467991473532e-16,0.0038079114619573033
2017,time_sin,0.5299999999999999,1.2246467991473532e-16,0.0038079114619573033
2017,time_sin,0.5399999999999999,1.2246467991473532e-16,0.0038079114619573033
2017,time_sin,0.5499999999999999,1.2246467991473532e-16,0.0038079114619573033
2017,time_sin,0.5599999999999999,1.2246467991473532e-16,0.0038079114619573033
2017,time_sin,0.57,1.2246467991473532e-16,0.0038079114619573033
2017,time_sin,0.58,1.2246467991473532e-16,0.0038079114619573033
2017,time_sin,0.59,1.2246467991473532e-16,0.0038079114619573033
2017,time_sin,0.6,0.13052619222005157,0.0010801879367479705
2017,time_sin,0.61,0.13052619222005157,0.0010801879367479705
2017,time_sin,0.62,0.13052619222005157,0.0010801879367479705
2017,time_sin,0.63,0.13052619222005157,0.0010801879367479705
2017,time_sin,0.6399999999999999,0.13052619222005157,0.0010801879367479705
2017,time_sin,0.6499999999999999,0.13052619222005157,0.0010801879367479705
2017,time_sin,0.6599999999999999,0.13052619222005157,0.0010801879367479705
2017,time_sin,0.6699999999999999,0.13052619222005157,0.0010801879367479705
2017,time_sin,0.6799999999999999,0.13052619222005157,0.0010801879367479705
2017,time_sin,0.69,0.13052619222005157,0.0010801879367479705
2017,time_sin,0.7,0.258819045102521,0.004112540558614092
2017,time_sin,0.71,0.258819045102521,0.004112540558614092
2017,time_sin,0.72,0.258819045102521,0.004112540558614092
2017,time_sin,0.73,0.258819045102521,0.004112540558614092
2017,time_sin,0.74,0.258819045102521,0.004112540558614092
2017,time_sin,0.7499999999999999,0.258819045102521,0.004112540558614092
2017,time_sin,0.7599999999999999,0.258819045102521,0.004112540558614092
2017,time_sin,0.7699999999999999,0.258819045102521,0.004112540558614092
2017,time_sin,0.7799999999999999,0.258819045102521,0.004112540558614092
2017,time_sin,0.7899999999999999,0.258819045102521,0.004112540558614092
2017,time_sin,0.7999999999999999,0.3826834323650899,-0.0022208562316860213
2017,time_sin,0.8099999999999999,0.3826834323650899,-0.0022208562316860213
2017,time_sin,0.82,0.3826834323650899,-0.0022208562316860213
2017,time_sin,0.83,0.3826834323650899,-0.0022208562316860213
2017,time_sin,0.84,0.3826834323650899,-0.0022208562316860213
2017,time_sin,0.8499999999999999,0.3826834323650899,-0.0022208562316860213
2017,time_sin,0.8599999999999999,0.3826834323650899,-0.0022208562316860213
2017,time_sin,0.8699999999999999,0.3826834323650899,-0.0022208562316860213
2017,time_sin,0.8799999999999999,0.3826834323650899,-0.0022208562316860213
2017,time_sin,0.8899999999999999,0.3826834323650899,-0.0022208562316860213
2017,time_sin,0.8999999999999999,0.49999999999999994,-0.022155548264467494
2017,time_sin,0.9099999999999999,0.49999999999999994,-0.022155548264467494
2017,time_sin,0.9199999999999999,0.49999999999999994,-0.022155548264467494
2017,time_sin,0.9299999999999999,0.49999999999999994,-0.022155548264467494
2017,time_sin,0.94,0.49999999999999994,-0.022155548264467494
2017,time_sin,0.95,0.49999999999999994,-0.022155548264467494
2017,time_cos,0.05,-1.0,0.01230797070612882
2017,time_cos,0.06,-1.0,0.01230797070612882
2017,time_cos,0.07,-1.0,0.01230797070612882
2017,time_cos,0.08,-1.0,0.01230797070612882
2017,time_cos,0.09,-1.0,0.01230797070612882
2017,time_cos,0.09999999999999999,-0.9914448613738104,0.0007078419414903637
2017,time_cos,0.10999999999999999,-0.9914448613738104,0.0007078419414903637
2017,time_cos,0.12,-0.9914448613738104,0.0007078419414903637
2017,time_cos,0.13,-0.9914448613738104,0.0007078419414903637
2017,time_cos,0.13999999999999999,-0.9914448613738104,0.0007078419414903637
2017,time_cos,0.14999999999999997,-0.9914448613738104,0.0007078419414903637
2017,time_cos,0.15999999999999998,-0.9914448613738104,0.0007078419414903637
2017,time_cos,0.16999999999999998,-0.9914448613738104,0.0007078419414903637
2017,time_cos,0.18,-0.9914448613738104,0.0007078419414903637
2017,time_cos,0.19,-0.9914448613738104,0.0007078419414903637
2017,time_cos,0.19999999999999996,-0.9914448613738104,0.0007078419414903637
2017,time_cos,0.20999999999999996,-0.9914448613738104,0.0007078419414903637
2017,time_cos,0.21999999999999997,-0.9914448613738104,0.0007078419414903637
2017,time_cos,0.22999999999999998,-0.9914448613738104,0.0007078419414903637
2017,time_cos,0.24,-0.9914448613738104,0.0007078419414903637
2017,time_cos,0.24999999999999994,-0.9914448613738104,0.0007078419414903637
2017,time_cos,0.25999999999999995,-0.9914448613738104,0.0007078419414903637
2017,time_cos,0.26999999999999996,-0.9914448613738104,0.0007078419414903637
2017,time_cos,0.27999999999999997,-0.9914448613738104,0.0007078419414903637
2017,time_cos,0.29,-0.9914448613738104,0.0007078419414903637
2017,time_cos,0.3,-0.9659258262890684,-0.00421348865894639
2017,time_cos,0.30999999999999994,-0.9659258262890684,-0.00421348865894639
2017,time_cos,0.31999999999999995,-0.9659258262890684,-0.00421348865894639
2017,time_cos,0.32999999999999996,-0.9659258262890684,-0.00421348865894639
2017,time_cos,0.33999999999999997,-0.9659258262890684,-0.00421348865894639
2017,time_cos,0.3499999999999999,-0.9659258262890684,-0.00421348865894639
2017,time_cos,0.35999999999999993,-0.9659258262890684,-0.00421348865894639
2017,time_cos,0.36999999999999994,-0.9659258262890684,-0.00421348865894639
2017,time_cos,0.37999999999999995,-0.9659258262890684,-0.00421348865894639
2017,time_cos,0.38999999999999996,-0.9659258262890684,-0.00421348865894639
2017,time_cos,0.3999999999999999,-0.9659258262890682,0.0020318544205486294
2017,time_cos,0.4099999999999999,-0.9659258262890682,0.0020318544205486294
2017,time_cos,0.41999999999999993,-0.9659258262890682,0.0020318544205486294
2017,time_cos,0.42999999999999994,-0.9659258262890682,0.0020318544205486294
2017,time_cos,0.43999999999999995,-0.9659258262890682,0.0020318544205486294
2017,time_cos,0.4499999999999999,-0.9659258262890682,0.0020318544205486294
2017,time_cos,0.4599999999999999,-0.9659258262890682,0.0020318544205486294
2017,time_cos,0.4699999999999999,-0.9659258262890682,0.0020318544205486294
2017,time_cos,0.4799999999999999,-0.9659258262890682,0.0020318544205486294
2017,time_cos,0.48999999999999994,-0.9659258262890682,0.0020318544205486294
2017,time_cos,0.49999999999999994,-0.944902679400254,0.0020318544205486294
2017,time_cos,0.5099999999999999,-0.9238795325112868,0.0030618616753088157
2017,time_cos,0.5199999999999999,-0.9238795325112868,0.0030618616753088157
2017,time_cos,0.5299999999999999,-0.9238795325112868,0.0030618616753088157
2017,time_cos,0.5399999999999999,-0.9238795325112868,0.0030618616753088157
2017,time_cos,0.5499999999999999,-0.9238795325112868,0.0030618616753088157
2017,time_cos,0.5599999999999999,-0.9238795325112868,0.0030618616753088157
2017,time_cos,0.57,-0.9238795325112868,0.0030618616753088157
2017,time_cos,0.58,-0.9238795325112868,0.0030618616753088157
2017,time_cos,0.59,-0.9238795325112868,0.0030618616753088157
2017,time_cos,0.6,-0.9238795325112867,0.0020895892206921423
2017,time_cos,0.61,-0.9238795325112867,0.0020895892206921423
2017,time_cos,0.62,-0.9238795325112867,0.0020895892206921423
2017,time_cos,0.63,-0.9238795325112867,0.0020895892206921423
2017,time_cos,0.6399999999999999,-0.9238795325112867,0.0020895892206921423
2017,time_cos,0.6499999999999999,-0.9238795325112867,0.0020895892206921423
2017,time_cos,0.6599999999999999,-0.9238795325112867,0.0020895892206921423
2017,time_cos,0.6699999999999999,-0.9238795325112867,0.0020895892206921423
2017,time_cos,0.6799999999999999,-0.9238795325112867,0.0020895892206921423
2017,time_cos,0.69,-0.9238795325112867,0.0020895892206921423
2017,time_cos,0.7,-0.9238795325112867,0.0020895892206921423
2017,time_cos,0.71,-0.8660254037844387,-0.004373599215085894
2017,time_cos,0.72,-0.8660254037844387,-0.004373599215085894
2017,time_cos,0.73,-0.8660254037844387,-0.004373599215085894
2017,time_cos,0.74,-0.8660254037844387,-0.004373599215085894
2017,time_cos,0.7499999999999999,-0.8660254037844387,-0.004373599215085894
2017,time_cos,0.7599999999999999,-0.8660254037844387,-0.004373599215085894
2017,time_cos,0.7699999999999999,-0.8660254037844387,-0.004373599215085894
2017,time_cos,0.7799999999999999,-0.8660254037844387,-0.004373599215085894
2017,time_cos,0.7899999999999999,-0.8660254037844387,-0.004373599215085894
2017,time_cos,0.7999999999999999,-0.8660254037844387,-0.004373599215085894
2017,time_cos,0.8099999999999999,-0.8660254037844386,-0.0005080973302513959
2017,time_cos,0.82,-0.8660254037844386,-0.0005080973302513959
2017,time_cos,0.83,-0.8660254037844386,-0.0005080973302513959
2017,time_cos,0.84,-0.8660254037844386,-0.0005080973302513959
2017,time_cos,0.8499999999999999,-0.8660254037844386,-0.0005080973302513959
2017,time_cos,0.8599999999999999,-0.8660254037844386,-0.0005080973302513959
2017,time_cos,0.8699999999999999,-0.8660254037844386,-0.0005080973302513959
2017,time_cos,0.8799999999999999,-0.8660254037844386,-0.0005080973302513959
2017,time_cos,0.8899999999999999,-0.8660254037844386,-0.0005080973302513959
2017,time_cos,0.8999999999999999,-0.8660254037844386,-0.0005080973302513959
2017,time_cos,0.9099999999999999,-0.7933533402912354,-0.011817996407961436
2017,time_cos,0.9199999999999999,-0.7933533402912354,-0.011817996407961436
2017,time_cos,0.9299999999999999,-0.7933533402912354,-0.011817996407961436
2017,time_cos,0.94,-0.7933533402912354,-0.011817996407961436
2017,time_cos,0.95,-0.7933533402912354,-0.011817996407961436
2018,ret_1,0.05,-1.1500796073844555,0.014449453609323763
2018,ret_1,0.06,-1.0489951339348347,0.014449453609323763
2018,ret_1,0.07,-0.9630885430885092,0.015325943740598785
2018,ret_1,0.08,-0.8924062532070101,0.015325943740598785
2018,ret_1,0.09,-0.8319936483179785,0.015325943740598785
2018,ret_1,0.09999999999999999,-0.7799933103603731,0.017126660013590155
2018,ret_1,0.10999999999999999,-0.7305585284280914,0.017126660013590155
2018,ret_1,0.12,-0.6835076883484384,0.017126660013590155
2018,ret_1,0.13,-0.6440286298567642,0.017126660013590155
2018,ret_1,0.13999999999999999,-0.6111550011550488,0.01701380144072362
2018,ret_1,0.14999999999999997,-0.5800011350737732,0.01701380144072362
2018,ret_1,0.15999999999999998,-0.5490196078431644,0.01701380144072362
2018,ret_1,0.16999999999999998,-0.5209199617838981,0.019909910322387234
2018,ret_1,0.18,-0.49557522123900294,0.019909910322387234
2018,ret_1,0.19,-0.4729729729729662,0.019909910322387234
2018,ret_1,0.19999999999999996,-0.45037345839846954,0.02120240687770616
2018,ret_1,0.20999999999999996,-0.4248413923868673,0.02120240687770616
2018,ret_1,0.21999999999999997,-0.4031413612565398,0.02120240687770616
2018,ret_1,0.22999999999999998,-0.3802271317551048,0.02120240687770616
2018,ret_1,0.24,-0.3587704340529373,0.02211529978291029
2018,ret_1,0.24999999999999994,-0.3383699914061794,0.02211529978291029
2018,ret_1,0.25999999999999995,-0.31818181818185415,0.02211529978291029
2018,ret_1,0.26999999999999996,-0.3024767760556975,0.020626480355276814
2018,ret_1,0.27999999999999997,-0.283706485625203,0.020626480355276814
2018,ret_1,0.29,-0.2653378580565659,0.020626480355276814
2018,ret_1,0.3,-0.2509638781621335,0.01582768245429042
2018,ret_1,0.30999999999999994,-0.2359550561798139,0.01582768245429042
2018,ret_1,0.31999999999999995,-0.21989528795807486,0.01582768245429042
2018,ret_1,0.32999999999999996,-0.2048780487804621,0.01582768245429042
2018,ret_1,0.33999999999999997,-0.19118283468076253,0.013218881507713106
2018,ret_1,0.3499999999999999,-0.17613898579571496,0.013218881507713106
2018,ret_1,0.35999999999999993,-0.16232511579261927,0.013218881507713106
2018,ret_1,0.36999999999999994,-0.14610933844893154,0.010970384312408536
2018,ret_1,0.37999999999999995,-0.13333333333331238,0.010970384312408536
2018,ret_1,0.38999999999999996,-0.11789473684210672,0.010970384312408536
2018,ret_1,0.3999999999999999,-0.10306246209828429,0.00745205082658168
2018,ret_1,0.4099999999999999,-0.0874999999999518,0.00745205082658168
2018,ret_1,0.41999999999999993,-0.0733163694944203,0.00745205082658168
2018,ret_1,0.42999999999999994,-0.060017363344039364,0.0028735501697676503
2018,ret_1,0.43999999999999995,-0.04509553928649656,0.0028735501697676503
2018,ret_1,0.4499999999999999,-0.03146244227314113,0.0028735501697676503
2018,ret_1,0.4599999999999999,-0.018813978172257405,0.0028735501697676503
2018,ret_1,0.4699999999999999,0.0,-0.0002677981791315361
2018,ret_1,0.4799999999999999,0.0,-0.0002677981791315361
2018,ret_1,0.48999999999999994,0.022608710463570852,-0.0002677981791315361
2018,ret_1,0.49999999999999994,0.03594351732993296,-0.0021823302468460676
2018,ret_1,0.5099999999999999,0.04897135348410816,-0.0021823302468460676
2018,ret_1,0.5199999999999999,0.0627802690582593,-0.0021823302468460676
2018,ret_1,0.5299999999999999,0.07703630410148492,-0.0021823302468460676
2018,ret_1,0.5399999999999999,0.09012179561543662,-0.0050812999603562226
2018,ret_1,0.5499999999999999,0.10370370370369904,-0.0050812999603562226
2018,ret_1,0.5599999999999999,0.11574423662465771,-0.0050812999603562226
2018,ret_1,0.57,0.12990587114509317,-0.00812204127375923
2018,ret_1,0.58,0.14369501466277654,-0.00812204127375923
2018,ret_1,0.59,0.15516506869922755,-0.00812204127375923
2018,ret_1,0.6,0.16963496189479474,-0.00812204127375923
2018,ret_1,0.61,0.18426038204473516,-0.009321229682181485
2018,ret_1,0.62,0.19895910277747428,-0.009321229682181485
2018,ret_1,0.63,0.21455581761885698,-0.009321229682181485
2018,ret_1,0.6399999999999999,0.22913757063275234,-0.010250874457083944
2018,ret_1,0.6499999999999999,0.24242424242424931,-0.010250874457083944
2018,ret_1,0.6599999999999999,0.25556994798096017,-0.010250874457083944
2018,ret_1,0.6699999999999999,0.2716948201358147,-0.012291602569089052
2018,ret_1,0.6799999999999999,0.2868852459016029,-0.012291602569089052
2018,ret_1,0.69,0.3018102606931167,-0.012291602569089052
2018,ret_1,0.7,0.31818181818183,-0.012291602569089052
2018,ret_1,0.71,0.3355119825708434,-0.014609640579054069
2018,ret_1,0.72,0.35163630889658704,-0.014609640579054069
2018,ret_1,0.73,0.3664397589881087,-0.014609640579054069
2018,ret_1,0.74,0.3830539753639599,-0.015183711831985962
2018,ret_1,0.7499999999999999,0.3991552270327068,-0.015183711831985962
2018,ret_1,0.7599999999999999,0.41637303606391324,-0.015183711831985962
2018,ret_1,0.7699999999999999,0.43475310648296545,-0.015183711831985962
2018,ret_1,0.7799999999999999,0.45290199809708237,-0.015508480372387196
2018,ret_1,0.7899999999999999,0.4707474329176507,-0.015508480372387196
2018,ret_1,0.7999999999999999,0.4897150378721697,-0.015508480372387196
2018,ret_1,0.8099999999999999,0.5107557808441839,-0.015944824988906203
2018,ret_1,0.82,0.5309439052928471,-0.015944824988906203
2018,ret_1,0.83,0.5560571553480261,-0.015944824988906203
2018,ret_1,0.84,0.5811393561723737,-0.018924173368714502
2018,ret_1,0.8499999999999999,0.6098805026360102,-0.018924173368714502
2018,ret_1,0.8599999999999999,0.6381885506053585,-0.018924173368714502
2018,ret_1,0.8699999999999999,0.6695652173913168,-0.018924173368714502
2018,ret_1,0.8799999999999999,0.701949860724216,-0.017988287367545572
2018,ret_1,0.8899999999999999,0.7406089743589073,-0.017988287367545572
2018,ret_1,0.8999999999999999,0.7822026941185886,-0.022231261942235507
2018,ret_1,0.9099999999999999,0.829808871258635,-0.022231261942235507
2018,ret_1,0.9199999999999999,0.8832274831964496,-0.022231261942235507
2018,ret_1,0.9299999999999999,0.949075838178898,-0.022231261942235507
2018,ret_1,0.94,1.0233267879288948,-0.02493522713138759
2018,ret_1,0.95,1.1249999999999825,-0.02493522713138759
2018,ret_2,0.05,-1.7315744157441137,0.031162026766350413
2018,ret_2,0.06,-1.5918394648828522,0.031162026766350413
2018,ret_2,0.07,-1.4775252073508036,0.01638186400008318
2018,ret_2,0.08,-1.3546329907037136,0.01638186400008318
2018,ret_2,0.09,-1.2661517227996937,0.01638186400008318
2018,ret_2,0.09999999999999999,-1.1766236892435327,0.01638186400008318
2018,ret_2,0.10999999999999999,-1.1060246834428253,0.012862576548918486
2018,ret_2,0.12,-1.0523013415892146,0.012862576548918486
2018,ret_2,0.13,-0.9888276757855485,0.012862576548918486
2018,ret_2,0.13999999999999999,-0.9354788370403139,0.009520085588293767
2018,ret_2,0.14999999999999997,-0.8836337782670584,0.009520085588293767
2018,ret_2,0.15999999999999998,-0.8329265336021225,0.009520085588293767
2018,ret_2,0.16999999999999998,-0.7924528301886329,0.0035921846190705444
2018,ret_2,0.18,-0.7537099078579553,0.0035921846190705444
2018,ret_2,0.19,-0.712909771473597,0.0035921846190705444
2018,ret_2,0.19999999999999996,-0.6745139804800866,0.0035921846190705444
2018,ret_2,0.20999999999999996,-0.6389316327382274,0.00011201189672458033
2018,ret_2,0.21999999999999997,-0.6044452727973042,0.00011201189672458033
2018,ret_2,0.22999999999999998,-0.572309069645507,0.00011201189672458033
2018,ret_2,0.24,-0.5429776306963696,-0.0003890985268947799
2018,ret_2,0.24999999999999994,-0.5161491037790521,-0.0003890985268947799
2018,ret_2,0.25999999999999995,-0.4861857607150585,-0.0003890985268947799
2018,ret_2,0.26999999999999996,-0.4575236148641157,-0.0003890985268947799
2018,ret_2,0.27999999999999997,-0.4302058270601313,0.0015174499259188216
2018,ret_2,0.29,-0.4035254988913173,0.0015174499259188216
2018,ret_2,0.3,-0.37620946513974485,0.0015174499259188216
2018,ret_2,0.30999999999999994,-0.34744354262039484,0.0016137768872222778
2018,ret_2,0.31999999999999995,-0.3227747545881812,0.0016137768872222778
2018,ret_2,0.32999999999999996,-0.29938142804297835,0.0016137768872222778
2018,ret_2,0.33999999999999997,-0.27885731410643416,0.0008739671394133734
2018,ret_2,0.3499999999999999,-0.2560036619822759,0.0008739671394133734
2018,ret_2,0.35999999999999993,-0.23027326084872585,0.0008739671394133734
2018,ret_2,0.36999999999999994,-0.20786575431736443,0.0008739671394133734
2018,ret_2,0.37999999999999995,-0.18614051352970684,-0.0015682271947825065
2018,ret_2,0.38999999999999996,-0.16434155848935614,-0.0015682271947825065
2018,ret_2,0.3999999999999999,-0.14256313536472667,-0.0015682271947825065
2018,ret_2,0.4099999999999999,-0.12095951041557922,-0.0039061237017765263
2018,ret_2,0.41999999999999993,-0.09779040289620029,-0.0039061237017765263
2018,ret_2,0.42999999999999994,-0.07565842507176065,-0.0039061237017765263
2018,ret_2,0.43999999999999995,-0.05436491418566951,-0.004778689528628378
2018,ret_2,0.4499999999999999,-0.031765003478133096,-0.004778689528628378
2018,ret_2,0.4599999999999999,-0.007916101706141938,-0.004778689528628378
2018,ret_2,0.4699999999999999,0.0,-0.004778689528628378
2018,ret_2,0.4799999999999999,0.030623871269791002,-0.004217962283357856
2018,ret_2,0.48999999999999994,0.05386379131475432,-0.004217962283357856
2018,ret_2,0.49999999999999994,0.0743051432812812,-0.004217962283357856
2018,ret_2,0.5099999999999999,0.09332158894647115,-0.003425450839608776
2018,ret_2,0.5199999999999999,0.11230907889203397,-0.003425450839608776
2018,ret_2,0.5299999999999999,0.13311224860183246,-0.003425450839608776
2018,ret_2,0.5399999999999999,0.15384615384617337,-0.0038819190198567427
2018,ret_2,0.5499999999999999,0.17394007659387775,-0.0038819190198567427
2018,ret_2,0.5599999999999999,0.19620552657239396,-0.0038819190198567427
2018,ret_2,0.57,0.21420360701338678,-0.0038819190198567427
2018,ret_2,0.58,0.2353104090300608,-0.0019348167774191048
2018,ret_2,0.59,0.2566080654119868,-0.0019348167774191048
2018,ret_2,0.6,0.27745983745983155,-0.0019348167774191048
2018,ret_2,0.61,0.29787234042551414,-0.002787265218894767
2018,ret_2,0.62,0.31945167415119213,-0.002787265218894767
2018,ret_2,0.63,0.33856839786219184,-0.002787265218894767
2018,ret_2,0.6399999999999999,0.3589743589743488,-0.002947557459435622
2018,ret_2,0.6499999999999999,0.3796193874516459,-0.002947557459435622
2018,ret_2,0.6599999999999999,0.4026033229352619,-0.002947557459435622
2018,ret_2,0.6699999999999999,0.42384596104472433,-0.0042212589486132915
2018,ret_2,0.6799999999999999,0.4476161303752544,-0.0042212589486132915
2018,ret_2,0.69,0.4673259789354703,-0.0042212589486132915
2018,ret_2,0.7,0.4901574634229854,-0.0042212589486132915
2018,ret_2,0.71,0.5120724018085426,-0.005314739069767154
2018,ret_2,0.72,0.5375812356021222,-0.005314739069767154
2018,ret_2,0.73,0.5608438879640277,-0.005314739069767154
2018,ret_2,0.74,0.588464113571908,-0.008329344459176425
2018,ret_2,0.7499999999999999,0.6183197382323811,-0.008329344459176425
2018,ret_2,0.7599999999999999,0.6481481481481539,-0.008329344459176425
2018,ret_2,0.7699999999999999,0.673674840227002,-0.008337043785702051
2018,ret_2,0.7799999999999999,0.7028112449799374,-0.008337043785702051
2018,ret_2,0.7899999999999999,0.7305697012725029,-0.008337043785702051
2018,ret_2,0.7999999999999999,0.7643628418263108,-0.008337043785702051
2018,ret_2,0.8099999999999999,0.7964892779854789,-0.009421793189289172
2018,ret_2,0.82,0.8298141266887191,-0.009421793189289172
2018,ret_2,0.83,0.863277250267878,-0.009421793189289172
2018,ret_2,0.84,0.9063032367972476,-0.00957588712499521
2018,ret_2,0.8499999999999999,0.9447883925311857,-0.00957588712499521
2018,ret_2,0.8599999999999999,0.9871385620025483,-0.00957588712499521
2018,ret_2,0.8699999999999999,1.037671775223498,-0.0077226163593467545
2018,ret_2,0.8799999999999999,1.091525423728774,-0.0077226163593467545
2018,ret_2,0.8899999999999999,1.1446835851043198,-0.0077226163593467545
2018,ret_2,0.8999999999999999,1.2092357538028662,-0.0077226163593467545
2018,ret_2,0.9099999999999999,1.2907862457853756,-0.007733775704043288
2018,ret_2,0.9199999999999999,1.3834460823064665,-0.007733775704043288
2018,ret_2,0.9299999999999999,1.4891894252143265,-0.007733775704043288
2018,ret_2,0.94,1.5997923715040885,-0.008422167192261014
2018,ret_2,0.95,1.7622484045164835,-0.008422167192261014
2018,ret_4,0.05,-2.5763900497512537,-0.004638829779875202
2018,ret_4,0.06,-2.366201174659219,-0.004638829779875202
2018,ret_4,0.07,-2.1903658004273923,-0.0003715020051781757
2018,ret_4,0.08,-2.0386823369101617,-0.0003715020051781757
2018,ret_4,0.09,-1.9091148025941438,-0.0003715020051781757
2018,ret_4,0.09999999999999999,-1.8041237113401993,-0.0003715020051781757
2018,ret_4,0.10999999999999999,-1.6954457318815215,-0.0011875306193562377
2018,ret_4,0.12,-1.5978470187189768,-0.0011875306193562377
2018,ret_4,0.13,-1.5089820359281125,-0.0011875306193562377
2018,ret_4,0.13999999999999999,-1.4421658071114432,0.00039463875856327675
2018,ret_4,0.14999999999999997,-1.3709305882711915,0.00039463875856327675
2018,ret_4,0.15999999999999998,-1.301025577249798,0.00039463875856327675
2018,ret_4,0.16999999999999998,-1.2359275211901402,0.0012277934256078836
2018,ret_4,0.18,-1.155937902537177,0.0012277934256078836
2018,ret_4,0.19,-1.0977631882468104,0.0012277934256078836
2018,ret_4,0.19999999999999996,-1.037037037037011,-0.00011869754778647871
2018,ret_4,0.20999999999999996,-0.9824887646060025,-0.00011869754778647871
2018,ret_4,0.21999999999999997,-0.9217152892453733,-0.00011869754778647871
2018,ret_4,0.22999999999999998,-0.8709354598617389,-0.00011869754778647871
2018,ret_4,0.24,-0.8162222658550818,0.0041174542830349605
2018,ret_4,0.24999999999999994,-0.7703024604293162,0.0041174542830349605
2018,ret_4,0.25999999999999995,-0.7251935724962566,0.0041174542830349605
2018,ret_4,0.26999999999999996,-0.6807898977200991,0.004555679149508641
2018,ret_4,0.27999999999999997,-0.6397087017267314,0.004555679149508641
2018,ret_4,0.29,-0.5907422268046183,0.004555679149508641
2018,ret_4,0.3,-0.5497945205479552,0.00525454931754599
2018,ret_4,0.30999999999999994,-0.5142085168868692,0.00525454931754599
2018,ret_4,0.31999999999999995,-0.47615188477706255,0.00525454931754599
2018,ret_4,0.32999999999999996,-0.43580864012775083,0.00525454931754599
2018,ret_4,0.33999999999999997,-0.39725671210582575,0.004842601743195515
2018,ret_4,0.3499999999999999,-0.3579500570098235,0.004842601743195515
2018,ret_4,0.35999999999999993,-0.316241255699106,0.004842601743195515
2018,ret_4,0.36999999999999994,-0.2806457487461727,0.00602428379665542
2018,ret_4,0.37999999999999995,-0.24144772345811188,0.00602428379665542
2018,ret_4,0.38999999999999996,-0.2100273273273685,0.00602428379665542
2018,ret_4,0.3999999999999999,-0.17414364265254703,0.008822686986666169
2018,ret_4,0.4099999999999999,-0.14215922444186505,0.008822686986666169
2018,ret_4,0.41999999999999993,-0.11082379207012356,0.008822686986666169
2018,ret_4,0.42999999999999994,-0.07559837256607711,0.008822686986666169
2018,ret_4,0.43999999999999995,-0.04428558563065812,0.01119997761749116
2018,ret_4,0.4499999999999999,-0.014862889849622507,0.01119997761749116
2018,ret_4,0.4599999999999999,0.018147449416157684,0.01119997761749116
2018,ret_4,0.4699999999999999,0.04874091041302796,0.011647346106062259
2018,ret_4,0.4799999999999999,0.08014451890934227,0.011647346106062259
2018,ret_4,0.48999999999999994,0.11024584891438978,0.011647346106062259
2018,ret_4,0.49999999999999994,0.14069549881055013,0.011647346106062259
2018,ret_4,0.5099999999999999,0.17129906721859564,0.00872068589667042
2018,ret_4,0.5199999999999999,0.20293623356628207,0.00872068589667042
2018,ret_4,0.5299999999999999,0.23411371237456904,0.00872068589667042
2018,ret_4,0.5399999999999999,0.2654028436019324,0.004215387641899087
2018,ret_4,0.5499999999999999,0.2959477005217405,0.004215387641899087
2018,ret_4,0.5599999999999999,0.32783171838805697,0.004215387641899087
2018,ret_4,0.57,0.3626379692507726,0.0018579509328552875
2018,ret_4,0.58,0.3938318640657806,0.0018579509328552875
2018,ret_4,0.59,0.42794759825319595,0.0018579509328552875
2018,ret_4,0.6,0.4615384615384395,-0.0018256300980936868
2018,ret_4,0.61,0.49797479032100683,-0.0018256300980936868
2018,ret_4,0.62,0.5225444091964808,-0.0018256300980936868
2018,ret_4,0.63,0.55142231947483,-0.0018256300980936868
2018,ret_4,0.6399999999999999,0.5859030837004267,-0.003215798136905494
2018,ret_4,0.6499999999999999,0.617770973748378,-0.003215798136905494
2018,ret_4,0.6599999999999999,0.6529181017986689,-0.003215798136905494
2018,ret_4,0.6699999999999999,0.689443918136341,-0.005848096518157641
2018,ret_4,0.6799999999999999,0.7252898475458517,-0.005848096518157641
2018,ret_4,0.69,0.760478404042582,-0.005848096518157641
2018,ret_4,0.7,0.7965517241379859,-0.005848096518157641
2018,ret_4,0.71,0.8346199647609048,-0.007299886330493529
2018,ret_4,0.72,0.8767301746748722,-0.007299886330493529
2018,ret_4,0.73,0.9179177166599071,-0.007299886330493529
2018,ret_4,0.74,0.9622188733978542,-0.008605027681588476
2018,ret_4,0.7499999999999999,1.0038295645184396,-0.008605027681588476
2018,ret_4,0.7599999999999999,1.0465591922281887,-0.008605027681588476
2018,ret_4,0.7699999999999999,1.0866603007105193,-0.008263767372913839
2018,ret_4,0.7799999999999999,1.1268896350237367,-0.008263767372913839
2018,ret_4,0.7899999999999999,1.1784248478162838,-0.008263767372913839
2018,ret_4,0.7999999999999999,1.2251812616680147,-0.006670504060607336
2018,ret_4,0.8099999999999999,1.2817471295040412,-0.006670504060607336
2018,ret_4,0.82,1.3407284151230001,-0.006670504060607336
2018,ret_4,0.83,1.4010911495183367,-0.006670504060607336
2018,ret_4,0.84,1.469536641300917,-0.001753814715224364
2018,ret_4,0.8499999999999999,1.5342465753424699,-0.001753814715224364
2018,ret_4,0.8599999999999999,1.6072515033605483,-0.001753814715224364
2018,ret_4,0.8699999999999999,1.6843973396266738,-0.0016447990935455395
2018,ret_4,0.8799999999999999,1.7753926022063486,-0.0016447990935455395
2018,ret_4,0.8899999999999999,1.8619932332096323,-0.0016447990935455395
2018,ret_4,0.8999999999999999,1.966361206567408,-0.0015172648901742385
2018,ret_4,0.9099999999999999,2.085119121638974,-0.0015172648901742385
2018,ret_4,0.9199999999999999,2.219603178973284,-0.0015172648901742385
2018,ret_4,0.9299999999999999,2.347449395543342,0.002029705938939954
2018,ret_4,0.94,2.518325444173166,0.002029705938939954
2018,ret_4,0.95,2.701176470588236,0.002029705938939954
2018,ret_8,0.05,-3.503113710181942,-0.0018541419501962421
2018,ret_8,0.06,-3.3103496957402285,-0.0018541419501962421
2018,ret_8,0.07,-3.1004514850493408,-0.0018541419501962421
2018,ret_8,0.08,-2.9525092276620897,0.007013207858062095
2018,ret_8,0.09,-2.7935174713475512,0.007013207858062095
2018,ret_8,0.09999999999999999,-2.657149132054267,0.007013207858062095
2018,ret_8,0.10999999999999999,-2.5068090396064506,0.01107931777446951
2018,ret_8,0.12,-2.39394513179139,0.01107931777446951
2018,ret_8,0.13,-2.271176573158114,0.01107931777446951
2018,ret_8,0.13999999999999999,-2.1624892548288366,0.014347067326333654
2018,ret_8,0.14999999999999997,-2.053102701778933,0.014347067326333654
2018,ret_8,0.15999999999999998,-1.9439193449394991,0.014347067326333654
2018,ret_8,0.16999999999999998,-1.841520010964952,0.013106031183994013
2018,ret_8,0.18,-1.744807121661712,0.013106031183994013
2018,ret_8,0.19,-1.6509556631753017,0.013106031183994013
2018,ret_8,0.19999999999999996,-1.5774647887324271,0.015469276588106035
2018,ret_8,0.20999999999999996,-1.5029880837673033,0.015469276588106035
2018,ret_8,0.21999999999999997,-1.4273816866552558,0.015469276588106035
2018,ret_8,0.22999999999999998,-1.3554919453356853,0.015636378574634565
2018,ret_8,0.24,-1.2886188552144746,0.015636378574634565
2018,ret_8,0.24999999999999994,-1.2114940046743354,0.015636378574634565
2018,ret_8,0.25999999999999995,-1.1478183748083777,0.015636378574634565
2018,ret_8,0.26999999999999996,-1.0761757037378505,0.013922952898951456
2018,ret_8,0.27999999999999997,-1.012849141824761,0.013922952898951456
2018,ret_8,0.29,-0.9463894940218299,0.013922952898951456
2018,ret_8,0.3,-0.8791484897012452,0.008795342571965027
2018,ret_8,0.30999999999999994,-0.8151469332311366,0.008795342571965027
2018,ret_8,0.31999999999999995,-0.7535233918128309,0.008795342571965027
2018,ret_8,0.32999999999999996,-0.6936993288984236,0.008795342571965027
2018,ret_8,0.33999999999999997,-0.6301068493150404,0.006032730679296558
2018,ret_8,0.3499999999999999,-0.5726002075628613,0.006032730679296558
2018,ret_8,0.35999999999999993,-0.5169612483089969,0.006032730679296558
2018,ret_8,0.36999999999999994,-0.4620770693623749,0.003979182982097704
2018,ret_8,0.37999999999999995,-0.40183402515917355,0.003979182982097704
2018,ret_8,0.38999999999999996,-0.34284100432319176,0.003979182982097704
2018,ret_8,0.3999999999999999,-0.28365624051022315,0.002379580490885376
2018,ret_8,0.4099999999999999,-0.22089192146670938,0.002379580490885376
2018,ret_8,0.41999999999999993,-0.1697772317772144,0.002379580490885376
2018,ret_8,0.42999999999999994,-0.11377727205268692,0.002379580490885376
2018,ret_8,0.43999999999999995,-0.06038650458945678,0.0012343565153166863
2018,ret_8,0.4499999999999999,0.0,0.0012343565153166863
2018,ret_8,0.4599999999999999,0.05418733802303602,0.0012343565153166863
2018,ret_8,0.4699999999999999,0.10402000883207449,-0.0007842280874405008
2018,ret_8,0.4799999999999999,0.16052523311155373,-0.0007842280874405008
2018,ret_8,0.48999999999999994,0.21246659798089743,-0.0007842280874405008
2018,ret_8,0.49999999999999994,0.2639595296691142,-0.0028724452847733927
2018,ret_8,0.5099999999999999,0.31578947368420646,-0.0028724452847733927
2018,ret_8,0.5199999999999999,0.37022806343267317,-0.0028724452847733927
2018,ret_8,0.5299999999999999,0.4200776896942271,-0.0028724452847733927
2018,ret_8,0.5399999999999999,0.48416357415792083,-0.0070437291134668725
2018,ret_8,0.5499999999999999,0.5394187258941362,-0.0070437291134668725
2018,ret_8,0.5599999999999999,0.6003759692200422,-0.0070437291134668725
2018,ret_8,0.57,0.6562204911215926,-0.012631876813607699
2018,ret_8,0.58,0.7134679421413347,-0.012631876813607699
2018,ret_8,0.59,0.7668303659547546,-0.012631876813607699
2018,ret_8,0.6,0.8222180664110484,-0.012631876813607699
2018,ret_8,0.61,0.8765217391304305,-0.01676160724986219
2018,ret_8,0.62,0.9339923254029473,-0.01676160724986219
2018,ret_8,0.63,0.9935063300193073,-0.01676160724986219
2018,ret_8,0.6399999999999999,1.0435120851243782,-0.018240406480950256
2018,ret_8,0.6499999999999999,1.0996155536484369,-0.018240406480950256
2018,ret_8,0.6599999999999999,1.1574911909795946,-0.018240406480950256
2018,ret_8,0.6699999999999999,1.2162661737523095,-0.020196546714592166
2018,ret_8,0.6799999999999999,1.2792944881889916,-0.020196546714592166
2018,ret_8,0.69,1.3497753826929326,-0.020196546714592166
2018,ret_8,0.7,1.4166256803247907,-0.019943098626918117
2018,ret_8,0.71,1.4813064382278442,-0.019943098626918117
2018,ret_8,0.72,1.5453815749469133,-0.019943098626918117
2018,ret_8,0.73,1.6203814393141054,-0.019943098626918117
2018,ret_8,0.74,1.6902401083212821,-0.017766170287518503
2018,ret_8,0.7499999999999999,1.7622819472617015,-0.017766170287518503
2018,ret_8,0.7599999999999999,1.8301451443429373,-0.017766170287518503
2018,ret_8,0.7699999999999999,1.910091803849863,-0.016797691888791984
2018,ret_8,0.7799999999999999,1.982962962963007,-0.016797691888791984
2018,ret_8,0.7899999999999999,2.064899436846324,-0.016797691888791984
2018,ret_8,0.7999999999999999,2.1470746192594783,-0.009684819701437409
2018,ret_8,0.8099999999999999,2.233265439761528,-0.009684819701437409
2018,ret_8,0.82,2.3139186587575296,-0.009684819701437409
2018,ret_8,0.83,2.417623283191538,-0.005931394408235419
2018,ret_8,0.84,2.504534423847834,-0.005931394408235419
2018,ret_8,0.8499999999999999,2.6062776120437237,-0.005931394408235419
2018,ret_8,0.8599999999999999,2.7069183036533366,-0.0017904014955790145
2018,ret_8,0.8699999999999999,2.8094890248291513,-0.0017904014955790145
2018,ret_8,0.8799999999999999,2.9326515398256237,-0.0017904014955790145
2018,ret_8,0.8899999999999999,3.0647031031891023,-0.0017904014955790145
2018,ret_8,0.8999999999999999,3.2010919097959767,0.010028548957764711
2018,ret_8,0.9099999999999999,3.356316934720834,0.010028548957764711
2018,ret_8,0.9199999999999999,3.5044322514585557,0.010028548957764711
2018,ret_8,0.9299999999999999,3.672515686274462,0.018250018058673358
2018,ret_8,0.94,3.834922038138204,0.018250018058673358
2018,ret_8,0.95,4.039154411764627,0.018250018058673358
2018,vol_8,0.05,0.35827300994265476,0.01725962610133608
2018,vol_8,0.06,0.37172601849502057,0.01725962610133608
2018,vol_8,0.07,0.3849829513893138,0.020669566354797244
2018,vol_8,0.08,0.395512537585517,0.020669566354797244
2018,vol_8,0.09,0.4076720537430941,0.020669566354797244
2018,vol_8,0.09999999999999999,0.4179682430388057,0.020669566354797244
2018,vol_8,0.10999999999999999,0.42788801243067565,0.017490516076757476
2018,vol_8,0.12,0.4367599917886303,0.017490516076757476
2018,vol_8,0.13,0.44565813876145677,0.017490516076757476
2018,vol_8,0.13999999999999999,0.45422734911509305,0.01714612202395462
2018,vol_8,0.14999999999999997,0.46239554094689433,0.01714612202395462
2018,vol_8,0.15999999999999998,0.4710245105944947,0.01714612202395462
2018,vol_8,0.16999999999999998,0.47824134805577967,0.011719046035339962
2018,vol_8,0.18,0.4851121430798344,0.011719046035339962
2018,vol_8,0.19,0.4933015201411623,0.011719046035339962
2018,vol_8,0.19999999999999996,0.49974786550950034,0.0077050424664143165
2018,vol_8,0.20999999999999996,0.5060343166609994,0.0077050424664143165
2018,vol_8,0.21999999999999997,0.512806688528557,0.0077050424664143165
2018,vol_8,0.22999999999999998,0.5192426743961587,0.00391385088291621
2018,vol_8,0.24,0.5261078087901819,0.00391385088291621
2018,vol_8,0.24999999999999994,0.5319448384380957,0.00391385088291621
2018,vol_8,0.25999999999999995,0.5385381846066691,0.00391385088291621
2018,vol_8,0.26999999999999996,0.5452473924269157,0.0003366073138616891
2018,vol_8,0.27999999999999997,0.5514640953738301,0.0003366073138616891
2018,vol_8,0.29,0.5581495287048074,0.0003366073138616891
2018,vol_8,0.3,0.5643521727629246,-0.0022330755455335126
2018,vol_8,0.30999999999999994,0.571019781042165,-0.0022330755455335126
2018,vol_8,0.31999999999999995,0.5775746678463739,-0.0022330755455335126
2018,vol_8,0.32999999999999996,0.5844647166529573,-0.00901609217386519
2018,vol_8,0.33999999999999997,0.5913642016020279,-0.00901609217386519
2018,vol_8,0.3499999999999999,0.5981523833060558,-0.00901609217386519
2018,vol_8,0.35999999999999993,0.6043349398176057,-0.010837741047694454
2018,vol_8,0.36999999999999994,0.6104573430908469,-0.010837741047694454
2018,vol_8,0.37999999999999995,0.6167084202558931,-0.010837741047694454
2018,vol_8,0.38999999999999996,0.6233763114484226,-0.010817294050794995
2018,vol_8,0.3999999999999999,0.6308658242864753,-0.010817294050794995
2018,vol_8,0.4099999999999999,0.637910912708562,-0.010817294050794995
2018,vol_8,0.41999999999999993,0.644444303205174,-0.009567439451579859
2018,vol_8,0.42999999999999994,0.6515863630328159,-0.009567439451579859
2018,vol_8,0.43999999999999995,0.658374772818793,-0.009567439451579859
2018,vol_8,0.4499999999999999,0.6655117458025399,-0.009567439451579859
2018,vol_8,0.4599999999999999,0.6722350334318071,-0.007366460332690192
2018,vol_8,0.4699999999999999,0.6793403863587394,-0.007366460332690192
2018,vol_8,0.4799999999999999,0.6859823770127277,-0.007366460332690192
2018,vol_8,0.48999999999999994,0.6925703536448704,-0.005352236054705879
2018,vol_8,0.49999999999999994,0.6996382192466162,-0.005352236054705879
2018,vol_8,0.5099999999999999,0.7070785587117147,-0.005352236054705879
2018,vol_8,0.5199999999999999,0.7143170140262532,-0.005352236054705879
2018,vol_8,0.5299999999999999,0.7212380909575998,-0.004654425186361111
2018,vol_8,0.5399999999999999,0.7287321881550067,-0.004654425186361111
2018,vol_8,0.5499999999999999,0.7361228011034193,-0.004654425186361111
2018,vol_8,0.5599999999999999,0.7434674127012804,-0.004450273974536205
2018,vol_8,0.57,0.7510585806054997,-0.004450273974536205
2018,vol_8,0.58,0.7585473048266769,-0.004450273974536205
2018,vol_8,0.59,0.7651219462864098,-0.004458719604656865
2018,vol_8,0.6,0.7722623358367684,-0.004458719604656865
2018,vol_8,0.61,0.7809960221822048,-0.004458719604656865
2018,vol_8,0.62,0.7882881128866771,-0.004458719604656865
2018,vol_8,0.63,0.7953900258855277,-0.004109287654117891
2018,vol_8,0.6399999999999999,0.803517225092763,-0.004109287654117891
2018,vol_8,0.6499999999999999,0.8121683298692324,-0.004109287654117891
2018,vol_8,0.6599999999999999,0.821462411505406,-0.004073593995514192
2018,vol_8,0.6699999999999999,0.8298858040323118,-0.004073593995514192
2018,vol_8,0.6799999999999999,0.8389521085621967,-0.004073593995514192
2018,vol_8,0.69,0.8466583673871563,-0.004073593995514192
2018,vol_8,0.7,0.8572270849551895,-0.0016703137018908283
2018,vol_8,0.71,0.8665864409502508,-0.0016703137018908283
2018,vol_8,0.72,0.8763555537656341,-0.0016703137018908283
2018,vol_8,0.73,0.8879110903870082,-0.0012621462633247832
2018,vol_8,0.74,0.8991358262500982,-0.0012621462633247832
2018,vol_8,0.7499999999999999,0.9095122801868731,-0.0012621462633247832
2018,vol_8,0.7599999999999999,0.9198078598197419,0.004621448436235531
2018,vol_8,0.7699999999999999,0.9318900715656938,0.004621448436235531
2018,vol_8,0.7799999999999999,0.943983456945777,0.004621448436235531
2018,vol_8,0.7899999999999999,0.9581105912395689,0.004621448436235531
2018,vol_8,0.7999999999999999,0.9716569622910967,0.007541217996513015
2018,vol_8,0.8099999999999999,0.9853691356618154,0.007541217996513015
2018,vol_8,0.82,1.0005441565834652,0.007541217996513015
2018,vol_8,0.83,1.0145630335774483,0.004030331382381655
2018,vol_8,0.84,1.0294286762972749,0.004030331382381655
2018,vol_8,0.8499999999999999,1.0470871888191702,0.004030331382381655
2018,vol_8,0.8599999999999999,1.0666283412452284,0.004030331382381655
2018,vol_8,0.8699999999999999,1.08440556369607,-0.0006858015819476164
2018,vol_8,0.8799999999999999,1.1041157152531003,-0.0006858015819476164
2018,vol_8,0.8899999999999999,1.1267483414582367,-0.0006858015819476164
2018,vol_8,0.8999999999999999,1.1487776151410756,-0.008097763640577097
2018,vol_8,0.9099999999999999,1.1721729531283618,-0.008097763640577097
2018,vol_8,0.9199999999999999,1.1989217146249378,-0.008097763640577097
2018,vol_8,0.9299999999999999,1.2374959106218504,-0.01609552621230111
2018,vol_8,0.94,1.2736449340656721,-0.01609552621230111
2018,vol_8,0.95,1.311612393254515,-0.01609552621230111
2018,body,0.05,-1.0104644717880686,-0.02818696224555581
2018,body,0.06,-0.933333333333251,-0.02818696224555581
2018,body,0.07,-0.8630003013450482,-0.024447823782683877
2018,body,0.08,-0.8138490393249843,-0.024447823782683877
2018,body,0.09,-0.7629505776845098,-0.024447823782683877
2018,body,0.09999999999999999,-0.7201252503417306,-0.020840327839769402
2018,body,0.10999999999999999,-0.6745604292168713,-0.020840327839769402
2018,body,0.12,-0.6390092007938036,-0.020840327839769402
2018,body,0.13,-0.6063729110132785,-0.020840327839769402
2018,body,0.13999999999999999,-0.579504382169693,-0.015381723519961222
2018,body,0.14999999999999997,-0.5479774122901526,-0.015381723519961222
2018,body,0.15999999999999998,-0.519930676921629,-0.015381723519961222
2018,body,0.16999999999999998,-0.49831537866934206,-0.00998494431819803
2018,body,0.18,-0.47511312217194923,-0.00998494431819803
2018,body,0.19,-0.4519578494713551,-0.00998494431819803
2018,body,0.19999999999999996,-0.43223804298584,-0.00998494431819803
2018,body,0.20999999999999996,-0.4087714149547519,-0.006250607588714676
2018,body,0.21999999999999997,-0.38821921082812133,-0.006250607588714676
2018,body,0.22999999999999998,-0.36556668981993806,-0.006250607588714676
2018,body,0.24,-0.34782608695642875,-0.004407202196568586
2018,body,0.24999999999999994,-0.33006904566587214,-0.004407202196568586
2018,body,0.25999999999999995,-0.3115710392310918,-0.004407202196568586
2018,body,0.26999999999999996,-0.2953071106957778,-0.0027295408479067144
2018,body,0.27999999999999997,-0.2791882859257371,-0.0027295408479067144
2018,body,0.29,-0.26284686503553306,-0.0027295408479067144
2018,body,0.3,-0.2482479119282602,-0.003235027624422713
2018,body,0.30999999999999994,-0.2339832869081214,-0.003235027624422713
2018,body,0.31999999999999995,-0.21922690400973488,-0.003235027624422713
2018,body,0.32999999999999996,-0.20463398650907294,-0.003235027624422713
2018,body,0.33999999999999997,-0.19039652362843237,-0.0015531366728442654
2018,body,0.3499999999999999,-0.17533123490232028,-0.0015531366728442654
2018,body,0.35999999999999993,-0.16266455847076344,-0.0015531366728442654
2018,body,0.36999999999999994,-0.14897934803831883,0.0011058495404515111
2018,body,0.37999999999999995,-0.13466121960943842,0.0011058495404515111
2018,body,0.38999999999999996,-0.11931818181820261,0.0011058495404515111
2018,body,0.3999999999999999,-0.10487739218967597,0.0019581783800110327
2018,body,0.4099999999999999,-0.08995387062858036,0.0019581783800110327
2018,body,0.41999999999999993,-0.07736304379393855,0.0019581783800110327
2018,body,0.42999999999999994,-0.06311967101569663,0.0019581783800110327
2018,body,0.43999999999999995,-0.0490615366854617,0.0004524226344466199
2018,body,0.4499999999999999,-0.034259845333978925,0.0004524226344466199
2018,body,0.4599999999999999,-0.02312677168571115,0.0004524226344466199
2018,body,0.4699999999999999,0.0,2.3211023483160436e-05
2018,body,0.4799999999999999,0.0,2.3211023483160436e-05
2018,body,0.48999999999999994,0.017991495092457645,2.3211023483160436e-05
2018,body,0.49999999999999994,0.030905227866379517,2.3211023483160436e-05
2018,body,0.5099999999999999,0.042263951868027,0.002968240578966927
2018,body,0.5199999999999999,0.05691056910565934,0.002968240578966927
2018,body,0.5299999999999999,0.07026703070493313,0.002968240578966927
2018,body,0.5399999999999999,0.0829997356028558,0.004220165289262711
2018,body,0.5499999999999999,0.09435659528728925,0.004220165289262711
2018,body,0.5599999999999999,0.10810810810815039,0.004220165289262711
2018,body,0.57,0.12173913043473135,0.0033098531433332547
2018,body,0.58,0.13358778625945775,0.0033098531433332547
2018,body,0.59,0.14675052410898354,0.0033098531433332547
2018,body,0.6,0.1593776738888266,0.0033098531433332547
2018,body,0.61,0.1727021188997434,0.00420717207075952
2018,body,0.62,0.18771902206704147,0.00420717207075952
2018,body,0.63,0.2025316455695898,0.00420717207075952
2018,body,0.6399999999999999,0.21642954966359984,0.002937733525931562
2018,body,0.6499999999999999,0.23045267489707078,0.002937733525931562
2018,body,0.6599999999999999,0.2431605654222527,0.002937733525931562
2018,body,0.6699999999999999,0.2572907979924987,0.002937733525931562
2018,body,0.6799999999999999,0.2737850869404873,0.0034115522856986106
2018,body,0.69,0.2875565688911622,0.0034115522856986106
2018,body,0.7,0.3019721747620187,0.0034115522856986106
2018,body,0.71,0.3169486708384754,0.006699543438152947
2018,body,0.72,0.33293267657515757,0.006699543438152947
2018,body,0.73,0.3492104221114216,0.006699543438152947
2018,body,0.74,0.36525663185294416,0.007533590125171924
2018,body,0.7499999999999999,0.38090257023313284,0.007533590125171924
2018,body,0.7599999999999999,0.39734784478521507,0.007533590125171924
2018,body,0.7699999999999999,0.4136363636363367,0.007533590125171924
2018,body,0.7799999999999999,0.42831976961252194,0.010178969185450979
2018,body,0.7899999999999999,0.4452454224220903,0.010178969185450979
2018,body,0.7999999999999999,0.4645651019644989,0.010178969185450979
2018,body,0.8099999999999999,0.4827586206896809,0.01156690534567585
2018,body,0.82,0.5009958787398546,0.01156690534567585
2018,body,0.83,0.5206851336278544,0.01156690534567585
2018,body,0.84,0.5412711623947837,0.01156690534567585
2018,body,0.8499999999999999,0.5645161290322768,0.015196543207024394
2018,body,0.8599999999999999,0.5919862698902727,0.015196543207024394
2018,body,0.8699999999999999,0.6195441361916445,0.015196543207024394
2018,body,0.8799999999999999,0.6451776235198678,0.01754474847709637
2018,body,0.8899999999999999,0.6761645115479502,0.01754474847709637
2018,body,0.8999999999999999,0.7103313172809925,0.01754474847709637
2018,body,0.9099999999999999,0.7459356573575985,0.018116911889590505
2018,body,0.9199999999999999,0.7886293762575267,0.018116911889590505
2018,body,0.9299999999999999,0.831234211292173,0.018116911889590505
2018,body,0.94,0.8791275956640843,0.01368224083368803
2018,body,0.95,0.9433379586802048,0.01368224083368803
2018,range,0.05,0.4301809761252927,-0.0030362863236986066
2018,range,0.06,0.44637681159423626,-0.0030362863236986066
2018,range,0.07,0.4575570300873855,-0.0030362863236986066
2018,range,0.08,0.47155145895825284,-0.0053772170576480895
2018,range,0.09,0.4849794115928521,-0.0053772170576480895
2018,range,0.09999999999999999,0.4962923584753732,-0.0053772170576480895
2018,range,0.10999999999999999,0.5069389107674935,-0.005164449453993938
2018,range,0.12,0.5176454018227024,-0.005164449453993938
2018,range,0.13,0.5289969831878275,-0.005164449453993938
2018,range,0.13999999999999999,0.5384615384614885,-0.00145848073215296
2018,range,0.14999999999999997,0.5481893315513204,-0.00145848073215296
2018,range,0.15999999999999998,0.5576588115556016,-0.00145848073215296
2018,range,0.16999999999999998,0.5668016194332086,-0.00145848073215296
2018,range,0.18,0.5758308015891138,0.0024943304538302693
2018,range,0.19,0.5833333333333846,0.0024943304538302693
2018,range,0.19999999999999996,0.5918008411030102,0.0024943304538302693
2018,range,0.20999999999999996,0.5998001483375823,0.0034224477809151606
2018,range,0.21999999999999997,0.6079613992762495,0.0034224477809151606
2018,range,0.22999999999999998,0.6162679425837537,0.0034224477809151606
2018,range,0.24,0.6248715943661556,0.003620015647563934
2018,range,0.24999999999999994,0.6322580645160955,0.003620015647563934
2018,range,0.25999999999999995,0.6408635046903238,0.003620015647563934
2018,range,0.26999999999999996,0.6489156318069551,0.003620015647563934
2018,range,0.27999999999999997,0.6562500000000385,0.0010459721358761736
2018,range,0.29,0.6644274337758104,0.0010459721358761736
2018,range,0.3,0.6730769230769172,0.0010459721358761736
2018,range,0.30999999999999994,0.6819014099862962,-0.001903726993460315
2018,range,0.31999999999999995,0.6908055820375156,-0.001903726993460315
2018,range,0.32999999999999996,0.6993179322063114,-0.001903726993460315
2018,range,0.33999999999999997,0.7066378609147095,-0.001903726993460315
2018,range,0.3499999999999999,0.7162616382828568,-0.0037931451944873107
2018,range,0.35999999999999993,0.7253886010362688,-0.0037931451944873107
2018,range,0.36999999999999994,0.7320261437908888,-0.0037931451944873107
2018,range,0.37999999999999995,0.7400475770924657,-0.005822196446927468
2018,range,0.38999999999999996,0.7482366511853537,-0.005822196446927468
2018,range,0.3999999999999999,0.7567567567567535,-0.005822196446927468
2018,range,0.4099999999999999,0.7650872137605061,-0.005901779957756987
2018,range,0.41999999999999993,0.7722772277228038,-0.005901779957756987
2018,range,0.42999999999999994,0.7809330628803244,-0.005901779957756987
2018,range,0.43999999999999995,0.7892156862745311,-0.005901779957756987
2018,range,0.4499999999999999,0.7983279311140248,-0.0034039507032808114
2018,range,0.4599999999999999,0.8069164265129155,-0.0034039507032808114
2018,range,0.4699999999999999,0.8141843971631046,-0.0034039507032808114
2018,range,0.4799999999999999,0.8235294117647415,-0.0039104267660031115
2018,range,0.48999999999999994,0.8319672131146619,-0.0039104267660031115
2018,range,0.49999999999999994,0.8411434940280063,-0.0039104267660031115
2018,range,0.5099999999999999,0.8502534619488725,-0.004330631719795507
2018,range,0.5199999999999999,0.8594921092685959,-0.004330631719795507
2018,range,0.5299999999999999,0.8693316723956345,-0.004330631719795507
2018,range,0.5399999999999999,0.8799883964544707,-0.004330631719795507
2018,range,0.5499999999999999,0.8886524216126456,-0.0067796413565939205
2018,range,0.5599999999999999,0.8984376540474875,-0.0067796413565939205
2018,range,0.57,0.9083405190402924,-0.0067796413565939205
2018,range,0.58,0.91922146841556,-0.00843675328152901
2018,range,0.59,0.9296874999999705,-0.00843675328152901
2018,range,0.6,0.940860215053756,-0.00843675328152901
2018,range,0.61,0.9531281456583508,-0.008209139653649836
2018,range,0.62,0.9653007217321675,-0.008209139653649836
2018,range,0.63,0.9772318846218746,-0.008209139653649836
2018,range,0.6399999999999999,0.9903601748826518,-0.008209139653649836
2018,range,0.6499999999999999,1.0033876880293278,-0.00960047145837813
2018,range,0.6599999999999999,1.0157182227861172,-0.00960047145837813
2018,range,0.6699999999999999,1.026181924465102,-0.00960047145837813
2018,range,0.6799999999999999,1.039542646207762,-0.009952420770303554
2018,range,0.69,1.0529247910864015,-0.009952420770303554
2018,range,0.7,1.0659013243394446,-0.009952420770303554
2018,range,0.71,1.080276173811638,-0.009687026337610864
2018,range,0.72,1.093863947909524,-0.009687026337610864
2018,range,0.73,1.1086556169428632,-0.009687026337610864
2018,range,0.74,1.1247419326252468,-0.00826489846864599
2018,range,0.7499999999999999,1.1404964864244793,-0.00826489846864599
2018,range,0.7599999999999999,1.1559936131634219,-0.00826489846864599
2018,range,0.7699999999999999,1.173442743016807,-0.00826489846864599
2018,range,0.7799999999999999,1.1914893617022433,-0.0038377848179263095
2018,range,0.7899999999999999,1.2090909090908728,-0.0038377848179263095
2018,range,0.7999999999999999,1.2292209474181262,-0.0038377848179263095
2018,range,0.8099999999999999,1.2484519561380791,-4.769506514110217e-06
2018,range,0.82,1.2684605119973797,-4.769506514110217e-06
2018,range,0.83,1.29444938839458,-4.769506514110217e-06
2018,range,0.84,1.3189711312392807,0.0029787084534728383
2018,range,0.8499999999999999,1.346378266338342,0.0029787084534728383
2018,range,0.8599999999999999,1.3717964462080676,0.0029787084534728383
2018,range,0.8699999999999999,1.4036939313984433,0.0029787084534728383
2018,range,0.8799999999999999,1.4382314694407952,0.010935314478936007
2018,range,0.8899999999999999,1.464557060777764,0.010935314478936007
2018,range,0.8999999999999999,1.5026636945180873,0.010935314478936007
2018,range,0.9099999999999999,1.547970762976824,0.016627903865215683
2018,range,0.9199999999999999,1.5966373692077982,0.016627903865215683
2018,range,0.9299999999999999,1.6441758932037953,0.016627903865215683
2018,range,0.94,1.7012682841069178,0.02304711906794063
2018,range,0.95,1.7766579254079435,0.02304711906794063
2018,mean_distance,0.05,-1.9023661993461605,0.0018434758167561163
2018,mean_distance,0.06,-1.7596287516546432,0.0018434758167561163
2018,mean_distance,0.07,-1.6478098056464114,-0.0020361602310781626
2018,mean_distance,0.08,-1.5434299516908339,-0.0020361602310781626
2018,mean_distance,0.09,-1.4411955648768149,-0.0020361602310781626
2018,mean_distance,0.09999999999999999,-1.3548120957606666,-0.0020361602310781626
2018,mean_distance,0.10999999999999999,-1.2808534820514528,-0.0028937813899712226
2018,mean_distance,0.12,-1.2087628865979347,-0.0028937813899712226
2018,mean_distance,0.13,-1.1504353265286429,-0.0028937813899712226
2018,mean_distance,0.13999999999999999,-1.0789321205836935,-0.006578641525819101
2018,mean_distance,0.14999999999999997,-1.0199142607943983,-0.006578641525819101
2018,mean_distance,0.15999999999999998,-0.9605438786131777,-0.006578641525819101
2018,mean_distance,0.16999999999999998,-0.9083872598370965,-0.008630059914155866
2018,mean_distance,0.18,-0.8573480116413863,-0.008630059914155866
2018,mean_distance,0.19,-0.8067541072138834,-0.008630059914155866
2018,mean_distance,0.19999999999999996,-0.7612578165182153,-0.005895116994693964
2018,mean_distance,0.20999999999999996,-0.718577966977392,-0.005895116994693964
2018,mean_distance,0.21999999999999997,-0.6742273121745019,-0.005895116994693964
2018,mean_distance,0.22999999999999998,-0.6335230567988216,-0.005895116994693964
2018,mean_distance,0.24,-0.5968055193394797,-0.005894694597476382
2018,mean_distance,0.24999999999999994,-0.5587893362211532,-0.005894694597476382
2018,mean_distance,0.25999999999999995,-0.5217487046632067,-0.005894694597476382
2018,mean_distance,0.26999999999999996,-0.48742306530113644,-0.005533647098125225
2018,mean_distance,0.27999999999999997,-0.45385298346515224,-0.005533647098125225
2018,mean_distance,0.29,-0.42048884671609893,-0.005533647098125225
2018,mean_distance,0.3,-0.3899662384716489,-0.005533647098125225
2018,mean_distance,0.30999999999999994,-0.3587978091459738,-0.004751206054593018
2018,mean_distance,0.31999999999999995,-0.32951768850045854,-0.004751206054593018
2018,mean_distance,0.32999999999999996,-0.30146675867998046,-0.004751206054593018
2018,mean_distance,0.33999999999999997,-0.2750288388452245,-0.004477235969290127
2018,mean_distance,0.3499999999999999,-0.2446118276248436,-0.004477235969290127
2018,mean_distance,0.35999999999999993,-0.2105582023589306,-0.004477235969290127
2018,mean_distance,0.36999999999999994,-0.18200000000001246,-0.005577623376361038
2018,mean_distance,0.37999999999999995,-0.1556150836342638,-0.005577623376361038
2018,mean_distance,0.38999999999999996,-0.1267851805727712,-0.005577623376361038
2018,mean_distance,0.3999999999999999,-0.0978940467426736,-0.005526738845208226
2018,mean_distance,0.4099999999999999,-0.06893681462508562,-0.005526738845208226
2018,mean_distance,0.41999999999999993,-0.04313220866116302,-0.005526738845208226
2018,mean_distance,0.42999999999999994,-0.017510368420602777,-0.005526738845208226
2018,mean_distance,0.43999999999999995,0.0069758618560694634,-0.004383036007337845
2018,mean_distance,0.4499999999999999,0.027903368794255822,-0.004383036007337845
2018,mean_distance,0.4599999999999999,0.05509996818448953,-0.004383036007337845
2018,mean_distance,0.4699999999999999,0.07495654649752659,-0.0006399900320889459
2018,mean_distance,0.4799999999999999,0.09808259587021792,-0.0006399900320889459
2018,mean_distance,0.48999999999999994,0.11928293795621644,-0.0006399900320889459
2018,mean_distance,0.49999999999999994,0.14372745572941883,0.002708188076212576
2018,mean_distance,0.5099999999999999,0.16332833123157384,0.002708188076212576
2018,mean_distance,0.5199999999999999,0.1863511773363481,0.002708188076212576
2018,mean_distance,0.5299999999999999,0.2099544731528489,0.002708188076212576
2018,mean_distance,0.5399999999999999,0.23395464007288544,0.006499532519874935
2018,mean_distance,0.5499999999999999,0.2571326894602262,0.006499532519874935
2018,mean_distance,0.5599999999999999,0.2812884195622809,0.006499532519874935
2018,mean_distance,0.57,0.3025556157728874,0.008293764192113234
2018,mean_distance,0.58,0.3255988943488815,0.008293764192113234
2018,mean_distance,0.59,0.34918726041263376,0.008293764192113234
2018,mean_distance,0.6,0.3730247632020132,0.008293764192113234
2018,mean_distance,0.61,0.3973741883115966,0.009962095472082193
2018,mean_distance,0.62,0.4213850835236615,0.009962095472082193
2018,mean_distance,0.63,0.44769184470915413,0.009962095472082193
2018,mean_distance,0.6399999999999999,0.4756908699125555,0.008305501327302438
2018,mean_distance,0.6499999999999999,0.4987922705313504,0.008305501327302438
2018,mean_distance,0.6599999999999999,0.525315228644977,0.008305501327302438
2018,mean_distance,0.6699999999999999,0.5495329676574005,0.005927615535750589
2018,mean_distance,0.6799999999999999,0.5721153846153788,0.005927615535750589
2018,mean_distance,0.69,0.6019722284789181,0.005927615535750589
2018,mean_distance,0.7,0.631147540983603,0.005927615535750589
2018,mean_distance,0.71,0.6573330624888382,0.0038090643785617623
2018,mean_distance,0.72,0.6871561771561704,0.0038090643785617623
2018,mean_distance,0.73,0.7202413617886536,0.0038090643785617623
2018,mean_distance,0.74,0.7550849874721136,0.0016333185669472406
2018,mean_distance,0.7499999999999999,0.7849120948849819,0.0016333185669472406
2018,mean_distance,0.7599999999999999,0.8198356704999704,0.0016333185669472406
2018,mean_distance,0.7699999999999999,0.8536322463767876,-0.0020095784306819148
2018,mean_distance,0.7799999999999999,0.8879218608853073,-0.0020095784306819148
2018,mean_distance,0.7899999999999999,0.9221527950420059,-0.0020095784306819148
2018,mean_distance,0.7999999999999999,0.9579548998046534,-0.0013246406434348431
2018,mean_distance,0.8099999999999999,0.9987100636942938,-0.0013246406434348431
2018,mean_distance,0.82,1.0429537843849583,-0.0013246406434348431
2018,mean_distance,0.83,1.0838853169856828,-0.0013246406434348431
2018,mean_distance,0.84,1.130287336491139,-0.000952676579499786
2018,mean_distance,0.8499999999999999,1.1808374785250213,-0.000952676579499786
2018,mean_distance,0.8599999999999999,1.2265892933462637,-0.000952676579499786
2018,mean_distance,0.8699999999999999,1.2833176040061625,0.001462030015409945
2018,mean_distance,0.8799999999999999,1.3445203946169837,0.001462030015409945
2018,mean_distance,0.8899999999999999,1.4169270115302681,0.001462030015409945
2018,mean_distance,0.8999999999999999,1.4995896032831273,0.0030424200581961936
2018,mean_distance,0.9099999999999999,1.5808253208790095,0.0030424200581961936
2018,mean_distance,0.9199999999999999,1.6573234387697913,0.0030424200581961936
2018,mean_distance,0.9299999999999999,1.7582089170464759,0.0030424200581961936
2018,mean_distance,0.94,1.8631957326179776,0.005980083552864741
2018,mean_distance,0.95,1.9742741128592352,0.005980083552864741
2018,range_position,0.05,0.06996236559139594,-0.018050020037779484
2018,range_position,0.06,0.08333333333336086,-0.018050020037779484
2018,range_position,0.07,0.09523809523809978,-0.01843334653812841
2018,range_position,0.08,0.10720413634624759,-0.01843334653812841
2018,range_position,0.09,0.11735714932536867,-0.01843334653812841
2018,range_position,0.09999999999999999,0.12790697674416357,-0.016407838061239674
2018,range_position,0.10999999999999999,0.13870961329398795,-0.016407838061239674
2018,range_position,0.12,0.14937449584739768,-0.016407838061239674
2018,range_position,0.13,0.1602564102563993,-0.015427584094226338
2018,range_position,0.13999999999999999,0.1707317073170555,-0.015427584094226338
2018,range_position,0.14999999999999997,0.18181135681124963,-0.015427584094226338
2018,range_position,0.15999999999999998,0.19230769230769978,-0.015427584094226338
2018,range_position,0.16999999999999998,0.20338983050848075,-0.012031941806604794
2018,range_position,0.18,0.21459227467811454,-0.012031941806604794
2018,range_position,0.19,0.2259096385542156,-0.012031941806604794
2018,range_position,0.19999999999999996,0.23733949666153936,-0.011072901383029635
2018,range_position,0.20999999999999996,0.24739721043057086,-0.011072901383029635
2018,range_position,0.21999999999999997,0.26043942577030527,-0.011072901383029635
2018,range_position,0.22999999999999998,0.27151471920899395,-0.011161788725533549
2018,range_position,0.24,0.2829416564667447,-0.011161788725533549
2018,range_position,0.24999999999999994,0.29583098591548923,-0.011161788725533549
2018,range_position,0.25999999999999995,0.30878186968839355,-0.011161788725533549
2018,range_position,0.26999999999999996,0.3203085631298947,-0.012569886625262839
2018,range_position,0.27999999999999997,0.3333333333333099,-0.012569886625262839
2018,range_position,0.29,0.34453781512604903,-0.012569886625262839
2018,range_position,0.3,0.35714285714285815,-0.012745353719241438
2018,range_position,0.30999999999999994,0.3664122137404372,-0.012745353719241438
2018,range_position,0.31999999999999995,0.37797385374675835,-0.012745353719241438
2018,range_position,0.32999999999999996,0.39004659685863385,-0.012745353719241438
2018,range_position,0.33999999999999997,0.40261264069264885,-0.013353235484836657
2018,range_position,0.3499999999999999,0.4149166666666628,-0.013353235484836657
2018,range_position,0.35999999999999993,0.42857142857144337,-0.013353235484836657
2018,range_position,0.36999999999999994,0.4409448818897442,-0.01464074390009751
2018,range_position,0.37999999999999995,0.4535823333896672,-0.01464074390009751
2018,range_position,0.38999999999999996,0.4651162790697602,-0.01464074390009751
2018,range_position,0.3999999999999999,0.47918238993710854,-0.013935344688380128
2018,range_position,0.4099999999999999,0.49056603773584795,-0.013935344688380128
2018,range_position,0.41999999999999993,0.5035368843692034,-0.013935344688380128
2018,range_position,0.42999999999999994,0.5142857142857217,-0.013935344688380128
2018,range_position,0.43999999999999995,0.5272362114872399,-0.012343107098090313
2018,range_position,0.4499999999999999,0.5384615384615211,-0.012343107098090313
2018,range_position,0.4599999999999999,0.5500393013100567,-0.012343107098090313
2018,range_position,0.4699999999999999,0.5620270732402403,-0.011826633952027873
2018,range_position,0.4799999999999999,0.574616391725587,-0.011826633952027873
2018,range_position,0.48999999999999994,0.587199589401426,-0.011826633952027873
2018,range_position,0.49999999999999994,0.5993627460757646,-0.013119909830257601
2018,range_position,0.5099999999999999,0.6103733766233662,-0.013119909830257601
2018,range_position,0.5199999999999999,0.6217566678845451,-0.013119909830257601
2018,range_position,0.5299999999999999,0.6340822227809679,-0.008118997313978816
2018,range_position,0.5399999999999999,0.6456564938412062,-0.008118997313978816
2018,range_position,0.5499999999999999,0.658658164440347,-0.008118997313978816
2018,range_position,0.5599999999999999,0.6689432869289094,-0.008118997313978816
2018,range_position,0.57,0.679391532003258,-0.0038705608024958557
2018,range_position,0.58,0.6902949852507128,-0.0038705608024958557
2018,range_position,0.59,0.700729927007296,-0.0038705608024958557
2018,range_position,0.6,0.7107843137254929,-0.0011370311284892081
2018,range_position,0.61,0.7206703910614541,-0.0011370311284892081
2018,range_position,0.62,0.7309843822483402,-0.0011370311284892081
2018,range_position,0.63,0.7405433530174298,-0.0011370311284892081
2018,range_position,0.6399999999999999,0.7499999999999907,0.004107621407520795
2018,range_position,0.6499999999999999,0.7596153846153877,0.004107621407520795
2018,range_position,0.6599999999999999,0.7686203208556212,0.004107621407520795
2018,range_position,0.6699999999999999,0.7777777777778064,0.009349691906688438
2018,range_position,0.6799999999999999,0.7879452882944039,0.009349691906688438
2018,range_position,0.69,0.796296296296298,0.009349691906688438
2018,range_position,0.7,0.8044503561314577,0.013447848204513406
2018,range_position,0.71,0.812269152202367,0.013447848204513406
2018,range_position,0.72,0.8200000000000233,0.013447848204513406
2018,range_position,0.73,0.8274859535088684,0.017905325934200855
2018,range_position,0.74,0.8357790756363166,0.017905325934200855
2018,range_position,0.7499999999999999,0.8442622950819705,0.017905325934200855
2018,range_position,0.7599999999999999,0.8518518518518461,0.017905325934200855
2018,range_position,0.7699999999999999,0.8590729103111598,0.019019148824087284
2018,range_position,0.7799999999999999,0.8648648648648558,0.019019148824087284
2018,range_position,0.7899999999999999,0.8723404255318964,0.019019148824087284
2018,range_position,0.7999999999999999,0.8791946308724627,0.021659898245605023
2018,range_position,0.8099999999999999,0.8857629037629031,0.021659898245605023
2018,range_position,0.82,0.8915722891566406,0.021659898245605023
2018,range_position,0.83,0.8974358974359313,0.024390373490729835
2018,range_position,0.84,0.9038461538461481,0.024390373490729835
2018,range_position,0.8499999999999999,0.9102564102563728,0.024390373490729835
2018,range_position,0.8599999999999999,0.9154495129983979,0.024390373490729835
2018,range_position,0.8699999999999999,0.9214195258889444,0.024088878831839435
2018,range_position,0.8799999999999999,0.9279279279279261,0.024088878831839435
2018,range_position,0.8899999999999999,0.9341276626013608,0.024088878831839435
2018,range_position,0.8999999999999999,0.939987577639742,0.02631383059415993
2018,range_position,0.9099999999999999,0.9455460934694643,0.02631383059415993
2018,range_position,0.9199999999999999,0.9515151515151439,0.02631383059415993
2018,range_position,0.9299999999999999,0.9568965517241244,0.030628943542074877
2018,range_position,0.94,0.9616937199725424,0.030628943542074877
2018,range_position,0.95,0.9682241490045018,0.030628943542074877
2018,atr_fraction,0.05,0.0010924965585074233,-0.020317343676954123
2018,atr_fraction,0.06,0.0011289823844412167,-0.019687938415834997
2018,atr_fraction,0.07,0.0011650061457836073,-0.019687938415834997
2018,atr_fraction,0.08,0.0011966134483553568,-0.019687938415834997
2018,atr_fraction,0.09,0.0012249719019305331,-0.017618167958170065
2018,atr_fraction,0.09999999999999999,0.0012553335325592814,-0.017618167958170065
2018,atr_fraction,0.10999999999999999,0.0012870232550596728,-0.017618167958170065
2018,atr_fraction,0.12,0.0013160002086590621,-0.015490978121551438
2018,atr_fraction,0.13,0.0013421486432945223,-0.015490978121551438
2018,atr_fraction,0.13999999999999999,0.0013660542709068712,-0.015490978121551438
2018,atr_fraction,0.14999999999999997,0.001391187932858419,-0.011391291184938819
2018,atr_fraction,0.15999999999999998,0.0014178638557443655,-0.011391291184938819
2018,atr_fraction,0.16999999999999998,0.0014446365993399885,-0.008049764351081666
2018,atr_fraction,0.18,0.001466775650564524,-0.008049764351081666
2018,atr_fraction,0.19,0.0014932457162984182,-0.008049764351081666
2018,atr_fraction,0.19999999999999996,0.0015166529574750845,-0.007727059695420313
2018,atr_fraction,0.20999999999999996,0.0015427815738619244,-0.007727059695420313
2018,atr_fraction,0.21999999999999997,0.001564340276087111,-0.007727059695420313
2018,atr_fraction,0.22999999999999998,0.0015879726571243783,-0.008763232733651403
2018,atr_fraction,0.24,0.001609850065299117,-0.008763232733651403
2018,atr_fraction,0.24999999999999994,0.0016304654507293304,-0.008763232733651403
2018,atr_fraction,0.25999999999999995,0.0016521860597271986,-0.007414226486093028
2018,atr_fraction,0.26999999999999996,0.0016771415555644445,-0.007414226486093028
2018,atr_fraction,0.27999999999999997,0.00170659458818293,-0.007414226486093028
2018,atr_fraction,0.29,0.0017323593979745166,-0.006026608334341936
2018,atr_fraction,0.3,0.0017551632150183067,-0.006026608334341936
2018,atr_fraction,0.30999999999999994,0.0017788428382542582,-0.004452950874711347
2018,atr_fraction,0.31999999999999995,0.0018034086092926303,-0.004452950874711347
2018,atr_fraction,0.32999999999999996,0.0018266794344551805,-0.004452950874711347
2018,atr_fraction,0.33999999999999997,0.001851601561235072,-0.00048073636151791283
2018,atr_fraction,0.3499999999999999,0.0018779122591294991,-0.00048073636151791283
2018,atr_fraction,0.35999999999999993,0.0019027096612006579,-0.00048073636151791283
2018,atr_fraction,0.36999999999999994,0.0019278373323789414,0.0018411758276554193
2018,atr_fraction,0.37999999999999995,0.0019516466121023163,0.0018411758276554193
2018,atr_fraction,0.38999999999999996,0.0019788932784001122,0.0018411758276554193
2018,atr_fraction,0.3999999999999999,0.002001399215514448,0.004224869418169812
2018,atr_fraction,0.4099999999999999,0.0020256245402992448,0.004224869418169812
2018,atr_fraction,0.41999999999999993,0.002049390572072729,0.004224869418169812
2018,atr_fraction,0.42999999999999994,0.0020746460117077956,0.0059505994292786205
2018,atr_fraction,0.43999999999999995,0.002098960324958248,0.0059505994292786205
2018,atr_fraction,0.4499999999999999,0.0021226586720140424,0.009288187206103735
2018,atr_fraction,0.4599999999999999,0.002147086942930933,0.009288187206103735
2018,atr_fraction,0.4699999999999999,0.002175243843705784,0.009288187206103735
2018,atr_fraction,0.4799999999999999,0.002200345567689414,0.01146839805826
2018,atr_fraction,0.48999999999999994,0.0022259137307089486,0.01146839805826
2018,atr_fraction,0.49999999999999994,0.002253374218280781,0.01146839805826
2018,atr_fraction,0.5099999999999999,0.002281789764453014,0.013882045477652344
2018,atr_fraction,0.5199999999999999,0.0023082552491087934,0.013882045477652344
2018,atr_fraction,0.5299999999999999,0.0023407883091509135,0.013882045477652344
2018,atr_fraction,0.5399999999999999,0.002371978224156533,0.01530642192956058
2018,atr_fraction,0.5499999999999999,0.002403525177813182,0.01530642192956058
2018,atr_fraction,0.5599999999999999,0.002438762626358504,0.01530642192956058
2018,atr_fraction,0.57,0.002474524704855209,0.015813732601324862
2018,atr_fraction,0.58,0.002514392712578524,0.015813732601324862
2018,atr_fraction,0.59,0.002555812176463209,0.015813732601324862
2018,atr_fraction,0.6,0.0025988533378914847,0.01721038971493033
2018,atr_fraction,0.61,0.002638959284087093,0.01721038971493033
2018,atr_fraction,0.62,0.002685091514871901,0.01721038971493033
2018,atr_fraction,0.63,0.0027315499660849835,0.017662983683987707
2018,atr_fraction,0.6399999999999999,0.0027734605362566764,0.017662983683987707
2018,atr_fraction,0.6499999999999999,0.0028143236787577463,0.017662983683987707
2018,atr_fraction,0.6599999999999999,0.002849895646393127,0.018610198835523832
2018,atr_fraction,0.6699999999999999,0.002901421607179403,0.018610198835523832
2018,atr_fraction,0.6799999999999999,0.0029593931571407,0.018610198835523832
2018,atr_fraction,0.69,0.0030181086519114704,0.01916994655129528
2018,atr_fraction,0.7,0.0030785664338207593,0.01916994655129528
2018,atr_fraction,0.71,0.0031348050879825254,0.01916994655129528
2018,atr_fraction,0.72,0.0031865639540681707,0.01916994655129528
2018,atr_fraction,0.73,0.003252461351399271,0.01376162248419322
2018,atr_fraction,0.74,0.0033035841653637115,0.01376162248419322
2018,atr_fraction,0.7499999999999999,0.0033618532454207277,0.01376162248419322
2018,atr_fraction,0.7599999999999999,0.00342766102490378,0.01376162248419322
2018,atr_fraction,0.7699999999999999,0.00350973851629911,0.010248081689953809
2018,atr_fraction,0.7799999999999999,0.003580533791449055,0.010248081689953809
2018,atr_fraction,0.7899999999999999,0.003656646041574577,0.010248081689953809
2018,atr_fraction,0.7999999999999999,0.0037387452157567826,0.010248081689953809
2018,atr_fraction,0.8099999999999999,0.0038224231491007558,0.005560054704787402
2018,atr_fraction,0.82,0.003917409626006853,0.005560054704787402
2018,atr_fraction,0.83,0.004026843164888509,0.005560054704787402
2018,atr_fraction,0.84,0.004146171788044833,0.005560054704787402
2018,atr_fraction,0.8499999999999999,0.00427503021894492,0.005560054704787402
2018,atr_fraction,0.8599999999999999,0.0044250240863647665,-0.003751347036536427
2018,atr_fraction,0.8699999999999999,0.004586794243923752,-0.003751347036536427
2018,atr_fraction,0.8799999999999999,0.004750979692636185,-0.003751347036536427
2018,atr_fraction,0.8899999999999999,0.004926152729978937,-0.003751347036536427
2018,atr_fraction,0.8999999999999999,0.00512813066167318,-0.003751347036536427
2018,atr_fraction,0.9099999999999999,0.005277209892965406,-0.009915317687034606
2018,atr_fraction,0.9199999999999999,0.005490922462642484,-0.009915317687034606
2018,atr_fraction,0.9299999999999999,0.005739841779880092,-0.009915317687034606
2018,atr_fraction,0.94,0.006040314065369476,-0.009915317687034606
2018,atr_fraction,0.95,0.006420363544382408,-0.009915317687034606
2018,time_sin,0.05,-0.6087614290087203,0.002118871908475298
2018,time_sin,0.06,-0.6087614290087203,0.002118871908475298
2018,time_sin,0.07,-0.6087614290087203,0.002118871908475298
2018,time_sin,0.08,-0.6087614290087203,0.002118871908475298
2018,time_sin,0.09,-0.6087614290087203,0.002118871908475298
2018,time_sin,0.09999999999999999,-0.5000000000000001,0.010160462277563348
2018,time_sin,0.10999999999999999,-0.5000000000000001,0.010160462277563348
2018,time_sin,0.12,-0.5000000000000001,0.010160462277563348
2018,time_sin,0.13,-0.5000000000000001,0.010160462277563348
2018,time_sin,0.13999999999999999,-0.5000000000000001,0.010160462277563348
2018,time_sin,0.14999999999999997,-0.5000000000000001,0.010160462277563348
2018,time_sin,0.15999999999999998,-0.5000000000000001,0.010160462277563348
2018,time_sin,0.16999999999999998,-0.5000000000000001,0.010160462277563348
2018,time_sin,0.18,-0.5000000000000001,0.010160462277563348
2018,time_sin,0.19,-0.5000000000000001,0.010160462277563348
2018,time_sin,0.19999999999999996,-0.38268343236508967,0.00510405004307193
2018,time_sin,0.20999999999999996,-0.38268343236508967,0.00510405004307193
2018,time_sin,0.21999999999999997,-0.38268343236508967,0.00510405004307193
2018,time_sin,0.22999999999999998,-0.38268343236508967,0.00510405004307193
2018,time_sin,0.24,-0.38268343236508967,0.00510405004307193
2018,time_sin,0.24999999999999994,-0.38268343236508967,0.00510405004307193
2018,time_sin,0.25999999999999995,-0.38268343236508967,0.00510405004307193
2018,time_sin,0.26999999999999996,-0.38268343236508967,0.00510405004307193
2018,time_sin,0.27999999999999997,-0.38268343236508967,0.00510405004307193
2018,time_sin,0.29,-0.38268343236508967,0.00510405004307193
2018,time_sin,0.3,-0.25881904510252035,-0.002859031343265873
2018,time_sin,0.30999999999999994,-0.25881904510252035,-0.002859031343265873
2018,time_sin,0.31999999999999995,-0.25881904510252035,-0.002859031343265873
2018,time_sin,0.32999999999999996,-0.25881904510252035,-0.002859031343265873
2018,time_sin,0.33999999999999997,-0.25881904510252035,-0.002859031343265873
2018,time_sin,0.3499999999999999,-0.25881904510252035,-0.002859031343265873
2018,time_sin,0.35999999999999993,-0.25881904510252035,-0.002859031343265873
2018,time_sin,0.36999999999999994,-0.25881904510252035,-0.002859031343265873
2018,time_sin,0.37999999999999995,-0.25881904510252035,-0.002859031343265873
2018,time_sin,0.38999999999999996,-0.25881904510252035,-0.002859031343265873
2018,time_sin,0.3999999999999999,-0.13052619222005177,0.0006003185501482966
2018,time_sin,0.4099999999999999,-0.13052619222005177,0.0006003185501482966
2018,time_sin,0.41999999999999993,-0.13052619222005177,0.0006003185501482966
2018,time_sin,0.42999999999999994,-0.13052619222005177,0.0006003185501482966
2018,time_sin,0.43999999999999995,-0.13052619222005177,0.0006003185501482966
2018,time_sin,0.4499999999999999,-0.13052619222005177,0.0006003185501482966
2018,time_sin,0.4599999999999999,-0.13052619222005177,0.0006003185501482966
2018,time_sin,0.4699999999999999,-0.13052619222005177,0.0006003185501482966
2018,time_sin,0.4799999999999999,-0.13052619222005177,0.0006003185501482966
2018,time_sin,0.48999999999999994,-0.13052619222005177,0.0006003185501482966
2018,time_sin,0.49999999999999994,1.2246467991473532e-16,0.0031260224365080988
2018,time_sin,0.5099999999999999,1.2246467991473532e-16,0.0031260224365080988
2018,time_sin,0.5199999999999999,1.2246467991473532e-16,0.0031260224365080988
2018,time_sin,0.5299999999999999,1.2246467991473532e-16,0.0031260224365080988
2018,time_sin,0.5399999999999999,1.2246467991473532e-16,0.0031260224365080988
2018,time_sin,0.5499999999999999,1.2246467991473532e-16,0.0031260224365080988
2018,time_sin,0.5599999999999999,1.2246467991473532e-16,0.0031260224365080988
2018,time_sin,0.57,1.2246467991473532e-16,0.0031260224365080988
2018,time_sin,0.58,1.2246467991473532e-16,0.0031260224365080988
2018,time_sin,0.59,1.2246467991473532e-16,0.0031260224365080988
2018,time_sin,0.6,0.13052619222005157,0.002946796179691738
2018,time_sin,0.61,0.13052619222005157,0.002946796179691738
2018,time_sin,0.62,0.13052619222005157,0.002946796179691738
2018,time_sin,0.63,0.13052619222005157,0.002946796179691738
2018,time_sin,0.6399999999999999,0.13052619222005157,0.002946796179691738
2018,time_sin,0.6499999999999999,0.13052619222005157,0.002946796179691738
2018,time_sin,0.6599999999999999,0.13052619222005157,0.002946796179691738
2018,time_sin,0.6699999999999999,0.13052619222005157,0.002946796179691738
2018,time_sin,0.6799999999999999,0.13052619222005157,0.002946796179691738
2018,time_sin,0.69,0.13052619222005157,0.002946796179691738
2018,time_sin,0.7,0.258819045102521,0.0038789456700789194
2018,time_sin,0.71,0.258819045102521,0.0038789456700789194
2018,time_sin,0.72,0.258819045102521,0.0038789456700789194
2018,time_sin,0.73,0.258819045102521,0.0038789456700789194
2018,time_sin,0.74,0.258819045102521,0.0038789456700789194
2018,time_sin,0.7499999999999999,0.258819045102521,0.0038789456700789194
2018,time_sin,0.7599999999999999,0.258819045102521,0.0038789456700789194
2018,time_sin,0.7699999999999999,0.258819045102521,0.0038789456700789194
2018,time_sin,0.7799999999999999,0.258819045102521,0.0038789456700789194
2018,time_sin,0.7899999999999999,0.258819045102521,0.0038789456700789194
2018,time_sin,0.7999999999999999,0.3826834323650899,-0.004268062261136987
2018,time_sin,0.8099999999999999,0.3826834323650899,-0.004268062261136987
2018,time_sin,0.82,0.3826834323650899,-0.004268062261136987
2018,time_sin,0.83,0.3826834323650899,-0.004268062261136987
2018,time_sin,0.84,0.3826834323650899,-0.004268062261136987
2018,time_sin,0.8499999999999999,0.3826834323650899,-0.004268062261136987
2018,time_sin,0.8599999999999999,0.3826834323650899,-0.004268062261136987
2018,time_sin,0.8699999999999999,0.3826834323650899,-0.004268062261136987
2018,time_sin,0.8799999999999999,0.3826834323650899,-0.004268062261136987
2018,time_sin,0.8899999999999999,0.3826834323650899,-0.004268062261136987
2018,time_sin,0.8999999999999999,0.49999999999999994,-0.020668722271249836
2018,time_sin,0.9099999999999999,0.49999999999999994,-0.020668722271249836
2018,time_sin,0.9199999999999999,0.49999999999999994,-0.020668722271249836
2018,time_sin,0.9299999999999999,0.49999999999999994,-0.020668722271249836
2018,time_sin,0.94,0.49999999999999994,-0.020668722271249836
2018,time_sin,0.95,0.49999999999999994,-0.020668722271249836
2018,time_cos,0.05,-1.0,0.008278793370176552
2018,time_cos,0.06,-1.0,0.008278793370176552
2018,time_cos,0.07,-1.0,0.008278793370176552
2018,time_cos,0.08,-1.0,0.008278793370176552
2018,time_cos,0.09,-1.0,0.008278793370176552
2018,time_cos,0.09999999999999999,-0.9914448613738104,0.000569246030141374
2018,time_cos,0.10999999999999999,-0.9914448613738104,0.000569246030141374
2018,time_cos,0.12,-0.9914448613738104,0.000569246030141374
2018,time_cos,0.13,-0.9914448613738104,0.000569246030141374
2018,time_cos,0.13999999999999999,-0.9914448613738104,0.000569246030141374
2018,time_cos,0.14999999999999997,-0.9914448613738104,0.000569246030141374
2018,time_cos,0.15999999999999998,-0.9914448613738104,0.000569246030141374
2018,time_cos,0.16999999999999998,-0.9914448613738104,0.000569246030141374
2018,time_cos,0.18,-0.9914448613738104,0.000569246030141374
2018,time_cos,0.19,-0.9914448613738104,0.000569246030141374
2018,time_cos,0.19999999999999996,-0.9914448613738104,0.000569246030141374
2018,time_cos,0.20999999999999996,-0.9914448613738104,0.000569246030141374
2018,time_cos,0.21999999999999997,-0.9914448613738104,0.000569246030141374
2018,time_cos,0.22999999999999998,-0.9914448613738104,0.000569246030141374
2018,time_cos,0.24,-0.9914448613738104,0.000569246030141374
2018,time_cos,0.24999999999999994,-0.9914448613738104,0.000569246030141374
2018,time_cos,0.25999999999999995,-0.9914448613738104,0.000569246030141374
2018,time_cos,0.26999999999999996,-0.9914448613738104,0.000569246030141374
2018,time_cos,0.27999999999999997,-0.9914448613738104,0.000569246030141374
2018,time_cos,0.29,-0.9914448613738104,0.000569246030141374
2018,time_cos,0.3,-0.9659258262890684,-0.0032541933588657924
2018,time_cos,0.30999999999999994,-0.9659258262890684,-0.0032541933588657924
2018,time_cos,0.31999999999999995,-0.9659258262890684,-0.0032541933588657924
2018,time_cos,0.32999999999999996,-0.9659258262890684,-0.0032541933588657924
2018,time_cos,0.33999999999999997,-0.9659258262890684,-0.0032541933588657924
2018,time_cos,0.3499999999999999,-0.9659258262890684,-0.0032541933588657924
2018,time_cos,0.35999999999999993,-0.9659258262890684,-0.0032541933588657924
2018,time_cos,0.36999999999999994,-0.9659258262890684,-0.0032541933588657924
2018,time_cos,0.37999999999999995,-0.9659258262890684,-0.0032541933588657924
2018,time_cos,0.38999999999999996,-0.9659258262890684,-0.0032541933588657924
2018,time_cos,0.3999999999999999,-0.9659258262890682,0.0029507109443785394
2018,time_cos,0.4099999999999999,-0.9659258262890682,0.0029507109443785394
2018,time_cos,0.41999999999999993,-0.9659258262890682,0.0029507109443785394
2018,time_cos,0.42999999999999994,-0.9659258262890682,0.0029507109443785394
2018,time_cos,0.43999999999999995,-0.9659258262890682,0.0029507109443785394
2018,time_cos,0.4499999999999999,-0.9659258262890682,0.0029507109443785394
2018,time_cos,0.4599999999999999,-0.9659258262890682,0.0029507109443785394
2018,time_cos,0.4699999999999999,-0.9659258262890682,0.0029507109443785394
2018,time_cos,0.4799999999999999,-0.9659258262890682,0.0029507109443785394
2018,time_cos,0.48999999999999994,-0.9659258262890682,0.0029507109443785394
2018,time_cos,0.49999999999999994,-0.944902679400254,0.0029507109443785394
2018,time_cos,0.5099999999999999,-0.9238795325112868,0.004651920232063482
2018,time_cos,0.5199999999999999,-0.9238795325112868,0.004651920232063482
2018,time_cos,0.5299999999999999,-0.9238795325112868,0.004651920232063482
2018,time_cos,0.5399999999999999,-0.9238795325112868,0.004651920232063482
2018,time_cos,0.5499999999999999,-0.9238795325112868,0.004651920232063482
2018,time_cos,0.5599999999999999,-0.9238795325112868,0.004651920232063482
2018,time_cos,0.57,-0.9238795325112868,0.004651920232063482
2018,time_cos,0.58,-0.9238795325112868,0.004651920232063482
2018,time_cos,0.59,-0.9238795325112868,0.004651920232063482
2018,time_cos,0.6,-0.9238795325112867,0.0016513696705348936
2018,time_cos,0.61,-0.9238795325112867,0.0016513696705348936
2018,time_cos,0.62,-0.9238795325112867,0.0016513696705348936
2018,time_cos,0.63,-0.9238795325112867,0.0016513696705348936
2018,time_cos,0.6399999999999999,-0.9238795325112867,0.0016513696705348936
2018,time_cos,0.6499999999999999,-0.9238795325112867,0.0016513696705348936
2018,time_cos,0.6599999999999999,-0.9238795325112867,0.0016513696705348936
2018,time_cos,0.6699999999999999,-0.9238795325112867,0.0016513696705348936
2018,time_cos,0.6799999999999999,-0.9238795325112867,0.0016513696705348936
2018,time_cos,0.69,-0.9238795325112867,0.0016513696705348936
2018,time_cos,0.7,-0.9238795325112867,0.0016513696705348936
2018,time_cos,0.71,-0.8660254037844387,-0.0036834130900026685
2018,time_cos,0.72,-0.8660254037844387,-0.0036834130900026685
2018,time_cos,0.73,-0.8660254037844387,-0.0036834130900026685
2018,time_cos,0.74,-0.8660254037844387,-0.0036834130900026685
2018,time_cos,0.7499999999999999,-0.8660254037844387,-0.0036834130900026685
2018,time_cos,0.7599999999999999,-0.8660254037844387,-0.0036834130900026685
2018,time_cos,0.7699999999999999,-0.8660254037844387,-0.0036834130900026685
2018,time_cos,0.7799999999999999,-0.8660254037844387,-0.0036834130900026685
2018,time_cos,0.7899999999999999,-0.8660254037844387,-0.0036834130900026685
2018,time_cos,0.7999999999999999,-0.8660254037844387,-0.0036834130900026685
2018,time_cos,0.8099999999999999,-0.8660254037844386,-0.00040734255866340773
2018,time_cos,0.82,-0.8660254037844386,-0.00040734255866340773
2018,time_cos,0.83,-0.8660254037844386,-0.00040734255866340773
2018,time_cos,0.84,-0.8660254037844386,-0.00040734255866340773
2018,time_cos,0.8499999999999999,-0.8660254037844386,-0.00040734255866340773
2018,time_cos,0.8599999999999999,-0.8660254037844386,-0.00040734255866340773
2018,time_cos,0.8699999999999999,-0.8660254037844386,-0.00040734255866340773
2018,time_cos,0.8799999999999999,-0.8660254037844386,-0.00040734255866340773
2018,time_cos,0.8899999999999999,-0.8660254037844386,-0.00040734255866340773
2018,time_cos,0.8999999999999999,-0.8660254037844386,-0.00040734255866340773
2018,time_cos,0.9099999999999999,-0.7933533402912354,-0.011341080132504539
2018,time_cos,0.9199999999999999,-0.7933533402912354,-0.011341080132504539
2018,time_cos,0.9299999999999999,-0.7933533402912354,-0.011341080132504539
2018,time_cos,0.94,-0.7933533402912354,-0.011341080132504539
2018,time_cos,0.95,-0.7933533402912354,-0.011341080132504539
2019,ret_1,0.05,-1.1500796073844555,0.018123017917654093
2019,ret_1,0.06,-1.0489951339348347,0.018123017917654093
2019,ret_1,0.07,-0.9630885430885092,0.02610886633010784
2019,ret_1,0.08,-0.8924062532070101,0.02610886633010784
2019,ret_1,0.09,-0.8319936483179785,0.02610886633010784
2019,ret_1,0.09999999999999999,-0.7799933103603731,0.04187491190939587
2019,ret_1,0.10999999999999999,-0.7305585284280914,0.04187491190939587
2019,ret_1,0.12,-0.6835076883484384,0.04187491190939587
2019,ret_1,0.13,-0.6440286298567642,0.04187491190939587
2019,ret_1,0.13999999999999999,-0.6111550011550488,0.03959858763416385
2019,ret_1,0.14999999999999997,-0.5800011350737732,0.03959858763416385
2019,ret_1,0.15999999999999998,-0.5490196078431644,0.03959858763416385
2019,ret_1,0.16999999999999998,-0.5209199617838981,0.042634571932341256
2019,ret_1,0.18,-0.49557522123900294,0.042634571932341256
2019,ret_1,0.19,-0.4729729729729662,0.042634571932341256
2019,ret_1,0.19999999999999996,-0.45037345839846954,0.039786291610640394
2019,ret_1,0.20999999999999996,-0.4248413923868673,0.039786291610640394
2019,ret_1,0.21999999999999997,-0.4031413612565398,0.039786291610640394
2019,ret_1,0.22999999999999998,-0.3802271317551048,0.036468410360962135
2019,ret_1,0.24,-0.3587704340529373,0.036468410360962135
2019,ret_1,0.24999999999999994,-0.3383699914061794,0.036468410360962135
2019,ret_1,0.25999999999999995,-0.31818181818185415,0.036468410360962135
2019,ret_1,0.26999999999999996,-0.3024767760556975,0.03126503809924824
2019,ret_1,0.27999999999999997,-0.283706485625203,0.03126503809924824
2019,ret_1,0.29,-0.2653378580565659,0.03126503809924824
2019,ret_1,0.3,-0.2509638781621335,0.025157215496447
2019,ret_1,0.30999999999999994,-0.2359550561798139,0.025157215496447
2019,ret_1,0.31999999999999995,-0.21989528795807486,0.025157215496447
2019,ret_1,0.32999999999999996,-0.2048780487804621,0.018283472494108093
2019,ret_1,0.33999999999999997,-0.19118283468076253,0.018283472494108093
2019,ret_1,0.3499999999999999,-0.17613898579571496,0.018283472494108093
2019,ret_1,0.35999999999999993,-0.16232511579261927,0.018283472494108093
2019,ret_1,0.36999999999999994,-0.14610933844893154,0.016517634260155213
2019,ret_1,0.37999999999999995,-0.13333333333331238,0.016517634260155213
2019,ret_1,0.38999999999999996,-0.11789473684210672,0.016517634260155213
2019,ret_1,0.3999999999999999,-0.10306246209828429,0.01492794773362976
2019,ret_1,0.4099999999999999,-0.0874999999999518,0.01492794773362976
2019,ret_1,0.41999999999999993,-0.0733163694944203,0.01492794773362976
2019,ret_1,0.42999999999999994,-0.060017363344039364,0.006915489582713817
2019,ret_1,0.43999999999999995,-0.04509553928649656,0.006915489582713817
2019,ret_1,0.4499999999999999,-0.03146244227314113,0.006915489582713817
2019,ret_1,0.4599999999999999,-0.018813978172257405,0.006915489582713817
2019,ret_1,0.4699999999999999,0.0,0.0013853951763636886
2019,ret_1,0.4799999999999999,0.0,0.0013853951763636886
2019,ret_1,0.48999999999999994,0.022608710463570852,0.0013853951763636886
2019,ret_1,0.49999999999999994,0.03594351732993296,0.000240399841108549
2019,ret_1,0.5099999999999999,0.04897135348410816,0.000240399841108549
2019,ret_1,0.5199999999999999,0.0627802690582593,0.000240399841108549
2019,ret_1,0.5299999999999999,0.07703630410148492,0.000240399841108549
2019,ret_1,0.5399999999999999,0.09012179561543662,-0.00431621158516465
2019,ret_1,0.5499999999999999,0.10370370370369904,-0.00431621158516465
2019,ret_1,0.5599999999999999,0.11574423662465771,-0.00431621158516465
2019,ret_1,0.57,0.12990587114509317,-0.009777982448593344
2019,ret_1,0.58,0.14369501466277654,-0.009777982448593344
2019,ret_1,0.59,0.15516506869922755,-0.009777982448593344
2019,ret_1,0.6,0.16963496189479474,-0.013283044800910998
2019,ret_1,0.61,0.18426038204473516,-0.013283044800910998
2019,ret_1,0.62,0.19895910277747428,-0.013283044800910998
2019,ret_1,0.63,0.21455581761885698,-0.013283044800910998
2019,ret_1,0.6399999999999999,0.22913757063275234,-0.015979917965375446
2019,ret_1,0.6499999999999999,0.24242424242424931,-0.015979917965375446
2019,ret_1,0.6599999999999999,0.25556994798096017,-0.015979917965375446
2019,ret_1,0.6699999999999999,0.2716948201358147,-0.021368760022018755
2019,ret_1,0.6799999999999999,0.2868852459016029,-0.021368760022018755
2019,ret_1,0.69,0.3018102606931167,-0.021368760022018755
2019,ret_1,0.7,0.31818181818183,-0.021368760022018755
2019,ret_1,0.71,0.3355119825708434,-0.031208208467579407
2019,ret_1,0.72,0.35163630889658704,-0.031208208467579407
2019,ret_1,0.73,0.3664397589881087,-0.031208208467579407
2019,ret_1,0.74,0.3830539753639599,-0.032831523538541116
2019,ret_1,0.7499999999999999,0.3991552270327068,-0.032831523538541116
2019,ret_1,0.7599999999999999,0.41637303606391324,-0.032831523538541116
2019,ret_1,0.7699999999999999,0.43475310648296545,-0.03532641934507927
2019,ret_1,0.7799999999999999,0.45290199809708237,-0.03532641934507927
2019,ret_1,0.7899999999999999,0.4707474329176507,-0.03532641934507927
2019,ret_1,0.7999999999999999,0.4897150378721697,-0.03532641934507927
2019,ret_1,0.8099999999999999,0.5107557808441839,-0.0354268356258537
2019,ret_1,0.82,0.5309439052928471,-0.0354268356258537
2019,ret_1,0.83,0.5560571553480261,-0.0354268356258537
2019,ret_1,0.84,0.5811393561723737,-0.04102722424523985
2019,ret_1,0.8499999999999999,0.6098805026360102,-0.04102722424523985
2019,ret_1,0.8599999999999999,0.6381885506053585,-0.04102722424523985
2019,ret_1,0.8699999999999999,0.6695652173913168,-0.0360782638268035
2019,ret_1,0.8799999999999999,0.701949860724216,-0.0360782638268035
2019,ret_1,0.8899999999999999,0.7406089743589073,-0.0360782638268035
2019,ret_1,0.8999999999999999,0.7822026941185886,-0.04237914786833009
2019,ret_1,0.9099999999999999,0.829808871258635,-0.04237914786833009
2019,ret_1,0.9199999999999999,0.8832274831964496,-0.04237914786833009
2019,ret_1,0.9299999999999999,0.949075838178898,-0.04237914786833009
2019,ret_1,0.94,1.0233267879288948,-0.03992783201840589
2019,ret_1,0.95,1.1249999999999825,-0.03992783201840589
2019,ret_2,0.05,-1.7315744157441137,0.03333647908589632
2019,ret_2,0.06,-1.5918394648828522,0.03333647908589632
2019,ret_2,0.07,-1.4775252073508036,0.03083956051078494
2019,ret_2,0.08,-1.3546329907037136,0.03083956051078494
2019,ret_2,0.09,-1.2661517227996937,0.03083956051078494
2019,ret_2,0.09999999999999999,-1.1766236892435327,0.02711143145041345
2019,ret_2,0.10999999999999999,-1.1060246834428253,0.02711143145041345
2019,ret_2,0.12,-1.0523013415892146,0.02711143145041345
2019,ret_2,0.13,-0.9888276757855485,0.02711143145041345
2019,ret_2,0.13999999999999999,-0.9354788370403139,0.01751623178254812
2019,ret_2,0.14999999999999997,-0.8836337782670584,0.01751623178254812
2019,ret_2,0.15999999999999998,-0.8329265336021225,0.01751623178254812
2019,ret_2,0.16999999999999998,-0.7924528301886329,0.0047142272911994704
2019,ret_2,0.18,-0.7537099078579553,0.0047142272911994704
2019,ret_2,0.19,-0.712909771473597,0.0047142272911994704
2019,ret_2,0.19999999999999996,-0.6745139804800866,0.0026496849169450032
2019,ret_2,0.20999999999999996,-0.6389316327382274,0.0026496849169450032
2019,ret_2,0.21999999999999997,-0.6044452727973042,0.0026496849169450032
2019,ret_2,0.22999999999999998,-0.572309069645507,-0.0004013539258985935
2019,ret_2,0.24,-0.5429776306963696,-0.0004013539258985935
2019,ret_2,0.24999999999999994,-0.5161491037790521,-0.0004013539258985935
2019,ret_2,0.25999999999999995,-0.4861857607150585,-0.0004013539258985935
2019,ret_2,0.26999999999999996,-0.4575236148641157,0.005386484481230837
2019,ret_2,0.27999999999999997,-0.4302058270601313,0.005386484481230837
2019,ret_2,0.29,-0.4035254988913173,0.005386484481230837
2019,ret_2,0.3,-0.37620946513974485,0.008184636778240538
2019,ret_2,0.30999999999999994,-0.34744354262039484,0.008184636778240538
2019,ret_2,0.31999999999999995,-0.3227747545881812,0.008184636778240538
2019,ret_2,0.32999999999999996,-0.29938142804297835,0.007228636796651089
2019,ret_2,0.33999999999999997,-0.27885731410643416,0.007228636796651089
2019,ret_2,0.3499999999999999,-0.2560036619822759,0.007228636796651089
2019,ret_2,0.35999999999999993,-0.23027326084872585,0.002872799997608707
2019,ret_2,0.36999999999999994,-0.20786575431736443,0.002872799997608707
2019,ret_2,0.37999999999999995,-0.18614051352970684,0.002872799997608707
2019,ret_2,0.38999999999999996,-0.16434155848935614,0.002872799997608707
2019,ret_2,0.3999999999999999,-0.14256313536472667,0.0018488535075088415
2019,ret_2,0.4099999999999999,-0.12095951041557922,0.0018488535075088415
2019,ret_2,0.41999999999999993,-0.09779040289620029,0.0018488535075088415
2019,ret_2,0.42999999999999994,-0.07565842507176065,-0.00035964470598819147
2019,ret_2,0.43999999999999995,-0.05436491418566951,-0.00035964470598819147
2019,ret_2,0.4499999999999999,-0.031765003478133096,-0.00035964470598819147
2019,ret_2,0.4599999999999999,-0.007916101706141938,-0.00035964470598819147
2019,ret_2,0.4699999999999999,0.0,-0.0029143198204206965
2019,ret_2,0.4799999999999999,0.030623871269791002,-0.0029143198204206965
2019,ret_2,0.48999999999999994,0.05386379131475432,-0.0029143198204206965
2019,ret_2,0.49999999999999994,0.0743051432812812,-0.0018997039685764252
2019,ret_2,0.5099999999999999,0.09332158894647115,-0.0018997039685764252
2019,ret_2,0.5199999999999999,0.11230907889203397,-0.0018997039685764252
2019,ret_2,0.5299999999999999,0.13311224860183246,-0.0024061498670398043
2019,ret_2,0.5399999999999999,0.15384615384617337,-0.0024061498670398043
2019,ret_2,0.5499999999999999,0.17394007659387775,-0.0024061498670398043
2019,ret_2,0.5599999999999999,0.19620552657239396,-0.0024061498670398043
2019,ret_2,0.57,0.21420360701338678,0.0012893759450160638
2019,ret_2,0.58,0.2353104090300608,0.0012893759450160638
2019,ret_2,0.59,0.2566080654119868,0.0012893759450160638
2019,ret_2,0.6,0.27745983745983155,0.0018225688700349333
2019,ret_2,0.61,0.29787234042551414,0.0018225688700349333
2019,ret_2,0.62,0.31945167415119213,0.0018225688700349333
2019,ret_2,0.63,0.33856839786219184,0.0024154888487973565
2019,ret_2,0.6399999999999999,0.3589743589743488,0.0024154888487973565
2019,ret_2,0.6499999999999999,0.3796193874516459,0.0024154888487973565
2019,ret_2,0.6599999999999999,0.4026033229352619,0.0024154888487973565
2019,ret_2,0.6699999999999999,0.42384596104472433,0.0031154464157109652
2019,ret_2,0.6799999999999999,0.4476161303752544,0.0031154464157109652
2019,ret_2,0.69,0.4673259789354703,0.0031154464157109652
2019,ret_2,0.7,0.4901574634229854,0.0010950993899967233
2019,ret_2,0.71,0.5120724018085426,0.0010950993899967233
2019,ret_2,0.72,0.5375812356021222,0.0010950993899967233
2019,ret_2,0.73,0.5608438879640277,0.0010950993899967233
2019,ret_2,0.74,0.588464113571908,-0.007472832585922412
2019,ret_2,0.7499999999999999,0.6183197382323811,-0.007472832585922412
2019,ret_2,0.7599999999999999,0.6481481481481539,-0.007472832585922412
2019,ret_2,0.7699999999999999,0.673674840227002,-0.012665519920552978
2019,ret_2,0.7799999999999999,0.7028112449799374,-0.012665519920552978
2019,ret_2,0.7899999999999999,0.7305697012725029,-0.012665519920552978
2019,ret_2,0.7999999999999999,0.7643628418263108,-0.015474462604809034
2019,ret_2,0.8099999999999999,0.7964892779854789,-0.015474462604809034
2019,ret_2,0.82,0.8298141266887191,-0.015474462604809034
2019,ret_2,0.83,0.863277250267878,-0.015474462604809034
2019,ret_2,0.84,0.9063032367972476,-0.02096335538015167
2019,ret_2,0.8499999999999999,0.9447883925311857,-0.02096335538015167
2019,ret_2,0.8599999999999999,0.9871385620025483,-0.02096335538015167
2019,ret_2,0.8699999999999999,1.037671775223498,-0.022101296426078606
2019,ret_2,0.8799999999999999,1.091525423728774,-0.022101296426078606
2019,ret_2,0.8899999999999999,1.1446835851043198,-0.022101296426078606
2019,ret_2,0.8999999999999999,1.2092357538028662,-0.022655493381362912
2019,ret_2,0.9099999999999999,1.2907862457853756,-0.022655493381362912
2019,ret_2,0.9199999999999999,1.3834460823064665,-0.022655493381362912
2019,ret_2,0.9299999999999999,1.4891894252143265,-0.028144368592535846
2019,ret_2,0.94,1.5997923715040885,-0.028144368592535846
2019,ret_2,0.95,1.7622484045164835,-0.028144368592535846
2019,ret_4,0.05,-2.5763900497512537,-0.0162600754929521
2019,ret_4,0.06,-2.366201174659219,-0.0162600754929521
2019,ret_4,0.07,-2.1903658004273923,-0.005827959917764985
2019,ret_4,0.08,-2.0386823369101617,-0.005827959917764985
2019,ret_4,0.09,-1.9091148025941438,-0.005827959917764985
2019,ret_4,0.09999999999999999,-1.8041237113401993,-0.0036362397096919327
2019,ret_4,0.10999999999999999,-1.6954457318815215,-0.0036362397096919327
2019,ret_4,0.12,-1.5978470187189768,-0.0036362397096919327
2019,ret_4,0.13,-1.5089820359281125,-0.0036362397096919327
2019,ret_4,0.13999999999999999,-1.4421658071114432,0.007555463072560105
2019,ret_4,0.14999999999999997,-1.3709305882711915,0.007555463072560105
2019,ret_4,0.15999999999999998,-1.301025577249798,0.007555463072560105
2019,ret_4,0.16999999999999998,-1.2359275211901402,0.017735393311558406
2019,ret_4,0.18,-1.155937902537177,0.017735393311558406
2019,ret_4,0.19,-1.0977631882468104,0.017735393311558406
2019,ret_4,0.19999999999999996,-1.037037037037011,0.017408186149357907
2019,ret_4,0.20999999999999996,-0.9824887646060025,0.017408186149357907
2019,ret_4,0.21999999999999997,-0.9217152892453733,0.017408186149357907
2019,ret_4,0.22999999999999998,-0.8709354598617389,0.02564479324002497
2019,ret_4,0.24,-0.8162222658550818,0.02564479324002497
2019,ret_4,0.24999999999999994,-0.7703024604293162,0.02564479324002497
2019,ret_4,0.25999999999999995,-0.7251935724962566,0.02564479324002497
2019,ret_4,0.26999999999999996,-0.6807898977200991,0.02810591445179751
2019,ret_4,0.27999999999999997,-0.6397087017267314,0.02810591445179751
2019,ret_4,0.29,-0.5907422268046183,0.02810591445179751
2019,ret_4,0.3,-0.5497945205479552,0.02763269485854387
2019,ret_4,0.30999999999999994,-0.5142085168868692,0.02763269485854387
2019,ret_4,0.31999999999999995,-0.47615188477706255,0.02763269485854387
2019,ret_4,0.32999999999999996,-0.43580864012775083,0.02428312351382212
2019,ret_4,0.33999999999999997,-0.39725671210582575,0.02428312351382212
2019,ret_4,0.3499999999999999,-0.3579500570098235,0.02428312351382212
2019,ret_4,0.35999999999999993,-0.316241255699106,0.022569479418824052
2019,ret_4,0.36999999999999994,-0.2806457487461727,0.022569479418824052
2019,ret_4,0.37999999999999995,-0.24144772345811188,0.022569479418824052
2019,ret_4,0.38999999999999996,-0.2100273273273685,0.022569479418824052
2019,ret_4,0.3999999999999999,-0.17414364265254703,0.022214252440127206
2019,ret_4,0.4099999999999999,-0.14215922444186505,0.022214252440127206
2019,ret_4,0.41999999999999993,-0.11082379207012356,0.022214252440127206
2019,ret_4,0.42999999999999994,-0.07559837256607711,0.024309859390770436
2019,ret_4,0.43999999999999995,-0.04428558563065812,0.024309859390770436
2019,ret_4,0.4499999999999999,-0.014862889849622507,0.024309859390770436
2019,ret_4,0.4599999999999999,0.018147449416157684,0.024309859390770436
2019,ret_4,0.4699999999999999,0.04874091041302796,0.025425558204680027
2019,ret_4,0.4799999999999999,0.08014451890934227,0.025425558204680027
2019,ret_4,0.48999999999999994,0.11024584891438978,0.025425558204680027
2019,ret_4,0.49999999999999994,0.14069549881055013,0.022958706651396116
2019,ret_4,0.5099999999999999,0.17129906721859564,0.022958706651396116
2019,ret_4,0.5199999999999999,0.20293623356628207,0.022958706651396116
2019,ret_4,0.5299999999999999,0.23411371237456904,0.013121743953580015
2019,ret_4,0.5399999999999999,0.2654028436019324,0.013121743953580015
2019,ret_4,0.5499999999999999,0.2959477005217405,0.013121743953580015
2019,ret_4,0.5599999999999999,0.32783171838805697,0.013121743953580015
2019,ret_4,0.57,0.3626379692507726,0.0049963840620635335
2019,ret_4,0.58,0.3938318640657806,0.0049963840620635335
2019,ret_4,0.59,0.42794759825319595,0.0049963840620635335
2019,ret_4,0.6,0.4615384615384395,-0.005997071567009432
2019,ret_4,0.61,0.49797479032100683,-0.005997071567009432
2019,ret_4,0.62,0.5225444091964808,-0.005997071567009432
2019,ret_4,0.63,0.55142231947483,-0.010257688946863493
2019,ret_4,0.6399999999999999,0.5859030837004267,-0.010257688946863493
2019,ret_4,0.6499999999999999,0.617770973748378,-0.010257688946863493
2019,ret_4,0.6599999999999999,0.6529181017986689,-0.010257688946863493
2019,ret_4,0.6699999999999999,0.689443918136341,-0.021039700575394667
2019,ret_4,0.6799999999999999,0.7252898475458517,-0.021039700575394667
2019,ret_4,0.69,0.760478404042582,-0.021039700575394667
2019,ret_4,0.7,0.7965517241379859,-0.02729866096685713
2019,ret_4,0.71,0.8346199647609048,-0.02729866096685713
2019,ret_4,0.72,0.8767301746748722,-0.02729866096685713
2019,ret_4,0.73,0.9179177166599071,-0.02729866096685713
2019,ret_4,0.74,0.9622188733978542,-0.028143669721347617
2019,ret_4,0.7499999999999999,1.0038295645184396,-0.028143669721347617
2019,ret_4,0.7599999999999999,1.0465591922281887,-0.028143669721347617
2019,ret_4,0.7699999999999999,1.0866603007105193,-0.026406388637788193
2019,ret_4,0.7799999999999999,1.1268896350237367,-0.026406388637788193
2019,ret_4,0.7899999999999999,1.1784248478162838,-0.026406388637788193
2019,ret_4,0.7999999999999999,1.2251812616680147,-0.02067373616590617
2019,ret_4,0.8099999999999999,1.2817471295040412,-0.02067373616590617
2019,ret_4,0.82,1.3407284151230001,-0.02067373616590617
2019,ret_4,0.83,1.4010911495183367,-0.02067373616590617
2019,ret_4,0.84,1.469536641300917,-0.02073600784816889
2019,ret_4,0.8499999999999999,1.5342465753424699,-0.02073600784816889
2019,ret_4,0.8599999999999999,1.6072515033605483,-0.02073600784816889
2019,ret_4,0.8699999999999999,1.6843973396266738,-0.020241406763153464
2019,ret_4,0.8799999999999999,1.7753926022063486,-0.020241406763153464
2019,ret_4,0.8899999999999999,1.8619932332096323,-0.020241406763153464
2019,ret_4,0.8999999999999999,1.966361206567408,-0.018299665399505425
2019,ret_4,0.9099999999999999,2.085119121638974,-0.018299665399505425
2019,ret_4,0.9199999999999999,2.219603178973284,-0.018299665399505425
2019,ret_4,0.9299999999999999,2.347449395543342,-0.006250829832292034
2019,ret_4,0.94,2.518325444173166,-0.006250829832292034
2019,ret_4,0.95,2.701176470588236,-0.006250829832292034
2019,ret_8,0.05,-3.503113710181942,-0.018084525764194267
2019,ret_8,0.06,-3.3103496957402285,-0.018084525764194267
2019,ret_8,0.07,-3.1004514850493408,-0.012173417041861114
2019,ret_8,0.08,-2.9525092276620897,-0.012173417041861114
2019,ret_8,0.09,-2.7935174713475512,-0.012173417041861114
2019,ret_8,0.09999999999999999,-2.657149132054267,-0.004603931806358652
2019,ret_8,0.10999999999999999,-2.5068090396064506,-0.004603931806358652
2019,ret_8,0.12,-2.39394513179139,-0.004603931806358652
2019,ret_8,0.13,-2.271176573158114,0.009030845745884645
2019,ret_8,0.13999999999999999,-2.1624892548288366,0.009030845745884645
2019,ret_8,0.14999999999999997,-2.053102701778933,0.009030845745884645
2019,ret_8,0.15999999999999998,-1.9439193449394991,0.009030845745884645
2019,ret_8,0.16999999999999998,-1.841520010964952,0.014008128954687445
2019,ret_8,0.18,-1.744807121661712,0.014008128954687445
2019,ret_8,0.19,-1.6509556631753017,0.014008128954687445
2019,ret_8,0.19999999999999996,-1.5774647887324271,0.017632458115722283
2019,ret_8,0.20999999999999996,-1.5029880837673033,0.017632458115722283
2019,ret_8,0.21999999999999997,-1.4273816866552558,0.017632458115722283
2019,ret_8,0.22999999999999998,-1.3554919453356853,0.0241364921870319
2019,ret_8,0.24,-1.2886188552144746,0.0241364921870319
2019,ret_8,0.24999999999999994,-1.2114940046743354,0.0241364921870319
2019,ret_8,0.25999999999999995,-1.1478183748083777,0.02487497061249471
2019,ret_8,0.26999999999999996,-1.0761757037378505,0.02487497061249471
2019,ret_8,0.27999999999999997,-1.012849141824761,0.02487497061249471
2019,ret_8,0.29,-0.9463894940218299,0.02487497061249471
2019,ret_8,0.3,-0.8791484897012452,0.021034912302981525
2019,ret_8,0.30999999999999994,-0.8151469332311366,0.021034912302981525
2019,ret_8,0.31999999999999995,-0.7535233918128309,0.021034912302981525
2019,ret_8,0.32999999999999996,-0.6936993288984236,0.017742275167478956
2019,ret_8,0.33999999999999997,-0.6301068493150404,0.017742275167478956
2019,ret_8,0.3499999999999999,-0.5726002075628613,0.017742275167478956
2019,ret_8,0.35999999999999993,-0.5169612483089969,0.013479068552353696
2019,ret_8,0.36999999999999994,-0.4620770693623749,0.013479068552353696
2019,ret_8,0.37999999999999995,-0.40183402515917355,0.013479068552353696
2019,ret_8,0.38999999999999996,-0.34284100432319176,0.013479068552353696
2019,ret_8,0.3999999999999999,-0.28365624051022315,0.0061516496596307705
2019,ret_8,0.4099999999999999,-0.22089192146670938,0.0061516496596307705
2019,ret_8,0.41999999999999993,-0.1697772317772144,0.0061516496596307705
2019,ret_8,0.42999999999999994,-0.11377727205268692,0.003634537352662064
2019,ret_8,0.43999999999999995,-0.06038650458945678,0.003634537352662064
2019,ret_8,0.4499999999999999,0.0,0.003634537352662064
2019,ret_8,0.4599999999999999,0.05418733802303602,-0.006520948964902471
2019,ret_8,0.4699999999999999,0.10402000883207449,-0.006520948964902471
2019,ret_8,0.4799999999999999,0.16052523311155373,-0.006520948964902471
2019,ret_8,0.48999999999999994,0.21246659798089743,-0.006520948964902471
2019,ret_8,0.49999999999999994,0.2639595296691142,-0.013919491787067508
2019,ret_8,0.5099999999999999,0.31578947368420646,-0.013919491787067508
2019,ret_8,0.5199999999999999,0.37022806343267317,-0.013919491787067508
2019,ret_8,0.5299999999999999,0.4200776896942271,-0.020202884145332285
2019,ret_8,0.5399999999999999,0.48416357415792083,-0.020202884145332285
2019,ret_8,0.5499999999999999,0.5394187258941362,-0.020202884145332285
2019,ret_8,0.5599999999999999,0.6003759692200422,-0.020202884145332285
2019,ret_8,0.57,0.6562204911215926,-0.028351435471652857
2019,ret_8,0.58,0.7134679421413347,-0.028351435471652857
2019,ret_8,0.59,0.7668303659547546,-0.028351435471652857
2019,ret_8,0.6,0.8222180664110484,-0.03544918762089322
2019,ret_8,0.61,0.8765217391304305,-0.03544918762089322
2019,ret_8,0.62,0.9339923254029473,-0.03544918762089322
2019,ret_8,0.63,0.9935063300193073,-0.040412932516317196
2019,ret_8,0.6399999999999999,1.0435120851243782,-0.040412932516317196
2019,ret_8,0.6499999999999999,1.0996155536484369,-0.040412932516317196
2019,ret_8,0.6599999999999999,1.1574911909795946,-0.040412932516317196
2019,ret_8,0.6699999999999999,1.2162661737523095,-0.04208349916260974
2019,ret_8,0.6799999999999999,1.2792944881889916,-0.04208349916260974
2019,ret_8,0.69,1.3497753826929326,-0.04208349916260974
2019,ret_8,0.7,1.4166256803247907,-0.039962346567685485
2019,ret_8,0.71,1.4813064382278442,-0.039962346567685485
2019,ret_8,0.72,1.5453815749469133,-0.039962346567685485
2019,ret_8,0.73,1.6203814393141054,-0.02273558733916658
2019,ret_8,0.74,1.6902401083212821,-0.02273558733916658
2019,ret_8,0.7499999999999999,1.7622819472617015,-0.02273558733916658
2019,ret_8,0.7599999999999999,1.8301451443429373,-0.015480160408964739
2019,ret_8,0.7699999999999999,1.910091803849863,-0.015480160408964739
2019,ret_8,0.7799999999999999,1.982962962963007,-0.015480160408964739
2019,ret_8,0.7899999999999999,2.064899436846324,-0.015480160408964739
2019,ret_8,0.7999999999999999,2.1470746192594783,0.003973795143276352
2019,ret_8,0.8099999999999999,2.233265439761528,0.003973795143276352
2019,ret_8,0.82,2.3139186587575296,0.003973795143276352
2019,ret_8,0.83,2.417623283191538,0.012647275070903467
2019,ret_8,0.84,2.504534423847834,0.012647275070903467
2019,ret_8,0.8499999999999999,2.6062776120437237,0.012647275070903467
2019,ret_8,0.8599999999999999,2.7069183036533366,0.01910944829319007
2019,ret_8,0.8699999999999999,2.8094890248291513,0.01910944829319007
2019,ret_8,0.8799999999999999,2.9326515398256237,0.01910944829319007
2019,ret_8,0.8899999999999999,3.0647031031891023,0.0356288596740959
2019,ret_8,0.8999999999999999,3.2010919097959767,0.0356288596740959
2019,ret_8,0.9099999999999999,3.356316934720834,0.0356288596740959
2019,ret_8,0.9199999999999999,3.5044322514585557,0.0356288596740959
2019,ret_8,0.9299999999999999,3.672515686274462,0.044426771250790364
2019,ret_8,0.94,3.834922038138204,0.044426771250790364
2019,ret_8,0.95,4.039154411764627,0.044426771250790364
2019,vol_8,0.05,0.35827300994265476,0.042395678020123784
2019,vol_8,0.06,0.37172601849502057,0.042395678020123784
2019,vol_8,0.07,0.3849829513893138,0.042395678020123784
2019,vol_8,0.08,0.395512537585517,0.06176483811231446
2019,vol_8,0.09,0.4076720537430941,0.06176483811231446
2019,vol_8,0.09999999999999999,0.4179682430388057,0.06176483811231446
2019,vol_8,0.10999999999999999,0.42788801243067565,0.05335843765313544
2019,vol_8,0.12,0.4367599917886303,0.05335843765313544
2019,vol_8,0.13,0.44565813876145677,0.05335843765313544
2019,vol_8,0.13999999999999999,0.45422734911509305,0.049807894278150994
2019,vol_8,0.14999999999999997,0.46239554094689433,0.049807894278150994
2019,vol_8,0.15999999999999998,0.4710245105944947,0.049807894278150994
2019,vol_8,0.16999999999999998,0.47824134805577967,0.03596373332415766
2019,vol_8,0.18,0.4851121430798344,0.03596373332415766
2019,vol_8,0.19,0.4933015201411623,0.03596373332415766
2019,vol_8,0.19999999999999996,0.49974786550950034,0.024090035664482486
2019,vol_8,0.20999999999999996,0.5060343166609994,0.024090035664482486
2019,vol_8,0.21999999999999997,0.512806688528557,0.024090035664482486
2019,vol_8,0.22999999999999998,0.5192426743961587,0.024090035664482486
2019,vol_8,0.24,0.5261078087901819,0.011912098174982406
2019,vol_8,0.24999999999999994,0.5319448384380957,0.011912098174982406
2019,vol_8,0.25999999999999995,0.5385381846066691,0.011912098174982406
2019,vol_8,0.26999999999999996,0.5452473924269157,0.0046909982865481325
2019,vol_8,0.27999999999999997,0.5514640953738301,0.0046909982865481325
2019,vol_8,0.29,0.5581495287048074,0.0046909982865481325
2019,vol_8,0.3,0.5643521727629246,0.0007001930219328107
2019,vol_8,0.30999999999999994,0.571019781042165,0.0007001930219328107
2019,vol_8,0.31999999999999995,0.5775746678463739,0.0007001930219328107
2019,vol_8,0.32999999999999996,0.5844647166529573,-0.009311050339399322
2019,vol_8,0.33999999999999997,0.5913642016020279,-0.009311050339399322
2019,vol_8,0.3499999999999999,0.5981523833060558,-0.009311050339399322
2019,vol_8,0.35999999999999993,0.6043349398176057,-0.016578481997905833
2019,vol_8,0.36999999999999994,0.6104573430908469,-0.016578481997905833
2019,vol_8,0.37999999999999995,0.6167084202558931,-0.016578481997905833
2019,vol_8,0.38999999999999996,0.6233763114484226,-0.02419192448862542
2019,vol_8,0.3999999999999999,0.6308658242864753,-0.02419192448862542
2019,vol_8,0.4099999999999999,0.637910912708562,-0.02419192448862542
2019,vol_8,0.41999999999999993,0.644444303205174,-0.02720720361547536
2019,vol_8,0.42999999999999994,0.6515863630328159,-0.02720720361547536
2019,vol_8,0.43999999999999995,0.658374772818793,-0.02720720361547536
2019,vol_8,0.4499999999999999,0.6655117458025399,-0.02720720361547536
2019,vol_8,0.4599999999999999,0.6722350334318071,-0.027952876307260562
2019,vol_8,0.4699999999999999,0.6793403863587394,-0.027952876307260562
2019,vol_8,0.4799999999999999,0.6859823770127277,-0.027952876307260562
2019,vol_8,0.48999999999999994,0.6925703536448704,-0.025913619564108748
2019,vol_8,0.49999999999999994,0.6996382192466162,-0.025913619564108748
2019,vol_8,0.5099999999999999,0.7070785587117147,-0.025913619564108748
2019,vol_8,0.5199999999999999,0.7143170140262532,-0.024129918819599826
2019,vol_8,0.5299999999999999,0.7212380909575998,-0.024129918819599826
2019,vol_8,0.5399999999999999,0.7287321881550067,-0.024129918819599826
2019,vol_8,0.5499999999999999,0.7361228011034193,-0.024807490838383264
2019,vol_8,0.5599999999999999,0.7434674127012804,-0.024807490838383264
2019,vol_8,0.57,0.7510585806054997,-0.024807490838383264
2019,vol_8,0.58,0.7585473048266769,-0.02720956324843159
2019,vol_8,0.59,0.7651219462864098,-0.02720956324843159
2019,vol_8,0.6,0.7722623358367684,-0.02720956324843159
2019,vol_8,0.61,0.7809960221822048,-0.02720956324843159
2019,vol_8,0.62,0.7882881128866771,-0.023720081325100388
2019,vol_8,0.63,0.7953900258855277,-0.023720081325100388
2019,vol_8,0.6399999999999999,0.803517225092763,-0.023720081325100388
2019,vol_8,0.6499999999999999,0.8121683298692324,-0.024901308973547854
2019,vol_8,0.6599999999999999,0.821462411505406,-0.024901308973547854
2019,vol_8,0.6699999999999999,0.8298858040323118,-0.024901308973547854
2019,vol_8,0.6799999999999999,0.8389521085621967,-0.019024650831790908
2019,vol_8,0.69,0.8466583673871563,-0.019024650831790908
2019,vol_8,0.7,0.8572270849551895,-0.019024650831790908
2019,vol_8,0.71,0.8665864409502508,-0.019024650831790908
2019,vol_8,0.72,0.8763555537656341,-0.012493341333298625
2019,vol_8,0.73,0.8879110903870082,-0.012493341333298625
2019,vol_8,0.74,0.8991358262500982,-0.012493341333298625
2019,vol_8,0.7499999999999999,0.9095122801868731,-0.0032545164369330846
2019,vol_8,0.7599999999999999,0.9198078598197419,-0.0032545164369330846
2019,vol_8,0.7699999999999999,0.9318900715656938,-0.0032545164369330846
2019,vol_8,0.7799999999999999,0.943983456945777,0.017580928465198847
2019,vol_8,0.7899999999999999,0.9581105912395689,0.017580928465198847
2019,vol_8,0.7999999999999999,0.9716569622910967,0.017580928465198847
2019,vol_8,0.8099999999999999,0.9853691356618154,0.017580928465198847
2019,vol_8,0.82,1.0005441565834652,0.014231911610707438
2019,vol_8,0.83,1.0145630335774483,0.014231911610707438
2019,vol_8,0.84,1.0294286762972749,0.014231911610707438
2019,vol_8,0.8499999999999999,1.0470871888191702,0.014231911610707438
2019,vol_8,0.8599999999999999,1.0666283412452284,0.007254522521321674
2019,vol_8,0.8699999999999999,1.08440556369607,0.007254522521321674
2019,vol_8,0.8799999999999999,1.1041157152531003,0.007254522521321674
2019,vol_8,0.8899999999999999,1.1267483414582367,-0.0013417481995245198
2019,vol_8,0.8999999999999999,1.1487776151410756,-0.0013417481995245198
2019,vol_8,0.9099999999999999,1.1721729531283618,-0.0013417481995245198
2019,vol_8,0.9199999999999999,1.1989217146249378,-0.0013417481995245198
2019,vol_8,0.9299999999999999,1.2374959106218504,-0.0207509961387667
2019,vol_8,0.94,1.2736449340656721,-0.0207509961387667
2019,vol_8,0.95,1.311612393254515,-0.0207509961387667
2019,body,0.05,-1.0104644717880686,-0.049695468522384906
2019,body,0.06,-0.933333333333251,-0.049695468522384906
2019,body,0.07,-0.8630003013450482,-0.03853660469478726
2019,body,0.08,-0.8138490393249843,-0.03853660469478726
2019,body,0.09,-0.7629505776845098,-0.03853660469478726
2019,body,0.09999999999999999,-0.7201252503417306,-0.024004917397065464
2019,body,0.10999999999999999,-0.6745604292168713,-0.024004917397065464
2019,body,0.12,-0.6390092007938036,-0.024004917397065464
2019,body,0.13,-0.6063729110132785,-0.0173078756591408
2019,body,0.13999999999999999,-0.579504382169693,-0.0173078756591408
2019,body,0.14999999999999997,-0.5479774122901526,-0.0173078756591408
2019,body,0.15999999999999998,-0.519930676921629,-0.0173078756591408
2019,body,0.16999999999999998,-0.49831537866934206,-0.007695795353118339
2019,body,0.18,-0.47511312217194923,-0.007695795353118339
2019,body,0.19,-0.4519578494713551,-0.007695795353118339
2019,body,0.19999999999999996,-0.43223804298584,-0.0047087234622625795
2019,body,0.20999999999999996,-0.4087714149547519,-0.0047087234622625795
2019,body,0.21999999999999997,-0.38821921082812133,-0.0047087234622625795
2019,body,0.22999999999999998,-0.36556668981993806,-0.005285609225716344
2019,body,0.24,-0.34782608695642875,-0.005285609225716344
2019,body,0.24999999999999994,-0.33006904566587214,-0.005285609225716344
2019,body,0.25999999999999995,-0.3115710392310918,-0.005285609225716344
2019,body,0.26999999999999996,-0.2953071106957778,-0.006307235725665543
2019,body,0.27999999999999997,-0.2791882859257371,-0.006307235725665543
2019,body,0.29,-0.26284686503553306,-0.006307235725665543
2019,body,0.3,-0.2482479119282602,-0.007902713805871516
2019,body,0.30999999999999994,-0.2339832869081214,-0.007902713805871516
2019,body,0.31999999999999995,-0.21922690400973488,-0.007902713805871516
2019,body,0.32999999999999996,-0.20463398650907294,-0.008546033294859314
2019,body,0.33999999999999997,-0.19039652362843237,-0.008546033294859314
2019,body,0.3499999999999999,-0.17533123490232028,-0.008546033294859314
2019,body,0.35999999999999993,-0.16266455847076344,-0.008546033294859314
2019,body,0.36999999999999994,-0.14897934803831883,-0.002543470820745053
2019,body,0.37999999999999995,-0.13466121960943842,-0.002543470820745053
2019,body,0.38999999999999996,-0.11931818181820261,-0.002543470820745053
2019,body,0.3999999999999999,-0.10487739218967597,-0.0014441237123364531
2019,body,0.4099999999999999,-0.08995387062858036,-0.0014441237123364531
2019,body,0.41999999999999993,-0.07736304379393855,-0.0014441237123364531
2019,body,0.42999999999999994,-0.06311967101569663,-0.0020782618404678473
2019,body,0.43999999999999995,-0.0490615366854617,-0.0020782618404678473
2019,body,0.4499999999999999,-0.034259845333978925,-0.0020782618404678473
2019,body,0.4599999999999999,-0.02312677168571115,-0.0020782618404678473
2019,body,0.4699999999999999,0.0,0.0006788218227393834
2019,body,0.4799999999999999,0.0,0.0006788218227393834
2019,body,0.48999999999999994,0.017991495092457645,0.0006788218227393834
2019,body,0.49999999999999994,0.030905227866379517,0.005975961353769788
2019,body,0.5099999999999999,0.042263951868027,0.005975961353769788
2019,body,0.5199999999999999,0.05691056910565934,0.005975961353769788
2019,body,0.5299999999999999,0.07026703070493313,0.005975961353769788
2019,body,0.5399999999999999,0.0829997356028558,0.008031760927446632
2019,body,0.5499999999999999,0.09435659528728925,0.008031760927446632
2019,body,0.5599999999999999,0.10810810810815039,0.008031760927446632
2019,body,0.57,0.12173913043473135,0.006896737603196757
2019,body,0.58,0.13358778625945775,0.006896737603196757
2019,body,0.59,0.14675052410898354,0.006896737603196757
2019,body,0.6,0.1593776738888266,0.006896737603196757
2019,body,0.61,0.1727021188997434,0.006398756985592133
2019,body,0.62,0.18771902206704147,0.006398756985592133
2019,body,0.63,0.2025316455695898,0.006398756985592133
2019,body,0.6399999999999999,0.21642954966359984,0.004901535499827554
2019,body,0.6499999999999999,0.23045267489707078,0.004901535499827554
2019,body,0.6599999999999999,0.2431605654222527,0.004901535499827554
2019,body,0.6699999999999999,0.2572907979924987,0.006474957326173825
2019,body,0.6799999999999999,0.2737850869404873,0.006474957326173825
2019,body,0.69,0.2875565688911622,0.006474957326173825
2019,body,0.7,0.3019721747620187,0.006474957326173825
2019,body,0.71,0.3169486708384754,0.01302385393928066
2019,body,0.72,0.33293267657515757,0.01302385393928066
2019,body,0.73,0.3492104221114216,0.01302385393928066
2019,body,0.74,0.36525663185294416,0.015725152237299696
2019,body,0.7499999999999999,0.38090257023313284,0.015725152237299696
2019,body,0.7599999999999999,0.39734784478521507,0.015725152237299696
2019,body,0.7699999999999999,0.4136363636363367,0.015725152237299696
2019,body,0.7799999999999999,0.42831976961252194,0.02375233019437359
2019,body,0.7899999999999999,0.4452454224220903,0.02375233019437359
2019,body,0.7999999999999999,0.4645651019644989,0.02375233019437359
2019,body,0.8099999999999999,0.4827586206896809,0.027152322395542185
2019,body,0.82,0.5009958787398546,0.027152322395542185
2019,body,0.83,0.5206851336278544,0.027152322395542185
2019,body,0.84,0.5412711623947837,0.03219569195497826
2019,body,0.8499999999999999,0.5645161290322768,0.03219569195497826
2019,body,0.8599999999999999,0.5919862698902727,0.03219569195497826
2019,body,0.8699999999999999,0.6195441361916445,0.03219569195497826
2019,body,0.8799999999999999,0.6451776235198678,0.03317042277413622
2019,body,0.8899999999999999,0.6761645115479502,0.03317042277413622
2019,body,0.8999999999999999,0.7103313172809925,0.03317042277413622
2019,body,0.9099999999999999,0.7459356573575985,0.026423932357744307
2019,body,0.9199999999999999,0.7886293762575267,0.026423932357744307
2019,body,0.9299999999999999,0.831234211292173,0.026423932357744307
2019,body,0.94,0.8791275956640843,0.01630837372733559
2019,body,0.95,0.9433379586802048,0.01630837372733559
2019,range,0.05,0.4301809761252927,-0.01822203798288545
2019,range,0.06,0.44637681159423626,-0.01822203798288545
2019,range,0.07,0.4575570300873855,-0.01822203798288545
2019,range,0.08,0.47155145895825284,-0.028797843906889047
2019,range,0.09,0.4849794115928521,-0.028797843906889047
2019,range,0.09999999999999999,0.4962923584753732,-0.028797843906889047
2019,range,0.10999999999999999,0.5069389107674935,-0.01918880382571305
2019,range,0.12,0.5176454018227024,-0.01918880382571305
2019,range,0.13,0.5289969831878275,-0.01918880382571305
2019,range,0.13999999999999999,0.5384615384614885,-0.01918880382571305
2019,range,0.14999999999999997,0.5481893315513204,-0.006951343951219123
2019,range,0.15999999999999998,0.5576588115556016,-0.006951343951219123
2019,range,0.16999999999999998,0.5668016194332086,-0.006951343951219123
2019,range,0.18,0.5758308015891138,-0.0018334417229385253
2019,range,0.19,0.5833333333333846,-0.0018334417229385253
2019,range,0.19999999999999996,0.5918008411030102,-0.0018334417229385253
2019,range,0.20999999999999996,0.5998001483375823,-0.0018334417229385253
2019,range,0.21999999999999997,0.6079613992762495,0.0010199304106503497
2019,range,0.22999999999999998,0.6162679425837537,0.0010199304106503497
2019,range,0.24,0.6248715943661556,0.0010199304106503497
2019,range,0.24999999999999994,0.6322580645160955,-0.00016664288408424027
2019,range,0.25999999999999995,0.6408635046903238,-0.00016664288408424027
2019,range,0.26999999999999996,0.6489156318069551,-0.00016664288408424027
2019,range,0.27999999999999997,0.6562500000000385,-0.00016664288408424027
2019,range,0.29,0.6644274337758104,-0.01084639266056947
2019,range,0.3,0.6730769230769172,-0.01084639266056947
2019,range,0.30999999999999994,0.6819014099862962,-0.01084639266056947
2019,range,0.31999999999999995,0.6908055820375156,-0.014557001410179037
2019,range,0.32999999999999996,0.6993179322063114,-0.014557001410179037
2019,range,0.33999999999999997,0.7066378609147095,-0.014557001410179037
2019,range,0.3499999999999999,0.7162616382828568,-0.016541387483624503
2019,range,0.35999999999999993,0.7253886010362688,-0.016541387483624503
2019,range,0.36999999999999994,0.7320261437908888,-0.016541387483624503
2019,range,0.37999999999999995,0.7400475770924657,-0.016541387483624503
2019,range,0.38999999999999996,0.7482366511853537,-0.015314514622790768
2019,range,0.3999999999999999,0.7567567567567535,-0.015314514622790768
2019,range,0.4099999999999999,0.7650872137605061,-0.015314514622790768
2019,range,0.41999999999999993,0.7722772277228038,-0.013174950962279337
2019,range,0.42999999999999994,0.7809330628803244,-0.013174950962279337
2019,range,0.43999999999999995,0.7892156862745311,-0.013174950962279337
2019,range,0.4499999999999999,0.7983279311140248,-0.0044886175175255965
2019,range,0.4599999999999999,0.8069164265129155,-0.0044886175175255965
2019,range,0.4699999999999999,0.8141843971631046,-0.0044886175175255965
2019,range,0.4799999999999999,0.8235294117647415,-0.0008533450016161127
2019,range,0.48999999999999994,0.8319672131146619,-0.0008533450016161127
2019,range,0.49999999999999994,0.8411434940280063,-0.0008533450016161127
2019,range,0.5099999999999999,0.8502534619488725,-0.0008533450016161127
2019,range,0.5199999999999999,0.8594921092685959,-0.0006571208166286024
2019,range,0.5299999999999999,0.8693316723956345,-0.0006571208166286024
2019,range,0.5399999999999999,0.8799883964544707,-0.0006571208166286024
2019,range,0.5499999999999999,0.8886524216126456,0.00016064680796512126
2019,range,0.5599999999999999,0.8984376540474875,0.00016064680796512126
2019,range,0.57,0.9083405190402924,0.00016064680796512126
2019,range,0.58,0.91922146841556,0.0018885619435433125
2019,range,0.59,0.9296874999999705,0.0018885619435433125
2019,range,0.6,0.940860215053756,0.0018885619435433125
2019,range,0.61,0.9531281456583508,0.0022353611792628666
2019,range,0.62,0.9653007217321675,0.0022353611792628666
2019,range,0.63,0.9772318846218746,0.0022353611792628666
2019,range,0.6399999999999999,0.9903601748826518,0.0022353611792628666
2019,range,0.6499999999999999,1.0033876880293278,-0.0009741188211727435
2019,range,0.6599999999999999,1.0157182227861172,-0.0009741188211727435
2019,range,0.6699999999999999,1.026181924465102,-0.0009741188211727435
2019,range,0.6799999999999999,1.039542646207762,-0.004151624057627435
2019,range,0.69,1.0529247910864015,-0.004151624057627435
2019,range,0.7,1.0659013243394446,-0.004151624057627435
2019,range,0.71,1.080276173811638,-0.008542842024182581
2019,range,0.72,1.093863947909524,-0.008542842024182581
2019,range,0.73,1.1086556169428632,-0.008542842024182581
2019,range,0.74,1.1247419326252468,-0.008542842024182581
2019,range,0.7499999999999999,1.1404964864244793,-0.005367784096597264
2019,range,0.7599999999999999,1.1559936131634219,-0.005367784096597264
2019,range,0.7699999999999999,1.173442743016807,-0.005367784096597264
2019,range,0.7799999999999999,1.1914893617022433,0.00014773508415419
2019,range,0.7899999999999999,1.2090909090908728,0.00014773508415419
2019,range,0.7999999999999999,1.2292209474181262,0.00014773508415419
2019,range,0.8099999999999999,1.2484519561380791,0.003188237703705587
2019,range,0.82,1.2684605119973797,0.003188237703705587
2019,range,0.83,1.29444938839458,0.003188237703705587
2019,range,0.84,1.3189711312392807,0.0047758152754241116
2019,range,0.8499999999999999,1.346378266338342,0.0047758152754241116
2019,range,0.8599999999999999,1.3717964462080676,0.0047758152754241116
2019,range,0.8699999999999999,1.4036939313984433,0.0047758152754241116
2019,range,0.8799999999999999,1.4382314694407952,0.019570748956991804
2019,range,0.8899999999999999,1.464557060777764,0.019570748956991804
2019,range,0.8999999999999999,1.5026636945180873,0.019570748956991804
2019,range,0.9099999999999999,1.547970762976824,0.0396078220961027
2019,range,0.9199999999999999,1.5966373692077982,0.0396078220961027
2019,range,0.9299999999999999,1.6441758932037953,0.0396078220961027
2019,range,0.94,1.7012682841069178,0.046712725879648684
2019,range,0.95,1.7766579254079435,0.046712725879648684
2019,mean_distance,0.05,-1.9023661993461605,0.013053413550799182
2019,mean_distance,0.06,-1.7596287516546432,0.013053413550799182
2019,mean_distance,0.07,-1.6478098056464114,0.01300160371101243
2019,mean_distance,0.08,-1.5434299516908339,0.01300160371101243
2019,mean_distance,0.09,-1.4411955648768149,0.01300160371101243
2019,mean_distance,0.09999999999999999,-1.3548120957606666,0.008894165765070166
2019,mean_distance,0.10999999999999999,-1.2808534820514528,0.008894165765070166
2019,mean_distance,0.12,-1.2087628865979347,0.008894165765070166
2019,mean_distance,0.13,-1.1504353265286429,0.002934219981900436
2019,mean_distance,0.13999999999999999,-1.0789321205836935,0.002934219981900436
2019,mean_distance,0.14999999999999997,-1.0199142607943983,0.002934219981900436
2019,mean_distance,0.15999999999999998,-0.9605438786131777,0.002934219981900436
2019,mean_distance,0.16999999999999998,-0.9083872598370965,-0.00539631479728584
2019,mean_distance,0.18,-0.8573480116413863,-0.00539631479728584
2019,mean_distance,0.19,-0.8067541072138834,-0.00539631479728584
2019,mean_distance,0.19999999999999996,-0.7612578165182153,-0.004650867816068732
2019,mean_distance,0.20999999999999996,-0.718577966977392,-0.004650867816068732
2019,mean_distance,0.21999999999999997,-0.6742273121745019,-0.004650867816068732
2019,mean_distance,0.22999999999999998,-0.6335230567988216,-0.008645733516338894
2019,mean_distance,0.24,-0.5968055193394797,-0.008645733516338894
2019,mean_distance,0.24999999999999994,-0.5587893362211532,-0.008645733516338894
2019,mean_distance,0.25999999999999995,-0.5217487046632067,-0.008645733516338894
2019,mean_distance,0.26999999999999996,-0.48742306530113644,-0.0055708426891720115
2019,mean_distance,0.27999999999999997,-0.45385298346515224,-0.0055708426891720115
2019,mean_distance,0.29,-0.42048884671609893,-0.0055708426891720115
2019,mean_distance,0.3,-0.3899662384716489,-0.004365803632084859
2019,mean_distance,0.30999999999999994,-0.3587978091459738,-0.004365803632084859
2019,mean_distance,0.31999999999999995,-0.32951768850045854,-0.004365803632084859
2019,mean_distance,0.32999999999999996,-0.30146675867998046,-0.002622618239471834
2019,mean_distance,0.33999999999999997,-0.2750288388452245,-0.002622618239471834
2019,mean_distance,0.3499999999999999,-0.2446118276248436,-0.002622618239471834
2019,mean_distance,0.35999999999999993,-0.2105582023589306,-0.00931384185822077
2019,mean_distance,0.36999999999999994,-0.18200000000001246,-0.00931384185822077
2019,mean_distance,0.37999999999999995,-0.1556150836342638,-0.00931384185822077
2019,mean_distance,0.38999999999999996,-0.1267851805727712,-0.00931384185822077
2019,mean_distance,0.3999999999999999,-0.0978940467426736,-0.012390495165955208
2019,mean_distance,0.4099999999999999,-0.06893681462508562,-0.012390495165955208
2019,mean_distance,0.41999999999999993,-0.04313220866116302,-0.012390495165955208
2019,mean_distance,0.42999999999999994,-0.017510368420602777,-0.011531837615258314
2019,mean_distance,0.43999999999999995,0.0069758618560694634,-0.011531837615258314
2019,mean_distance,0.4499999999999999,0.027903368794255822,-0.011531837615258314
2019,mean_distance,0.4599999999999999,0.05509996818448953,-0.0035198623030005998
2019,mean_distance,0.4699999999999999,0.07495654649752659,-0.0035198623030005998
2019,mean_distance,0.4799999999999999,0.09808259587021792,-0.0035198623030005998
2019,mean_distance,0.48999999999999994,0.11928293795621644,-0.0035198623030005998
2019,mean_distance,0.49999999999999994,0.14372745572941883,0.002625142408018079
2019,mean_distance,0.5099999999999999,0.16332833123157384,0.002625142408018079
2019,mean_distance,0.5199999999999999,0.1863511773363481,0.002625142408018079
2019,mean_distance,0.5299999999999999,0.2099544731528489,0.005991320559119719
2019,mean_distance,0.5399999999999999,0.23395464007288544,0.005991320559119719
2019,mean_distance,0.5499999999999999,0.2571326894602262,0.005991320559119719
2019,mean_distance,0.5599999999999999,0.2812884195622809,0.005991320559119719
2019,mean_distance,0.57,0.3025556157728874,0.008742702137382886
2019,mean_distance,0.58,0.3255988943488815,0.008742702137382886
2019,mean_distance,0.59,0.34918726041263376,0.008742702137382886
2019,mean_distance,0.6,0.3730247632020132,0.010880066567253032
2019,mean_distance,0.61,0.3973741883115966,0.010880066567253032
2019,mean_distance,0.62,0.4213850835236615,0.010880066567253032
2019,mean_distance,0.63,0.44769184470915413,0.005175761247038621
2019,mean_distance,0.6399999999999999,0.4756908699125555,0.005175761247038621
2019,mean_distance,0.6499999999999999,0.4987922705313504,0.005175761247038621
2019,mean_distance,0.6599999999999999,0.525315228644977,0.005175761247038621
2019,mean_distance,0.6699999999999999,0.5495329676574005,0.0012891065282108261
2019,mean_distance,0.6799999999999999,0.5721153846153788,0.0012891065282108261
2019,mean_distance,0.69,0.6019722284789181,0.0012891065282108261
2019,mean_distance,0.7,0.631147540983603,-0.0008346415581396144
2019,mean_distance,0.71,0.6573330624888382,-0.0008346415581396144
2019,mean_distance,0.72,0.6871561771561704,-0.0008346415581396144
2019,mean_distance,0.73,0.7202413617886536,-0.0026098450319413163
2019,mean_distance,0.74,0.7550849874721136,-0.0026098450319413163
2019,mean_distance,0.7499999999999999,0.7849120948849819,-0.0026098450319413163
2019,mean_distance,0.7599999999999999,0.8198356704999704,-0.0026098450319413163
2019,mean_distance,0.7699999999999999,0.8536322463767876,-0.00972831697079288
2019,mean_distance,0.7799999999999999,0.8879218608853073,-0.00972831697079288
2019,mean_distance,0.7899999999999999,0.9221527950420059,-0.00972831697079288
2019,mean_distance,0.7999999999999999,0.9579548998046534,-0.008749167935969767
2019,mean_distance,0.8099999999999999,0.9987100636942938,-0.008749167935969767
2019,mean_distance,0.82,1.0429537843849583,-0.008749167935969767
2019,mean_distance,0.83,1.0838853169856828,-0.00894644926061057
2019,mean_distance,0.84,1.130287336491139,-0.00894644926061057
2019,mean_distance,0.8499999999999999,1.1808374785250213,-0.00894644926061057
2019,mean_distance,0.8599999999999999,1.2265892933462637,-0.00894644926061057
2019,mean_distance,0.8699999999999999,1.2833176040061625,-0.002282497250651179
2019,mean_distance,0.8799999999999999,1.3445203946169837,-0.002282497250651179
2019,mean_distance,0.8899999999999999,1.4169270115302681,-0.002282497250651179
2019,mean_distance,0.8999999999999999,1.4995896032831273,0.004993280167450316
2019,mean_distance,0.9099999999999999,1.5808253208790095,0.004993280167450316
2019,mean_distance,0.9199999999999999,1.6573234387697913,0.004993280167450316
2019,mean_distance,0.9299999999999999,1.7582089170464759,0.013076269695924453
2019,mean_distance,0.94,1.8631957326179776,0.013076269695924453
2019,mean_distance,0.95,1.9742741128592352,0.013076269695924453
2019,range_position,0.05,0.06996236559139594,-0.04980221360515417
2019,range_position,0.06,0.08333333333336086,-0.04980221360515417
2019,range_position,0.07,0.09523809523809978,-0.05425374035171205
2019,range_position,0.08,0.10720413634624759,-0.05425374035171205
2019,range_position,0.09,0.11735714932536867,-0.05425374035171205
2019,range_position,0.09999999999999999,0.12790697674416357,-0.05102246996483643
2019,range_position,0.10999999999999999,0.13870961329398795,-0.05102246996483643
2019,range_position,0.12,0.14937449584739768,-0.05102246996483643
2019,range_position,0.13,0.1602564102563993,-0.043400188261078713
2019,range_position,0.13999999999999999,0.1707317073170555,-0.043400188261078713
2019,range_position,0.14999999999999997,0.18181135681124963,-0.043400188261078713
2019,range_position,0.15999999999999998,0.19230769230769978,-0.027781332250306767
2019,range_position,0.16999999999999998,0.20338983050848075,-0.027781332250306767
2019,range_position,0.18,0.21459227467811454,-0.027781332250306767
2019,range_position,0.19,0.2259096385542156,-0.027781332250306767
2019,range_position,0.19999999999999996,0.23733949666153936,-0.022205338169379522
2019,range_position,0.20999999999999996,0.24739721043057086,-0.022205338169379522
2019,range_position,0.21999999999999997,0.26043942577030527,-0.022205338169379522
2019,range_position,0.22999999999999998,0.27151471920899395,-0.024441796237660664
2019,range_position,0.24,0.2829416564667447,-0.024441796237660664
2019,range_position,0.24999999999999994,0.29583098591548923,-0.024441796237660664
2019,range_position,0.25999999999999995,0.30878186968839355,-0.0259255279839938
2019,range_position,0.26999999999999996,0.3203085631298947,-0.0259255279839938
2019,range_position,0.27999999999999997,0.3333333333333099,-0.0259255279839938
2019,range_position,0.29,0.34453781512604903,-0.02824071322950355
2019,range_position,0.3,0.35714285714285815,-0.02824071322950355
2019,range_position,0.30999999999999994,0.3664122137404372,-0.02824071322950355
2019,range_position,0.31999999999999995,0.37797385374675835,-0.02824071322950355
2019,range_position,0.32999999999999996,0.39004659685863385,-0.033289709139772354
2019,range_position,0.33999999999999997,0.40261264069264885,-0.033289709139772354
2019,range_position,0.3499999999999999,0.4149166666666628,-0.033289709139772354
2019,range_position,0.35999999999999993,0.42857142857144337,-0.04155306900314089
2019,range_position,0.36999999999999994,0.4409448818897442,-0.04155306900314089
2019,range_position,0.37999999999999995,0.4535823333896672,-0.04155306900314089
2019,range_position,0.38999999999999996,0.4651162790697602,-0.03819964346906566
2019,range_position,0.3999999999999999,0.47918238993710854,-0.03819964346906566
2019,range_position,0.4099999999999999,0.49056603773584795,-0.03819964346906566
2019,range_position,0.41999999999999993,0.5035368843692034,-0.03819964346906566
2019,range_position,0.42999999999999994,0.5142857142857217,-0.0316896603636268
2019,range_position,0.43999999999999995,0.5272362114872399,-0.0316896603636268
2019,range_position,0.4499999999999999,0.5384615384615211,-0.0316896603636268
2019,range_position,0.4599999999999999,0.5500393013100567,-0.024690495054098226
2019,range_position,0.4699999999999999,0.5620270732402403,-0.024690495054098226
2019,range_position,0.4799999999999999,0.574616391725587,-0.024690495054098226
2019,range_position,0.48999999999999994,0.587199589401426,-0.024690495054098226
2019,range_position,0.49999999999999994,0.5993627460757646,-0.023753387702773784
2019,range_position,0.5099999999999999,0.6103733766233662,-0.023753387702773784
2019,range_position,0.5199999999999999,0.6217566678845451,-0.023753387702773784
2019,range_position,0.5299999999999999,0.6340822227809679,-0.015233438109034025
2019,range_position,0.5399999999999999,0.6456564938412062,-0.015233438109034025
2019,range_position,0.5499999999999999,0.658658164440347,-0.015233438109034025
2019,range_position,0.5599999999999999,0.6689432869289094,-0.005837458182375518
2019,range_position,0.57,0.679391532003258,-0.005837458182375518
2019,range_position,0.58,0.6902949852507128,-0.005837458182375518
2019,range_position,0.59,0.700729927007296,-0.005837458182375518
2019,range_position,0.6,0.7107843137254929,-0.0002656926589032435
2019,range_position,0.61,0.7206703910614541,-0.0002656926589032435
2019,range_position,0.62,0.7309843822483402,-0.0002656926589032435
2019,range_position,0.63,0.7405433530174298,0.008470829400564608
2019,range_position,0.6399999999999999,0.7499999999999907,0.008470829400564608
2019,range_position,0.6499999999999999,0.7596153846153877,0.008470829400564608
2019,range_position,0.6599999999999999,0.7686203208556212,0.019975540142034932
2019,range_position,0.6699999999999999,0.7777777777778064,0.019975540142034932
2019,range_position,0.6799999999999999,0.7879452882944039,0.019975540142034932
2019,range_position,0.69,0.796296296296298,0.019975540142034932
2019,range_position,0.7,0.8044503561314577,0.03249939804219001
2019,range_position,0.71,0.812269152202367,0.03249939804219001
2019,range_position,0.72,0.8200000000000233,0.03249939804219001
2019,range_position,0.73,0.8274859535088684,0.03870771040898769
2019,range_position,0.74,0.8357790756363166,0.03870771040898769
2019,range_position,0.7499999999999999,0.8442622950819705,0.03870771040898769
2019,range_position,0.7599999999999999,0.8518518518518461,0.03870771040898769
2019,range_position,0.7699999999999999,0.8590729103111598,0.03892506531018299
2019,range_position,0.7799999999999999,0.8648648648648558,0.03892506531018299
2019,range_position,0.7899999999999999,0.8723404255318964,0.03892506531018299
2019,range_position,0.7999999999999999,0.8791946308724627,0.04740428189919394
2019,range_position,0.8099999999999999,0.8857629037629031,0.04740428189919394
2019,range_position,0.82,0.8915722891566406,0.04740428189919394
2019,range_position,0.83,0.8974358974359313,0.05372291616380081
2019,range_position,0.84,0.9038461538461481,0.05372291616380081
2019,range_position,0.8499999999999999,0.9102564102563728,0.05372291616380081
2019,range_position,0.8599999999999999,0.9154495129983979,0.05372291616380081
2019,range_position,0.8699999999999999,0.9214195258889444,0.05716930384572188
2019,range_position,0.8799999999999999,0.9279279279279261,0.05716930384572188
2019,range_position,0.8899999999999999,0.9341276626013608,0.05716930384572188
2019,range_position,0.8999999999999999,0.939987577639742,0.06908841893714046
2019,range_position,0.9099999999999999,0.9455460934694643,0.06908841893714046
2019,range_position,0.9199999999999999,0.9515151515151439,0.06908841893714046
2019,range_position,0.9299999999999999,0.9568965517241244,0.06908841893714046
2019,range_position,0.94,0.9616937199725424,0.08354212576375748
2019,range_position,0.95,0.9682241490045018,0.08354212576375748
2019,atr_fraction,0.05,0.0010924965585074233,-0.022840123096569482
2019,atr_fraction,0.06,0.0011289823844412167,-0.010859272274235693
2019,atr_fraction,0.07,0.0011650061457836073,-0.010859272274235693
2019,atr_fraction,0.08,0.0011966134483553568,-0.010859272274235693
2019,atr_fraction,0.09,0.0012249719019305331,-0.002674793421208639
2019,atr_fraction,0.09999999999999999,0.0012553335325592814,-0.002674793421208639
2019,atr_fraction,0.10999999999999999,0.0012870232550596728,-0.002674793421208639
2019,atr_fraction,0.12,0.0013160002086590621,0.008537469323303506
2019,atr_fraction,0.13,0.0013421486432945223,0.008537469323303506
2019,atr_fraction,0.13999999999999999,0.0013660542709068712,0.010670556031764037
2019,atr_fraction,0.14999999999999997,0.001391187932858419,0.010670556031764037
2019,atr_fraction,0.15999999999999998,0.0014178638557443655,0.010670556031764037
2019,atr_fraction,0.16999999999999998,0.0014446365993399885,0.009436551415869535
2019,atr_fraction,0.18,0.001466775650564524,0.009436551415869535
2019,atr_fraction,0.19,0.0014932457162984182,0.009436551415869535
2019,atr_fraction,0.19999999999999996,0.0015166529574750845,-0.0006833952028609962
2019,atr_fraction,0.20999999999999996,0.0015427815738619244,-0.0006833952028609962
2019,atr_fraction,0.21999999999999997,0.001564340276087111,-0.0006833952028609962
2019,atr_fraction,0.22999999999999998,0.0015879726571243783,-0.008387567626810607
2019,atr_fraction,0.24,0.001609850065299117,-0.008387567626810607
2019,atr_fraction,0.24999999999999994,0.0016304654507293304,-0.008387567626810607
2019,atr_fraction,0.25999999999999995,0.0016521860597271986,-0.013256569874283966
2019,atr_fraction,0.26999999999999996,0.0016771415555644445,-0.013256569874283966
2019,atr_fraction,0.27999999999999997,0.00170659458818293,-0.013256569874283966
2019,atr_fraction,0.29,0.0017323593979745166,-0.014983844917421331
2019,atr_fraction,0.3,0.0017551632150183067,-0.014983844917421331
2019,atr_fraction,0.30999999999999994,0.0017788428382542582,-0.014983844917421331
2019,atr_fraction,0.31999999999999995,0.0018034086092926303,-0.014983844917421331
2019,atr_fraction,0.32999999999999996,0.0018266794344551805,-0.011787051087532365
2019,atr_fraction,0.33999999999999997,0.001851601561235072,-0.011787051087532365
2019,atr_fraction,0.3499999999999999,0.0018779122591294991,-0.011787051087532365
2019,atr_fraction,0.35999999999999993,0.0019027096612006579,-0.010087604288019683
2019,atr_fraction,0.36999999999999994,0.0019278373323789414,-0.010087604288019683
2019,atr_fraction,0.37999999999999995,0.0019516466121023163,-0.010087604288019683
2019,atr_fraction,0.38999999999999996,0.0019788932784001122,-0.0051067093554893975
2019,atr_fraction,0.3999999999999999,0.002001399215514448,-0.0051067093554893975
2019,atr_fraction,0.4099999999999999,0.0020256245402992448,-0.0051067093554893975
2019,atr_fraction,0.41999999999999993,0.002049390572072729,0.0012829370473676773
2019,atr_fraction,0.42999999999999994,0.0020746460117077956,0.0012829370473676773
2019,atr_fraction,0.43999999999999995,0.002098960324958248,0.0012829370473676773
2019,atr_fraction,0.4499999999999999,0.0021226586720140424,0.006579633612606568
2019,atr_fraction,0.4599999999999999,0.002147086942930933,0.006579633612606568
2019,atr_fraction,0.4699999999999999,0.002175243843705784,0.006579633612606568
2019,atr_fraction,0.4799999999999999,0.002200345567689414,0.013420312608622332
2019,atr_fraction,0.48999999999999994,0.0022259137307089486,0.013420312608622332
2019,atr_fraction,0.49999999999999994,0.002253374218280781,0.013420312608622332
2019,atr_fraction,0.5099999999999999,0.002281789764453014,0.013420312608622332
2019,atr_fraction,0.5199999999999999,0.0023082552491087934,0.016442668757752608
2019,atr_fraction,0.5299999999999999,0.0023407883091509135,0.016442668757752608
2019,atr_fraction,0.5399999999999999,0.002371978224156533,0.016442668757752608
2019,atr_fraction,0.5499999999999999,0.002403525177813182,0.020445895530648146
2019,atr_fraction,0.5599999999999999,0.002438762626358504,0.020445895530648146
2019,atr_fraction,0.57,0.002474524704855209,0.020445895530648146
2019,atr_fraction,0.58,0.002514392712578524,0.021227037432532268
2019,atr_fraction,0.59,0.002555812176463209,0.021227037432532268
2019,atr_fraction,0.6,0.0025988533378914847,0.021227037432532268
2019,atr_fraction,0.61,0.002638959284087093,0.02540382343550326
2019,atr_fraction,0.62,0.002685091514871901,0.02540382343550326
2019,atr_fraction,0.63,0.0027315499660849835,0.02540382343550326
2019,atr_fraction,0.6399999999999999,0.0027734605362566764,0.029289785812788457
2019,atr_fraction,0.6499999999999999,0.0028143236787577463,0.029289785812788457
2019,atr_fraction,0.6599999999999999,0.002849895646393127,0.029289785812788457
2019,atr_fraction,0.6699999999999999,0.002901421607179403,0.029289785812788457
2019,atr_fraction,0.6799999999999999,0.0029593931571407,0.02923158407245793
2019,atr_fraction,0.69,0.0030181086519114704,0.02923158407245793
2019,atr_fraction,0.7,0.0030785664338207593,0.02923158407245793
2019,atr_fraction,0.71,0.0031348050879825254,0.02529444526801408
2019,atr_fraction,0.72,0.0031865639540681707,0.02529444526801408
2019,atr_fraction,0.73,0.003252461351399271,0.02529444526801408
2019,atr_fraction,0.74,0.0033035841653637115,0.02529444526801408
2019,atr_fraction,0.7499999999999999,0.0033618532454207277,0.017499334847027207
2019,atr_fraction,0.7599999999999999,0.00342766102490378,0.017499334847027207
2019,atr_fraction,0.7699999999999999,0.00350973851629911,0.017499334847027207
2019,atr_fraction,0.7799999999999999,0.003580533791449055,0.017499334847027207
2019,atr_fraction,0.7899999999999999,0.003656646041574577,0.004406767327733148
2019,atr_fraction,0.7999999999999999,0.0037387452157567826,0.004406767327733148
2019,atr_fraction,0.8099999999999999,0.0038224231491007558,0.004406767327733148
2019,atr_fraction,0.82,0.003917409626006853,0.004406767327733148
2019,atr_fraction,0.83,0.004026843164888509,-0.005927256968679079
2019,atr_fraction,0.84,0.004146171788044833,-0.005927256968679079
2019,atr_fraction,0.8499999999999999,0.00427503021894492,-0.005927256968679079
2019,atr_fraction,0.8599999999999999,0.0044250240863647665,-0.005927256968679079
2019,atr_fraction,0.8699999999999999,0.004586794243923752,-0.03136929202939302
2019,atr_fraction,0.8799999999999999,0.004750979692636185,-0.03136929202939302
2019,atr_fraction,0.8899999999999999,0.004926152729978937,-0.03136929202939302
2019,atr_fraction,0.8999999999999999,0.00512813066167318,-0.03136929202939302
2019,atr_fraction,0.9099999999999999,0.005277209892965406,-0.031332150274168906
2019,atr_fraction,0.9199999999999999,0.005490922462642484,-0.031332150274168906
2019,atr_fraction,0.9299999999999999,0.005739841779880092,-0.031332150274168906
2019,atr_fraction,0.94,0.006040314065369476,-0.031332150274168906
2019,atr_fraction,0.95,0.006420363544382408,-0.03139371116956333
2019,time_sin,0.05,-0.6087614290087203,-0.005749888881992883
2019,time_sin,0.06,-0.6087614290087203,-0.005749888881992883
2019,time_sin,0.07,-0.6087614290087203,-0.005749888881992883
2019,time_sin,0.08,-0.6087614290087203,-0.005749888881992883
2019,time_sin,0.09,-0.6087614290087203,-0.005749888881992883
2019,time_sin,0.09999999999999999,-0.5000000000000001,-0.0019285112744781851
2019,time_sin,0.10999999999999999,-0.5000000000000001,-0.0019285112744781851
2019,time_sin,0.12,-0.5000000000000001,-0.0019285112744781851
2019,time_sin,0.13,-0.5000000000000001,-0.0019285112744781851
2019,time_sin,0.13999999999999999,-0.5000000000000001,-0.0019285112744781851
2019,time_sin,0.14999999999999997,-0.5000000000000001,-0.0019285112744781851
2019,time_sin,0.15999999999999998,-0.5000000000000001,-0.0019285112744781851
2019,time_sin,0.16999999999999998,-0.5000000000000001,-0.0019285112744781851
2019,time_sin,0.18,-0.5000000000000001,-0.0019285112744781851
2019,time_sin,0.19,-0.5000000000000001,-0.0019285112744781851
2019,time_sin,0.19999999999999996,-0.38268343236508967,-0.0010817423327224563
2019,time_sin,0.20999999999999996,-0.38268343236508967,-0.0010817423327224563
2019,time_sin,0.21999999999999997,-0.38268343236508967,-0.0010817423327224563
2019,time_sin,0.22999999999999998,-0.38268343236508967,-0.0010817423327224563
2019,time_sin,0.24,-0.38268343236508967,-0.0010817423327224563
2019,time_sin,0.24999999999999994,-0.38268343236508967,-0.0010817423327224563
2019,time_sin,0.25999999999999995,-0.38268343236508967,-0.0010817423327224563
2019,time_sin,0.26999999999999996,-0.38268343236508967,-0.0010817423327224563
2019,time_sin,0.27999999999999997,-0.38268343236508967,-0.0010817423327224563
2019,time_sin,0.29,-0.38268343236508967,-0.0010817423327224563
2019,time_sin,0.3,-0.25881904510252035,-0.010402906304594886
2019,time_sin,0.30999999999999994,-0.25881904510252035,-0.010402906304594886
2019,time_sin,0.31999999999999995,-0.25881904510252035,-0.010402906304594886
2019,time_sin,0.32999999999999996,-0.25881904510252035,-0.010402906304594886
2019,time_sin,0.33999999999999997,-0.25881904510252035,-0.010402906304594886
2019,time_sin,0.3499999999999999,-0.25881904510252035,-0.010402906304594886
2019,time_sin,0.35999999999999993,-0.25881904510252035,-0.010402906304594886
2019,time_sin,0.36999999999999994,-0.25881904510252035,-0.010402906304594886
2019,time_sin,0.37999999999999995,-0.25881904510252035,-0.010402906304594886
2019,time_sin,0.38999999999999996,-0.25881904510252035,-0.010402906304594886
2019,time_sin,0.3999999999999999,-0.13052619222005177,-0.005275184375178205
2019,time_sin,0.4099999999999999,-0.13052619222005177,-0.005275184375178205
2019,time_sin,0.41999999999999993,-0.13052619222005177,-0.005275184375178205
2019,time_sin,0.42999999999999994,-0.13052619222005177,-0.005275184375178205
2019,time_sin,0.43999999999999995,-0.13052619222005177,-0.005275184375178205
2019,time_sin,0.4499999999999999,-0.13052619222005177,-0.005275184375178205
2019,time_sin,0.4599999999999999,-0.13052619222005177,-0.005275184375178205
2019,time_sin,0.4699999999999999,-0.13052619222005177,-0.005275184375178205
2019,time_sin,0.4799999999999999,-0.13052619222005177,-0.005275184375178205
2019,time_sin,0.48999999999999994,-0.13052619222005177,-0.005275184375178205
2019,time_sin,0.49999999999999994,1.2246467991473532e-16,0.0042971647439395775
2019,time_sin,0.5099999999999999,1.2246467991473532e-16,0.0042971647439395775
2019,time_sin,0.5199999999999999,1.2246467991473532e-16,0.0042971647439395775
2019,time_sin,0.5299999999999999,1.2246467991473532e-16,0.0042971647439395775
2019,time_sin,0.5399999999999999,1.2246467991473532e-16,0.0042971647439395775
2019,time_sin,0.5499999999999999,1.2246467991473532e-16,0.0042971647439395775
2019,time_sin,0.5599999999999999,1.2246467991473532e-16,0.0042971647439395775
2019,time_sin,0.57,1.2246467991473532e-16,0.0042971647439395775
2019,time_sin,0.58,1.2246467991473532e-16,0.0042971647439395775
2019,time_sin,0.59,1.2246467991473532e-16,0.0042971647439395775
2019,time_sin,0.6,0.13052619222005157,0.010620584157368428
2019,time_sin,0.61,0.13052619222005157,0.010620584157368428
2019,time_sin,0.62,0.13052619222005157,0.010620584157368428
2019,time_sin,0.63,0.13052619222005157,0.010620584157368428
2019,time_sin,0.6399999999999999,0.13052619222005157,0.010620584157368428
2019,time_sin,0.6499999999999999,0.13052619222005157,0.010620584157368428
2019,time_sin,0.6599999999999999,0.13052619222005157,0.010620584157368428
2019,time_sin,0.6699999999999999,0.13052619222005157,0.010620584157368428
2019,time_sin,0.6799999999999999,0.13052619222005157,0.010620584157368428
2019,time_sin,0.69,0.13052619222005157,0.010620584157368428
2019,time_sin,0.7,0.258819045102521,0.014886711232793939
2019,time_sin,0.71,0.258819045102521,0.014886711232793939
2019,time_sin,0.72,0.258819045102521,0.014886711232793939
2019,time_sin,0.73,0.258819045102521,0.014886711232793939
2019,time_sin,0.74,0.258819045102521,0.014886711232793939
2019,time_sin,0.7499999999999999,0.258819045102521,0.014886711232793939
2019,time_sin,0.7599999999999999,0.258819045102521,0.014886711232793939
2019,time_sin,0.7699999999999999,0.258819045102521,0.014886711232793939
2019,time_sin,0.7799999999999999,0.258819045102521,0.014886711232793939
2019,time_sin,0.7899999999999999,0.258819045102521,0.014886711232793939
2019,time_sin,0.7999999999999999,0.3826834323650899,0.007901735185273718
2019,time_sin,0.8099999999999999,0.3826834323650899,0.007901735185273718
2019,time_sin,0.82,0.3826834323650899,0.007901735185273718
2019,time_sin,0.83,0.3826834323650899,0.007901735185273718
2019,time_sin,0.84,0.3826834323650899,0.007901735185273718
2019,time_sin,0.8499999999999999,0.3826834323650899,0.007901735185273718
2019,time_sin,0.8599999999999999,0.3826834323650899,0.007901735185273718
2019,time_sin,0.8699999999999999,0.3826834323650899,0.007901735185273718
2019,time_sin,0.8799999999999999,0.3826834323650899,0.007901735185273718
2019,time_sin,0.8899999999999999,0.3826834323650899,0.007901735185273718
2019,time_sin,0.8999999999999999,0.49999999999999994,-0.013444076421216125
2019,time_sin,0.9099999999999999,0.49999999999999994,-0.013444076421216125
2019,time_sin,0.9199999999999999,0.49999999999999994,-0.013444076421216125
2019,time_sin,0.9299999999999999,0.49999999999999994,-0.013444076421216125
2019,time_sin,0.94,0.49999999999999994,-0.013444076421216125
2019,time_sin,0.95,0.49999999999999994,-0.013444076421216125
2019,time_cos,0.05,-1.0,0.00664231362234191
2019,time_cos,0.06,-1.0,0.00664231362234191
2019,time_cos,0.07,-1.0,0.00664231362234191
2019,time_cos,0.08,-1.0,0.00664231362234191
2019,time_cos,0.09,-1.0,0.00664231362234191
2019,time_cos,0.09999999999999999,-0.9914448613738104,-0.002855897183663061
2019,time_cos,0.10999999999999999,-0.9914448613738104,-0.002855897183663061
2019,time_cos,0.12,-0.9914448613738104,-0.002855897183663061
2019,time_cos,0.13,-0.9914448613738104,-0.002855897183663061
2019,time_cos,0.13999999999999999,-0.9914448613738104,-0.002855897183663061
2019,time_cos,0.14999999999999997,-0.9914448613738104,-0.002855897183663061
2019,time_cos,0.15999999999999998,-0.9914448613738104,-0.002855897183663061
2019,time_cos,0.16999999999999998,-0.9914448613738104,-0.002855897183663061
2019,time_cos,0.18,-0.9914448613738104,-0.002855897183663061
2019,time_cos,0.19,-0.9914448613738104,-0.002855897183663061
2019,time_cos,0.19999999999999996,-0.9914448613738104,-0.002855897183663061
2019,time_cos,0.20999999999999996,-0.9914448613738104,-0.002855897183663061
2019,time_cos,0.21999999999999997,-0.9914448613738104,-0.002855897183663061
2019,time_cos,0.22999999999999998,-0.9914448613738104,-0.002855897183663061
2019,time_cos,0.24,-0.9914448613738104,-0.002855897183663061
2019,time_cos,0.24999999999999994,-0.9914448613738104,-0.002855897183663061
2019,time_cos,0.25999999999999995,-0.9914448613738104,-0.002855897183663061
2019,time_cos,0.26999999999999996,-0.9914448613738104,-0.002855897183663061
2019,time_cos,0.27999999999999997,-0.9914448613738104,-0.002855897183663061
2019,time_cos,0.29,-0.9914448613738104,-0.002855897183663061
2019,time_cos,0.3,-0.9659258262890684,-0.0045177478901413555
2019,time_cos,0.30999999999999994,-0.9659258262890684,-0.0045177478901413555
2019,time_cos,0.31999999999999995,-0.9659258262890684,-0.0045177478901413555
2019,time_cos,0.32999999999999996,-0.9659258262890684,-0.0045177478901413555
2019,time_cos,0.33999999999999997,-0.9659258262890684,-0.0045177478901413555
2019,time_cos,0.3499999999999999,-0.9659258262890684,-0.0045177478901413555
2019,time_cos,0.35999999999999993,-0.9659258262890684,-0.0045177478901413555
2019,time_cos,0.36999999999999994,-0.9659258262890684,-0.0045177478901413555
2019,time_cos,0.37999999999999995,-0.9659258262890684,-0.0045177478901413555
2019,time_cos,0.38999999999999996,-0.9659258262890684,-0.0045177478901413555
2019,time_cos,0.3999999999999999,-0.9659258262890682,0.007396448491975185
2019,time_cos,0.4099999999999999,-0.9659258262890682,0.007396448491975185
2019,time_cos,0.41999999999999993,-0.9659258262890682,0.007396448491975185
2019,time_cos,0.42999999999999994,-0.9659258262890682,0.007396448491975185
2019,time_cos,0.43999999999999995,-0.9659258262890682,0.007396448491975185
2019,time_cos,0.4499999999999999,-0.9659258262890682,0.007396448491975185
2019,time_cos,0.4599999999999999,-0.9659258262890682,0.007396448491975185
2019,time_cos,0.4699999999999999,-0.9659258262890682,0.007396448491975185
2019,time_cos,0.4799999999999999,-0.9659258262890682,0.007396448491975185
2019,time_cos,0.48999999999999994,-0.9659258262890682,0.007396448491975185
2019,time_cos,0.49999999999999994,-0.944902679400254,0.007396448491975185
2019,time_cos,0.5099999999999999,-0.9238795325112868,0.011999473954250705
2019,time_cos,0.5199999999999999,-0.9238795325112868,0.011999473954250705
2019,time_cos,0.5299999999999999,-0.9238795325112868,0.011999473954250705
2019,time_cos,0.5399999999999999,-0.9238795325112868,0.011999473954250705
2019,time_cos,0.5499999999999999,-0.9238795325112868,0.011999473954250705
2019,time_cos,0.5599999999999999,-0.9238795325112868,0.011999473954250705
2019,time_cos,0.57,-0.9238795325112868,0.011999473954250705
2019,time_cos,0.58,-0.9238795325112868,0.011999473954250705
2019,time_cos,0.59,-0.9238795325112868,0.011999473954250705
2019,time_cos,0.6,-0.9238795325112867,0.005457449811610263
2019,time_cos,0.61,-0.9238795325112867,0.005457449811610263
2019,time_cos,0.62,-0.9238795325112867,0.005457449811610263
2019,time_cos,0.63,-0.9238795325112867,0.005457449811610263
2019,time_cos,0.6399999999999999,-0.9238795325112867,0.005457449811610263
2019,time_cos,0.6499999999999999,-0.9238795325112867,0.005457449811610263
2019,time_cos,0.6599999999999999,-0.9238795325112867,0.005457449811610263
2019,time_cos,0.6699999999999999,-0.9238795325112867,0.005457449811610263
2019,time_cos,0.6799999999999999,-0.9238795325112867,0.005457449811610263
2019,time_cos,0.69,-0.9238795325112867,0.005457449811610263
2019,time_cos,0.7,-0.9238795325112867,0.005457449811610263
2019,time_cos,0.71,-0.8660254037844387,-0.0051639039228779035
2019,time_cos,0.72,-0.8660254037844387,-0.0051639039228779035
2019,time_cos,0.73,-0.8660254037844387,-0.0051639039228779035
2019,time_cos,0.74,-0.8660254037844387,-0.0051639039228779035
2019,time_cos,0.7499999999999999,-0.8660254037844387,-0.0051639039228779035
2019,time_cos,0.7599999999999999,-0.8660254037844387,-0.0051639039228779035
2019,time_cos,0.7699999999999999,-0.8660254037844387,-0.0051639039228779035
2019,time_cos,0.7799999999999999,-0.8660254037844387,-0.0051639039228779035
2019,time_cos,0.7899999999999999,-0.8660254037844387,-0.0051639039228779035
2019,time_cos,0.7999999999999999,-0.8660254037844387,-0.0051639039228779035
2019,time_cos,0.8099999999999999,-0.8660254037844386,-0.005851193479298746
2019,time_cos,0.82,-0.8660254037844386,-0.005851193479298746
2019,time_cos,0.83,-0.8660254037844386,-0.005851193479298746
2019,time_cos,0.84,-0.8660254037844386,-0.005851193479298746
2019,time_cos,0.8499999999999999,-0.8660254037844386,-0.005851193479298746
2019,time_cos,0.8599999999999999,-0.8660254037844386,-0.005851193479298746
2019,time_cos,0.8699999999999999,-0.8660254037844386,-0.005851193479298746
2019,time_cos,0.8799999999999999,-0.8660254037844386,-0.005851193479298746
2019,time_cos,0.8899999999999999,-0.8660254037844386,-0.005851193479298746
2019,time_cos,0.8999999999999999,-0.8660254037844386,-0.005851193479298746
2019,time_cos,0.9099999999999999,-0.7933533402912354,-0.010293688617620946
2019,time_cos,0.9199999999999999,-0.7933533402912354,-0.010293688617620946
2019,time_cos,0.9299999999999999,-0.7933533402912354,-0.010293688617620946
2019,time_cos,0.94,-0.7933533402912354,-0.010293688617620946
2019,time_cos,0.95,-0.7933533402912354,-0.010293688617620946
2020,ret_1,0.05,-1.1500796073844555,0.016663038377597875
2020,ret_1,0.06,-1.0489951339348347,0.016663038377597875
2020,ret_1,0.07,-0.9630885430885092,0.019840425176691226
2020,ret_1,0.08,-0.8924062532070101,0.019840425176691226
2020,ret_1,0.09,-0.8319936483179785,0.019840425176691226
2020,ret_1,0.09999999999999999,-0.7799933103603731,0.02483145155035801
2020,ret_1,0.10999999999999999,-0.7305585284280914,0.02483145155035801
2020,ret_1,0.12,-0.6835076883484384,0.02483145155035801
2020,ret_1,0.13,-0.6440286298567642,0.02483145155035801
2020,ret_1,0.13999999999999999,-0.6111550011550488,0.021425724392837166
2020,ret_1,0.14999999999999997,-0.5800011350737732,0.021425724392837166
2020,ret_1,0.15999999999999998,-0.5490196078431644,0.021425724392837166
2020,ret_1,0.16999999999999998,-0.5209199617838981,0.02213550527571051
2020,ret_1,0.18,-0.49557522123900294,0.02213550527571051
2020,ret_1,0.19,-0.4729729729729662,0.02213550527571051
2020,ret_1,0.19999999999999996,-0.45037345839846954,0.021902197290667866
2020,ret_1,0.20999999999999996,-0.4248413923868673,0.021902197290667866
2020,ret_1,0.21999999999999997,-0.4031413612565398,0.021902197290667866
2020,ret_1,0.22999999999999998,-0.3802271317551048,0.021902197290667866
2020,ret_1,0.24,-0.3587704340529373,0.020722816645978914
2020,ret_1,0.24999999999999994,-0.3383699914061794,0.020722816645978914
2020,ret_1,0.25999999999999995,-0.31818181818185415,0.020722816645978914
2020,ret_1,0.26999999999999996,-0.3024767760556975,0.018448790450478512
2020,ret_1,0.27999999999999997,-0.283706485625203,0.018448790450478512
2020,ret_1,0.29,-0.2653378580565659,0.018448790450478512
2020,ret_1,0.3,-0.2509638781621335,0.01528165834949231
2020,ret_1,0.30999999999999994,-0.2359550561798139,0.01528165834949231
2020,ret_1,0.31999999999999995,-0.21989528795807486,0.01528165834949231
2020,ret_1,0.32999999999999996,-0.2048780487804621,0.01528165834949231
2020,ret_1,0.33999999999999997,-0.19118283468076253,0.0103342148601369
2020,ret_1,0.3499999999999999,-0.17613898579571496,0.0103342148601369
2020,ret_1,0.35999999999999993,-0.16232511579261927,0.0103342148601369
2020,ret_1,0.36999999999999994,-0.14610933844893154,0.00825420698499847
2020,ret_1,0.37999999999999995,-0.13333333333331238,0.00825420698499847
2020,ret_1,0.38999999999999996,-0.11789473684210672,0.00825420698499847
2020,ret_1,0.3999999999999999,-0.10306246209828429,0.007997760947551981
2020,ret_1,0.4099999999999999,-0.0874999999999518,0.007997760947551981
2020,ret_1,0.41999999999999993,-0.0733163694944203,0.007997760947551981
2020,ret_1,0.42999999999999994,-0.060017363344039364,0.007997760947551981
2020,ret_1,0.43999999999999995,-0.04509553928649656,0.004941933046122046
2020,ret_1,0.4499999999999999,-0.03146244227314113,0.004941933046122046
2020,ret_1,0.4599999999999999,-0.018813978172257405,0.004941933046122046
2020,ret_1,0.4699999999999999,0.0,0.001546682695586548
2020,ret_1,0.4799999999999999,0.0,0.001546682695586548
2020,ret_1,0.48999999999999994,0.022608710463570852,0.001546682695586548
2020,ret_1,0.49999999999999994,0.03594351732993296,0.00039676927749526765
2020,ret_1,0.5099999999999999,0.04897135348410816,0.00039676927749526765
2020,ret_1,0.5199999999999999,0.0627802690582593,0.00039676927749526765
2020,ret_1,0.5299999999999999,0.07703630410148492,0.00039676927749526765
2020,ret_1,0.5399999999999999,0.09012179561543662,-0.0019736544654590186
2020,ret_1,0.5499999999999999,0.10370370370369904,-0.0019736544654590186
2020,ret_1,0.5599999999999999,0.11574423662465771,-0.0019736544654590186
2020,ret_1,0.57,0.12990587114509317,-0.004686319105859317
2020,ret_1,0.58,0.14369501466277654,-0.004686319105859317
2020,ret_1,0.59,0.15516506869922755,-0.004686319105859317
2020,ret_1,0.6,0.16963496189479474,-0.00777141045052283
2020,ret_1,0.61,0.18426038204473516,-0.00777141045052283
2020,ret_1,0.62,0.19895910277747428,-0.00777141045052283
2020,ret_1,0.63,0.21455581761885698,-0.00777141045052283
2020,ret_1,0.6399999999999999,0.22913757063275234,-0.008718866627390914
2020,ret_1,0.6499999999999999,0.24242424242424931,-0.008718866627390914
2020,ret_1,0.6599999999999999,0.25556994798096017,-0.008718866627390914
2020,ret_1,0.6699999999999999,0.2716948201358147,-0.011151332409790073
2020,ret_1,0.6799999999999999,0.2868852459016029,-0.011151332409790073
2020,ret_1,0.69,0.3018102606931167,-0.011151332409790073
2020,ret_1,0.7,0.31818181818183,-0.01819476515659541
2020,ret_1,0.71,0.3355119825708434,-0.01819476515659541
2020,ret_1,0.72,0.35163630889658704,-0.01819476515659541
2020,ret_1,0.73,0.3664397589881087,-0.01819476515659541
2020,ret_1,0.74,0.3830539753639599,-0.01923237057992988
2020,ret_1,0.7499999999999999,0.3991552270327068,-0.01923237057992988
2020,ret_1,0.7599999999999999,0.41637303606391324,-0.01923237057992988
2020,ret_1,0.7699999999999999,0.43475310648296545,-0.020552454739832773
2020,ret_1,0.7799999999999999,0.45290199809708237,-0.020552454739832773
2020,ret_1,0.7899999999999999,0.4707474329176507,-0.020552454739832773
2020,ret_1,0.7999999999999999,0.4897150378721697,-0.020552454739832773
2020,ret_1,0.8099999999999999,0.5107557808441839,-0.023067734215685216
2020,ret_1,0.82,0.5309439052928471,-0.023067734215685216
2020,ret_1,0.83,0.5560571553480261,-0.023067734215685216
2020,ret_1,0.84,0.5811393561723737,-0.02530124889524604
2020,ret_1,0.8499999999999999,0.6098805026360102,-0.02530124889524604
2020,ret_1,0.8599999999999999,0.6381885506053585,-0.02530124889524604
2020,ret_1,0.8699999999999999,0.6695652173913168,-0.02129770601773487
2020,ret_1,0.8799999999999999,0.701949860724216,-0.02129770601773487
2020,ret_1,0.8899999999999999,0.7406089743589073,-0.02129770601773487
2020,ret_1,0.8999999999999999,0.7822026941185886,-0.022884918234999732
2020,ret_1,0.9099999999999999,0.829808871258635,-0.022884918234999732
2020,ret_1,0.9199999999999999,0.8832274831964496,-0.022884918234999732
2020,ret_1,0.9299999999999999,0.949075838178898,-0.022884918234999732
2020,ret_1,0.94,1.0233267879288948,-0.024232049727234823
2020,ret_1,0.95,1.1249999999999825,-0.024232049727234823
2020,ret_2,0.05,-1.7315744157441137,0.043522463940877915
2020,ret_2,0.06,-1.5918394648828522,0.043522463940877915
2020,ret_2,0.07,-1.4775252073508036,0.030032798303774855
2020,ret_2,0.08,-1.3546329907037136,0.030032798303774855
2020,ret_2,0.09,-1.2661517227996937,0.030032798303774855
2020,ret_2,0.09999999999999999,-1.1766236892435327,0.02714093443981354
2020,ret_2,0.10999999999999999,-1.1060246834428253,0.02714093443981354
2020,ret_2,0.12,-1.0523013415892146,0.02714093443981354
2020,ret_2,0.13,-0.9888276757855485,0.02714093443981354
2020,ret_2,0.13999999999999999,-0.9354788370403139,0.020967140420009987
2020,ret_2,0.14999999999999997,-0.8836337782670584,0.020967140420009987
2020,ret_2,0.15999999999999998,-0.8329265336021225,0.020967140420009987
2020,ret_2,0.16999999999999998,-0.7924528301886329,0.011586868510810635
2020,ret_2,0.18,-0.7537099078579553,0.011586868510810635
2020,ret_2,0.19,-0.712909771473597,0.011586868510810635
2020,ret_2,0.19999999999999996,-0.6745139804800866,0.00924042035167404
2020,ret_2,0.20999999999999996,-0.6389316327382274,0.00924042035167404
2020,ret_2,0.21999999999999997,-0.6044452727973042,0.00924042035167404
2020,ret_2,0.22999999999999998,-0.572309069645507,0.007436882219630358
2020,ret_2,0.24,-0.5429776306963696,0.007436882219630358
2020,ret_2,0.24999999999999994,-0.5161491037790521,0.007436882219630358
2020,ret_2,0.25999999999999995,-0.4861857607150585,0.007436882219630358
2020,ret_2,0.26999999999999996,-0.4575236148641157,0.009239774858215996
2020,ret_2,0.27999999999999997,-0.4302058270601313,0.009239774858215996
2020,ret_2,0.29,-0.4035254988913173,0.009239774858215996
2020,ret_2,0.3,-0.37620946513974485,0.011518274160007702
2020,ret_2,0.30999999999999994,-0.34744354262039484,0.011518274160007702
2020,ret_2,0.31999999999999995,-0.3227747545881812,0.011518274160007702
2020,ret_2,0.32999999999999996,-0.29938142804297835,0.010679276994464207
2020,ret_2,0.33999999999999997,-0.27885731410643416,0.010679276994464207
2020,ret_2,0.3499999999999999,-0.2560036619822759,0.010679276994464207
2020,ret_2,0.35999999999999993,-0.23027326084872585,0.010679276994464207
2020,ret_2,0.36999999999999994,-0.20786575431736443,0.006160129224763549
2020,ret_2,0.37999999999999995,-0.18614051352970684,0.006160129224763549
2020,ret_2,0.38999999999999996,-0.16434155848935614,0.006160129224763549
2020,ret_2,0.3999999999999999,-0.14256313536472667,0.0017147426778485583
2020,ret_2,0.4099999999999999,-0.12095951041557922,0.0017147426778485583
2020,ret_2,0.41999999999999993,-0.09779040289620029,0.0017147426778485583
2020,ret_2,0.42999999999999994,-0.07565842507176065,-0.0018134281455861577
2020,ret_2,0.43999999999999995,-0.05436491418566951,-0.0018134281455861577
2020,ret_2,0.4499999999999999,-0.031765003478133096,-0.0018134281455861577
2020,ret_2,0.4599999999999999,-0.007916101706141938,-0.0018134281455861577
2020,ret_2,0.4699999999999999,0.0,-0.0025770047942608393
2020,ret_2,0.4799999999999999,0.030623871269791002,-0.0025770047942608393
2020,ret_2,0.48999999999999994,0.05386379131475432,-0.0025770047942608393
2020,ret_2,0.49999999999999994,0.0743051432812812,-0.0015267735544101798
2020,ret_2,0.5099999999999999,0.09332158894647115,-0.0015267735544101798
2020,ret_2,0.5199999999999999,0.11230907889203397,-0.0015267735544101798
2020,ret_2,0.5299999999999999,0.13311224860183246,-0.0019673061332277694
2020,ret_2,0.5399999999999999,0.15384615384617337,-0.0019673061332277694
2020,ret_2,0.5499999999999999,0.17394007659387775,-0.0019673061332277694
2020,ret_2,0.5599999999999999,0.19620552657239396,-0.0019673061332277694
2020,ret_2,0.57,0.21420360701338678,-0.0009972822397524507
2020,ret_2,0.58,0.2353104090300608,-0.0009972822397524507
2020,ret_2,0.59,0.2566080654119868,-0.0009972822397524507
2020,ret_2,0.6,0.27745983745983155,-0.0016400415655107973
2020,ret_2,0.61,0.29787234042551414,-0.0016400415655107973
2020,ret_2,0.62,0.31945167415119213,-0.0016400415655107973
2020,ret_2,0.63,0.33856839786219184,-0.004451898420359508
2020,ret_2,0.6399999999999999,0.3589743589743488,-0.004451898420359508
2020,ret_2,0.6499999999999999,0.3796193874516459,-0.004451898420359508
2020,ret_2,0.6599999999999999,0.4026033229352619,-0.004451898420359508
2020,ret_2,0.6699999999999999,0.42384596104472433,-0.006289280573326254
2020,ret_2,0.6799999999999999,0.4476161303752544,-0.006289280573326254
2020,ret_2,0.69,0.4673259789354703,-0.006289280573326254
2020,ret_2,0.7,0.4901574634229854,-0.008548709577691318
2020,ret_2,0.71,0.5120724018085426,-0.008548709577691318
2020,ret_2,0.72,0.5375812356021222,-0.008548709577691318
2020,ret_2,0.73,0.5608438879640277,-0.008548709577691318
2020,ret_2,0.74,0.588464113571908,-0.013243278726720962
2020,ret_2,0.7499999999999999,0.6183197382323811,-0.013243278726720962
2020,ret_2,0.7599999999999999,0.6481481481481539,-0.013243278726720962
2020,ret_2,0.7699999999999999,0.673674840227002,-0.016755299532345034
2020,ret_2,0.7799999999999999,0.7028112449799374,-0.016755299532345034
2020,ret_2,0.7899999999999999,0.7305697012725029,-0.016755299532345034
2020,ret_2,0.7999999999999999,0.7643628418263108,-0.02263418265044454
2020,ret_2,0.8099999999999999,0.7964892779854789,-0.02263418265044454
2020,ret_2,0.82,0.8298141266887191,-0.02263418265044454
2020,ret_2,0.83,0.863277250267878,-0.02263418265044454
2020,ret_2,0.84,0.9063032367972476,-0.027853008864484156
2020,ret_2,0.8499999999999999,0.9447883925311857,-0.027853008864484156
2020,ret_2,0.8599999999999999,0.9871385620025483,-0.027853008864484156
2020,ret_2,0.8699999999999999,1.037671775223498,-0.029244678430287083
2020,ret_2,0.8799999999999999,1.091525423728774,-0.029244678430287083
2020,ret_2,0.8899999999999999,1.1446835851043198,-0.029244678430287083
2020,ret_2,0.8999999999999999,1.2092357538028662,-0.029244678430287083
2020,ret_2,0.9099999999999999,1.2907862457853756,-0.030300086226588977
2020,ret_2,0.9199999999999999,1.3834460823064665,-0.030300086226588977
2020,ret_2,0.9299999999999999,1.4891894252143265,-0.030300086226588977
2020,ret_2,0.94,1.5997923715040885,-0.030174865406345657
2020,ret_2,0.95,1.7622484045164835,-0.030174865406345657
2020,ret_4,0.05,-2.5763900497512537,0.0050434383370181095
2020,ret_4,0.06,-2.366201174659219,0.0050434383370181095
2020,ret_4,0.07,-2.1903658004273923,0.009915635465594519
2020,ret_4,0.08,-2.0386823369101617,0.009915635465594519
2020,ret_4,0.09,-1.9091148025941438,0.009915635465594519
2020,ret_4,0.09999999999999999,-1.8041237113401993,0.011318824810614319
2020,ret_4,0.10999999999999999,-1.6954457318815215,0.011318824810614319
2020,ret_4,0.12,-1.5978470187189768,0.011318824810614319
2020,ret_4,0.13,-1.5089820359281125,0.011318824810614319
2020,ret_4,0.13999999999999999,-1.4421658071114432,0.01654088573790904
2020,ret_4,0.14999999999999997,-1.3709305882711915,0.01654088573790904
2020,ret_4,0.15999999999999998,-1.301025577249798,0.01654088573790904
2020,ret_4,0.16999999999999998,-1.2359275211901402,0.018510151431610392
2020,ret_4,0.18,-1.155937902537177,0.018510151431610392
2020,ret_4,0.19,-1.0977631882468104,0.018510151431610392
2020,ret_4,0.19999999999999996,-1.037037037037011,0.01798684321962578
2020,ret_4,0.20999999999999996,-0.9824887646060025,0.01798684321962578
2020,ret_4,0.21999999999999997,-0.9217152892453733,0.01798684321962578
2020,ret_4,0.22999999999999998,-0.8709354598617389,0.018731315387470956
2020,ret_4,0.24,-0.8162222658550818,0.018731315387470956
2020,ret_4,0.24999999999999994,-0.7703024604293162,0.018731315387470956
2020,ret_4,0.25999999999999995,-0.7251935724962566,0.018731315387470956
2020,ret_4,0.26999999999999996,-0.6807898977200991,0.017901812759261688
2020,ret_4,0.27999999999999997,-0.6397087017267314,0.017901812759261688
2020,ret_4,0.29,-0.5907422268046183,0.017901812759261688
2020,ret_4,0.3,-0.5497945205479552,0.01598896144107378
2020,ret_4,0.30999999999999994,-0.5142085168868692,0.01598896144107378
2020,ret_4,0.31999999999999995,-0.47615188477706255,0.01598896144107378
2020,ret_4,0.32999999999999996,-0.43580864012775083,0.012051988258183073
2020,ret_4,0.33999999999999997,-0.39725671210582575,0.012051988258183073
2020,ret_4,0.3499999999999999,-0.3579500570098235,0.012051988258183073
2020,ret_4,0.35999999999999993,-0.316241255699106,0.010418008612865893
2020,ret_4,0.36999999999999994,-0.2806457487461727,0.010418008612865893
2020,ret_4,0.37999999999999995,-0.24144772345811188,0.010418008612865893
2020,ret_4,0.38999999999999996,-0.2100273273273685,0.010418008612865893
2020,ret_4,0.3999999999999999,-0.17414364265254703,0.008311498299150432
2020,ret_4,0.4099999999999999,-0.14215922444186505,0.008311498299150432
2020,ret_4,0.41999999999999993,-0.11082379207012356,0.008311498299150432
2020,ret_4,0.42999999999999994,-0.07559837256607711,0.007676422086863856
2020,ret_4,0.43999999999999995,-0.04428558563065812,0.007676422086863856
2020,ret_4,0.4499999999999999,-0.014862889849622507,0.007676422086863856
2020,ret_4,0.4599999999999999,0.018147449416157684,0.007676422086863856
2020,ret_4,0.4699999999999999,0.04874091041302796,0.007256128460923928
2020,ret_4,0.4799999999999999,0.08014451890934227,0.007256128460923928
2020,ret_4,0.48999999999999994,0.11024584891438978,0.007256128460923928
2020,ret_4,0.49999999999999994,0.14069549881055013,0.0054147246840717915
2020,ret_4,0.5099999999999999,0.17129906721859564,0.0054147246840717915
2020,ret_4,0.5199999999999999,0.20293623356628207,0.0054147246840717915
2020,ret_4,0.5299999999999999,0.23411371237456904,-0.001939812384115268
2020,ret_4,0.5399999999999999,0.2654028436019324,-0.001939812384115268
2020,ret_4,0.5499999999999999,0.2959477005217405,-0.001939812384115268
2020,ret_4,0.5599999999999999,0.32783171838805697,-0.001939812384115268
2020,ret_4,0.57,0.3626379692507726,-0.004530230698741951
2020,ret_4,0.58,0.3938318640657806,-0.004530230698741951
2020,ret_4,0.59,0.42794759825319595,-0.004530230698741951
2020,ret_4,0.6,0.4615384615384395,-0.00844454521883563
2020,ret_4,0.61,0.49797479032100683,-0.00844454521883563
2020,ret_4,0.62,0.5225444091964808,-0.00844454521883563
2020,ret_4,0.63,0.55142231947483,-0.00844454521883563
2020,ret_4,0.6399999999999999,0.5859030837004267,-0.010229143942313878
2020,ret_4,0.6499999999999999,0.617770973748378,-0.010229143942313878
2020,ret_4,0.6599999999999999,0.6529181017986689,-0.010229143942313878
2020,ret_4,0.6699999999999999,0.689443918136341,-0.01922283652374504
2020,ret_4,0.6799999999999999,0.7252898475458517,-0.01922283652374504
2020,ret_4,0.69,0.760478404042582,-0.01922283652374504
2020,ret_4,0.7,0.7965517241379859,-0.021745322666624586
2020,ret_4,0.71,0.8346199647609048,-0.021745322666624586
2020,ret_4,0.72,0.8767301746748722,-0.021745322666624586
2020,ret_4,0.73,0.9179177166599071,-0.021745322666624586
2020,ret_4,0.74,0.9622188733978542,-0.022388913821696985
2020,ret_4,0.7499999999999999,1.0038295645184396,-0.022388913821696985
2020,ret_4,0.7599999999999999,1.0465591922281887,-0.022388913821696985
2020,ret_4,0.7699999999999999,1.0866603007105193,-0.021000518392068228
2020,ret_4,0.7799999999999999,1.1268896350237367,-0.021000518392068228
2020,ret_4,0.7899999999999999,1.1784248478162838,-0.021000518392068228
2020,ret_4,0.7999999999999999,1.2251812616680147,-0.02037662380861265
2020,ret_4,0.8099999999999999,1.2817471295040412,-0.02037662380861265
2020,ret_4,0.82,1.3407284151230001,-0.02037662380861265
2020,ret_4,0.83,1.4010911495183367,-0.02037662380861265
2020,ret_4,0.84,1.469536641300917,-0.016973842488529605
2020,ret_4,0.8499999999999999,1.5342465753424699,-0.016973842488529605
2020,ret_4,0.8599999999999999,1.6072515033605483,-0.016973842488529605
2020,ret_4,0.8699999999999999,1.6843973396266738,-0.012625452682896625
2020,ret_4,0.8799999999999999,1.7753926022063486,-0.012625452682896625
2020,ret_4,0.8899999999999999,1.8619932332096323,-0.012625452682896625
2020,ret_4,0.8999999999999999,1.966361206567408,-0.012625452682896625
2020,ret_4,0.9099999999999999,2.085119121638974,-0.009354838727428072
2020,ret_4,0.9199999999999999,2.219603178973284,-0.009354838727428072
2020,ret_4,0.9299999999999999,2.347449395543342,-0.009354838727428072
2020,ret_4,0.94,2.518325444173166,-0.0021832173278241913
2020,ret_4,0.95,2.701176470588236,-0.0021832173278241913
2020,ret_8,0.05,-3.503113710181942,-0.021058877278298797
2020,ret_8,0.06,-3.3103496957402285,-0.021058877278298797
2020,ret_8,0.07,-3.1004514850493408,-0.01801462703034457
2020,ret_8,0.08,-2.9525092276620897,-0.01801462703034457
2020,ret_8,0.09,-2.7935174713475512,-0.01801462703034457
2020,ret_8,0.09999999999999999,-2.657149132054267,-0.01267812406402315
2020,ret_8,0.10999999999999999,-2.5068090396064506,-0.01267812406402315
2020,ret_8,0.12,-2.39394513179139,-0.01267812406402315
2020,ret_8,0.13,-2.271176573158114,-0.0098177042703099
2020,ret_8,0.13999999999999999,-2.1624892548288366,-0.0098177042703099
2020,ret_8,0.14999999999999997,-2.053102701778933,-0.0098177042703099
2020,ret_8,0.15999999999999998,-1.9439193449394991,-0.0098177042703099
2020,ret_8,0.16999999999999998,-1.841520010964952,-0.00875361743942199
2020,ret_8,0.18,-1.744807121661712,-0.00875361743942199
2020,ret_8,0.19,-1.6509556631753017,-0.00875361743942199
2020,ret_8,0.19999999999999996,-1.5774647887324271,-0.005158993504118176
2020,ret_8,0.20999999999999996,-1.5029880837673033,-0.005158993504118176
2020,ret_8,0.21999999999999997,-1.4273816866552558,-0.005158993504118176
2020,ret_8,0.22999999999999998,-1.3554919453356853,-0.004589938753938635
2020,ret_8,0.24,-1.2886188552144746,-0.004589938753938635
2020,ret_8,0.24999999999999994,-1.2114940046743354,-0.004589938753938635
2020,ret_8,0.25999999999999995,-1.1478183748083777,-0.004589938753938635
2020,ret_8,0.26999999999999996,-1.0761757037378505,-0.005488326822897918
2020,ret_8,0.27999999999999997,-1.012849141824761,-0.005488326822897918
2020,ret_8,0.29,-0.9463894940218299,-0.005488326822897918
2020,ret_8,0.3,-0.8791484897012452,-0.00841224312418989
2020,ret_8,0.30999999999999994,-0.8151469332311366,-0.00841224312418989
2020,ret_8,0.31999999999999995,-0.7535233918128309,-0.00841224312418989
2020,ret_8,0.32999999999999996,-0.6936993288984236,-0.010271172961691463
2020,ret_8,0.33999999999999997,-0.6301068493150404,-0.010271172961691463
2020,ret_8,0.3499999999999999,-0.5726002075628613,-0.010271172961691463
2020,ret_8,0.35999999999999993,-0.5169612483089969,-0.010663174666748997
2020,ret_8,0.36999999999999994,-0.4620770693623749,-0.010663174666748997
2020,ret_8,0.37999999999999995,-0.40183402515917355,-0.010663174666748997
2020,ret_8,0.38999999999999996,-0.34284100432319176,-0.010663174666748997
2020,ret_8,0.3999999999999999,-0.28365624051022315,-0.01217112558296455
2020,ret_8,0.4099999999999999,-0.22089192146670938,-0.01217112558296455
2020,ret_8,0.41999999999999993,-0.1697772317772144,-0.01217112558296455
2020,ret_8,0.42999999999999994,-0.11377727205268692,-0.012687026929569904
2020,ret_8,0.43999999999999995,-0.06038650458945678,-0.012687026929569904
2020,ret_8,0.4499999999999999,0.0,-0.012687026929569904
2020,ret_8,0.4599999999999999,0.05418733802303602,-0.013294946829686148
2020,ret_8,0.4699999999999999,0.10402000883207449,-0.013294946829686148
2020,ret_8,0.4799999999999999,0.16052523311155373,-0.013294946829686148
2020,ret_8,0.48999999999999994,0.21246659798089743,-0.013294946829686148
2020,ret_8,0.49999999999999994,0.2639595296691142,-0.01555390925109432
2020,ret_8,0.5099999999999999,0.31578947368420646,-0.01555390925109432
2020,ret_8,0.5199999999999999,0.37022806343267317,-0.01555390925109432
2020,ret_8,0.5299999999999999,0.4200776896942271,-0.014219674491234227
2020,ret_8,0.5399999999999999,0.48416357415792083,-0.014219674491234227
2020,ret_8,0.5499999999999999,0.5394187258941362,-0.014219674491234227
2020,ret_8,0.5599999999999999,0.6003759692200422,-0.014219674491234227
2020,ret_8,0.57,0.6562204911215926,-0.011974402933845316
2020,ret_8,0.58,0.7134679421413347,-0.011974402933845316
2020,ret_8,0.59,0.7668303659547546,-0.011974402933845316
2020,ret_8,0.6,0.8222180664110484,-0.009800824047292284
2020,ret_8,0.61,0.8765217391304305,-0.009800824047292284
2020,ret_8,0.62,0.9339923254029473,-0.009800824047292284
2020,ret_8,0.63,0.9935063300193073,-0.0077747727626640405
2020,ret_8,0.6399999999999999,1.0435120851243782,-0.0077747727626640405
2020,ret_8,0.6499999999999999,1.0996155536484369,-0.0077747727626640405
2020,ret_8,0.6599999999999999,1.1574911909795946,-0.0077747727626640405
2020,ret_8,0.6699999999999999,1.2162661737523095,-0.005792906825745416
2020,ret_8,0.6799999999999999,1.2792944881889916,-0.005792906825745416
2020,ret_8,0.69,1.3497753826929326,-0.005792906825745416
2020,ret_8,0.7,1.4166256803247907,-0.002376823049455604
2020,ret_8,0.71,1.4813064382278442,-0.002376823049455604
2020,ret_8,0.72,1.5453815749469133,-0.002376823049455604
2020,ret_8,0.73,1.6203814393141054,-0.002376823049455604
2020,ret_8,0.74,1.6902401083212821,0.005910568295661809
2020,ret_8,0.7499999999999999,1.7622819472617015,0.005910568295661809
2020,ret_8,0.7599999999999999,1.8301451443429373,0.005910568295661809
2020,ret_8,0.7699999999999999,1.910091803849863,0.008738884318792191
2020,ret_8,0.7799999999999999,1.982962962963007,0.008738884318792191
2020,ret_8,0.7899999999999999,2.064899436846324,0.008738884318792191
2020,ret_8,0.7999999999999999,2.1470746192594783,0.008738884318792191
2020,ret_8,0.8099999999999999,2.233265439761528,0.024716915901292928
2020,ret_8,0.82,2.3139186587575296,0.024716915901292928
2020,ret_8,0.83,2.417623283191538,0.024716915901292928
2020,ret_8,0.84,2.504534423847834,0.03090525606859873
2020,ret_8,0.8499999999999999,2.6062776120437237,0.03090525606859873
2020,ret_8,0.8599999999999999,2.7069183036533366,0.03090525606859873
2020,ret_8,0.8699999999999999,2.8094890248291513,0.03760754410865269
2020,ret_8,0.8799999999999999,2.9326515398256237,0.03760754410865269
2020,ret_8,0.8899999999999999,3.0647031031891023,0.03760754410865269
2020,ret_8,0.8999999999999999,3.2010919097959767,0.03760754410865269
2020,ret_8,0.9099999999999999,3.356316934720834,0.04262737607023197
2020,ret_8,0.9199999999999999,3.5044322514585557,0.04262737607023197
2020,ret_8,0.9299999999999999,3.672515686274462,0.04262737607023197
2020,ret_8,0.94,3.834922038138204,0.048813886232443794
2020,ret_8,0.95,4.039154411764627,0.048813886232443794
2020,vol_8,0.05,0.35827300994265476,0.014141328553612892
2020,vol_8,0.06,0.37172601849502057,0.014141328553612892
2020,vol_8,0.07,0.3849829513893138,0.01692430317644605
2020,vol_8,0.08,0.395512537585517,0.01692430317644605
2020,vol_8,0.09,0.4076720537430941,0.01692430317644605
2020,vol_8,0.09999999999999999,0.4179682430388057,0.01692430317644605
2020,vol_8,0.10999999999999999,0.42788801243067565,0.015106958947745169
2020,vol_8,0.12,0.4367599917886303,0.015106958947745169
2020,vol_8,0.13,0.44565813876145677,0.015106958947745169
2020,vol_8,0.13999999999999999,0.45422734911509305,0.0147875964366769
2020,vol_8,0.14999999999999997,0.46239554094689433,0.0147875964366769
2020,vol_8,0.15999999999999998,0.4710245105944947,0.0147875964366769
2020,vol_8,0.16999999999999998,0.47824134805577967,0.00786574645259108
2020,vol_8,0.18,0.4851121430798344,0.00786574645259108
2020,vol_8,0.19,0.4933015201411623,0.00786574645259108
2020,vol_8,0.19999999999999996,0.49974786550950034,0.00786574645259108
2020,vol_8,0.20999999999999996,0.5060343166609994,0.0030296988171207065
2020,vol_8,0.21999999999999997,0.512806688528557,0.0030296988171207065
2020,vol_8,0.22999999999999998,0.5192426743961587,0.0030296988171207065
2020,vol_8,0.24,0.5261078087901819,0.00025537894531995085
2020,vol_8,0.24999999999999994,0.5319448384380957,0.00025537894531995085
2020,vol_8,0.25999999999999995,0.5385381846066691,0.00025537894531995085
2020,vol_8,0.26999999999999996,0.5452473924269157,-0.0013803124683498095
2020,vol_8,0.27999999999999997,0.5514640953738301,-0.0013803124683498095
2020,vol_8,0.29,0.5581495287048074,-0.0013803124683498095
2020,vol_8,0.3,0.5643521727629246,-0.0013803124683498095
2020,vol_8,0.30999999999999994,0.571019781042165,-0.002286232179728811
2020,vol_8,0.31999999999999995,0.5775746678463739,-0.002286232179728811
2020,vol_8,0.32999999999999996,0.5844647166529573,-0.002286232179728811
2020,vol_8,0.33999999999999997,0.5913642016020279,-0.0035278635675671595
2020,vol_8,0.3499999999999999,0.5981523833060558,-0.0035278635675671595
2020,vol_8,0.35999999999999993,0.6043349398176057,-0.0035278635675671595
2020,vol_8,0.36999999999999994,0.6104573430908469,-0.0033038288809199737
2020,vol_8,0.37999999999999995,0.6167084202558931,-0.0033038288809199737
2020,vol_8,0.38999999999999996,0.6233763114484226,-0.0033038288809199737
2020,vol_8,0.3999999999999999,0.6308658242864753,-0.004074116758809688
2020,vol_8,0.4099999999999999,0.637910912708562,-0.004074116758809688
2020,vol_8,0.41999999999999993,0.644444303205174,-0.004074116758809688
2020,vol_8,0.42999999999999994,0.6515863630328159,-0.00369819249328467
2020,vol_8,0.43999999999999995,0.658374772818793,-0.00369819249328467
2020,vol_8,0.4499999999999999,0.6655117458025399,-0.00369819249328467
2020,vol_8,0.4599999999999999,0.6722350334318071,-0.00369819249328467
2020,vol_8,0.4699999999999999,0.6793403863587394,-0.0026749415716320595
2020,vol_8,0.4799999999999999,0.6859823770127277,-0.0026749415716320595
2020,vol_8,0.48999999999999994,0.6925703536448704,-0.0026749415716320595
2020,vol_8,0.49999999999999994,0.6996382192466162,-0.0007147387946418096
2020,vol_8,0.5099999999999999,0.7070785587117147,-0.0007147387946418096
2020,vol_8,0.5199999999999999,0.7143170140262532,-0.0007147387946418096
2020,vol_8,0.5299999999999999,0.7212380909575998,-0.000654153693624895
2020,vol_8,0.5399999999999999,0.7287321881550067,-0.000654153693624895
2020,vol_8,0.5499999999999999,0.7361228011034193,-0.000654153693624895
2020,vol_8,0.5599999999999999,0.7434674127012804,-0.000654153693624895
2020,vol_8,0.57,0.7510585806054997,-0.0009867840070179534
2020,vol_8,0.58,0.7585473048266769,-0.0009867840070179534
2020,vol_8,0.59,0.7651219462864098,-0.0009867840070179534
2020,vol_8,0.6,0.7722623358367684,-0.0009982863585258587
2020,vol_8,0.61,0.7809960221822048,-0.0009982863585258587
2020,vol_8,0.62,0.7882881128866771,-0.0009982863585258587
2020,vol_8,0.63,0.7953900258855277,-7.012732833725093e-05
2020,vol_8,0.6399999999999999,0.803517225092763,-7.012732833725093e-05
2020,vol_8,0.6499999999999999,0.8121683298692324,-7.012732833725093e-05
2020,vol_8,0.6599999999999999,0.821462411505406,-7.012732833725093e-05
2020,vol_8,0.6699999999999999,0.8298858040323118,0.0005423694152556079
2020,vol_8,0.6799999999999999,0.8389521085621967,0.0005423694152556079
2020,vol_8,0.69,0.8466583673871563,0.0005423694152556079
2020,vol_8,0.7,0.8572270849551895,0.0019575347684434793
2020,vol_8,0.71,0.8665864409502508,0.0019575347684434793
2020,vol_8,0.72,0.8763555537656341,0.0019575347684434793
2020,vol_8,0.73,0.8879110903870082,0.0019575347684434793
2020,vol_8,0.74,0.8991358262500982,0.003106854187106426
2020,vol_8,0.7499999999999999,0.9095122801868731,0.003106854187106426
2020,vol_8,0.7599999999999999,0.9198078598197419,0.003106854187106426
2020,vol_8,0.7699999999999999,0.9318900715656938,0.008948083072327143
2020,vol_8,0.7799999999999999,0.943983456945777,0.008948083072327143
2020,vol_8,0.7899999999999999,0.9581105912395689,0.008948083072327143
2020,vol_8,0.7999999999999999,0.9716569622910967,0.010068222673673381
2020,vol_8,0.8099999999999999,0.9853691356618154,0.010068222673673381
2020,vol_8,0.82,1.0005441565834652,0.010068222673673381
2020,vol_8,0.83,1.0145630335774483,0.010068222673673381
2020,vol_8,0.84,1.0294286762972749,0.00594798344504485
2020,vol_8,0.8499999999999999,1.0470871888191702,0.00594798344504485
2020,vol_8,0.8599999999999999,1.0666283412452284,0.00594798344504485
2020,vol_8,0.8699999999999999,1.08440556369607,-0.0018683715590430234
2020,vol_8,0.8799999999999999,1.1041157152531003,-0.0018683715590430234
2020,vol_8,0.8899999999999999,1.1267483414582367,-0.0018683715590430234
2020,vol_8,0.8999999999999999,1.1487776151410756,-0.0018683715590430234
2020,vol_8,0.9099999999999999,1.1721729531283618,-0.012612236190301393
2020,vol_8,0.9199999999999999,1.1989217146249378,-0.012612236190301393
2020,vol_8,0.9299999999999999,1.2374959106218504,-0.012612236190301393
2020,vol_8,0.94,1.2736449340656721,-0.03392276531172954
2020,vol_8,0.95,1.311612393254515,-0.03392276531172954
2020,body,0.05,-1.0104644717880686,-0.021244645990209452
2020,body,0.06,-0.933333333333251,-0.021244645990209452
2020,body,0.07,-0.8630003013450482,-0.013190289438432043
2020,body,0.08,-0.8138490393249843,-0.013190289438432043
2020,body,0.09,-0.7629505776845098,-0.013190289438432043
2020,body,0.09999999999999999,-0.7201252503417306,-0.009075001223068592
2020,body,0.10999999999999999,-0.6745604292168713,-0.009075001223068592
2020,body,0.12,-0.6390092007938036,-0.009075001223068592
2020,body,0.13,-0.6063729110132785,-0.009075001223068592
2020,body,0.13999999999999999,-0.579504382169693,-0.007695957165396219
2020,body,0.14999999999999997,-0.5479774122901526,-0.007695957165396219
2020,body,0.15999999999999998,-0.519930676921629,-0.007695957165396219
2020,body,0.16999999999999998,-0.49831537866934206,-0.004031286744826563
2020,body,0.18,-0.47511312217194923,-0.004031286744826563
2020,body,0.19,-0.4519578494713551,-0.004031286744826563
2020,body,0.19999999999999996,-0.43223804298584,-0.002503685720302159
2020,body,0.20999999999999996,-0.4087714149547519,-0.002503685720302159
2020,body,0.21999999999999997,-0.38821921082812133,-0.002503685720302159
2020,body,0.22999999999999998,-0.36556668981993806,-0.002503685720302159
2020,body,0.24,-0.34782608695642875,-0.001129934767700788
2020,body,0.24999999999999994,-0.33006904566587214,-0.001129934767700788
2020,body,0.25999999999999995,-0.3115710392310918,-0.001129934767700788
2020,body,0.26999999999999996,-0.2953071106957778,-0.00010653624697862956
2020,body,0.27999999999999997,-0.2791882859257371,-0.00010653624697862956
2020,body,0.29,-0.26284686503553306,-0.00010653624697862956
2020,body,0.3,-0.2482479119282602,-0.00015854953484639275
2020,body,0.30999999999999994,-0.2339832869081214,-0.00015854953484639275
2020,body,0.31999999999999995,-0.21922690400973488,-0.00015854953484639275
2020,body,0.32999999999999996,-0.20463398650907294,-0.00015854953484639275
2020,body,0.33999999999999997,-0.19039652362843237,-0.0017844246928276728
2020,body,0.3499999999999999,-0.17533123490232028,-0.0017844246928276728
2020,body,0.35999999999999993,-0.16266455847076344,-0.0017844246928276728
2020,body,0.36999999999999994,-0.14897934803831883,-0.0016774733763361062
2020,body,0.37999999999999995,-0.13466121960943842,-0.0016774733763361062
2020,body,0.38999999999999996,-0.11931818181820261,-0.0016774733763361062
2020,body,0.3999999999999999,-0.10487739218967597,0.00026852778020408527
2020,body,0.4099999999999999,-0.08995387062858036,0.00026852778020408527
2020,body,0.41999999999999993,-0.07736304379393855,0.00026852778020408527
2020,body,0.42999999999999994,-0.06311967101569663,0.00026852778020408527
2020,body,0.43999999999999995,-0.0490615366854617,-0.0005334659132957898
2020,body,0.4499999999999999,-0.034259845333978925,-0.0005334659132957898
2020,body,0.4599999999999999,-0.02312677168571115,-0.0005334659132957898
2020,body,0.4699999999999999,0.0,4.4902106114568885e-05
2020,body,0.4799999999999999,0.0,4.4902106114568885e-05
2020,body,0.48999999999999994,0.017991495092457645,4.4902106114568885e-05
2020,body,0.49999999999999994,0.030905227866379517,0.003839505677005669
2020,body,0.5099999999999999,0.042263951868027,0.003839505677005669
2020,body,0.5199999999999999,0.05691056910565934,0.003839505677005669
2020,body,0.5299999999999999,0.07026703070493313,0.003839505677005669
2020,body,0.5399999999999999,0.0829997356028558,0.004523767250159315
2020,body,0.5499999999999999,0.09435659528728925,0.004523767250159315
2020,body,0.5599999999999999,0.10810810810815039,0.004523767250159315
2020,body,0.57,0.12173913043473135,0.004547800636895579
2020,body,0.58,0.13358778625945775,0.004547800636895579
2020,body,0.59,0.14675052410898354,0.004547800636895579
2020,body,0.6,0.1593776738888266,0.0014222048998892246
2020,body,0.61,0.1727021188997434,0.0014222048998892246
2020,body,0.62,0.18771902206704147,0.0014222048998892246
2020,body,0.63,0.2025316455695898,0.0014222048998892246
2020,body,0.6399999999999999,0.21642954966359984,-0.000292239736591872
2020,body,0.6499999999999999,0.23045267489707078,-0.000292239736591872
2020,body,0.6599999999999999,0.2431605654222527,-0.000292239736591872
2020,body,0.6699999999999999,0.2572907979924987,0.0007743057641180959
2020,body,0.6799999999999999,0.2737850869404873,0.0007743057641180959
2020,body,0.69,0.2875565688911622,0.0007743057641180959
2020,body,0.7,0.3019721747620187,0.0007743057641180959
2020,body,0.71,0.3169486708384754,0.003332063855645132
2020,body,0.72,0.33293267657515757,0.003332063855645132
2020,body,0.73,0.3492104221114216,0.003332063855645132
2020,body,0.74,0.36525663185294416,0.0035719165160483465
2020,body,0.7499999999999999,0.38090257023313284,0.0035719165160483465
2020,body,0.7599999999999999,0.39734784478521507,0.0035719165160483465
2020,body,0.7699999999999999,0.4136363636363367,0.004857345351841517
2020,body,0.7799999999999999,0.42831976961252194,0.004857345351841517
2020,body,0.7899999999999999,0.4452454224220903,0.004857345351841517
2020,body,0.7999999999999999,0.4645651019644989,0.004857345351841517
2020,body,0.8099999999999999,0.4827586206896809,0.00545051438115397
2020,body,0.82,0.5009958787398546,0.00545051438115397
2020,body,0.83,0.5206851336278544,0.00545051438115397
2020,body,0.84,0.5412711623947837,0.009216802196384299
2020,body,0.8499999999999999,0.5645161290322768,0.009216802196384299
2020,body,0.8599999999999999,0.5919862698902727,0.009216802196384299
2020,body,0.8699999999999999,0.6195441361916445,0.010261256163719675
2020,body,0.8799999999999999,0.6451776235198678,0.010261256163719675
2020,body,0.8899999999999999,0.6761645115479502,0.010261256163719675
2020,body,0.8999999999999999,0.7103313172809925,0.011113501407776673
2020,body,0.9099999999999999,0.7459356573575985,0.011113501407776673
2020,body,0.9199999999999999,0.7886293762575267,0.011113501407776673
2020,body,0.9299999999999999,0.831234211292173,0.011113501407776673
2020,body,0.94,0.8791275956640843,0.013172195906976764
2020,body,0.95,0.9433379586802048,0.013172195906976764
2020,range,0.05,0.4301809761252927,-0.001885174091193859
2020,range,0.06,0.44637681159423626,-0.001885174091193859
2020,range,0.07,0.4575570300873855,-0.001885174091193859
2020,range,0.08,0.47155145895825284,-0.006187160005942794
2020,range,0.09,0.4849794115928521,-0.006187160005942794
2020,range,0.09999999999999999,0.4962923584753732,-0.006187160005942794
2020,range,0.10999999999999999,0.5069389107674935,-0.005822157391971108
2020,range,0.12,0.5176454018227024,-0.005822157391971108
2020,range,0.13,0.5289969831878275,-0.005822157391971108
2020,range,0.13999999999999999,0.5384615384614885,-0.0038826893813890457
2020,range,0.14999999999999997,0.5481893315513204,-0.0038826893813890457
2020,range,0.15999999999999998,0.5576588115556016,-0.0038826893813890457
2020,range,0.16999999999999998,0.5668016194332086,-0.0038826893813890457
2020,range,0.18,0.5758308015891138,0.0013300245030712144
2020,range,0.19,0.5833333333333846,0.0013300245030712144
2020,range,0.19999999999999996,0.5918008411030102,0.0013300245030712144
2020,range,0.20999999999999996,0.5998001483375823,0.0023070094517511908
2020,range,0.21999999999999997,0.6079613992762495,0.0023070094517511908
2020,range,0.22999999999999998,0.6162679425837537,0.0023070094517511908
2020,range,0.24,0.6248715943661556,0.0029828642892445467
2020,range,0.24999999999999994,0.6322580645160955,0.0029828642892445467
2020,range,0.25999999999999995,0.6408635046903238,0.0029828642892445467
2020,range,0.26999999999999996,0.6489156318069551,0.0029828642892445467
2020,range,0.27999999999999997,0.6562500000000385,0.0014912709036128467
2020,range,0.29,0.6644274337758104,0.0014912709036128467
2020,range,0.3,0.6730769230769172,0.0014912709036128467
2020,range,0.30999999999999994,0.6819014099862962,3.421883232573572e-05
2020,range,0.31999999999999995,0.6908055820375156,3.421883232573572e-05
2020,range,0.32999999999999996,0.6993179322063114,3.421883232573572e-05
2020,range,0.33999999999999997,0.7066378609147095,-0.0019529497257705054
2020,range,0.3499999999999999,0.7162616382828568,-0.0019529497257705054
2020,range,0.35999999999999993,0.7253886010362688,-0.0019529497257705054
2020,range,0.36999999999999994,0.7320261437908888,-0.0019529497257705054
2020,range,0.37999999999999995,0.7400475770924657,-0.0024710433884136285
2020,range,0.38999999999999996,0.7482366511853537,-0.0024710433884136285
2020,range,0.3999999999999999,0.7567567567567535,-0.0024710433884136285
2020,range,0.4099999999999999,0.7650872137605061,-0.0015325371397030634
2020,range,0.41999999999999993,0.7722772277228038,-0.0015325371397030634
2020,range,0.42999999999999994,0.7809330628803244,-0.0015325371397030634
2020,range,0.43999999999999995,0.7892156862745311,0.0012908812598771237
2020,range,0.4499999999999999,0.7983279311140248,0.0012908812598771237
2020,range,0.4599999999999999,0.8069164265129155,0.0012908812598771237
2020,range,0.4699999999999999,0.8141843971631046,0.0028377625676590215
2020,range,0.4799999999999999,0.8235294117647415,0.0028377625676590215
2020,range,0.48999999999999994,0.8319672131146619,0.0028377625676590215
2020,range,0.49999999999999994,0.8411434940280063,0.0028377625676590215
2020,range,0.5099999999999999,0.8502534619488725,0.0027452339589948554
2020,range,0.5199999999999999,0.8594921092685959,0.0027452339589948554
2020,range,0.5299999999999999,0.8693316723956345,0.0027452339589948554
2020,range,0.5399999999999999,0.8799883964544707,0.0016807243215036238
2020,range,0.5499999999999999,0.8886524216126456,0.0016807243215036238
2020,range,0.5599999999999999,0.8984376540474875,0.0016807243215036238
2020,range,0.57,0.9083405190402924,0.0009236311091274511
2020,range,0.58,0.91922146841556,0.0009236311091274511
2020,range,0.59,0.9296874999999705,0.0009236311091274511
2020,range,0.6,0.940860215053756,0.0009236311091274511
2020,range,0.61,0.9531281456583508,0.0006676255499963958
2020,range,0.62,0.9653007217321675,0.0006676255499963958
2020,range,0.63,0.9772318846218746,0.0006676255499963958
2020,range,0.6399999999999999,0.9903601748826518,-0.0019348444802634822
2020,range,0.6499999999999999,1.0033876880293278,-0.0019348444802634822
2020,range,0.6599999999999999,1.0157182227861172,-0.0019348444802634822
2020,range,0.6699999999999999,1.026181924465102,-0.005159733319040071
2020,range,0.6799999999999999,1.039542646207762,-0.005159733319040071
2020,range,0.69,1.0529247910864015,-0.005159733319040071
2020,range,0.7,1.0659013243394446,-0.005159733319040071
2020,range,0.71,1.080276173811638,-0.007291608134627057
2020,range,0.72,1.093863947909524,-0.007291608134627057
2020,range,0.73,1.1086556169428632,-0.007291608134627057
2020,range,0.74,1.1247419326252468,-0.008235376897735635
2020,range,0.7499999999999999,1.1404964864244793,-0.008235376897735635
2020,range,0.7599999999999999,1.1559936131634219,-0.008235376897735635
2020,range,0.7699999999999999,1.173442743016807,-0.008266934060308782
2020,range,0.7799999999999999,1.1914893617022433,-0.008266934060308782
2020,range,0.7899999999999999,1.2090909090908728,-0.008266934060308782
2020,range,0.7999999999999999,1.2292209474181262,-0.008727259512422179
2020,range,0.8099999999999999,1.2484519561380791,-0.008727259512422179
2020,range,0.82,1.2684605119973797,-0.008727259512422179
2020,range,0.83,1.29444938839458,-0.008727259512422179
2020,range,0.84,1.3189711312392807,-0.009557929544379732
2020,range,0.8499999999999999,1.346378266338342,-0.009557929544379732
2020,range,0.8599999999999999,1.3717964462080676,-0.009557929544379732
2020,range,0.8699999999999999,1.4036939313984433,-0.0016092174899398786
2020,range,0.8799999999999999,1.4382314694407952,-0.0016092174899398786
2020,range,0.8899999999999999,1.464557060777764,-0.0016092174899398786
2020,range,0.8999999999999999,1.5026636945180873,0.008753566175674524
2020,range,0.9099999999999999,1.547970762976824,0.008753566175674524
2020,range,0.9199999999999999,1.5966373692077982,0.008753566175674524
2020,range,0.9299999999999999,1.6441758932037953,0.008753566175674524
2020,range,0.94,1.7012682841069178,0.018417319627098933
2020,range,0.95,1.7766579254079435,0.018417319627098933
2020,mean_distance,0.05,-1.9023661993461605,0.005293480368947088
2020,mean_distance,0.06,-1.7596287516546432,0.005293480368947088
2020,mean_distance,0.07,-1.6478098056464114,0.010860462582139244
2020,mean_distance,0.08,-1.5434299516908339,0.010860462582139244
2020,mean_distance,0.09,-1.4411955648768149,0.010860462582139244
2020,mean_distance,0.09999999999999999,-1.3548120957606666,0.011960530690858
2020,mean_distance,0.10999999999999999,-1.2808534820514528,0.011960530690858
2020,mean_distance,0.12,-1.2087628865979347,0.011960530690858
2020,mean_distance,0.13,-1.1504353265286429,0.011960530690858
2020,mean_distance,0.13999999999999999,-1.0789321205836935,0.006402035792896431
2020,mean_distance,0.14999999999999997,-1.0199142607943983,0.006402035792896431
2020,mean_distance,0.15999999999999998,-0.9605438786131777,0.006402035792896431
2020,mean_distance,0.16999999999999998,-0.9083872598370965,0.0013033376376739261
2020,mean_distance,0.18,-0.8573480116413863,0.0013033376376739261
2020,mean_distance,0.19,-0.8067541072138834,0.0013033376376739261
2020,mean_distance,0.19999999999999996,-0.7612578165182153,-0.0031585376390795973
2020,mean_distance,0.20999999999999996,-0.718577966977392,-0.0031585376390795973
2020,mean_distance,0.21999999999999997,-0.6742273121745019,-0.0031585376390795973
2020,mean_distance,0.22999999999999998,-0.6335230567988216,-0.0031585376390795973
2020,mean_distance,0.24,-0.5968055193394797,-0.004677464289752381
2020,mean_distance,0.24999999999999994,-0.5587893362211532,-0.004677464289752381
2020,mean_distance,0.25999999999999995,-0.5217487046632067,-0.004677464289752381
2020,mean_distance,0.26999999999999996,-0.48742306530113644,-0.0048216340239593
2020,mean_distance,0.27999999999999997,-0.45385298346515224,-0.0048216340239593
2020,mean_distance,0.29,-0.42048884671609893,-0.0048216340239593
2020,mean_distance,0.3,-0.3899662384716489,-0.0053233035156119305
2020,mean_distance,0.30999999999999994,-0.3587978091459738,-0.0053233035156119305
2020,mean_distance,0.31999999999999995,-0.32951768850045854,-0.0053233035156119305
2020,mean_distance,0.32999999999999996,-0.30146675867998046,-0.005495849216508398
2020,mean_distance,0.33999999999999997,-0.2750288388452245,-0.005495849216508398
2020,mean_distance,0.3499999999999999,-0.2446118276248436,-0.005495849216508398
2020,mean_distance,0.35999999999999993,-0.2105582023589306,-0.006748500580053765
2020,mean_distance,0.36999999999999994,-0.18200000000001246,-0.006748500580053765
2020,mean_distance,0.37999999999999995,-0.1556150836342638,-0.006748500580053765
2020,mean_distance,0.38999999999999996,-0.1267851805727712,-0.006748500580053765
2020,mean_distance,0.3999999999999999,-0.0978940467426736,-0.0075070085584047815
2020,mean_distance,0.4099999999999999,-0.06893681462508562,-0.0075070085584047815
2020,mean_distance,0.41999999999999993,-0.04313220866116302,-0.0075070085584047815
2020,mean_distance,0.42999999999999994,-0.017510368420602777,-0.006427358194250361
2020,mean_distance,0.43999999999999995,0.0069758618560694634,-0.006427358194250361
2020,mean_distance,0.4499999999999999,0.027903368794255822,-0.006427358194250361
2020,mean_distance,0.4599999999999999,0.05509996818448953,-0.004271507443269966
2020,mean_distance,0.4699999999999999,0.07495654649752659,-0.004271507443269966
2020,mean_distance,0.4799999999999999,0.09808259587021792,-0.004271507443269966
2020,mean_distance,0.48999999999999994,0.11928293795621644,-0.004271507443269966
2020,mean_distance,0.49999999999999994,0.14372745572941883,-0.004511959669074109
2020,mean_distance,0.5099999999999999,0.16332833123157384,-0.004511959669074109
2020,mean_distance,0.5199999999999999,0.1863511773363481,-0.004511959669074109
2020,mean_distance,0.5299999999999999,0.2099544731528489,-0.0032102341283998114
2020,mean_distance,0.5399999999999999,0.23395464007288544,-0.0032102341283998114
2020,mean_distance,0.5499999999999999,0.2571326894602262,-0.0032102341283998114
2020,mean_distance,0.5599999999999999,0.2812884195622809,-0.0029261582047009293
2020,mean_distance,0.57,0.3025556157728874,-0.0029261582047009293
2020,mean_distance,0.58,0.3255988943488815,-0.0029261582047009293
2020,mean_distance,0.59,0.34918726041263376,-0.0029261582047009293
2020,mean_distance,0.6,0.3730247632020132,-0.0024728895851291195
2020,mean_distance,0.61,0.3973741883115966,-0.0024728895851291195
2020,mean_distance,0.62,0.4213850835236615,-0.0024728895851291195
2020,mean_distance,0.63,0.44769184470915413,-0.003929841536896235
2020,mean_distance,0.6399999999999999,0.4756908699125555,-0.003929841536896235
2020,mean_distance,0.6499999999999999,0.4987922705313504,-0.003929841536896235
2020,mean_distance,0.6599999999999999,0.525315228644977,-0.003929841536896235
2020,mean_distance,0.6699999999999999,0.5495329676574005,-0.005561897176516099
2020,mean_distance,0.6799999999999999,0.5721153846153788,-0.005561897176516099
2020,mean_distance,0.69,0.6019722284789181,-0.005561897176516099
2020,mean_distance,0.7,0.631147540983603,-0.004676586639235027
2020,mean_distance,0.71,0.6573330624888382,-0.004676586639235027
2020,mean_distance,0.72,0.6871561771561704,-0.004676586639235027
2020,mean_distance,0.73,0.7202413617886536,-0.004676586639235027
2020,mean_distance,0.74,0.7550849874721136,-0.003078131273588221
2020,mean_distance,0.7499999999999999,0.7849120948849819,-0.003078131273588221
2020,mean_distance,0.7599999999999999,0.8198356704999704,-0.003078131273588221
2020,mean_distance,0.7699999999999999,0.8536322463767876,-0.0015978293207327926
2020,mean_distance,0.7799999999999999,0.8879218608853073,-0.0015978293207327926
2020,mean_distance,0.7899999999999999,0.9221527950420059,-0.0015978293207327926
2020,mean_distance,0.7999999999999999,0.9579548998046534,-0.0015978293207327926
2020,mean_distance,0.8099999999999999,0.9987100636942938,0.0016350270958346786
2020,mean_distance,0.82,1.0429537843849583,0.0016350270958346786
2020,mean_distance,0.83,1.0838853169856828,0.0016350270958346786
2020,mean_distance,0.84,1.130287336491139,0.003179184162296197
2020,mean_distance,0.8499999999999999,1.1808374785250213,0.003179184162296197
2020,mean_distance,0.8599999999999999,1.2265892933462637,0.003179184162296197
2020,mean_distance,0.8699999999999999,1.2833176040061625,0.006167632267313903
2020,mean_distance,0.8799999999999999,1.3445203946169837,0.006167632267313903
2020,mean_distance,0.8899999999999999,1.4169270115302681,0.006167632267313903
2020,mean_distance,0.8999999999999999,1.4995896032831273,0.006167632267313903
2020,mean_distance,0.9099999999999999,1.5808253208790095,0.010454462496021673
2020,mean_distance,0.9199999999999999,1.6573234387697913,0.010454462496021673
2020,mean_distance,0.9299999999999999,1.7582089170464759,0.010454462496021673
2020,mean_distance,0.94,1.8631957326179776,0.013145868907844175
2020,mean_distance,0.95,1.9742741128592352,0.013145868907844175
2020,range_position,0.05,0.06996236559139594,-0.027513408826769104
2020,range_position,0.06,0.08333333333336086,-0.027513408826769104
2020,range_position,0.07,0.09523809523809978,-0.026469860374771052
2020,range_position,0.08,0.10720413634624759,-0.026469860374771052
2020,range_position,0.09,0.11735714932536867,-0.026469860374771052
2020,range_position,0.09999999999999999,0.12790697674416357,-0.021791792181251886
2020,range_position,0.10999999999999999,0.13870961329398795,-0.021791792181251886
2020,range_position,0.12,0.14937449584739768,-0.021791792181251886
2020,range_position,0.13,0.1602564102563993,-0.019222641246015654
2020,range_position,0.13999999999999999,0.1707317073170555,-0.019222641246015654
2020,range_position,0.14999999999999997,0.18181135681124963,-0.019222641246015654
2020,range_position,0.15999999999999998,0.19230769230769978,-0.019222641246015654
2020,range_position,0.16999999999999998,0.20338983050848075,-0.01259538692116105
2020,range_position,0.18,0.21459227467811454,-0.01259538692116105
2020,range_position,0.19,0.2259096385542156,-0.01259538692116105
2020,range_position,0.19999999999999996,0.23733949666153936,-0.010059449362623353
2020,range_position,0.20999999999999996,0.24739721043057086,-0.010059449362623353
2020,range_position,0.21999999999999997,0.26043942577030527,-0.010059449362623353
2020,range_position,0.22999999999999998,0.27151471920899395,-0.010787235100543364
2020,range_position,0.24,0.2829416564667447,-0.010787235100543364
2020,range_position,0.24999999999999994,0.29583098591548923,-0.010787235100543364
2020,range_position,0.25999999999999995,0.30878186968839355,-0.01143261249750056
2020,range_position,0.26999999999999996,0.3203085631298947,-0.01143261249750056
2020,range_position,0.27999999999999997,0.3333333333333099,-0.01143261249750056
2020,range_position,0.29,0.34453781512604903,-0.01143261249750056
2020,range_position,0.3,0.35714285714285815,-0.011910708447612064
2020,range_position,0.30999999999999994,0.3664122137404372,-0.011910708447612064
2020,range_position,0.31999999999999995,0.37797385374675835,-0.011910708447612064
2020,range_position,0.32999999999999996,0.39004659685863385,-0.01612055336665452
2020,range_position,0.33999999999999997,0.40261264069264885,-0.01612055336665452
2020,range_position,0.3499999999999999,0.4149166666666628,-0.01612055336665452
2020,range_position,0.35999999999999993,0.42857142857144337,-0.019195388528263652
2020,range_position,0.36999999999999994,0.4409448818897442,-0.019195388528263652
2020,range_position,0.37999999999999995,0.4535823333896672,-0.019195388528263652
2020,range_position,0.38999999999999996,0.4651162790697602,-0.019069017489681428
2020,range_position,0.3999999999999999,0.47918238993710854,-0.019069017489681428
2020,range_position,0.4099999999999999,0.49056603773584795,-0.019069017489681428
2020,range_position,0.41999999999999993,0.5035368843692034,-0.019069017489681428
2020,range_position,0.42999999999999994,0.5142857142857217,-0.01792895391213063
2020,range_position,0.43999999999999995,0.5272362114872399,-0.01792895391213063
2020,range_position,0.4499999999999999,0.5384615384615211,-0.01792895391213063
2020,range_position,0.4599999999999999,0.5500393013100567,-0.014098148420888143
2020,range_position,0.4699999999999999,0.5620270732402403,-0.014098148420888143
2020,range_position,0.4799999999999999,0.574616391725587,-0.014098148420888143
2020,range_position,0.48999999999999994,0.587199589401426,-0.01310826548998302
2020,range_position,0.49999999999999994,0.5993627460757646,-0.01310826548998302
2020,range_position,0.5099999999999999,0.6103733766233662,-0.01310826548998302
2020,range_position,0.5199999999999999,0.6217566678845451,-0.01310826548998302
2020,range_position,0.5299999999999999,0.6340822227809679,-0.010889184014960904
2020,range_position,0.5399999999999999,0.6456564938412062,-0.010889184014960904
2020,range_position,0.5499999999999999,0.658658164440347,-0.010889184014960904
2020,range_position,0.5599999999999999,0.6689432869289094,-0.008195718248955566
2020,range_position,0.57,0.679391532003258,-0.008195718248955566
2020,range_position,0.58,0.6902949852507128,-0.008195718248955566
2020,range_position,0.59,0.700729927007296,-0.0073596559304854835
2020,range_position,0.6,0.7107843137254929,-0.0073596559304854835
2020,range_position,0.61,0.7206703910614541,-0.0073596559304854835
2020,range_position,0.62,0.7309843822483402,-0.0073596559304854835
2020,range_position,0.63,0.7405433530174298,-0.0016962111596777673
2020,range_position,0.6399999999999999,0.7499999999999907,-0.0016962111596777673
2020,range_position,0.6499999999999999,0.7596153846153877,-0.0016962111596777673
2020,range_position,0.6599999999999999,0.7686203208556212,0.002307027392089261
2020,range_position,0.6699999999999999,0.7777777777778064,0.002307027392089261
2020,range_position,0.6799999999999999,0.7879452882944039,0.002307027392089261
2020,range_position,0.69,0.796296296296298,0.002307027392089261
2020,range_position,0.7,0.8044503561314577,0.009439259237610152
2020,range_position,0.71,0.812269152202367,0.009439259237610152
2020,range_position,0.72,0.8200000000000233,0.009439259237610152
2020,range_position,0.73,0.8274859535088684,0.013368233411642491
2020,range_position,0.74,0.8357790756363166,0.013368233411642491
2020,range_position,0.7499999999999999,0.8442622950819705,0.013368233411642491
2020,range_position,0.7599999999999999,0.8518518518518461,0.016058675740988394
2020,range_position,0.7699999999999999,0.8590729103111598,0.016058675740988394
2020,range_position,0.7799999999999999,0.8648648648648558,0.016058675740988394
2020,range_position,0.7899999999999999,0.8723404255318964,0.016058675740988394
2020,range_position,0.7999999999999999,0.8791946308724627,0.025565124145812555
2020,range_position,0.8099999999999999,0.8857629037629031,0.025565124145812555
2020,range_position,0.82,0.8915722891566406,0.025565124145812555
2020,range_position,0.83,0.8974358974359313,0.037526645263515915
2020,range_position,0.84,0.9038461538461481,0.037526645263515915
2020,range_position,0.8499999999999999,0.9102564102563728,0.037526645263515915
2020,range_position,0.8599999999999999,0.9154495129983979,0.037526645263515915
2020,range_position,0.8699999999999999,0.9214195258889444,0.041474827801887014
2020,range_position,0.8799999999999999,0.9279279279279261,0.041474827801887014
2020,range_position,0.8899999999999999,0.9341276626013608,0.041474827801887014
2020,range_position,0.8999999999999999,0.939987577639742,0.04485585535520529
2020,range_position,0.9099999999999999,0.9455460934694643,0.04485585535520529
2020,range_position,0.9199999999999999,0.9515151515151439,0.04485585535520529
2020,range_position,0.9299999999999999,0.9568965517241244,0.04485585535520529
2020,range_position,0.94,0.9616937199725424,0.05013512088048693
2020,range_position,0.95,0.9682241490045018,0.05013512088048693
2020,atr_fraction,0.05,0.0010924965585074233,-0.008533943436085625
2020,atr_fraction,0.06,0.0011289823844412167,-0.008230462376461207
2020,atr_fraction,0.07,0.0011650061457836073,-0.008230462376461207
2020,atr_fraction,0.08,0.0011966134483553568,-0.008230462376461207
2020,atr_fraction,0.09,0.0012249719019305331,0.0003978171406243344
2020,atr_fraction,0.09999999999999999,0.0012553335325592814,0.0003978171406243344
2020,atr_fraction,0.10999999999999999,0.0012870232550596728,0.0003978171406243344
2020,atr_fraction,0.12,0.0013160002086590621,0.0041617416700595825
2020,atr_fraction,0.13,0.0013421486432945223,0.0041617416700595825
2020,atr_fraction,0.13999999999999999,0.0013660542709068712,0.0041617416700595825
2020,atr_fraction,0.14999999999999997,0.001391187932858419,0.002051841799722918
2020,atr_fraction,0.15999999999999998,0.0014178638557443655,0.002051841799722918
2020,atr_fraction,0.16999999999999998,0.0014446365993399885,0.002051841799722918
2020,atr_fraction,0.18,0.001466775650564524,0.0009993586458951309
2020,atr_fraction,0.19,0.0014932457162984182,0.0009993586458951309
2020,atr_fraction,0.19999999999999996,0.0015166529574750845,0.0009993586458951309
2020,atr_fraction,0.20999999999999996,0.0015427815738619244,0.00039976123794905173
2020,atr_fraction,0.21999999999999997,0.001564340276087111,0.00039976123794905173
2020,atr_fraction,0.22999999999999998,0.0015879726571243783,0.00039976123794905173
2020,atr_fraction,0.24,0.001609850065299117,-0.0016185182947696893
2020,atr_fraction,0.24999999999999994,0.0016304654507293304,-0.0016185182947696893
2020,atr_fraction,0.25999999999999995,0.0016521860597271986,-0.0016185182947696893
2020,atr_fraction,0.26999999999999996,0.0016771415555644445,-0.0028893979075547585
2020,atr_fraction,0.27999999999999997,0.00170659458818293,-0.0028893979075547585
2020,atr_fraction,0.29,0.0017323593979745166,-0.0028893979075547585
2020,atr_fraction,0.3,0.0017551632150183067,-0.002327110774403565
2020,atr_fraction,0.30999999999999994,0.0017788428382542582,-0.002327110774403565
2020,atr_fraction,0.31999999999999995,0.0018034086092926303,-0.002327110774403565
2020,atr_fraction,0.32999999999999996,0.0018266794344551805,-0.0012714491461911998
2020,atr_fraction,0.33999999999999997,0.001851601561235072,-0.0012714491461911998
2020,atr_fraction,0.3499999999999999,0.0018779122591294991,-0.0012714491461911998
2020,atr_fraction,0.35999999999999993,0.0019027096612006579,-0.0012714491461911998
2020,atr_fraction,0.36999999999999994,0.0019278373323789414,-0.00030661518786190837
2020,atr_fraction,0.37999999999999995,0.0019516466121023163,-0.00030661518786190837
2020,atr_fraction,0.38999999999999996,0.0019788932784001122,-0.00030661518786190837
2020,atr_fraction,0.3999999999999999,0.002001399215514448,-0.0002821694105648789
2020,atr_fraction,0.4099999999999999,0.0020256245402992448,-0.0002821694105648789
2020,atr_fraction,0.41999999999999993,0.002049390572072729,-0.0002821694105648789
2020,atr_fraction,0.42999999999999994,0.0020746460117077956,0.00071575553543151
2020,atr_fraction,0.43999999999999995,0.002098960324958248,0.00071575553543151
2020,atr_fraction,0.4499999999999999,0.0021226586720140424,0.00071575553543151
2020,atr_fraction,0.4599999999999999,0.002147086942930933,0.003459423934082838
2020,atr_fraction,0.4699999999999999,0.002175243843705784,0.003459423934082838
2020,atr_fraction,0.4799999999999999,0.002200345567689414,0.003459423934082838
2020,atr_fraction,0.48999999999999994,0.0022259137307089486,0.003459423934082838
2020,atr_fraction,0.49999999999999994,0.002253374218280781,0.0072025814955216
2020,atr_fraction,0.5099999999999999,0.002281789764453014,0.0072025814955216
2020,atr_fraction,0.5199999999999999,0.0023082552491087934,0.0072025814955216
2020,atr_fraction,0.5299999999999999,0.0023407883091509135,0.00946514109549348
2020,atr_fraction,0.5399999999999999,0.002371978224156533,0.00946514109549348
2020,atr_fraction,0.5499999999999999,0.002403525177813182,0.00946514109549348
2020,atr_fraction,0.5599999999999999,0.002438762626358504,0.011799140017573597
2020,atr_fraction,0.57,0.002474524704855209,0.011799140017573597
2020,atr_fraction,0.58,0.002514392712578524,0.011799140017573597
2020,atr_fraction,0.59,0.002555812176463209,0.012881194360591878
2020,atr_fraction,0.6,0.0025988533378914847,0.012881194360591878
2020,atr_fraction,0.61,0.002638959284087093,0.012881194360591878
2020,atr_fraction,0.62,0.002685091514871901,0.012881194360591878
2020,atr_fraction,0.63,0.0027315499660849835,0.014219623477516784
2020,atr_fraction,0.6399999999999999,0.0027734605362566764,0.014219623477516784
2020,atr_fraction,0.6499999999999999,0.0028143236787577463,0.014219623477516784
2020,atr_fraction,0.6599999999999999,0.002849895646393127,0.015622705410793346
2020,atr_fraction,0.6699999999999999,0.002901421607179403,0.015622705410793346
2020,atr_fraction,0.6799999999999999,0.0029593931571407,0.015622705410793346
2020,atr_fraction,0.69,0.0030181086519114704,0.014252780057383363
2020,atr_fraction,0.7,0.0030785664338207593,0.014252780057383363
2020,atr_fraction,0.71,0.0031348050879825254,0.014252780057383363
2020,atr_fraction,0.72,0.0031865639540681707,0.014252780057383363
2020,atr_fraction,0.73,0.003252461351399271,0.012764013876317138
2020,atr_fraction,0.74,0.0033035841653637115,0.012764013876317138
2020,atr_fraction,0.7499999999999999,0.0033618532454207277,0.012764013876317138
2020,atr_fraction,0.7599999999999999,0.00342766102490378,0.007103980003074577
2020,atr_fraction,0.7699999999999999,0.00350973851629911,0.007103980003074577
2020,atr_fraction,0.7799999999999999,0.003580533791449055,0.007103980003074577
2020,atr_fraction,0.7899999999999999,0.003656646041574577,0.007103980003074577
2020,atr_fraction,0.7999999999999999,0.0037387452157567826,0.0017189957791221124
2020,atr_fraction,0.8099999999999999,0.0038224231491007558,0.0017189957791221124
2020,atr_fraction,0.82,0.003917409626006853,0.0017189957791221124
2020,atr_fraction,0.83,0.004026843164888509,0.0017189957791221124
2020,atr_fraction,0.84,0.004146171788044833,-0.005839672422805374
2020,atr_fraction,0.8499999999999999,0.00427503021894492,-0.005839672422805374
2020,atr_fraction,0.8599999999999999,0.0044250240863647665,-0.005839672422805374
2020,atr_fraction,0.8699999999999999,0.004586794243923752,-0.016814033820469827
2020,atr_fraction,0.8799999999999999,0.004750979692636185,-0.016814033820469827
2020,atr_fraction,0.8899999999999999,0.004926152729978937,-0.016814033820469827
2020,atr_fraction,0.8999999999999999,0.00512813066167318,-0.016814033820469827
2020,atr_fraction,0.9099999999999999,0.005277209892965406,-0.01925931612659005
2020,atr_fraction,0.9199999999999999,0.005490922462642484,-0.01925931612659005
2020,atr_fraction,0.9299999999999999,0.005739841779880092,-0.01925931612659005
2020,atr_fraction,0.94,0.006040314065369476,-0.01925931612659005
2020,atr_fraction,0.95,0.006420363544382408,-0.02641618903999462
2020,time_sin,0.05,-0.6087614290087203,0.004123972239534984
2020,time_sin,0.06,-0.6087614290087203,0.004123972239534984
2020,time_sin,0.07,-0.6087614290087203,0.004123972239534984
2020,time_sin,0.08,-0.6087614290087203,0.004123972239534984
2020,time_sin,0.09,-0.6087614290087203,0.004123972239534984
2020,time_sin,0.09999999999999999,-0.5000000000000001,0.0014670078052400775
2020,time_sin,0.10999999999999999,-0.5000000000000001,0.0014670078052400775
2020,time_sin,0.12,-0.5000000000000001,0.0014670078052400775
2020,time_sin,0.13,-0.5000000000000001,0.0014670078052400775
2020,time_sin,0.13999999999999999,-0.5000000000000001,0.0014670078052400775
2020,time_sin,0.14999999999999997,-0.5000000000000001,0.0014670078052400775
2020,time_sin,0.15999999999999998,-0.5000000000000001,0.0014670078052400775
2020,time_sin,0.16999999999999998,-0.5000000000000001,0.0014670078052400775
2020,time_sin,0.18,-0.5000000000000001,0.0014670078052400775
2020,time_sin,0.19,-0.5000000000000001,0.0014670078052400775
2020,time_sin,0.19999999999999996,-0.38268343236508967,0.0024959645734221212
2020,time_sin,0.20999999999999996,-0.38268343236508967,0.0024959645734221212
2020,time_sin,0.21999999999999997,-0.38268343236508967,0.0024959645734221212
2020,time_sin,0.22999999999999998,-0.38268343236508967,0.0024959645734221212
2020,time_sin,0.24,-0.38268343236508967,0.0024959645734221212
2020,time_sin,0.24999999999999994,-0.38268343236508967,0.0024959645734221212
2020,time_sin,0.25999999999999995,-0.38268343236508967,0.0024959645734221212
2020,time_sin,0.26999999999999996,-0.38268343236508967,0.0024959645734221212
2020,time_sin,0.27999999999999997,-0.38268343236508967,0.0024959645734221212
2020,time_sin,0.29,-0.38268343236508967,0.0024959645734221212
2020,time_sin,0.3,-0.25881904510252035,-0.0027086679657228616
2020,time_sin,0.30999999999999994,-0.25881904510252035,-0.0027086679657228616
2020,time_sin,0.31999999999999995,-0.25881904510252035,-0.0027086679657228616
2020,time_sin,0.32999999999999996,-0.25881904510252035,-0.0027086679657228616
2020,time_sin,0.33999999999999997,-0.25881904510252035,-0.0027086679657228616
2020,time_sin,0.3499999999999999,-0.25881904510252035,-0.0027086679657228616
2020,time_sin,0.35999999999999993,-0.25881904510252035,-0.0027086679657228616
2020,time_sin,0.36999999999999994,-0.25881904510252035,-0.0027086679657228616
2020,time_sin,0.37999999999999995,-0.25881904510252035,-0.0027086679657228616
2020,time_sin,0.38999999999999996,-0.25881904510252035,-0.0027086679657228616
2020,time_sin,0.3999999999999999,-0.13052619222005177,-0.004257416876038768
2020,time_sin,0.4099999999999999,-0.13052619222005177,-0.004257416876038768
2020,time_sin,0.41999999999999993,-0.13052619222005177,-0.004257416876038768
2020,time_sin,0.42999999999999994,-0.13052619222005177,-0.004257416876038768
2020,time_sin,0.43999999999999995,-0.13052619222005177,-0.004257416876038768
2020,time_sin,0.4499999999999999,-0.13052619222005177,-0.004257416876038768
2020,time_sin,0.4599999999999999,-0.13052619222005177,-0.004257416876038768
2020,time_sin,0.4699999999999999,-0.13052619222005177,-0.004257416876038768
2020,time_sin,0.4799999999999999,-0.13052619222005177,-0.004257416876038768
2020,time_sin,0.48999999999999994,-0.13052619222005177,-0.004257416876038768
2020,time_sin,0.49999999999999994,1.2246467991473532e-16,-0.0011466465908212629
2020,time_sin,0.5099999999999999,1.2246467991473532e-16,-0.0011466465908212629
2020,time_sin,0.5199999999999999,1.2246467991473532e-16,-0.0011466465908212629
2020,time_sin,0.5299999999999999,1.2246467991473532e-16,-0.0011466465908212629
2020,time_sin,0.5399999999999999,1.2246467991473532e-16,-0.0011466465908212629
2020,time_sin,0.5499999999999999,1.2246467991473532e-16,-0.0011466465908212629
2020,time_sin,0.5599999999999999,1.2246467991473532e-16,-0.0011466465908212629
2020,time_sin,0.57,1.2246467991473532e-16,-0.0011466465908212629
2020,time_sin,0.58,1.2246467991473532e-16,-0.0011466465908212629
2020,time_sin,0.59,1.2246467991473532e-16,-0.0011466465908212629
2020,time_sin,0.6,0.13052619222005157,0.00028894633812479676
2020,time_sin,0.61,0.13052619222005157,0.00028894633812479676
2020,time_sin,0.62,0.13052619222005157,0.00028894633812479676
2020,time_sin,0.63,0.13052619222005157,0.00028894633812479676
2020,time_sin,0.6399999999999999,0.13052619222005157,0.00028894633812479676
2020,time_sin,0.6499999999999999,0.13052619222005157,0.00028894633812479676
2020,time_sin,0.6599999999999999,0.13052619222005157,0.00028894633812479676
2020,time_sin,0.6699999999999999,0.13052619222005157,0.00028894633812479676
2020,time_sin,0.6799999999999999,0.13052619222005157,0.00028894633812479676
2020,time_sin,0.69,0.13052619222005157,0.00028894633812479676
2020,time_sin,0.7,0.258819045102521,0.0032673855689480972
2020,time_sin,0.71,0.258819045102521,0.0032673855689480972
2020,time_sin,0.72,0.258819045102521,0.0032673855689480972
2020,time_sin,0.73,0.258819045102521,0.0032673855689480972
2020,time_sin,0.74,0.258819045102521,0.0032673855689480972
2020,time_sin,0.7499999999999999,0.258819045102521,0.0032673855689480972
2020,time_sin,0.7599999999999999,0.258819045102521,0.0032673855689480972
2020,time_sin,0.7699999999999999,0.258819045102521,0.0032673855689480972
2020,time_sin,0.7799999999999999,0.258819045102521,0.0032673855689480972
2020,time_sin,0.7899999999999999,0.258819045102521,0.0032673855689480972
2020,time_sin,0.7999999999999999,0.3826834323650899,0.001992029434985572
2020,time_sin,0.8099999999999999,0.3826834323650899,0.001992029434985572
2020,time_sin,0.82,0.3826834323650899,0.001992029434985572
2020,time_sin,0.83,0.3826834323650899,0.001992029434985572
2020,time_sin,0.84,0.3826834323650899,0.001992029434985572
2020,time_sin,0.8499999999999999,0.3826834323650899,0.001992029434985572
2020,time_sin,0.8599999999999999,0.3826834323650899,0.001992029434985572
2020,time_sin,0.8699999999999999,0.3826834323650899,0.001992029434985572
2020,time_sin,0.8799999999999999,0.3826834323650899,0.001992029434985572
2020,time_sin,0.8899999999999999,0.3826834323650899,0.001992029434985572
2020,time_sin,0.8999999999999999,0.49999999999999994,-0.005522800008561661
2020,time_sin,0.9099999999999999,0.49999999999999994,-0.005522800008561661
2020,time_sin,0.9199999999999999,0.49999999999999994,-0.005522800008561661
2020,time_sin,0.9299999999999999,0.49999999999999994,-0.005522800008561661
2020,time_sin,0.94,0.49999999999999994,-0.005522800008561661
2020,time_sin,0.95,0.49999999999999994,-0.005522800008561661
2020,time_cos,0.05,-1.0,-0.004385293344075484
2020,time_cos,0.06,-1.0,-0.004385293344075484
2020,time_cos,0.07,-1.0,-0.004385293344075484
2020,time_cos,0.08,-1.0,-0.004385293344075484
2020,time_cos,0.09,-1.0,-0.004385293344075484
2020,time_cos,0.09999999999999999,-0.9914448613738104,-0.007952523523971572
2020,time_cos,0.10999999999999999,-0.9914448613738104,-0.007952523523971572
2020,time_cos,0.12,-0.9914448613738104,-0.007952523523971572
2020,time_cos,0.13,-0.9914448613738104,-0.007952523523971572
2020,time_cos,0.13999999999999999,-0.9914448613738104,-0.007952523523971572
2020,time_cos,0.14999999999999997,-0.9914448613738104,-0.007952523523971572
2020,time_cos,0.15999999999999998,-0.9914448613738104,-0.007952523523971572
2020,time_cos,0.16999999999999998,-0.9914448613738104,-0.007952523523971572
2020,time_cos,0.18,-0.9914448613738104,-0.007952523523971572
2020,time_cos,0.19,-0.9914448613738104,-0.007952523523971572
2020,time_cos,0.19999999999999996,-0.9914448613738104,-0.007952523523971572
2020,time_cos,0.20999999999999996,-0.9914448613738104,-0.007952523523971572
2020,time_cos,0.21999999999999997,-0.9914448613738104,-0.007952523523971572
2020,time_cos,0.22999999999999998,-0.9914448613738104,-0.007952523523971572
2020,time_cos,0.24,-0.9914448613738104,-0.007952523523971572
2020,time_cos,0.24999999999999994,-0.9914448613738104,-0.007952523523971572
2020,time_cos,0.25999999999999995,-0.9914448613738104,-0.007952523523971572
2020,time_cos,0.26999999999999996,-0.9914448613738104,-0.007952523523971572
2020,time_cos,0.27999999999999997,-0.9914448613738104,-0.007952523523971572
2020,time_cos,0.29,-0.9914448613738104,-0.007952523523971572
2020,time_cos,0.3,-0.9659258262890684,-0.001287612006617256
2020,time_cos,0.30999999999999994,-0.9659258262890684,-0.001287612006617256
2020,time_cos,0.31999999999999995,-0.9659258262890684,-0.001287612006617256
2020,time_cos,0.32999999999999996,-0.9659258262890684,-0.001287612006617256
2020,time_cos,0.33999999999999997,-0.9659258262890684,-0.001287612006617256
2020,time_cos,0.3499999999999999,-0.9659258262890684,-0.001287612006617256
2020,time_cos,0.35999999999999993,-0.9659258262890684,-0.001287612006617256
2020,time_cos,0.36999999999999994,-0.9659258262890684,-0.001287612006617256
2020,time_cos,0.37999999999999995,-0.9659258262890684,-0.001287612006617256
2020,time_cos,0.38999999999999996,-0.9659258262890684,-0.001287612006617256
2020,time_cos,0.3999999999999999,-0.9659258262890682,0.0038152613979171145
2020,time_cos,0.4099999999999999,-0.9659258262890682,0.0038152613979171145
2020,time_cos,0.41999999999999993,-0.9659258262890682,0.0038152613979171145
2020,time_cos,0.42999999999999994,-0.9659258262890682,0.0038152613979171145
2020,time_cos,0.43999999999999995,-0.9659258262890682,0.0038152613979171145
2020,time_cos,0.4499999999999999,-0.9659258262890682,0.0038152613979171145
2020,time_cos,0.4599999999999999,-0.9659258262890682,0.0038152613979171145
2020,time_cos,0.4699999999999999,-0.9659258262890682,0.0038152613979171145
2020,time_cos,0.4799999999999999,-0.9659258262890682,0.0038152613979171145
2020,time_cos,0.48999999999999994,-0.9659258262890682,0.0038152613979171145
2020,time_cos,0.49999999999999994,-0.944902679400254,0.0038152613979171145
2020,time_cos,0.5099999999999999,-0.9238795325112868,0.00801191927302702
2020,time_cos,0.5199999999999999,-0.9238795325112868,0.00801191927302702
2020,time_cos,0.5299999999999999,-0.9238795325112868,0.00801191927302702
2020,time_cos,0.5399999999999999,-0.9238795325112868,0.00801191927302702
2020,time_cos,0.5499999999999999,-0.9238795325112868,0.00801191927302702
2020,time_cos,0.5599999999999999,-0.9238795325112868,0.00801191927302702
2020,time_cos,0.57,-0.9238795325112868,0.00801191927302702
2020,time_cos,0.58,-0.9238795325112868,0.00801191927302702
2020,time_cos,0.59,-0.9238795325112868,0.00801191927302702
2020,time_cos,0.6,-0.9238795325112867,0.005952486857661144
2020,time_cos,0.61,-0.9238795325112867,0.005952486857661144
2020,time_cos,0.62,-0.9238795325112867,0.005952486857661144
2020,time_cos,0.63,-0.9238795325112867,0.005952486857661144
2020,time_cos,0.6399999999999999,-0.9238795325112867,0.005952486857661144
2020,time_cos,0.6499999999999999,-0.9238795325112867,0.005952486857661144
2020,time_cos,0.6599999999999999,-0.9238795325112867,0.005952486857661144
2020,time_cos,0.6699999999999999,-0.9238795325112867,0.005952486857661144
2020,time_cos,0.6799999999999999,-0.9238795325112867,0.005952486857661144
2020,time_cos,0.69,-0.9238795325112867,0.005952486857661144
2020,time_cos,0.7,-0.9238795325112867,0.005952486857661144
2020,time_cos,0.71,-0.8660254037844387,0.0003153364830614679
2020,time_cos,0.72,-0.8660254037844387,0.0003153364830614679
2020,time_cos,0.73,-0.8660254037844387,0.0003153364830614679
2020,time_cos,0.74,-0.8660254037844387,0.0003153364830614679
2020,time_cos,0.7499999999999999,-0.8660254037844387,0.0003153364830614679
2020,time_cos,0.7599999999999999,-0.8660254037844387,0.0003153364830614679
2020,time_cos,0.7699999999999999,-0.8660254037844387,0.0003153364830614679
2020,time_cos,0.7799999999999999,-0.8660254037844387,0.0003153364830614679
2020,time_cos,0.7899999999999999,-0.8660254037844387,0.0003153364830614679
2020,time_cos,0.7999999999999999,-0.8660254037844387,0.0003153364830614679
2020,time_cos,0.8099999999999999,-0.8660254037844386,-0.0005929380197097784
2020,time_cos,0.82,-0.8660254037844386,-0.0005929380197097784
2020,time_cos,0.83,-0.8660254037844386,-0.0005929380197097784
2020,time_cos,0.84,-0.8660254037844386,-0.0005929380197097784
2020,time_cos,0.8499999999999999,-0.8660254037844386,-0.0005929380197097784
2020,time_cos,0.8599999999999999,-0.8660254037844386,-0.0005929380197097784
2020,time_cos,0.8699999999999999,-0.8660254037844386,-0.0005929380197097784
2020,time_cos,0.8799999999999999,-0.8660254037844386,-0.0005929380197097784
2020,time_cos,0.8899999999999999,-0.8660254037844386,-0.0005929380197097784
2020,time_cos,0.8999999999999999,-0.8660254037844386,-0.0005929380197097784
2020,time_cos,0.9099999999999999,-0.7933533402912354,0.004057092362283289
2020,time_cos,0.9199999999999999,-0.7933533402912354,0.004057092362283289
2020,time_cos,0.9299999999999999,-0.7933533402912354,0.004057092362283289
2020,time_cos,0.94,-0.7933533402912354,0.004057092362283289
2020,time_cos,0.95,-0.7933533402912354,0.004057092362283289
